player,position,team,opp,market,line,mean,games,injury,report_status,n_books,two_sided,player_id,commence,recent,side,p_model,p_market,p_blend,price,book,ev,stake_pct,raw_edge,flags
Will Shipley,RB,PHI,JAX,player_rush_yds,35.5,9.677946030611821,17,,,1,True,00-0039746,2026-10-11T13:30:00Z,"[{""w"": ""W4"", ""opp"": ""LA"", ""v"": 23.0}, {""w"": ""W3"", ""opp"": ""CHI"", ""v"": 0.0}, {""w"": ""W2"", ""opp"": ""TEN"", ""v"": 24.0}, {""w"": ""W1"", ""opp"": ""WAS"", ""v"": 4.0}, {""w"": ""25W18"", ""opp"": ""WAS"", ""v"": 2.0}, {""w"": ""25W17"", ""opp"": ""BUF"", ""v"": 2.0}]",Under,0.9811890218392695,0.5,0.7996348233740992,1.88,fanduel,0.5033134679433064,0.02,0.4811890218392695,BIG-GAP:check-news 
Tyler Huntley,QB,BAL,ATL,player_pass_yds,175.5,82.43543836431809,6,,,2,True,00-0035993,2026-10-12T00:20:00Z,"[{""w"": ""W4"", ""opp"": ""TEN"", ""v"": 63.0}, {""w"": ""25W17"", ""opp"": ""GB"", ""v"": 107.0}, {""w"": ""25W16"", ""opp"": ""NE"", ""v"": 65.0}, {""w"": ""25W15"", ""opp"": ""CIN"", ""v"": 0.0}, {""w"": ""25W8"", ""opp"": ""CHI"", ""v"": 186.0}, {""w"": ""25W6"", ""opp"": ""LA"", ""v"": 68.0}]",Under,0.9697968426309372,0.5013227513227513,0.7716476513806012,1.88,draftkings,0.4506975845955302,0.02,0.46847409130818596,BIG-GAP:check-news 
Tyler Huntley,QB,BAL,ATL,player_pass_yds,173.5,82.43543836431809,6,,,2,True,00-0035993,2026-10-12T00:20:00Z,"[{""w"": ""W4"", ""opp"": ""TEN"", ""v"": 63.0}, {""w"": ""25W17"", ""opp"": ""GB"", ""v"": 107.0}, {""w"": ""25W16"", ""opp"": ""NE"", ""v"": 65.0}, {""w"": ""25W15"", ""opp"": ""CIN"", ""v"": 0.0}, {""w"": ""25W8"", ""opp"": ""CHI"", ""v"": 186.0}, {""w"": ""25W6"", ""opp"": ""LA"", ""v"": 68.0}]",Under,0.9677168324236728,0.49867021276595747,0.7661468105813911,1.89,betonlineag,0.44801747199882913,0.02,0.4690466196577153,BIG-GAP:check-news 
Tyler Huntley,QB,BAL,ATL,player_pass_yds,174.5,82.43543836431809,6,,,1,True,00-0035993,2026-10-12T00:20:00Z,"[{""w"": ""W4"", ""opp"": ""TEN"", ""v"": 63.0}, {""w"": ""25W17"", ""opp"": ""GB"", ""v"": 107.0}, {""w"": ""25W16"", ""opp"": ""NE"", ""v"": 65.0}, {""w"": ""25W15"", ""opp"": ""CIN"", ""v"": 0.0}, {""w"": ""25W8"", ""opp"": ""CHI"", ""v"": 186.0}, {""w"": ""25W6"", ""opp"": ""LA"", ""v"": 68.0}]",Under,0.9687730235103685,0.4986666666666667,0.768292571822794,1.88,betrivers,0.4443900350268526,0.02,0.47010635684370183,BIG-GAP:check-news 
Michael Penix Jr.,QB,ATL,BAL,player_rush_yds,0.5,8.334458420302036,11,,,1,True,00-0039917,2026-10-12T00:20:00Z,"[{""w"": ""W4"", ""opp"": ""NO"", ""v"": -2.0}, {""w"": ""W3"", ""opp"": ""GB"", ""v"": -2.0}, {""w"": ""25W11"", ""opp"": ""CAR"", ""v"": 9.0}, {""w"": ""25W10"", ""opp"": ""IND"", ""v"": -1.0}, {""w"": ""25W9"", ""opp"": ""NE"", ""v"": 19.0}, {""w"": ""25W7"", ""opp"": ""SF"", ""v"": 6.0}]",Over,0.9434458643830477,0.47340425531914887,0.714186568189916,1.98,fanduel,0.4140894050160337,0.02,0.4700416090638988,BIG-GAP:check-news 
Jared Goff,QB,DET,ARI,player_rush_yds,0.5,6.910507100022489,17,,,3,True,00-0033106,2026-10-11T20:25:00Z,"[{""w"": ""W4"", ""opp"": ""CAR"", ""v"": 0.0}, {""w"": ""W3"", ""opp"": ""NYJ"", ""v"": 6.0}, {""w"": ""W2"", ""opp"": ""BUF"", ""v"": 7.0}, {""w"": ""W1"", ""opp"": ""NO"", ""v"": 2.0}, {""w"": ""25W18"", ""opp"": ""CHI"", ""v"": 0.0}, {""w"": ""25W17"", ""opp"": ""MIN"", ""v"": 2.0}]",Over,0.9527092552670915,0.5105820105820106,0.7462224491138203,1.88,fanduel,0.4028982043339821,0.02,0.4421272446850809,BIG-GAP:check-news 
Kirk Cousins,QB,LV,NE,player_rush_yds,0.5,7.964420274874466,14,,,1,True,00-0029604,2026-10-11T17:00:00Z,"[{""w"": ""W4"", ""opp"": ""KC"", ""v"": 0.0}, {""w"": ""W3"", ""opp"": ""NO"", ""v"": 3.0}, {""w"": ""W2"", ""opp"": ""LAC"", ""v"": 1.0}, {""w"": ""W1"", ""opp"": ""MIA"", ""v"": -6.0}, {""w"": ""25W18"", ""opp"": ""NO"", ""v"": 0.0}, {""w"": ""25W17"", ""opp"": ""LA"", ""v"": 1.0}]",Over,0.9378079316011426,0.47340425531914887,0.7069148272780655,1.98,fanduel,0.3996913580105698,0.02,0.46440367628199375,BIG-GAP:check-news 
Braelon Allen,RB,NYJ,CLE,player_rush_yds,71.5,31.48315619942121,8,,,4,True,00-0039794,2026-10-11T17:00:00Z,"[{""w"": ""W4"", ""opp"": ""CHI"", ""v"": 59.0}, {""w"": ""W3"", ""opp"": ""DET"", ""v"": 14.0}, {""w"": ""W2"", ""opp"": ""GB"", ""v"": 7.0}, {""w"": ""W1"", ""opp"": ""TEN"", ""v"": 40.0}, {""w"": ""25W4"", ""opp"": ""MIA"", ""v"": 26.0}, {""w"": ""25W3"", ""opp"": ""TB"", ""v"": 30.0}]",Under,0.9441772013060175,0.49867021276595747,0.7283740072399908,1.91,draftkings,0.3911943538283824,0.02,0.44550698854006,BIG-GAP:check-news 
Braelon Allen,RB,NYJ,CLE,player_rush_yds,72.5,31.48315619942121,8,,,1,True,00-0039794,2026-10-11T17:00:00Z,"[{""w"": ""W4"", ""opp"": ""CHI"", ""v"": 59.0}, {""w"": ""W3"", ""opp"": ""DET"", ""v"": 14.0}, {""w"": ""W2"", ""opp"": ""GB"", ""v"": 7.0}, {""w"": ""W1"", ""opp"": ""TEN"", ""v"": 40.0}, {""w"": ""25W4"", ""opp"": ""MIA"", ""v"": 26.0}, {""w"": ""25W3"", ""opp"": ""TB"", ""v"": 30.0}]",Under,0.9471169276461887,0.5,0.7329944610517116,1.87,betmgm,0.3706996421667008,0.02,0.4471169276461887,BIG-GAP:check-news 
Braelon Allen,RB,NYJ,CLE,player_rush_yds,70.5,31.48315619942121,8,,,1,True,00-0039794,2026-10-11T17:00:00Z,"[{""w"": ""W4"", ""opp"": ""CHI"", ""v"": 59.0}, {""w"": ""W3"", ""opp"": ""DET"", ""v"": 14.0}, {""w"": ""W2"", ""opp"": ""GB"", ""v"": 7.0}, {""w"": ""W1"", ""opp"": ""TEN"", ""v"": 40.0}, {""w"": ""25W4"", ""opp"": ""MIA"", ""v"": 26.0}, {""w"": ""25W3"", ""opp"": ""TB"", ""v"": 30.0}]",Under,0.9410826583589029,0.5,0.7250823081682979,1.87,betrivers,0.35590391627471707,0.02,0.4410826583589029,BIG-GAP:check-news 
Tyson Bagent,QB,CHI,GB,player_pass_yds,218.5,114.0519007934882,4,,,2,True,00-0038416,2026-10-11T17:00:00Z,"[{""w"": ""W4"", ""opp"": ""NYJ"", ""v"": 268.0}, {""w"": ""W2"", ""opp"": ""MIN"", ""v"": 54.0}, {""w"": ""25W9"", ""opp"": ""CIN"", ""v"": 20.0}, {""w"": ""25W2"", ""opp"": ""DET"", ""v"": 27.0}]",Under,0.922463016511258,0.4986772486772486,0.7033419641544484,1.9,draftkings,0.33634973189345185,0.02,0.42378576783400934,BIG-GAP:check-news 
Jalon Daniels,QB,TB,DAL,player_pass_yds,185.5,105.21423044856219,2,,,1,True,00-0041251,2026-10-09T00:15:00Z,"[{""w"": ""W4"", ""opp"": ""GB"", ""v"": 148.0}, {""w"": ""W3"", ""opp"": ""MIN"", ""v"": 0.0}]",Under,0.9297199720881208,0.4959785522788204,0.7095877148412928,1.88,betrivers,0.3340249039016304,0.02,0.4337414198093005,BIG-GAP:check-news small-sample 
Matthew Stafford,QB,LA,BUF,player_rush_yds,1.5,8.990239770710481,17,,,1,True,00-0026498,2026-10-13T00:15:00Z,"[{""w"": ""W4"", ""opp"": ""PHI"", ""v"": 10.0}, {""w"": ""W3"", ""opp"": ""DEN"", ""v"": 13.0}, {""w"": ""W2"", ""opp"": ""NYG"", ""v"": -1.0}, {""w"": ""W1"", ""opp"": ""SF"", ""v"": -1.0}, {""w"": ""25W18"", ""opp"": ""ARI"", ""v"": 3.0}, {""w"": ""25W17"", ""opp"": ""ATL"", ""v"": 0.0}]",Over,0.8932347427628018,0.4656084656084655,0.6578924913955309,2.02,fanduel,0.3289428326189724,0.02,0.42762627715433627,BIG-GAP:check-news 
Jalon Daniels,QB,TB,DAL,player_pass_yds,182.5,105.21423044856219,2,,,1,True,00-0041251,2026-10-09T00:15:00Z,"[{""w"": ""W4"", ""opp"": ""GB"", ""v"": 148.0}, {""w"": ""W3"", ""opp"": ""MIN"", ""v"": 0.0}]",Under,0.9239409636417852,0.5,0.7055770044857405,1.88,fanduel,0.32648476843319196,0.02,0.42394096364178524,BIG-GAP:check-news small-sample 
Tyson Bagent,QB,CHI,GB,player_pass_yds,219.5,114.0519007934882,4,,,2,True,00-0038416,2026-10-11T17:00:00Z,"[{""w"": ""W4"", ""opp"": ""NYJ"", ""v"": 268.0}, {""w"": ""W2"", ""opp"": ""MIN"", ""v"": 54.0}, {""w"": ""25W9"", ""opp"": ""CIN"", ""v"": 20.0}, {""w"": ""25W2"", ""opp"": ""DET"", ""v"": 27.0}]",Under,0.9238530581083644,0.5,0.7054860939466111,1.88,betonlineag,0.32631385661962875,0.02,0.4238530581083644,BIG-GAP:check-news 
Jalon Daniels,QB,TB,DAL,player_pass_yds,181.5,105.21423044856219,2,,,3,True,00-0041251,2026-10-09T00:15:00Z,"[{""w"": ""W4"", ""opp"": ""GB"", ""v"": 148.0}, {""w"": ""W3"", ""opp"": ""MIN"", ""v"": 0.0}]",Under,0.9219221944178029,0.5,0.7035090923009676,1.88,betonlineag,0.322597093525819,0.02,0.4219221944178029,BIG-GAP:check-news small-sample 
Tyson Bagent,QB,CHI,GB,player_pass_yds,217.5,114.0519007934882,4,,,1,True,00-0038416,2026-10-11T17:00:00Z,"[{""w"": ""W4"", ""opp"": ""NYJ"", ""v"": 268.0}, {""w"": ""W2"", ""opp"": ""MIN"", ""v"": 54.0}, {""w"": ""25W9"", ""opp"": ""CIN"", ""v"": 20.0}, {""w"": ""25W2"", ""opp"": ""DET"", ""v"": 27.0}]",Under,0.9210496868452662,0.5,0.7026279239510329,1.87,betmgm,0.31391421778843165,0.02,0.4210496868452662,BIG-GAP:check-news 
Jalon Daniels,QB,TB,DAL,player_pass_yds,179.5,105.21423044856219,2,,,1,True,00-0041251,2026-10-09T00:15:00Z,"[{""w"": ""W4"", ""opp"": ""GB"", ""v"": 148.0}, {""w"": ""W3"", ""opp"": ""MIN"", ""v"": 0.0}]",Under,0.9177406521580644,0.5,0.69935182840249,1.87,betmgm,0.30778791911265635,0.02,0.41774065215806444,BIG-GAP:check-news small-sample 
Tyson Bagent,QB,CHI,GB,player_pass_yds,216.5,114.0519007934882,4,,,1,True,00-0038416,2026-10-11T17:00:00Z,"[{""w"": ""W4"", ""opp"": ""NYJ"", ""v"": 268.0}, {""w"": ""W2"", ""opp"": ""MIN"", ""v"": 54.0}, {""w"": ""25W9"", ""opp"": ""CIN"", ""v"": 20.0}, {""w"": ""25W2"", ""opp"": ""DET"", ""v"": 27.0}]",Under,0.9196127355642209,0.5040214477211795,0.70337884619525,1.85,betrivers,0.3012508654612126,0.02,0.41559128784304133,BIG-GAP:check-news 
Kaleb Johnson,RB,GB,CHI,player_rush_yds,36.5,17.560458596087262,14,,,1,True,00-0040142,2026-10-11T17:00:00Z,"[{""w"": ""W4"", ""opp"": ""TB"", ""v"": 42.0}, {""w"": ""W3"", ""opp"": ""ATL"", ""v"": 6.0}, {""w"": ""W2"", ""opp"": ""NYJ"", ""v"": 32.0}, {""w"": ""W1"", ""opp"": ""MIN"", ""v"": 0.0}, {""w"": ""25W15"", ""opp"": ""MIA"", ""v"": 4.0}, {""w"": ""25W14"", ""opp"": ""BAL"", ""v"": 4.0}]",Under,0.8941720149310879,0.5,0.6785091999179592,1.88,fanduel,0.2755972958457632,0.02,0.3941720149310879,BIG-GAP:check-news 
Tyler Goodson,RB,DAL,TB,player_rush_yds,16.5,9.816498695357778,12,Full,,4,True,00-0037120,2026-10-09T00:15:00Z,"[{""w"": ""W4"", ""opp"": ""HOU"", ""v"": 12.0}, {""w"": ""W3"", ""opp"": ""BAL"", ""v"": 22.0}, {""w"": ""25W18"", ""opp"": ""HOU"", ""v"": 3.0}, {""w"": ""25W16"", ""opp"": ""SF"", ""v"": 9.0}, {""w"": ""25W15"", ""opp"": ""SEA"", ""v"": 0.0}, {""w"": ""25W13"", ""opp"": ""HOU"", ""v"": 0.0}]",Under,0.8352760738976428,0.49802110817941947,0.6371641633895744,1.91,draftkings,0.21698355207408704,0.02,0.33725496571822333,BIG-GAP:check-news 
Emanuel Wilson,RB,SEA,SF,player_receptions,1.5,1.0291246337416071,17,,,1,True,00-0038797,2026-10-11T20:25:00Z,"[{""w"": ""W4"", ""opp"": ""LAC"", ""v"": 3.0}, {""w"": ""W3"", ""opp"": ""WAS"", ""v"": 0.0}, {""w"": ""W2"", ""opp"": ""ARI"", ""v"": 0.0}, {""w"": ""W1"", ""opp"": ""NE"", ""v"": 0.0}, {""w"": ""25W18"", ""opp"": ""MIN"", ""v"": 1.0}, {""w"": ""25W17"", ""opp"": ""BAL"", ""v"": 1.0}]",Under,0.7306975693661831,0.41666666666666663,0.5326162840227354,2.24,fanduel,0.1930604762109276,0.02,0.3140309026995165,BIG-GAP:check-news 
Xavier Hutchinson,WR,HOU,TEN,player_reception_yds,16.5,38.957025491392145,17,,,1,True,00-0038618,2026-10-11T17:00:00Z,"[{""w"": ""W4"", ""opp"": ""DAL"", ""v"": 46.0}, {""w"": ""W3"", ""opp"": ""IND"", ""v"": 51.0}, {""w"": ""W2"", ""opp"": ""CIN"", ""v"": 37.0}, {""w"": ""W1"", ""opp"": ""BUF"", ""v"": 32.0}, {""w"": ""25W18"", ""opp"": ""IND"", ""v"": 84.0}, {""w"": ""25W17"", ""opp"": ""LAC"", ""v"": 21.0}]",Over,0.8273402608498932,0.5065963060686015,0.6377389665133829,1.87,draftkings,0.19257186738002607,0.02,0.3207439547812917,BIG-GAP:check-news 
Xavier Hutchinson,WR,HOU,TEN,player_reception_yds,15.5,38.957025491392145,17,,,1,True,00-0038618,2026-10-11T17:00:00Z,"[{""w"": ""W4"", ""opp"": ""DAL"", ""v"": 46.0}, {""w"": ""W3"", ""opp"": ""IND"", ""v"": 51.0}, {""w"": ""W2"", ""opp"": ""CIN"", ""v"": 37.0}, {""w"": ""W1"", ""opp"": ""BUF"", ""v"": 32.0}, {""w"": ""25W18"", ""opp"": ""IND"", ""v"": 84.0}, {""w"": ""25W17"", ""opp"": ""LAC"", ""v"": 21.0}]",Over,0.8454366778249633,0.5093833780160857,0.6500222336712207,1.83,betmgm,0.18954068761833393,0.02,0.33605329980887766,BIG-GAP:check-news 
Jalon Daniels,QB,TB,DAL,player_rush_yds,46.5,27.156579338165766,2,,,3,True,00-0041251,2026-10-09T00:15:00Z,"[{""w"": ""W4"", ""opp"": ""GB"", ""v"": 55.0}, {""w"": ""W3"", ""opp"": ""MIN"", ""v"": 9.0}]",Under,0.8245856680272801,0.5,0.632209091809409,1.88,betonlineag,0.18855309260168884,0.02,0.32458566802728006,BIG-GAP:check-news small-sample 
Tyler Goodson,RB,DAL,TB,player_rush_yds,15.5,9.816498695357778,12,Full,,1,True,00-0037120,2026-10-09T00:15:00Z,"[{""w"": ""W4"", ""opp"": ""HOU"", ""v"": 12.0}, {""w"": ""W3"", ""opp"": ""BAL"", ""v"": 22.0}, {""w"": ""25W18"", ""opp"": ""HOU"", ""v"": 3.0}, {""w"": ""25W16"", ""opp"": ""SF"", ""v"": 9.0}, {""w"": ""25W15"", ""opp"": ""SEA"", ""v"": 0.0}, {""w"": ""25W13"", ""opp"": ""HOU"", ""v"": 0.0}]",Under,0.8113157093126749,0.48930481283422467,0.6183833479938189,1.91,betrivers,0.18111219466819406,0.02,0.32201089647845027,BIG-GAP:check-news 
Jalon Daniels,QB,TB,DAL,player_rush_yds,45.5,27.156579338165766,2,,,1,True,00-0041251,2026-10-09T00:15:00Z,"[{""w"": ""W4"", ""opp"": ""GB"", ""v"": 55.0}, {""w"": ""W3"", ""opp"": ""MIN"", ""v"": 9.0}]",Under,0.8174544873692097,0.5,0.6282504448324192,1.87,betrivers,0.17482833183662394,0.02,0.31745448736920967,BIG-GAP:check-news small-sample 
Jalon Daniels,QB,TB,DAL,player_rush_yds,44.5,27.156579338165766,2,,,1,True,00-0041251,2026-10-09T00:15:00Z,"[{""w"": ""W4"", ""opp"": ""GB"", ""v"": 55.0}, {""w"": ""W3"", ""opp"": ""MIN"", ""v"": 9.0}]",Under,0.8100402769160062,0.5,0.6242425564424957,1.88,fanduel,0.17357600611189183,0.02,0.3100402769160062,BIG-GAP:check-news small-sample 
Xavier Hutchinson,WR,HOU,TEN,player_reception_yds,17.5,38.957025491392145,17,,,1,True,00-0038618,2026-10-11T17:00:00Z,"[{""w"": ""W4"", ""opp"": ""DAL"", ""v"": 46.0}, {""w"": ""W3"", ""opp"": ""IND"", ""v"": 51.0}, {""w"": ""W2"", ""opp"": ""CIN"", ""v"": 37.0}, {""w"": ""W1"", ""opp"": ""BUF"", ""v"": 32.0}, {""w"": ""25W18"", ""opp"": ""IND"", ""v"": 84.0}, {""w"": ""25W17"", ""opp"": ""LAC"", ""v"": 21.0}]",Over,0.8088001839317533,0.5,0.6235823416916151,1.88,fanduel,0.17233480238023624,0.02,0.30880018393175335,BIG-GAP:check-news 
George Holani,RB,SEA,SF,player_receptions,1.5,1.1933868629735167,14,,,1,True,00-0039299,2026-10-11T20:25:00Z,"[{""w"": ""W4"", ""opp"": ""LAC"", ""v"": 1.0}, {""w"": ""W3"", ""opp"": ""WAS"", ""v"": 5.0}, {""w"": ""W2"", ""opp"": ""ARI"", ""v"": 1.0}, {""w"": ""W1"", ""opp"": ""NE"", ""v"": 0.0}, {""w"": ""25W11"", ""opp"": ""LA"", ""v"": 0.0}, {""w"": ""25W10"", ""opp"": ""ARI"", ""v"": 0.0}]",Under,0.7081225061233204,0.421875,0.5263247226672066,2.22,fanduel,0.16844088432119897,0.02,0.2862475061233204,BIG-GAP:check-news 
Ollie Gordon II,RB,MIA,CIN,player_rush_yds,45.5,28.95872160226588,17,,,3,True,00-0040198,2026-10-11T17:00:00Z,"[{""w"": ""W4"", ""opp"": ""MIN"", ""v"": 100.0}, {""w"": ""W3"", ""opp"": ""KC"", ""v"": 41.0}, {""w"": ""W2"", ""opp"": ""SF"", ""v"": 7.0}, {""w"": ""25W18"", ""opp"": ""NE"", ""v"": 9.0}, {""w"": ""25W17"", ""opp"": ""TB"", ""v"": 0.0}, {""w"": ""25W16"", ""opp"": ""CIN"", ""v"": -1.0}]",Under,0.7902192508130186,0.5,0.6140068892922775,1.89,draftkings,0.16047302076240444,0.02,0.2902192508130186,BIG-GAP:check-news 
Isaiah Davis,RB,NYJ,CLE,player_rush_yds,10.5,7.492153939545428,17,,,5,True,00-0039798,2026-10-11T17:00:00Z,"[{""w"": ""W4"", ""opp"": ""CHI"", ""v"": 0.0}, {""w"": ""W3"", ""opp"": ""DET"", ""v"": 0.0}, {""w"": ""W2"", ""opp"": ""GB"", ""v"": 0.0}, {""w"": ""25W17"", ""opp"": ""NE"", ""v"": 11.0}, {""w"": ""25W16"", ""opp"": ""NO"", ""v"": 8.0}, {""w"": ""25W15"", ""opp"": ""JAX"", ""v"": 58.0}]",Under,0.7810693899529038,0.5040214477211795,0.6119756019899645,1.88,fanduel,0.1505141317411336,0.02,0.27704794223172424,BIG-GAP:check-news 
Tyler Goodson,RB,DAL,TB,player_rush_yds,14.5,9.816498695357778,12,Full,,1,True,00-0037120,2026-10-09T00:15:00Z,"[{""w"": ""W4"", ""opp"": ""HOU"", ""v"": 12.0}, {""w"": ""W3"", ""opp"": ""BAL"", ""v"": 22.0}, {""w"": ""25W18"", ""opp"": ""HOU"", ""v"": 3.0}, {""w"": ""25W16"", ""opp"": ""SF"", ""v"": 9.0}, {""w"": ""25W15"", ""opp"": ""SEA"", ""v"": 0.0}, {""w"": ""25W13"", ""opp"": ""HOU"", ""v"": 0.0}]",Under,0.784174488225813,0.5,0.6110092305935428,1.87,betmgm,0.14258726120992515,0.02,0.28417448822581304,BIG-GAP:check-news 
Malik Willis,QB,MIA,CIN,player_pass_yds,193.5,148.20548248811272,8,,,2,True,00-0038128,2026-10-11T17:00:00Z,"[{""w"": ""W4"", ""opp"": ""MIN"", ""v"": 85.0}, {""w"": ""W3"", ""opp"": ""KC"", ""v"": 210.0}, {""w"": ""W2"", ""opp"": ""SF"", ""v"": 197.0}, {""w"": ""W1"", ""opp"": ""LV"", ""v"": 220.0}, {""w"": ""25W17"", ""opp"": ""BAL"", ""v"": 288.0}, {""w"": ""25W16"", ""opp"": ""CHI"", ""v"": 121.0}]",Under,0.7674249495785327,0.5020107238605898,0.6042170688904169,1.89,draftkings,0.14197026020288794,0.02,0.26541422571794293,BIG-GAP:check-news 
Davante Adams,WR,LA,BUF,player_receptions,4.5,5.611693115632748,17,,,6,True,00-0031381,2026-10-13T00:15:00Z,"[{""w"": ""W4"", ""opp"": ""PHI"", ""v"": 4.0}, {""w"": ""W3"", ""opp"": ""DEN"", ""v"": 7.0}, {""w"": ""W2"", ""opp"": ""NYG"", ""v"": 8.0}, {""w"": ""W1"", ""opp"": ""SF"", ""v"": 3.0}, {""w"": ""25W15"", ""opp"": ""DET"", ""v"": 4.0}, {""w"": ""25W14"", ""opp"": ""ARI"", ""v"": 4.0}]",Over,0.6464213525978018,0.4760742705570291,0.5371604817584068,2.12,betrivers,0.13878022132782258,0.02,0.17034708204077265,BIG-GAP:check-news 
Jacoby Brissett,QB,ARI,DET,player_rush_yds,6.5,13.944423644370907,17,,,5,True,00-0033119,2026-10-11T20:25:00Z,"[{""w"": ""W4"", ""opp"": ""NYG"", ""v"": 18.0}, {""w"": ""W3"", ""opp"": ""SF"", ""v"": 4.0}, {""w"": ""W2"", ""opp"": ""SEA"", ""v"": 7.0}, {""w"": ""W1"", ""opp"": ""LAC"", ""v"": 14.0}, {""w"": ""25W18"", ""opp"": ""LA"", ""v"": 19.0}, {""w"": ""25W17"", ""opp"": ""CIN"", ""v"": 0.0}]",Over,0.7556284828734026,0.5,0.5975100685436525,1.9,draftkings,0.1352691302329398,0.02,0.25562848287340256,BIG-GAP:check-news 
Tyler Warren,TE,IND,PIT,player_reception_yds,53.5,39.12963862444661,17,,,1,True,00-0040128,2026-10-11T17:00:00Z,"[{""w"": ""W4"", ""opp"": ""WAS"", ""v"": 41.0}, {""w"": ""W3"", ""opp"": ""HOU"", ""v"": 55.0}, {""w"": ""W2"", ""opp"": ""KC"", ""v"": 21.0}, {""w"": ""W1"", ""opp"": ""BAL"", ""v"": 13.0}, {""w"": ""25W18"", ""opp"": ""HOU"", ""v"": 26.0}, {""w"": ""25W17"", ""opp"": ""JAX"", ""v"": 43.0}]",Under,0.7702968268615374,0.4959785522788204,0.6018165444149612,1.88,betrivers,0.13141510350012708,0.02,0.27431827458271707,BIG-GAP:check-news 
Malik Willis,QB,MIA,CIN,player_pass_yds,192.5,148.20548248811272,8,,,1,True,00-0038128,2026-10-11T17:00:00Z,"[{""w"": ""W4"", ""opp"": ""MIN"", ""v"": 85.0}, {""w"": ""W3"", ""opp"": ""KC"", ""v"": 210.0}, {""w"": ""W2"", ""opp"": ""SF"", ""v"": 197.0}, {""w"": ""W1"", ""opp"": ""LV"", ""v"": 220.0}, {""w"": ""25W17"", ""opp"": ""BAL"", ""v"": 288.0}, {""w"": ""25W16"", ""opp"": ""CHI"", ""v"": 121.0}]",Under,0.7638949662912721,0.5,0.6013165452485185,1.88,fanduel,0.13047510506721471,0.02,0.26389496629127207,BIG-GAP:check-news 
Jameis Winston,QB,NYG,WAS,player_rush_yds,2.5,6.5792692224416225,6,,,2,True,00-0031503,2026-10-11T17:00:00Z,"[{""w"": ""W4"", ""opp"": ""ARI"", ""v"": 0.0}, {""w"": ""W3"", ""opp"": ""TEN"", ""v"": 14.0}, {""w"": ""W2"", ""opp"": ""LA"", ""v"": 1.0}, {""w"": ""25W15"", ""opp"": ""WAS"", ""v"": 0.0}, {""w"": ""25W12"", ""opp"": ""DET"", ""v"": 13.0}, {""w"": ""25W11"", ""opp"": ""GB"", ""v"": 10.0}]",Over,0.7118532752468554,0.48208471341155334,0.5670784223761706,1.98,fanduel,0.1228152763048177,0.02,0.22976856183530203,BIG-GAP:check-news 
Kaelon Black,RB,SF,SEA,player_rush_yds,14.5,29.09937853627231,4,,,6,True,00-0041052,2026-10-11T20:25:00Z,"[{""w"": ""W4"", ""opp"": ""DEN"", ""v"": 13.0}, {""w"": ""W3"", ""opp"": ""ARI"", ""v"": 17.0}, {""w"": ""W2"", ""opp"": ""MIA"", ""v"": 25.0}, {""w"": ""W1"", ""opp"": ""LA"", ""v"": 65.0}]",Over,0.7458887370088325,0.5059577275023859,0.5968536526684426,1.88,betrivers,0.12208486701667198,0.02,0.23993100950644664,BIG-GAP:check-news 
Jayden Daniels,QB,WAS,NYG,player_pass_yds,197.5,161.78047948078392,9,,,1,True,00-0039910,2026-10-11T17:00:00Z,"[{""w"": ""W2"", ""opp"": ""DAL"", ""v"": 96.0}, {""w"": ""W1"", ""opp"": ""PHI"", ""v"": 164.0}, {""w"": ""25W14"", ""opp"": ""MIN"", ""v"": 78.0}, {""w"": ""25W9"", ""opp"": ""SEA"", ""v"": 153.0}, {""w"": ""25W7"", ""opp"": ""DAL"", ""v"": 156.0}, {""w"": ""25W6"", ""opp"": ""CHI"", ""v"": 211.0}]",Under,0.7398766563442092,0.4973544973544973,0.5887950189033434,1.9,draftkings,0.11871053591635239,0.02,0.24252215898971186,BIG-GAP:check-news 
Jayden Daniels,QB,WAS,NYG,player_pass_yds,198.5,161.78047948078392,9,,,2,True,00-0039910,2026-10-11T17:00:00Z,"[{""w"": ""W2"", ""opp"": ""DAL"", ""v"": 96.0}, {""w"": ""W1"", ""opp"": ""PHI"", ""v"": 164.0}, {""w"": ""25W14"", ""opp"": ""MIN"", ""v"": 78.0}, {""w"": ""25W9"", ""opp"": ""SEA"", ""v"": 153.0}, {""w"": ""25W7"", ""opp"": ""DAL"", ""v"": 156.0}, {""w"": ""25W6"", ""opp"": ""CHI"", ""v"": 211.0}]",Under,0.7441740319953218,0.5,0.5923580696932683,1.88,betonlineag,0.11363317102334436,0.02,0.24417403199532184,BIG-GAP:check-news 
Bhayshul Tuten,RB,JAX,PHI,player_rush_yds,67.5,51.44953377361427,17,,,3,True,00-0040719,2026-10-11T13:30:00Z,"[{""w"": ""W4"", ""opp"": ""CIN"", ""v"": 73.0}, {""w"": ""W3"", ""opp"": ""NE"", ""v"": 73.0}, {""w"": ""W2"", ""opp"": ""DEN"", ""v"": 65.0}, {""w"": ""W1"", ""opp"": ""CLE"", ""v"": 66.0}, {""w"": ""25W18"", ""opp"": ""TEN"", ""v"": 23.0}, {""w"": ""25W15"", ""opp"": ""NYJ"", ""v"": 7.0}]",Under,0.7439014053940746,0.5,0.5922370799298446,1.88,betonlineag,0.11340571026810786,0.02,0.24390140539407457,BIG-GAP:check-news 
Omarion Hampton,RB,LAC,DEN,player_rush_yds,37.5,61.29504114395714,13,,,3,True,00-0040666,2026-10-11T20:05:00Z,"[{""w"": ""W4"", ""opp"": ""SEA"", ""v"": 45.0}, {""w"": ""W3"", ""opp"": ""BUF"", ""v"": 56.0}, {""w"": ""W2"", ""opp"": ""LV"", ""v"": 94.0}, {""w"": ""W1"", ""opp"": ""ARI"", ""v"": 43.0}, {""w"": ""25W17"", ""opp"": ""HOU"", ""v"": 29.0}, {""w"": ""25W16"", ""opp"": ""DAL"", ""v"": 85.0}]",Over,0.7391910722126716,0.49734042553191493,0.5884845176141665,1.89,betonlineag,0.11223573829077471,0.02,0.24185064668075662,BIG-GAP:check-news 
Matthew Golden,WR,GB,CHI,player_receptions,4.5,3.511620649780754,17,,,6,True,00-0040667,2026-10-11T17:00:00Z,"[{""w"": ""W4"", ""opp"": ""TB"", ""v"": 3.0}, {""w"": ""W3"", ""opp"": ""ATL"", ""v"": 5.0}, {""w"": ""W2"", ""opp"": ""NYJ"", ""v"": 4.0}, {""w"": ""W1"", ""opp"": ""MIN"", ""v"": 6.0}, {""w"": ""25W18"", ""opp"": ""MIN"", ""v"": 1.0}, {""w"": ""25W17"", ""opp"": ""BAL"", ""v"": 1.0}]",Under,0.7163067101730516,0.5006631299734748,0.5807612806698798,1.91,betonlineag,0.10925404607947031,0.02,0.21564358019957675,BIG-GAP:check-news 
Tyler Warren,TE,IND,PIT,player_reception_yds,50.5,39.12963862444661,17,,,1,True,00-0040128,2026-10-11T17:00:00Z,"[{""w"": ""W4"", ""opp"": ""WAS"", ""v"": 41.0}, {""w"": ""W3"", ""opp"": ""HOU"", ""v"": 55.0}, {""w"": ""W2"", ""opp"": ""KC"", ""v"": 21.0}, {""w"": ""W1"", ""opp"": ""BAL"", ""v"": 13.0}, {""w"": ""25W18"", ""opp"": ""HOU"", ""v"": 26.0}, {""w"": ""25W17"", ""opp"": ""JAX"", ""v"": 43.0}]",Under,0.7378791767946589,0.5,0.5895828299963501,1.88,fanduel,0.10841572039313818,0.02,0.23787917679465886,BIG-GAP:check-news 
George Holani,RB,SEA,SF,player_reception_yds,9.5,8.759742685711823,14,,,1,True,00-0039299,2026-10-11T20:25:00Z,"[{""w"": ""W4"", ""opp"": ""LAC"", ""v"": 2.0}, {""w"": ""W3"", ""opp"": ""WAS"", ""v"": 48.0}, {""w"": ""W2"", ""opp"": ""ARI"", ""v"": 2.0}, {""w"": ""W1"", ""opp"": ""NE"", ""v"": 0.0}, {""w"": ""25W11"", ""opp"": ""LA"", ""v"": 0.0}, {""w"": ""25W10"", ""opp"": ""ARI"", ""v"": 0.0}]",Under,0.736080798167827,0.5,0.5887968666203542,1.88,fanduel,0.10693810924626634,0.02,0.236080798167827,BIG-GAP:check-news 
Bhayshul Tuten,RB,JAX,PHI,player_rush_yds,68.5,51.44953377361427,17,,,1,True,00-0040719,2026-10-11T13:30:00Z,"[{""w"": ""W4"", ""opp"": ""CIN"", ""v"": 73.0}, {""w"": ""W3"", ""opp"": ""NE"", ""v"": 73.0}, {""w"": ""W2"", ""opp"": ""DEN"", ""v"": 65.0}, {""w"": ""W1"", ""opp"": ""CLE"", ""v"": 66.0}, {""w"": ""25W18"", ""opp"": ""TEN"", ""v"": 23.0}, {""w"": ""25W15"", ""opp"": ""NYJ"", ""v"": 7.0}]",Under,0.7519098756598817,0.5040214477211795,0.5983379163273316,1.85,betrivers,0.10692514520556351,0.02,0.24788842793870214,BIG-GAP:check-news 
Jayden Daniels,QB,WAS,NYG,player_pass_yds,199.5,161.78047948078392,9,,,1,True,00-0039910,2026-10-11T17:00:00Z,"[{""w"": ""W2"", ""opp"": ""DAL"", ""v"": 96.0}, {""w"": ""W1"", ""opp"": ""PHI"", ""v"": 164.0}, {""w"": ""25W14"", ""opp"": ""MIN"", ""v"": 78.0}, {""w"": ""25W9"", ""opp"": ""SEA"", ""v"": 153.0}, {""w"": ""25W7"", ""opp"": ""DAL"", ""v"": 156.0}, {""w"": ""25W6"", ""opp"": ""CHI"", ""v"": 211.0}]",Under,0.7484200734241515,0.5040214477211795,0.5967706294552277,1.85,betrivers,0.10402566449217132,0.02,0.244398625702972,BIG-GAP:check-news 
Omarion Hampton,RB,LAC,DEN,player_rush_yds,38.5,61.29504114395714,13,,,3,True,00-0040666,2026-10-11T20:05:00Z,"[{""w"": ""W4"", ""opp"": ""SEA"", ""v"": 45.0}, {""w"": ""W3"", ""opp"": ""BUF"", ""v"": 56.0}, {""w"": ""W2"", ""opp"": ""LV"", ""v"": 94.0}, {""w"": ""W1"", ""opp"": ""ARI"", ""v"": 43.0}, {""w"": ""25W17"", ""opp"": ""HOU"", ""v"": 29.0}, {""w"": ""25W16"", ""opp"": ""DAL"", ""v"": 85.0}]",Over,0.7257001475659655,0.5065963060686015,0.5884766915573297,1.87,betmgm,0.10045141321220663,0.02,0.21910384149736395,BIG-GAP:check-news 
Bhayshul Tuten,RB,JAX,PHI,player_rush_yds,65.5,51.44953377361427,17,,,1,True,00-0040719,2026-10-11T13:30:00Z,"[{""w"": ""W4"", ""opp"": ""CIN"", ""v"": 73.0}, {""w"": ""W3"", ""opp"": ""NE"", ""v"": 73.0}, {""w"": ""W2"", ""opp"": ""DEN"", ""v"": 65.0}, {""w"": ""W1"", ""opp"": ""CLE"", ""v"": 66.0}, {""w"": ""25W18"", ""opp"": ""TEN"", ""v"": 23.0}, {""w"": ""25W15"", ""opp"": ""NYJ"", ""v"": 7.0}]",Under,0.7272442004640607,0.5,0.5849773186303652,1.88,fanduel,0.09975735902508642,0.02,0.22724420046406069,BIG-GAP:check-news 
Emanuel Wilson,RB,SEA,SF,player_reception_yds,8.5,8.06324623598222,17,,,1,True,00-0038797,2026-10-11T20:25:00Z,"[{""w"": ""W4"", ""opp"": ""LAC"", ""v"": 39.0}, {""w"": ""W3"", ""opp"": ""WAS"", ""v"": 0.0}, {""w"": ""W2"", ""opp"": ""ARI"", ""v"": 0.0}, {""w"": ""W1"", ""opp"": ""NE"", ""v"": 0.0}, {""w"": ""25W18"", ""opp"": ""MIN"", ""v"": 4.0}, {""w"": ""25W17"", ""opp"": ""BAL"", ""v"": 8.0}]",Under,0.7266605896215524,0.5,0.5847274590648456,1.88,fanduel,0.09928762304190974,0.02,0.22666058962155244,BIG-GAP:check-news 
Josh Downs,WR,IND,PIT,player_reception_yds,60.5,46.80949416329191,17,,,1,True,00-0038997,2026-10-11T17:00:00Z,"[{""w"": ""W4"", ""opp"": ""WAS"", ""v"": 16.0}, {""w"": ""W3"", ""opp"": ""HOU"", ""v"": 77.0}, {""w"": ""W2"", ""opp"": ""KC"", ""v"": 72.0}, {""w"": ""W1"", ""opp"": ""BAL"", ""v"": 37.0}, {""w"": ""25W18"", ""opp"": ""HOU"", ""v"": 61.0}, {""w"": ""25W17"", ""opp"": ""JAX"", ""v"": 34.0}]",Under,0.7339124519240403,0.5,0.5878531677549457,1.87,betrivers,0.09928542370174842,0.02,0.2339124519240403,BIG-GAP:check-news 
Deebo Samuel,WR,SF,SEA,player_receptions,3.5,3.1014330555477545,17,,,5,True,00-0035719,2026-10-11T20:25:00Z,"[{""w"": ""W4"", ""opp"": ""DEN"", ""v"": 5.0}, {""w"": ""W3"", ""opp"": ""ARI"", ""v"": 0.0}, {""w"": ""W2"", ""opp"": ""MIA"", ""v"": 3.0}, {""w"": ""W1"", ""opp"": ""LA"", ""v"": 6.0}, {""w"": ""25W18"", ""opp"": ""PHI"", ""v"": 2.0}, {""w"": ""25W17"", ""opp"": ""DAL"", ""v"": 2.0}]",Under,0.6305305293425292,0.5172413793103448,0.5577210358433048,1.97,betonlineag,0.0987104406113104,0.02,0.11328915003218443,
Justice Hill,RB,BAL,ATL,player_rush_yds,12.5,10.498531686166638,14,,,3,True,00-0034975,2026-10-12T00:20:00Z,"[{""w"": ""W4"", ""opp"": ""TEN"", ""v"": 3.0}, {""w"": ""W3"", ""opp"": ""DAL"", ""v"": 33.0}, {""w"": ""W2"", ""opp"": ""NO"", ""v"": 6.0}, {""w"": ""W1"", ""opp"": ""IND"", ""v"": 18.0}, {""w"": ""25W12"", ""opp"": ""NYJ"", ""v"": 0.0}, {""w"": ""25W10"", ""opp"": ""MIN"", ""v"": 1.0}]",Under,0.7054607149150538,0.5106951871657754,0.5826144501226184,1.88,betrivers,0.0953151662305225,0.02,0.19476552774927836,BIG-GAP:check-news 
Keenan Allen,WR,IND,PIT,player_receptions,3.5,4.199599301839452,17,,,2,True,00-0030279,2026-10-11T17:00:00Z,"[{""w"": ""W3"", ""opp"": ""HOU"", ""v"": 6.0}, {""w"": ""W2"", ""opp"": ""KC"", ""v"": 1.0}, {""w"": ""W1"", ""opp"": ""BAL"", ""v"": 6.0}, {""w"": ""25W18"", ""opp"": ""DEN"", ""v"": 7.0}, {""w"": ""25W17"", ""opp"": ""HOU"", ""v"": 1.0}, {""w"": ""25W16"", ""opp"": ""DAL"", ""v"": 5.0}]",Over,0.5655516659475109,0.4191399151711078,0.4700870871048464,2.33,betrivers,0.09530291295429216,0.017914081382385743,0.14641175077640312,
Emanuel Wilson,RB,SEA,SF,player_rush_yds,62.5,48.16716145009252,17,,,1,True,00-0038797,2026-10-11T20:25:00Z,"[{""w"": ""W4"", ""opp"": ""LAC"", ""v"": 81.0}, {""w"": ""W3"", ""opp"": ""WAS"", ""v"": 14.0}, {""w"": ""W2"", ""opp"": ""ARI"", ""v"": 92.0}, {""w"": ""W1"", ""opp"": ""NE"", ""v"": 3.0}, {""w"": ""25W18"", ""opp"": ""MIN"", ""v"": 44.0}, {""w"": ""25W17"", ""opp"": ""BAL"", ""v"": 16.0}]",Under,0.7281185888892934,0.5,0.5853522121437652,1.87,betmgm,0.09460863670884101,0.02,0.22811858888929337,BIG-GAP:check-news 
Dalton Kincaid,TE,BUF,LA,player_reception_yds,50.5,39.67079428429412,16,,,2,True,00-0038933,2026-10-13T00:15:00Z,"[{""w"": ""W4"", ""opp"": ""NE"", ""v"": 7.0}, {""w"": ""W3"", ""opp"": ""LAC"", ""v"": 38.0}, {""w"": ""W2"", ""opp"": ""DET"", ""v"": 95.0}, {""w"": ""W1"", ""opp"": ""HOU"", ""v"": 130.0}, {""w"": ""25W18"", ""opp"": ""NYJ"", ""v"": 48.0}, {""w"": ""25W16"", ""opp"": ""CLE"", ""v"": 0.0}]",Under,0.7203934023221763,0.5,0.5820622363790726,1.88,fanduel,0.0942770043926564,0.02,0.2203934023221763,BIG-GAP:check-news 
Tyler Warren,TE,IND,PIT,player_reception_yds,48.5,39.12963862444661,17,,,2,True,00-0040128,2026-10-11T17:00:00Z,"[{""w"": ""W4"", ""opp"": ""WAS"", ""v"": 41.0}, {""w"": ""W3"", ""opp"": ""HOU"", ""v"": 55.0}, {""w"": ""W2"", ""opp"": ""KC"", ""v"": 21.0}, {""w"": ""W1"", ""opp"": ""BAL"", ""v"": 13.0}, {""w"": ""25W18"", ""opp"": ""HOU"", ""v"": 26.0}, {""w"": ""25W17"", ""opp"": ""JAX"", ""v"": 43.0}]",Under,0.7142734937046549,0.5086457466171885,0.5849584006513332,1.87,draftkings,0.09387220921799311,0.02,0.20562774708746634,BIG-GAP:check-news 
Bhayshul Tuten,RB,JAX,PHI,player_reception_yds,9.5,8.047072161460603,17,,,5,True,00-0040719,2026-10-11T13:30:00Z,"[{""w"": ""W4"", ""opp"": ""CIN"", ""v"": 18.0}, {""w"": ""W3"", ""opp"": ""NE"", ""v"": 17.0}, {""w"": ""W2"", ""opp"": ""DEN"", ""v"": -3.0}, {""w"": ""W1"", ""opp"": ""CLE"", ""v"": 22.0}, {""w"": ""25W18"", ""opp"": ""TEN"", ""v"": 0.0}, {""w"": ""25W15"", ""opp"": ""NYJ"", ""v"": 16.0}]",Under,0.7003078382399223,0.4934036939313985,0.569525648379874,1.92,betrivers,0.09348924488935795,0.02,0.20690414430852377,BIG-GAP:check-news 
Romeo Doubs,WR,NE,LV,player_receptions,3.5,3.147310083690799,17,,,6,True,00-0037816,2026-10-11T17:00:00Z,"[{""w"": ""W4"", ""opp"": ""BUF"", ""v"": 6.0}, {""w"": ""W3"", ""opp"": ""JAX"", ""v"": 3.0}, {""w"": ""W2"", ""opp"": ""PIT"", ""v"": 3.0}, {""w"": ""W1"", ""opp"": ""SEA"", ""v"": 0.0}, {""w"": ""25W17"", ""opp"": ""BAL"", ""v"": 3.0}, {""w"": ""25W16"", ""opp"": ""CHI"", ""v"": 5.0}]",Under,0.6207726853370003,0.4257724547649404,0.4945156620053498,2.21,draftkings,0.09287961303182302,0.019190002692525417,0.19500023057205984,BIG-GAP:check-news 
Jameis Winston,QB,NYG,WAS,player_pass_yds,201.5,166.32463435417554,6,,,2,True,00-0031503,2026-10-11T17:00:00Z,"[{""w"": ""W4"", ""opp"": ""ARI"", ""v"": 250.0}, {""w"": ""W3"", ""opp"": ""TEN"", ""v"": 118.0}, {""w"": ""W2"", ""opp"": ""LA"", ""v"": 111.0}, {""w"": ""25W15"", ""opp"": ""WAS"", ""v"": 0.0}, {""w"": ""25W12"", ""opp"": ""DET"", ""v"": 366.0}, {""w"": ""25W11"", ""opp"": ""GB"", ""v"": 201.0}]",Under,0.7131834632230152,0.49867021276595747,0.578192088312304,1.89,betonlineag,0.09278304691025441,0.02,0.2145132504570577,BIG-GAP:check-news 
Josh Downs,WR,IND,PIT,player_receptions,5.5,3.919665374676719,17,,,4,True,00-0038997,2026-10-11T17:00:00Z,"[{""w"": ""W4"", ""opp"": ""WAS"", ""v"": 3.0}, {""w"": ""W3"", ""opp"": ""HOU"", ""v"": 5.0}, {""w"": ""W2"", ""opp"": ""KC"", ""v"": 7.0}, {""w"": ""W1"", ""opp"": ""BAL"", ""v"": 2.0}, {""w"": ""25W18"", ""opp"": ""HOU"", ""v"": 4.0}, {""w"": ""25W17"", ""opp"": ""JAX"", ""v"": 2.0}]",Under,0.7916638698030846,0.5652677792321117,0.6542818757184288,1.67,bovada,0.09265073244977601,0.02,0.22639609057097287,BIG-GAP:check-news 
Josh Downs,WR,IND,PIT,player_reception_yds,58.5,46.80949416329191,17,,,4,True,00-0038997,2026-10-11T17:00:00Z,"[{""w"": ""W4"", ""opp"": ""WAS"", ""v"": 16.0}, {""w"": ""W3"", ""opp"": ""HOU"", ""v"": 77.0}, {""w"": ""W2"", ""opp"": ""KC"", ""v"": 72.0}, {""w"": ""W1"", ""opp"": ""BAL"", ""v"": 37.0}, {""w"": ""25W18"", ""opp"": ""HOU"", ""v"": 61.0}, {""w"": ""25W17"", ""opp"": ""JAX"", ""v"": 34.0}]",Under,0.7155351824902658,0.5013227513227513,0.5808555705280405,1.88,draftkings,0.09200847259271605,0.02,0.21421243116751454,BIG-GAP:check-news 
Jameis Winston,QB,NYG,WAS,player_pass_yds,200.5,166.32463435417554,6,,,2,True,00-0031503,2026-10-11T17:00:00Z,"[{""w"": ""W4"", ""opp"": ""ARI"", ""v"": 250.0}, {""w"": ""W3"", ""opp"": ""TEN"", ""v"": 118.0}, {""w"": ""W2"", ""opp"": ""LA"", ""v"": 111.0}, {""w"": ""25W15"", ""opp"": ""WAS"", ""v"": 0.0}, {""w"": ""25W12"", ""opp"": ""DET"", ""v"": 366.0}, {""w"": ""25W11"", ""opp"": ""GB"", ""v"": 201.0}]",Under,0.7095613100796062,0.5,0.5775292899918031,1.89,draftkings,0.09153035808450782,0.02,0.2095613100796062,BIG-GAP:check-news 
Kyler Murray,QB,MIN,NO,player_pass_yds,214.5,180.68011661462162,8,,,3,True,00-0035228,2026-10-11T17:00:00Z,"[{""w"": ""W4"", ""opp"": ""MIA"", ""v"": 247.0}, {""w"": ""W3"", ""opp"": ""TB"", ""v"": 168.0}, {""w"": ""W1"", ""opp"": ""GB"", ""v"": 18.0}, {""w"": ""25W5"", ""opp"": ""TEN"", ""v"": 220.0}, {""w"": ""25W4"", ""opp"": ""SEA"", ""v"": 200.0}, {""w"": ""25W3"", ""opp"": ""SF"", ""v"": 159.0}]",Under,0.7057685558923832,0.4973544973544973,0.5742821115220237,1.9,draftkings,0.09113601189184495,0.02,0.20841405853788586,BIG-GAP:check-news 
Tyson Bagent,QB,CHI,GB,player_rush_yds,9.5,7.493871552282418,4,,,1,True,00-0038416,2026-10-11T17:00:00Z,"[{""w"": ""W4"", ""opp"": ""NYJ"", ""v"": 1.0}, {""w"": ""W2"", ""opp"": ""MIN"", ""v"": 0.0}, {""w"": ""25W9"", ""opp"": ""CIN"", ""v"": 0.0}, {""w"": ""25W2"", ""opp"": ""DET"", ""v"": 7.0}]",Under,0.7163549056512988,0.5,0.5803616504747126,1.88,fanduel,0.09107990289245949,0.02,0.21635490565129878,BIG-GAP:check-news 
RJ Harvey,RB,DEN,LAC,player_rush_yds,17.5,31.87981882947856,17,,,1,True,00-0040730,2026-10-11T20:05:00Z,"[{""w"": ""W4"", ""opp"": ""SF"", ""v"": 25.0}, {""w"": ""W3"", ""opp"": ""LA"", ""v"": 6.0}, {""w"": ""W1"", ""opp"": ""KC"", ""v"": 18.0}, {""w"": ""25W18"", ""opp"": ""LAC"", ""v"": 28.0}, {""w"": ""25W17"", ""opp"": ""KC"", ""v"": 43.0}, {""w"": ""25W16"", ""opp"": ""JAX"", ""v"": 50.0}]",Over,0.7107676354955169,0.48930481283422456,0.5712317864852263,1.91,betrivers,0.09105271218678224,0.02,0.22146282266129236,BIG-GAP:check-news 
David Montgomery,RB,HOU,TEN,player_rush_yds,47.5,39.50651807746873,17,,,2,True,00-0035685,2026-10-11T17:00:00Z,"[{""w"": ""W4"", ""opp"": ""DAL"", ""v"": 24.0}, {""w"": ""W3"", ""opp"": ""IND"", ""v"": 33.0}, {""w"": ""W2"", ""opp"": ""CIN"", ""v"": 10.0}, {""w"": ""W1"", ""opp"": ""BUF"", ""v"": 60.0}, {""w"": ""25W18"", ""opp"": ""CHI"", ""v"": 42.0}, {""w"": ""25W17"", ""opp"": ""MIN"", ""v"": 25.0}]",Under,0.698298780219932,0.49201015795765635,0.5678165150988868,1.92,draftkings,0.09020770898986252,0.02,0.20628862226227562,BIG-GAP:check-news 
Tyler Warren,TE,IND,PIT,player_reception_yds,49.5,39.12963862444661,17,,,2,True,00-0040128,2026-10-11T17:00:00Z,"[{""w"": ""W4"", ""opp"": ""WAS"", ""v"": 41.0}, {""w"": ""W3"", ""opp"": ""HOU"", ""v"": 55.0}, {""w"": ""W2"", ""opp"": ""KC"", ""v"": 21.0}, {""w"": ""W1"", ""opp"": ""BAL"", ""v"": 13.0}, {""w"": ""25W18"", ""opp"": ""HOU"", ""v"": 26.0}, {""w"": ""25W17"", ""opp"": ""JAX"", ""v"": 43.0}]",Under,0.726280128919365,0.507322695035461,0.5891810876112568,1.85,betmgm,0.0899850120808251,0.02,0.21895743388390398,BIG-GAP:check-news 
Josh Downs,WR,IND,PIT,player_receptions,4.5,3.919665374676719,17,,,1,True,00-0038997,2026-10-11T17:00:00Z,"[{""w"": ""W4"", ""opp"": ""WAS"", ""v"": 3.0}, {""w"": ""W3"", ""opp"": ""HOU"", ""v"": 5.0}, {""w"": ""W2"", ""opp"": ""KC"", ""v"": 7.0}, {""w"": ""W1"", ""opp"": ""BAL"", ""v"": 2.0}, {""w"": ""25W18"", ""opp"": ""HOU"", ""v"": 4.0}, {""w"": ""25W17"", ""opp"": ""JAX"", ""v"": 2.0}]",Under,0.6440516614019829,0.4421052631578948,0.5140820689718301,2.12,fanduel,0.08985398622027974,0.02,0.2019463982440881,BIG-GAP:check-news 
Dalton Kincaid,TE,BUF,LA,player_reception_yds,49.5,39.67079428429412,16,,,4,True,00-0038933,2026-10-13T00:15:00Z,"[{""w"": ""W4"", ""opp"": ""NE"", ""v"": 7.0}, {""w"": ""W3"", ""opp"": ""LAC"", ""v"": 38.0}, {""w"": ""W2"", ""opp"": ""DET"", ""v"": 95.0}, {""w"": ""W1"", ""opp"": ""HOU"", ""v"": 130.0}, {""w"": ""25W18"", ""opp"": ""NYJ"", ""v"": 48.0}, {""w"": ""25W16"", ""opp"": ""CLE"", ""v"": 0.0}]",Under,0.7133494879826632,0.5,0.579104339506512,1.88,betonlineag,0.08871615827224244,0.02,0.21334948798266318,BIG-GAP:check-news 
Emanuel Wilson,RB,SEA,SF,player_rush_yds,60.5,48.16716145009252,17,,,2,True,00-0038797,2026-10-11T20:25:00Z,"[{""w"": ""W4"", ""opp"": ""LAC"", ""v"": 81.0}, {""w"": ""W3"", ""opp"": ""WAS"", ""v"": 14.0}, {""w"": ""W2"", ""opp"": ""ARI"", ""v"": 92.0}, {""w"": ""W1"", ""opp"": ""NE"", ""v"": 3.0}, {""w"": ""25W18"", ""opp"": ""MIN"", ""v"": 44.0}, {""w"": ""25W17"", ""opp"": ""BAL"", ""v"": 16.0}]",Under,0.7129795131974042,0.5,0.5789500378455948,1.88,betonlineag,0.08842607114971823,0.02,0.21297951319740416,BIG-GAP:check-news 
Dalton Kincaid,TE,BUF,LA,player_receptions,4.5,3.074336448836846,16,,,5,True,00-0038933,2026-10-13T00:15:00Z,"[{""w"": ""W4"", ""opp"": ""NE"", ""v"": 1.0}, {""w"": ""W3"", ""opp"": ""LAC"", ""v"": 2.0}, {""w"": ""W2"", ""opp"": ""DET"", ""v"": 7.0}, {""w"": ""W1"", ""opp"": ""HOU"", ""v"": 5.0}, {""w"": ""25W18"", ""opp"": ""NYJ"", ""v"": 3.0}, {""w"": ""25W16"", ""opp"": ""CLE"", ""v"": 0.0}]",Under,0.7749637249033335,0.5729166666666666,0.651068411159512,1.67,bovada,0.08728424663638495,0.02,0.2020470582366669,BIG-GAP:check-news 
Jameis Winston,QB,NYG,WAS,player_pass_yds,202.5,166.32463435417554,6,,,1,True,00-0031503,2026-10-11T17:00:00Z,"[{""w"": ""W4"", ""opp"": ""ARI"", ""v"": 250.0}, {""w"": ""W3"", ""opp"": ""TEN"", ""v"": 118.0}, {""w"": ""W2"", ""opp"": ""LA"", ""v"": 111.0}, {""w"": ""25W15"", ""opp"": ""WAS"", ""v"": 0.0}, {""w"": ""25W12"", ""opp"": ""DET"", ""v"": 366.0}, {""w"": ""25W11"", ""opp"": ""GB"", ""v"": 201.0}]",Under,0.7167723920255994,0.5,0.580536856419922,1.87,betrivers,0.08560392150525431,0.02,0.2167723920255994,BIG-GAP:check-news 
Kenny Gainwell,RB,TB,DAL,player_receptions,1.5,3.1279018152812905,17,,,5,True,00-0036919,2026-10-09T00:15:00Z,"[{""w"": ""W4"", ""opp"": ""GB"", ""v"": 2.0}, {""w"": ""W3"", ""opp"": ""MIN"", ""v"": 2.0}, {""w"": ""W2"", ""opp"": ""CLE"", ""v"": 3.0}, {""w"": ""W1"", ""opp"": ""CIN"", ""v"": 1.0}, {""w"": ""25W18"", ""opp"": ""BAL"", ""v"": 8.0}, {""w"": ""25W17"", ""opp"": ""CLE"", ""v"": 3.0}]",Over,0.7605416505180207,0.5871794871794872,0.653279129980724,1.66,betrivers,0.08444335576800188,0.02,0.1733621633385335,BIG-GAP:check-news 
Xavier Hutchinson,WR,HOU,TEN,player_receptions,1.5,2.917938985664265,17,,,2,True,00-0038618,2026-10-11T17:00:00Z,"[{""w"": ""W4"", ""opp"": ""DAL"", ""v"": 3.0}, {""w"": ""W3"", ""opp"": ""IND"", ""v"": 3.0}, {""w"": ""W2"", ""opp"": ""CIN"", ""v"": 3.0}, {""w"": ""W1"", ""opp"": ""BUF"", ""v"": 3.0}, {""w"": ""25W18"", ""opp"": ""IND"", ""v"": 5.0}, {""w"": ""25W17"", ""opp"": ""LAC"", ""v"": 2.0}]",Over,0.7882400217069344,0.5718035245594302,0.6565620743333427,1.65,draftkings,0.08332742265001536,0.02,0.21643649714750424,BIG-GAP:check-news 
Josh Allen,QB,BUF,LA,player_rush_yds,36.5,31.187217977287094,17,,,4,True,00-0034857,2026-10-13T00:15:00Z,"[{""w"": ""W4"", ""opp"": ""NE"", ""v"": 4.0}, {""w"": ""W3"", ""opp"": ""LAC"", ""v"": 22.0}, {""w"": ""W2"", ""opp"": ""DET"", ""v"": 69.0}, {""w"": ""W1"", ""opp"": ""HOU"", ""v"": 23.0}, {""w"": ""25W17"", ""opp"": ""PHI"", ""v"": 27.0}, {""w"": ""25W16"", ""opp"": ""CLE"", ""v"": 17.0}]",Under,0.6795783396052892,0.49867021276595747,0.564558780041512,1.91,draftkings,0.07830726987928793,0.02,0.18090812683933177,BIG-GAP:check-news 
Garrett Wilson,WR,NYJ,CLE,player_reception_yds,69.5,58.80910323815968,11,,,5,True,00-0037740,2026-10-11T17:00:00Z,"[{""w"": ""W4"", ""opp"": ""CHI"", ""v"": 27.0}, {""w"": ""W3"", ""opp"": ""DET"", ""v"": 107.0}, {""w"": ""W2"", ""opp"": ""GB"", ""v"": 57.0}, {""w"": ""W1"", ""opp"": ""TEN"", ""v"": 79.0}, {""w"": ""25W10"", ""opp"": ""CLE"", ""v"": 0.0}, {""w"": ""25W6"", ""opp"": ""DEN"", ""v"": 13.0}]",Under,0.6835822128959588,0.5,0.5669945108978464,1.9,draftkings,0.07728957070590803,0.02,0.18358221289595877,BIG-GAP:check-news 
Tucker Kraft,TE,GB,CHI,player_reception_yds,50.5,41.99715851166777,12,,,2,True,00-0038996,2026-10-11T17:00:00Z,"[{""w"": ""W4"", ""opp"": ""TB"", ""v"": 42.0}, {""w"": ""W3"", ""opp"": ""ATL"", ""v"": 26.0}, {""w"": ""W2"", ""opp"": ""NYJ"", ""v"": 15.0}, {""w"": ""W1"", ""opp"": ""MIN"", ""v"": 65.0}, {""w"": ""25W9"", ""opp"": ""CAR"", ""v"": 20.0}, {""w"": ""25W8"", ""opp"": ""PIT"", ""v"": 143.0}]",Under,0.6925155546472317,0.5086457466171885,0.5760669515610921,1.87,draftkings,0.07724519941924235,0.02,0.18386980803004316,BIG-GAP:check-news 
Kyler Murray,QB,MIN,NO,player_pass_yds,212.5,180.68011661462162,8,,,2,True,00-0035228,2026-10-11T17:00:00Z,"[{""w"": ""W4"", ""opp"": ""MIA"", ""v"": 247.0}, {""w"": ""W3"", ""opp"": ""TB"", ""v"": 168.0}, {""w"": ""W1"", ""opp"": ""GB"", ""v"": 18.0}, {""w"": ""25W5"", ""opp"": ""TEN"", ""v"": 220.0}, {""w"": ""25W4"", ""opp"": ""SEA"", ""v"": 200.0}, {""w"": ""25W3"", ""opp"": ""SF"", ""v"": 159.0}]",Under,0.6981742062588164,0.5,0.5728568175890592,1.88,betonlineag,0.07697081706743114,0.02,0.19817420625881643,BIG-GAP:check-news 
Josh Allen,QB,BUF,LA,player_rush_yds,38.5,31.187217977287094,17,,,1,True,00-0034857,2026-10-13T00:15:00Z,"[{""w"": ""W4"", ""opp"": ""NE"", ""v"": 4.0}, {""w"": ""W3"", ""opp"": ""LAC"", ""v"": 22.0}, {""w"": ""W2"", ""opp"": ""DET"", ""v"": 69.0}, {""w"": ""W1"", ""opp"": ""HOU"", ""v"": 23.0}, {""w"": ""25W17"", ""opp"": ""PHI"", ""v"": 27.0}, {""w"": ""25W16"", ""opp"": ""CLE"", ""v"": 17.0}]",Under,0.7047641471770973,0.5,0.5755497901192275,1.87,betmgm,0.07627810752295539,0.02,0.20476414717709734,BIG-GAP:check-news 
Justice Hill,RB,BAL,ATL,player_rush_yds,11.5,10.498531686166638,14,,,2,True,00-0034975,2026-10-12T00:20:00Z,"[{""w"": ""W4"", ""opp"": ""TEN"", ""v"": 3.0}, {""w"": ""W3"", ""opp"": ""DAL"", ""v"": 33.0}, {""w"": ""W2"", ""opp"": ""NO"", ""v"": 6.0}, {""w"": ""W1"", ""opp"": ""IND"", ""v"": 18.0}, {""w"": ""25W12"", ""opp"": ""NYJ"", ""v"": 0.0}, {""w"": ""25W10"", ""opp"": ""MIN"", ""v"": 1.0}]",Under,0.6796932084826514,0.4960106382978724,0.5629035046890082,1.91,betonlineag,0.07514569395600568,0.02,0.18368257018477896,BIG-GAP:check-news 
Bhayshul Tuten,RB,JAX,PHI,player_receptions,1.5,1.1139465408272307,17,,,5,True,00-0040719,2026-10-11T13:30:00Z,"[{""w"": ""W4"", ""opp"": ""CIN"", ""v"": 2.0}, {""w"": ""W3"", ""opp"": ""NE"", ""v"": 2.0}, {""w"": ""W2"", ""opp"": ""DEN"", ""v"": 2.0}, {""w"": ""W1"", ""opp"": ""CLE"", ""v"": 1.0}, {""w"": ""25W18"", ""opp"": ""TEN"", ""v"": 0.0}, {""w"": ""25W15"", ""opp"": ""NYJ"", ""v"": 1.0}]",Under,0.6939280907489531,0.5,0.5711370743253134,1.88,betonlineag,0.07373769973158906,0.02,0.19392809074895312,BIG-GAP:check-news 
Jaylen Waddle,WR,DEN,LAC,player_receptions,4.5,3.7304554375229193,17,,,6,True,00-0036613,2026-10-11T20:05:00Z,"[{""w"": ""W4"", ""opp"": ""SF"", ""v"": 5.0}, {""w"": ""W3"", ""opp"": ""LA"", ""v"": 2.0}, {""w"": ""W2"", ""opp"": ""JAX"", ""v"": 8.0}, {""w"": ""W1"", ""opp"": ""KC"", ""v"": 1.0}, {""w"": ""25W17"", ""opp"": ""TB"", ""v"": 0.0}, {""w"": ""25W16"", ""opp"": ""CIN"", ""v"": 5.0}]",Under,0.6742847612672722,0.5119965297531004,0.5709840359399494,1.88,fanduel,0.07344998756710486,0.02,0.16228823151417182,BIG-GAP:check-news 
RJ Harvey,RB,DEN,LAC,player_rush_yds,18.5,31.87981882947856,17,,,5,True,00-0040730,2026-10-11T20:05:00Z,"[{""w"": ""W4"", ""opp"": ""SF"", ""v"": 25.0}, {""w"": ""W3"", ""opp"": ""LA"", ""v"": 6.0}, {""w"": ""W1"", ""opp"": ""KC"", ""v"": 18.0}, {""w"": ""25W18"", ""opp"": ""LAC"", ""v"": 28.0}, {""w"": ""25W17"", ""opp"": ""KC"", ""v"": 43.0}, {""w"": ""25W16"", ""opp"": ""JAX"", ""v"": 50.0}]",Over,0.6874997639561882,0.5026455026455027,0.5702418750378669,1.88,draftkings,0.07205472507118982,0.02,0.1848542613106855,BIG-GAP:check-news 
Jahmyr Gibbs,RB,DET,ARI,player_rush_yds,92.5,78.20618885443969,17,,,2,True,00-0039139,2026-10-11T20:25:00Z,"[{""w"": ""W4"", ""opp"": ""CAR"", ""v"": 46.0}, {""w"": ""W3"", ""opp"": ""NYJ"", ""v"": 99.0}, {""w"": ""W2"", ""opp"": ""BUF"", ""v"": 52.0}, {""w"": ""W1"", ""opp"": ""NO"", ""v"": 156.0}, {""w"": ""25W18"", ""opp"": ""CHI"", ""v"": 80.0}, {""w"": ""25W17"", ""opp"": ""MIN"", ""v"": 41.0}]",Under,0.6841506658102482,0.5,0.5672204368836773,1.89,draftkings,0.07204662571015008,0.02,0.1841506658102482,BIG-GAP:check-news 
Brock Bowers,TE,LV,NE,player_receptions,6.5,5.963779458851509,14,,,6,True,00-0039338,2026-10-11T17:00:00Z,"[{""w"": ""W4"", ""opp"": ""KC"", ""v"": 6.0}, {""w"": ""W3"", ""opp"": ""NO"", ""v"": 10.0}, {""w"": ""25W16"", ""opp"": ""HOU"", ""v"": 5.0}, {""w"": ""25W15"", ""opp"": ""PHI"", ""v"": 6.0}, {""w"": ""25W14"", ""opp"": ""DEN"", ""v"": 4.0}, {""w"": ""25W13"", ""opp"": ""LAC"", ""v"": 4.0}]",Under,0.6122976992755597,0.4734776856032763,0.522714475753079,2.05,bovada,0.07156467529381194,0.01703920840328856,0.13882001367228336,
Garrett Wilson,WR,NYJ,CLE,player_receptions,6.5,4.968723476886038,11,,,5,True,00-0037740,2026-10-11T17:00:00Z,"[{""w"": ""W4"", ""opp"": ""CHI"", ""v"": 3.0}, {""w"": ""W3"", ""opp"": ""DET"", ""v"": 10.0}, {""w"": ""W2"", ""opp"": ""GB"", ""v"": 5.0}, {""w"": ""W1"", ""opp"": ""TEN"", ""v"": 6.0}, {""w"": ""25W10"", ""opp"": ""CLE"", ""v"": 0.0}, {""w"": ""25W6"", ""opp"": ""DEN"", ""v"": 3.0}]",Under,0.7362802636728384,0.554089709762533,0.6225860126238318,1.72,draftkings,0.07084794171299086,0.02,0.18219055391030536,BIG-GAP:check-news 
Jahmyr Gibbs,RB,DET,ARI,player_rush_yds,94.5,78.20618885443969,17,,,1,True,00-0039139,2026-10-11T20:25:00Z,"[{""w"": ""W4"", ""opp"": ""CAR"", ""v"": 46.0}, {""w"": ""W3"", ""opp"": ""NYJ"", ""v"": 99.0}, {""w"": ""W2"", ""opp"": ""BUF"", ""v"": 52.0}, {""w"": ""W1"", ""opp"": ""NO"", ""v"": 156.0}, {""w"": ""25W18"", ""opp"": ""CHI"", ""v"": 80.0}, {""w"": ""25W17"", ""opp"": ""MIN"", ""v"": 41.0}]",Under,0.6957260901273778,0.5,0.5718638538208503,1.87,betmgm,0.06938540664499004,0.01993833524281323,0.19572609012737785,BIG-GAP:check-news 
Josh Cameron,WR,JAX,PHI,player_receptions,1.5,1.0077168150970273,4,,,5,True,00-0041100,2026-10-11T13:30:00Z,"[{""w"": ""W4"", ""opp"": ""CIN"", ""v"": 2.0}, {""w"": ""W3"", ""opp"": ""NE"", ""v"": 1.0}, {""w"": ""W2"", ""opp"": ""DEN"", ""v"": 0.0}, {""w"": ""W1"", ""opp"": ""CLE"", ""v"": 2.0}]",Under,0.7329201950166959,0.5912596401028277,0.6441185398126091,1.66,fanduel,0.06923677608893114,0.02,0.1416605549138682,
George Holani,RB,SEA,SF,player_rush_yds,20.5,17.419867197369527,14,,,1,True,00-0039299,2026-10-11T20:25:00Z,"[{""w"": ""W4"", ""opp"": ""LAC"", ""v"": 18.0}, {""w"": ""W3"", ""opp"": ""WAS"", ""v"": 10.0}, {""w"": ""W2"", ""opp"": ""ARI"", ""v"": 13.0}, {""w"": ""W1"", ""opp"": ""NE"", ""v"": 29.0}, {""w"": ""25W11"", ""opp"": ""LA"", ""v"": 6.0}, {""w"": ""25W10"", ""opp"": ""ARI"", ""v"": 31.0}]",Under,0.6816334364002254,0.48930481283422467,0.5593782938972752,1.91,betmgm,0.0684125413437956,0.01879465421532846,0.19232862356600078,BIG-GAP:check-news 
David Montgomery,RB,HOU,TEN,player_rush_yds,46.5,39.50651807746873,17,,,1,True,00-0035685,2026-10-11T17:00:00Z,"[{""w"": ""W4"", ""opp"": ""DAL"", ""v"": 24.0}, {""w"": ""W3"", ""opp"": ""IND"", ""v"": 33.0}, {""w"": ""W2"", ""opp"": ""CIN"", ""v"": 10.0}, {""w"": ""W1"", ""opp"": ""BUF"", ""v"": 60.0}, {""w"": ""25W18"", ""opp"": ""CHI"", ""v"": 42.0}, {""w"": ""25W17"", ""opp"": ""MIN"", ""v"": 25.0}]",Under,0.6847213206312568,0.5,0.5674474301162312,1.88,fanduel,0.06680116861851465,0.018977604721168936,0.1847213206312568,BIG-GAP:check-news 
Geno Smith,QB,NYJ,CLE,player_rush_yds,11.5,9.595328198876482,17,,,1,True,00-0030565,2026-10-11T17:00:00Z,"[{""w"": ""W4"", ""opp"": ""CHI"", ""v"": 0.0}, {""w"": ""W3"", ""opp"": ""DET"", ""v"": 12.0}, {""w"": ""W2"", ""opp"": ""GB"", ""v"": 17.0}, {""w"": ""W1"", ""opp"": ""TEN"", ""v"": 7.0}, {""w"": ""25W17"", ""opp"": ""NYG"", ""v"": 1.0}, {""w"": ""25W16"", ""opp"": ""HOU"", ""v"": 0.0}]",Under,0.6917258516440415,0.5,0.5702497214937863,1.87,betrivers,0.06636697919338042,0.019070971032580576,0.19172585164404155,BIG-GAP:check-news 
Brock Bowers,TE,LV,NE,player_reception_yds,73.5,62.298270604571606,14,,,4,True,00-0039338,2026-10-11T17:00:00Z,"[{""w"": ""W4"", ""opp"": ""KC"", ""v"": 86.0}, {""w"": ""W3"", ""opp"": ""NO"", ""v"": 116.0}, {""w"": ""25W16"", ""opp"": ""HOU"", ""v"": 33.0}, {""w"": ""25W15"", ""opp"": ""PHI"", ""v"": 28.0}, {""w"": ""25W14"", ""opp"": ""DEN"", ""v"": 46.0}, {""w"": ""25W13"", ""opp"": ""LAC"", ""v"": 63.0}]",Under,0.6838132644498909,0.5,0.567086317070766,1.88,betonlineag,0.06612227609303994,0.018784737526431804,0.18381326444989088,BIG-GAP:check-news 
CeeDee Lamb,WR,DAL,TB,player_receptions,6.5,7.306643476526636,17,Full,,5,True,00-0036358,2026-10-09T00:15:00Z,"[{""w"": ""W4"", ""opp"": ""HOU"", ""v"": 17.0}, {""w"": ""W3"", ""opp"": ""BAL"", ""v"": 7.0}, {""w"": ""W2"", ""opp"": ""WAS"", ""v"": 8.0}, {""w"": ""W1"", ""opp"": ""NYG"", ""v"": 5.0}, {""w"": ""25W18"", ""opp"": ""NYG"", ""v"": 1.0}, {""w"": ""25W17"", ""opp"": ""WAS"", ""v"": 5.0}]",Over,0.5078739589532516,0.48930481283422456,0.49580327982066713,2.15,betrivers,0.06597705161443423,0.014342837307485704,0.018569146119027047,
Tucker Kraft,TE,GB,CHI,player_reception_yds,49.5,41.99715851166777,12,,,3,True,00-0038996,2026-10-11T17:00:00Z,"[{""w"": ""W4"", ""opp"": ""TB"", ""v"": 42.0}, {""w"": ""W3"", ""opp"": ""ATL"", ""v"": 26.0}, {""w"": ""W2"", ""opp"": ""NYJ"", ""v"": 15.0}, {""w"": ""W1"", ""opp"": ""MIN"", ""v"": 65.0}, {""w"": ""25W9"", ""opp"": ""CAR"", ""v"": 20.0}, {""w"": ""25W8"", ""opp"": ""PIT"", ""v"": 143.0}]",Under,0.6831712948235951,0.5,0.5668313139944682,1.88,betonlineag,0.06564287030960009,0.018648542701590935,0.18317129482359507,BIG-GAP:check-news 
Jaylen Waddle,WR,DEN,LAC,player_reception_yds,51.5,47.59892566359944,17,,,1,True,00-0036613,2026-10-11T20:05:00Z,"[{""w"": ""W4"", ""opp"": ""SF"", ""v"": 35.0}, {""w"": ""W3"", ""opp"": ""LA"", ""v"": 10.0}, {""w"": ""W2"", ""opp"": ""JAX"", ""v"": 138.0}, {""w"": ""W1"", ""opp"": ""KC"", ""v"": 2.0}, {""w"": ""25W17"", ""opp"": ""TB"", ""v"": 0.0}, {""w"": ""25W16"", ""opp"": ""CIN"", ""v"": 72.0}]",Under,0.6534247921033063,0.4652406417112299,0.5328088684745702,2.0,betmgm,0.06561773694914041,0.016404434237285104,0.18818415039207637,BIG-GAP:check-news 
Garrett Wilson,WR,NYJ,CLE,player_receptions,5.5,4.968723476886038,11,,,1,True,00-0037740,2026-10-11T17:00:00Z,"[{""w"": ""W4"", ""opp"": ""CHI"", ""v"": 3.0}, {""w"": ""W3"", ""opp"": ""DET"", ""v"": 10.0}, {""w"": ""W2"", ""opp"": ""GB"", ""v"": 5.0}, {""w"": ""W1"", ""opp"": ""TEN"", ""v"": 6.0}, {""w"": ""25W10"", ""opp"": ""CLE"", ""v"": 0.0}, {""w"": ""25W6"", ""opp"": ""DEN"", ""v"": 3.0}]",Under,0.6240556408007183,0.442970822281167,0.5071133991125499,2.1,betmgm,0.06493813813635496,0.01475866775826249,0.18108481851955127,BIG-GAP:check-news 
Tez Johnson,WR,TB,DAL,player_receptions,1.5,1.4808272983493558,17,,,6,True,00-0040237,2026-10-09T00:15:00Z,"[{""w"": ""W4"", ""opp"": ""GB"", ""v"": 2.0}, {""w"": ""W3"", ""opp"": ""MIN"", ""v"": 1.0}, {""w"": ""W2"", ""opp"": ""CLE"", ""v"": 1.0}, {""w"": ""W1"", ""opp"": ""CIN"", ""v"": 0.0}, {""w"": ""25W18"", ""opp"": ""CAR"", ""v"": 1.0}, {""w"": ""25W17"", ""opp"": ""MIA"", ""v"": 2.0}]",Over,0.4357291182570892,0.4076949881327294,0.41744851542372424,2.55,betrivers,0.06449371433049667,0.010402211988789786,0.02803413012435979,
Keenan Allen,WR,IND,PIT,player_reception_yds,26.5,43.13265494984265,17,,,3,True,00-0030279,2026-10-11T17:00:00Z,"[{""w"": ""W3"", ""opp"": ""HOU"", ""v"": 63.0}, {""w"": ""W2"", ""opp"": ""KC"", ""v"": 5.0}, {""w"": ""W1"", ""opp"": ""BAL"", ""v"": 32.0}, {""w"": ""25W18"", ""opp"": ""DEN"", ""v"": 36.0}, {""w"": ""25W17"", ""opp"": ""HOU"", ""v"": 17.0}, {""w"": ""25W16"", ""opp"": ""DAL"", ""v"": 44.0}]",Over,0.6718496699269003,0.5106382978723405,0.5691688094723879,1.87,draftkings,0.06434567371336547,0.018490136124530304,0.16121137205455982,BIG-GAP:check-news 
Jameson Williams,WR,DET,ARI,player_receptions,3.5,4.296663186011111,17,,,6,True,00-0037240,2026-10-11T20:25:00Z,"[{""w"": ""W4"", ""opp"": ""CAR"", ""v"": 6.0}, {""w"": ""W3"", ""opp"": ""NYJ"", ""v"": 4.0}, {""w"": ""W2"", ""opp"": ""BUF"", ""v"": 2.0}, {""w"": ""W1"", ""opp"": ""NO"", ""v"": 4.0}, {""w"": ""25W18"", ""opp"": ""CHI"", ""v"": 6.0}, {""w"": ""25W17"", ""opp"": ""MIN"", ""v"": 2.0}]",Over,0.6045661924111738,0.5310205221276002,0.5570854536024882,1.91,betrivers,0.06403321638075232,0.017591542961745144,0.07354567028357362,
Calvin Ridley,WR,TEN,HOU,player_receptions,0.5,1.649448562614517,10,,,2,True,00-0034837,2026-10-11T17:00:00Z,"[{""w"": ""W4"", ""opp"": ""BAL"", ""v"": 1.0}, {""w"": ""W3"", ""opp"": ""NYG"", ""v"": 0.0}, {""w"": ""W2"", ""opp"": ""PHI"", ""v"": 2.0}, {""w"": ""25W11"", ""opp"": ""HOU"", ""v"": 1.0}, {""w"": ""25W6"", ""opp"": ""LV"", ""v"": 1.0}, {""w"": ""25W5"", ""opp"": ""ARI"", ""v"": 5.0}]",Over,0.7893880207049121,0.6050884094095653,0.6769515531099746,1.57,draftkings,0.06281393838266014,0.02,0.18429961129534678,BIG-GAP:check-news 
Matthew Golden,WR,GB,CHI,player_reception_yds,56.5,48.378959633343534,17,,,4,True,00-0040667,2026-10-11T17:00:00Z,"[{""w"": ""W4"", ""opp"": ""TB"", ""v"": 21.0}, {""w"": ""W3"", ""opp"": ""ATL"", ""v"": 100.0}, {""w"": ""W2"", ""opp"": ""NYJ"", ""v"": 58.0}, {""w"": ""W1"", ""opp"": ""MIN"", ""v"": 95.0}, {""w"": ""25W18"", ""opp"": ""MIN"", ""v"": 8.0}, {""w"": ""25W17"", ""opp"": ""BAL"", ""v"": 12.0}]",Under,0.6790574568821868,0.5,0.5652028936872531,1.88,betrivers,0.0625814401320357,0.017778818219328328,0.17905745688218677,BIG-GAP:check-news 
Justin Herbert,QB,LAC,DEN,player_rush_yds,26.5,23.047279503238112,17,,,3,True,00-0036355,2026-10-11T20:05:00Z,"[{""w"": ""W4"", ""opp"": ""SEA"", ""v"": 40.0}, {""w"": ""W3"", ""opp"": ""BUF"", ""v"": 17.0}, {""w"": ""W2"", ""opp"": ""LV"", ""v"": 2.0}, {""w"": ""W1"", ""opp"": ""ARI"", ""v"": 29.0}, {""w"": ""25W17"", ""opp"": ""HOU"", ""v"": 37.0}, {""w"": ""25W16"", ""opp"": ""DAL"", ""v"": 42.0}]",Under,0.6744500125917365,0.5026455026455026,0.5650816472866589,1.88,draftkings,0.062353496898918614,0.01771406161901097,0.17180450994623397,BIG-GAP:check-news 
Kyren Williams,RB,LA,BUF,player_receptions,2.5,4.5655349596732515,17,,,6,True,00-0037840,2026-10-13T00:15:00Z,"[{""w"": ""W4"", ""opp"": ""PHI"", ""v"": 10.0}, {""w"": ""W3"", ""opp"": ""DEN"", ""v"": 6.0}, {""w"": ""W2"", ""opp"": ""NYG"", ""v"": 2.0}, {""w"": ""W1"", ""opp"": ""SF"", ""v"": 3.0}, {""w"": ""25W18"", ""opp"": ""ARI"", ""v"": 3.0}, {""w"": ""25W17"", ""opp"": ""ATL"", ""v"": 3.0}]",Over,0.705539677302216,0.575699628455534,0.6234412441729116,1.7,betrivers,0.05985011509394966,0.02,0.129840048846682,
Romeo Doubs,WR,NE,LV,player_reception_yds,52.5,45.94839057235492,17,,,3,True,00-0037816,2026-10-11T17:00:00Z,"[{""w"": ""W4"", ""opp"": ""BUF"", ""v"": 58.0}, {""w"": ""W3"", ""opp"": ""JAX"", ""v"": 49.0}, {""w"": ""W2"", ""opp"": ""PIT"", ""v"": 96.0}, {""w"": ""W1"", ""opp"": ""SEA"", ""v"": 0.0}, {""w"": ""25W17"", ""opp"": ""BAL"", ""v"": 62.0}, {""w"": ""25W16"", ""opp"": ""CHI"", ""v"": 84.0}]",Under,0.6672860002274958,0.5,0.5605950583447075,1.89,draftkings,0.059524660271497054,0.016720410188622768,0.16728600022749585,BIG-GAP:check-news 
Brock Bowers,TE,LV,NE,player_reception_yds,72.5,62.298270604571606,14,,,2,True,00-0039338,2026-10-11T17:00:00Z,"[{""w"": ""W4"", ""opp"": ""KC"", ""v"": 86.0}, {""w"": ""W3"", ""opp"": ""NO"", ""v"": 116.0}, {""w"": ""25W16"", ""opp"": ""HOU"", ""v"": 33.0}, {""w"": ""25W15"", ""opp"": ""PHI"", ""v"": 28.0}, {""w"": ""25W14"", ""opp"": ""DEN"", ""v"": 46.0}, {""w"": ""25W13"", ""opp"": ""LAC"", ""v"": 63.0}]",Under,0.6757346450809228,0.4993333333333334,0.5634682962535542,1.88,betrivers,0.05932039695668184,0.016852385499057345,0.17640131174758944,BIG-GAP:check-news 
Tyler Allgeier,RB,ARI,DET,player_reception_yds,11.5,10.258579976534744,17,,,2,True,00-0037263,2026-10-11T20:25:00Z,"[{""w"": ""W4"", ""opp"": ""NYG"", ""v"": 7.0}, {""w"": ""W3"", ""opp"": ""SF"", ""v"": 10.0}, {""w"": ""W2"", ""opp"": ""SEA"", ""v"": 9.0}, {""w"": ""W1"", ""opp"": ""LAC"", ""v"": 9.0}, {""w"": ""25W18"", ""opp"": ""NO"", ""v"": 3.0}, {""w"": ""25W17"", ""opp"": ""LA"", ""v"": 0.0}]",Under,0.6662046805597008,0.49530831099195716,0.5571677638168672,1.9,betmgm,0.05861875125204752,0.01628298645890209,0.17089636956774368,BIG-GAP:check-news 
Drake London,WR,ATL,BAL,player_receptions,5.5,5.057736592438546,16,,,3,True,00-0037238,2026-10-12T00:20:00Z,"[{""w"": ""W4"", ""opp"": ""NO"", ""v"": 5.0}, {""w"": ""W3"", ""opp"": ""GB"", ""v"": 9.0}, {""w"": ""W2"", ""opp"": ""CAR"", ""v"": 4.0}, {""w"": ""W1"", ""opp"": ""PIT"", ""v"": 2.0}, {""w"": ""25W18"", ""opp"": ""NO"", ""v"": 4.0}, {""w"": ""25W17"", ""opp"": ""LA"", ""v"": 1.0}]",Under,0.6106546255101865,0.445910290237467,0.5040841410367898,2.1,bovada,0.05857669617725858,0.013312885494831495,0.16474433527271948,BIG-GAP:check-news 
Ashton Jeanty,RB,LV,NE,player_receptions,3.5,4.2327547340837635,17,,,6,True,00-0040122,2026-10-11T17:00:00Z,"[{""w"": ""W4"", ""opp"": ""KC"", ""v"": 6.0}, {""w"": ""W3"", ""opp"": ""NO"", ""v"": 3.0}, {""w"": ""W2"", ""opp"": ""LAC"", ""v"": 4.0}, {""w"": ""W1"", ""opp"": ""MIA"", ""v"": 6.0}, {""w"": ""25W18"", ""opp"": ""KC"", ""v"": 3.0}, {""w"": ""25W17"", ""opp"": ""NYG"", ""v"": 2.0}]",Over,0.5980907225992762,0.48335815602836885,0.5239431337053709,2.02,betrivers,0.05836513008484934,0.014305178942365033,0.11473256657090736,
Jahmyr Gibbs,RB,DET,ARI,player_rush_yds,90.5,78.20618885443969,17,,,3,True,00-0039139,2026-10-11T20:25:00Z,"[{""w"": ""W4"", ""opp"": ""CAR"", ""v"": 46.0}, {""w"": ""W3"", ""opp"": ""NYJ"", ""v"": 99.0}, {""w"": ""W2"", ""opp"": ""BUF"", ""v"": 52.0}, {""w"": ""W1"", ""opp"": ""NO"", ""v"": 156.0}, {""w"": ""25W18"", ""opp"": ""CHI"", ""v"": 80.0}, {""w"": ""25W17"", ""opp"": ""MIN"", ""v"": 41.0}]",Under,0.6722219410784959,0.5,0.5625181396654284,1.88,betonlineag,0.05753410257100533,0.016344915503126518,0.17222194107849587,BIG-GAP:check-news 
Jalen Hurts,QB,PHI,JAX,player_rush_yds,25.5,22.954762636659527,17,,,2,True,00-0036389,2026-10-11T13:30:00Z,"[{""w"": ""W4"", ""opp"": ""LA"", ""v"": 18.0}, {""w"": ""W3"", ""opp"": ""CHI"", ""v"": 25.0}, {""w"": ""W2"", ""opp"": ""TEN"", ""v"": 16.0}, {""w"": ""W1"", ""opp"": ""WAS"", ""v"": 46.0}, {""w"": ""25W17"", ""opp"": ""BUF"", ""v"": 5.0}, {""w"": ""25W16"", ""opp"": ""WAS"", ""v"": 40.0}]",Under,0.650684763222827,0.4900349921690912,0.5478048385930043,1.93,draftkings,0.05726333848449827,0.015393370560348998,0.1606497710537358,BIG-GAP:check-news 
Jalen Hurts,QB,PHI,JAX,player_rush_yds,26.5,22.954762636659527,17,,,3,True,00-0036389,2026-10-11T13:30:00Z,"[{""w"": ""W4"", ""opp"": ""LA"", ""v"": 18.0}, {""w"": ""W3"", ""opp"": ""CHI"", ""v"": 25.0}, {""w"": ""W2"", ""opp"": ""TEN"", ""v"": 16.0}, {""w"": ""W1"", ""opp"": ""WAS"", ""v"": 46.0}, {""w"": ""25W17"", ""opp"": ""BUF"", ""v"": 5.0}, {""w"": ""25W16"", ""opp"": ""WAS"", ""v"": 40.0}]",Under,0.6711842721552748,0.5,0.5621127952451159,1.88,betonlineag,0.056772055060817894,0.016128424733186902,0.17118427215527476,BIG-GAP:check-news 
Calvin Ridley,WR,TEN,HOU,player_reception_yds,8.5,22.0900997884032,10,,,3,True,00-0034837,2026-10-11T17:00:00Z,"[{""w"": ""W4"", ""opp"": ""BAL"", ""v"": 13.0}, {""w"": ""W3"", ""opp"": ""NYG"", ""v"": 0.0}, {""w"": ""W2"", ""opp"": ""PHI"", ""v"": 35.0}, {""w"": ""25W11"", ""opp"": ""HOU"", ""v"": 13.0}, {""w"": ""25W6"", ""opp"": ""LV"", ""v"": 18.0}, {""w"": ""25W5"", ""opp"": ""ARI"", ""v"": 131.0}]",Over,0.6403142796191521,0.5,0.5502930888950399,1.92,draftkings,0.056562730678476614,0.015370307249586037,0.1403142796191521,
Matthew Golden,WR,GB,CHI,player_reception_yds,55.5,48.378959633343534,17,,,2,True,00-0040667,2026-10-11T17:00:00Z,"[{""w"": ""W4"", ""opp"": ""TB"", ""v"": 21.0}, {""w"": ""W3"", ""opp"": ""ATL"", ""v"": 100.0}, {""w"": ""W2"", ""opp"": ""NYJ"", ""v"": 58.0}, {""w"": ""W1"", ""opp"": ""MIN"", ""v"": 95.0}, {""w"": ""25W18"", ""opp"": ""MIN"", ""v"": 8.0}, {""w"": ""25W17"", ""opp"": ""BAL"", ""v"": 12.0}]",Under,0.6707232598224335,0.5,0.5619328930161753,1.88,betonlineag,0.056433838870409536,0.016032340588184528,0.17072325982243353,BIG-GAP:check-news 
Drake London,WR,ATL,BAL,player_receptions,6.5,5.057736592438546,16,,,3,True,00-0037238,2026-10-12T00:20:00Z,"[{""w"": ""W4"", ""opp"": ""NO"", ""v"": 5.0}, {""w"": ""W3"", ""opp"": ""GB"", ""v"": 9.0}, {""w"": ""W2"", ""opp"": ""CAR"", ""v"": 4.0}, {""w"": ""W1"", ""opp"": ""PIT"", ""v"": 2.0}, {""w"": ""25W18"", ""opp"": ""NO"", ""v"": 4.0}, {""w"": ""25W17"", ""opp"": ""LA"", ""v"": 1.0}]",Under,0.7286763874540915,0.5876288659793814,0.6401425242528463,1.65,betmgm,0.05623516501719639,0.02,0.1410475214747101,
Najee Harris,RB,NYG,WAS,player_rush_yds,33.5,27.76248410151595,6,,,1,True,00-0036893,2026-10-11T17:00:00Z,"[{""w"": ""W4"", ""opp"": ""ARI"", ""v"": 30.0}, {""w"": ""W3"", ""opp"": ""TEN"", ""v"": 52.0}, {""w"": ""W2"", ""opp"": ""LA"", ""v"": 6.0}, {""w"": ""25W3"", ""opp"": ""DEN"", ""v"": 28.0}, {""w"": ""25W2"", ""opp"": ""LV"", ""v"": 28.0}, {""w"": ""25W1"", ""opp"": ""KC"", ""v"": 5.0}]",Under,0.6956706120013809,0.5080645161290321,0.5769676491763642,1.83,betrivers,0.05585079799274656,0.016822529515887516,0.18760609587234878,BIG-GAP:check-news 
Sam Darnold,QB,SEA,SF,player_pass_yds,227.5,198.1641090622427,17,,,4,True,00-0034869,2026-10-11T20:25:00Z,"[{""w"": ""W4"", ""opp"": ""LAC"", ""v"": 168.0}, {""w"": ""W3"", ""opp"": ""WAS"", ""v"": 379.0}, {""w"": ""W1"", ""opp"": ""NE"", ""v"": 13.0}, {""w"": ""25W18"", ""opp"": ""SF"", ""v"": 198.0}, {""w"": ""25W17"", ""opp"": ""CAR"", ""v"": 147.0}, {""w"": ""25W16"", ""opp"": ""LA"", ""v"": 270.0}]",Under,0.6698374358378693,0.5,0.5615875289742427,1.88,betonlineag,0.05578455447157621,0.015847884793061425,0.16983743583786926,BIG-GAP:check-news 
Parker Washington,WR,JAX,PHI,player_receptions,4.5,4.017166935950076,17,,,5,True,00-0038606,2026-10-11T13:30:00Z,"[{""w"": ""W4"", ""opp"": ""CIN"", ""v"": 1.0}, {""w"": ""W3"", ""opp"": ""NE"", ""v"": 3.0}, {""w"": ""W2"", ""opp"": ""DEN"", ""v"": 7.0}, {""w"": ""W1"", ""opp"": ""CLE"", ""v"": 5.0}, {""w"": ""25W18"", ""opp"": ""TEN"", ""v"": 5.0}, {""w"": ""25W17"", ""opp"": ""IND"", ""v"": 8.0}]",Under,0.6286674229372898,0.4800000000000001,0.5330140814481258,1.98,fanduel,0.05536788126728909,0.014124459506961503,0.14866742293728974,
Garrett Wilson,WR,NYJ,CLE,player_reception_yds,68.5,58.80910323815968,11,,,1,True,00-0037740,2026-10-11T17:00:00Z,"[{""w"": ""W4"", ""opp"": ""CHI"", ""v"": 27.0}, {""w"": ""W3"", ""opp"": ""DET"", ""v"": 107.0}, {""w"": ""W2"", ""opp"": ""GB"", ""v"": 57.0}, {""w"": ""W1"", ""opp"": ""TEN"", ""v"": 79.0}, {""w"": ""25W10"", ""opp"": ""CLE"", ""v"": 0.0}, {""w"": ""25W6"", ""opp"": ""DEN"", ""v"": 13.0}]",Under,0.6758437118328628,0.4959785522788204,0.5613644961988122,1.88,betrivers,0.05536525285376692,0.015728765015274697,0.17986515955404248,BIG-GAP:check-news 
Jaylen Wright,RB,MIA,CIN,player_rush_yds,22.5,20.433897561824168,12,,,1,True,00-0039874,2026-10-11T17:00:00Z,"[{""w"": ""W4"", ""opp"": ""MIN"", ""v"": 7.0}, {""w"": ""W2"", ""opp"": ""SF"", ""v"": 11.0}, {""w"": ""W1"", ""opp"": ""LV"", ""v"": -1.0}, {""w"": ""25W18"", ""opp"": ""NE"", ""v"": 23.0}, {""w"": ""25W17"", ""opp"": ""TB"", ""v"": 56.0}, {""w"": ""25W16"", ""opp"": ""CIN"", ""v"": 35.0}]",Under,0.6660083606725757,0.5065963060686016,0.5643207733519627,1.87,draftkings,0.05527984616817039,0.015885013266715625,0.15941205460397412,BIG-GAP:check-news 
Jaylen Waddle,WR,DEN,LAC,player_reception_yds,53.5,47.59892566359944,17,,,4,True,00-0036613,2026-10-11T20:05:00Z,"[{""w"": ""W4"", ""opp"": ""SF"", ""v"": 35.0}, {""w"": ""W3"", ""opp"": ""LA"", ""v"": 10.0}, {""w"": ""W2"", ""opp"": ""JAX"", ""v"": 138.0}, {""w"": ""W1"", ""opp"": ""KC"", ""v"": 2.0}, {""w"": ""25W17"", ""opp"": ""TB"", ""v"": 0.0}, {""w"": ""25W16"", ""opp"": ""CIN"", ""v"": 72.0}]",Under,0.668804890173013,0.5,0.5611854785253124,1.88,betrivers,0.055028699627587274,0.01563315330329184,0.16880489017301303,BIG-GAP:check-news 
Jaylen Waddle,WR,DEN,LAC,player_reception_yds,52.5,47.59892566359944,17,,,1,True,00-0036613,2026-10-11T20:05:00Z,"[{""w"": ""W4"", ""opp"": ""SF"", ""v"": 35.0}, {""w"": ""W3"", ""opp"": ""LA"", ""v"": 10.0}, {""w"": ""W2"", ""opp"": ""JAX"", ""v"": 138.0}, {""w"": ""W1"", ""opp"": ""KC"", ""v"": 2.0}, {""w"": ""25W17"", ""opp"": ""TB"", ""v"": 0.0}, {""w"": ""25W16"", ""opp"": ""CIN"", ""v"": 72.0}]",Under,0.6611970395826267,0.49468085106382975,0.554826487239472,1.9,betonlineag,0.054170325754996806,0.015047312709721337,0.1665161885187969,BIG-GAP:check-news 
Josh Allen,QB,BUF,LA,player_rush_yds,37.5,31.187217977287094,17,,,1,True,00-0034857,2026-10-13T00:15:00Z,"[{""w"": ""W4"", ""opp"": ""NE"", ""v"": 4.0}, {""w"": ""W3"", ""opp"": ""LAC"", ""v"": 22.0}, {""w"": ""W2"", ""opp"": ""DET"", ""v"": 69.0}, {""w"": ""W1"", ""opp"": ""HOU"", ""v"": 23.0}, {""w"": ""25W17"", ""opp"": ""PHI"", ""v"": 27.0}, {""w"": ""25W16"", ""opp"": ""CLE"", ""v"": 17.0}]",Under,0.6923949568678209,0.5080645161290321,0.5756493348901458,1.83,betrivers,0.053438282848966845,0.01609586832800206,0.1843304407387888,BIG-GAP:check-news 
Chris Olave,WR,NO,MIN,player_receptions,6.5,7.247082099355369,17,,,5,True,00-0037239,2026-10-11T17:00:00Z,"[{""w"": ""W4"", ""opp"": ""ATL"", ""v"": 8.0}, {""w"": ""W3"", ""opp"": ""LV"", ""v"": 9.0}, {""w"": ""W2"", ""opp"": ""BAL"", ""v"": 8.0}, {""w"": ""W1"", ""opp"": ""DET"", ""v"": 10.0}, {""w"": ""25W17"", ""opp"": ""TEN"", ""v"": 8.0}, {""w"": ""25W16"", ""opp"": ""NYJ"", ""v"": 10.0}]",Over,0.5751134601639163,0.5159574468085106,0.5367994054134011,1.96,betrivers,0.05212683461026618,0.013574696513090153,0.05915601335540566,
Ted Hurst III,WR,TB,DAL,player_reception_yds,20.5,31.393522997186828,4,,,3,True,00-0041048,2026-10-09T00:15:00Z,"[{""w"": ""W4"", ""opp"": ""GB"", ""v"": 25.0}, {""w"": ""W3"", ""opp"": ""MIN"", ""v"": 40.0}, {""w"": ""W2"", ""opp"": ""CLE"", ""v"": 27.0}, {""w"": ""W1"", ""opp"": ""CIN"", ""v"": 36.0}]",Over,0.6546058598851288,0.5,0.5557105966905093,1.89,draftkings,0.050293027745062446,0.014127254984568105,0.15460585988512876,BIG-GAP:check-news 
Jacory Croskey-Merritt,RB,WAS,NYG,player_rush_yds,55.5,48.93856153333604,17,,,3,True,00-0040242,2026-10-11T17:00:00Z,"[{""w"": ""W4"", ""opp"": ""IND"", ""v"": 15.0}, {""w"": ""W3"", ""opp"": ""SEA"", ""v"": 36.0}, {""w"": ""W2"", ""opp"": ""DAL"", ""v"": 43.0}, {""w"": ""W1"", ""opp"": ""PHI"", ""v"": 63.0}, {""w"": ""25W18"", ""opp"": ""PHI"", ""v"": 29.0}, {""w"": ""25W17"", ""opp"": ""DAL"", ""v"": 105.0}]",Under,0.6603630640348033,0.5,0.5579186872155883,1.88,betonlineag,0.04888713196530603,0.013888389762871033,0.16036306403480327,BIG-GAP:check-news 
Javonte Williams,RB,DAL,TB,player_rush_yds,73.5,64.41255159501544,17,,,1,True,00-0036997,2026-10-09T00:15:00Z,"[{""w"": ""W4"", ""opp"": ""HOU"", ""v"": 62.0}, {""w"": ""W3"", ""opp"": ""BAL"", ""v"": 98.0}, {""w"": ""W2"", ""opp"": ""WAS"", ""v"": 30.0}, {""w"": ""W1"", ""opp"": ""NYG"", ""v"": 41.0}, {""w"": ""25W17"", ""opp"": ""WAS"", ""v"": 54.0}, {""w"": ""25W16"", ""opp"": ""LAC"", ""v"": 34.0}]",Under,0.6659627835562751,0.4959785522788204,0.5575038121280087,1.88,betrivers,0.0481071668006563,0.01366680875018645,0.16998423127745477,BIG-GAP:check-news 
Bijan Robinson,RB,ATL,BAL,player_reception_yds,26.5,26.91158247884285,17,,,4,True,00-0038542,2026-10-12T00:20:00Z,"[{""w"": ""W4"", ""opp"": ""NO"", ""v"": 2.0}, {""w"": ""W3"", ""opp"": ""GB"", ""v"": 19.0}, {""w"": ""W2"", ""opp"": ""CAR"", ""v"": 9.0}, {""w"": ""W1"", ""opp"": ""PIT"", ""v"": 90.0}, {""w"": ""25W18"", ""opp"": ""NO"", ""v"": 10.0}, {""w"": ""25W17"", ""opp"": ""LA"", ""v"": 34.0}]",Under,0.6334911145791511,0.4967018469656992,0.5456110477342664,1.92,draftkings,0.04757321164979167,0.01292750316570426,0.1367892676134519,
Romeo Doubs,WR,NE,LV,player_reception_yds,51.5,45.94839057235492,17,,,2,True,00-0037816,2026-10-11T17:00:00Z,"[{""w"": ""W4"", ""opp"": ""BUF"", ""v"": 58.0}, {""w"": ""W3"", ""opp"": ""JAX"", ""v"": 49.0}, {""w"": ""W2"", ""opp"": ""PIT"", ""v"": 96.0}, {""w"": ""W1"", ""opp"": ""SEA"", ""v"": 0.0}, {""w"": ""25W17"", ""opp"": ""BAL"", ""v"": 62.0}, {""w"": ""25W16"", ""opp"": ""CHI"", ""v"": 84.0}]",Under,0.6577785802844044,0.5,0.5569255233558251,1.88,betonlineag,0.04701998390895118,0.01335794997413386,0.1577785802844044,BIG-GAP:check-news 
Cade Otton,TE,TB,DAL,player_receptions,3.5,4.07728814376646,17,,,6,True,00-0038129,2026-10-09T00:15:00Z,"[{""w"": ""W4"", ""opp"": ""GB"", ""v"": 4.0}, {""w"": ""W3"", ""opp"": ""MIN"", ""v"": 3.0}, {""w"": ""W2"", ""opp"": ""CLE"", ""v"": 5.0}, {""w"": ""W1"", ""opp"": ""CIN"", ""v"": 3.0}, {""w"": ""25W18"", ""opp"": ""CAR"", ""v"": 7.0}, {""w"": ""25W17"", ""opp"": ""MIA"", ""v"": 4.0}]",Over,0.581471409400406,0.46825724543857555,0.5081101638448706,2.06,betonlineag,0.046706937520433534,0.011015787151045644,0.11321416396183043,
Hunter Henry,TE,NE,LV,player_receptions,3.5,3.290709221409526,17,,,6,True,00-0033090,2026-10-11T17:00:00Z,"[{""w"": ""W4"", ""opp"": ""BUF"", ""v"": 5.0}, {""w"": ""W3"", ""opp"": ""JAX"", ""v"": 1.0}, {""w"": ""W2"", ""opp"": ""PIT"", ""v"": 3.0}, {""w"": ""W1"", ""opp"": ""SEA"", ""v"": 3.0}, {""w"": ""25W18"", ""opp"": ""MIA"", ""v"": 5.0}, {""w"": ""25W17"", ""opp"": ""NYJ"", ""v"": 3.0}]",Under,0.5849137513396989,0.46607342485355274,0.5079237073298773,2.06,fanduel,0.04632283709954732,0.01092519742913852,0.11884032648614618,
Javonte Williams,RB,DAL,TB,player_rush_yds,72.5,64.41255159501544,17,,,1,True,00-0036997,2026-10-09T00:15:00Z,"[{""w"": ""W4"", ""opp"": ""HOU"", ""v"": 62.0}, {""w"": ""W3"", ""opp"": ""BAL"", ""v"": 98.0}, {""w"": ""W2"", ""opp"": ""WAS"", ""v"": 30.0}, {""w"": ""W1"", ""opp"": ""NYG"", ""v"": 41.0}, {""w"": ""25W17"", ""opp"": ""WAS"", ""v"": 54.0}, {""w"": ""25W16"", ""opp"": ""LAC"", ""v"": 34.0}]",Under,0.6563894452118604,0.5,0.5563930089419536,1.88,betonlineag,0.04601885681087281,0.013073538866725232,0.15638944521186038,BIG-GAP:check-news 
Brian Thomas Jr,WR,JAX,PHI,player_receptions,2.5,2.707930828841542,17,,,5,True,00-0039893,2026-10-11T13:30:00Z,"[{""w"": ""W4"", ""opp"": ""CIN"", ""v"": 2.0}, {""w"": ""W3"", ""opp"": ""NE"", ""v"": 1.0}, {""w"": ""W2"", ""opp"": ""DEN"", ""v"": 3.0}, {""w"": ""W1"", ""opp"": ""CLE"", ""v"": 3.0}, {""w"": ""25W18"", ""opp"": ""TEN"", ""v"": 3.0}, {""w"": ""25W17"", ""opp"": ""IND"", ""v"": 4.0}]",Over,0.5083076231654187,0.3844221105527638,0.426926663534425,2.45,betrivers,0.04597032565934134,0.007925918217127816,0.12388551261265485,
Parker Washington,WR,JAX,PHI,player_reception_yds,61.5,56.438904725874885,17,,,3,True,00-0038606,2026-10-11T13:30:00Z,"[{""w"": ""W4"", ""opp"": ""CIN"", ""v"": 7.0}, {""w"": ""W3"", ""opp"": ""NE"", ""v"": 40.0}, {""w"": ""W2"", ""opp"": ""DEN"", ""v"": 98.0}, {""w"": ""W1"", ""opp"": ""CLE"", ""v"": 83.0}, {""w"": ""25W18"", ""opp"": ""TEN"", ""v"": 87.0}, {""w"": ""25W17"", ""opp"": ""IND"", ""v"": 115.0}]",Under,0.6453690913531064,0.4973544973544973,0.5504978269637895,1.9,betonlineag,0.04594587123119992,0.012762742008666646,0.14801459399860906,
Cam Ward,QB,TEN,HOU,player_pass_yds,193.5,174.96504547804605,17,,,2,True,00-0040676,2026-10-11T17:00:00Z,"[{""w"": ""W4"", ""opp"": ""BAL"", ""v"": 222.0}, {""w"": ""W3"", ""opp"": ""NYG"", ""v"": 181.0}, {""w"": ""W2"", ""opp"": ""PHI"", ""v"": 183.0}, {""w"": ""W1"", ""opp"": ""NYJ"", ""v"": 140.0}, {""w"": ""25W18"", ""opp"": ""JAX"", ""v"": 52.0}, {""w"": ""25W17"", ""opp"": ""NO"", ""v"": 251.0}]",Under,0.6540319383709969,0.5013227513227513,0.5563403577615895,1.88,draftkings,0.04591987259178826,0.013045418349939848,0.15270918704824565,BIG-GAP:check-news 
Tucker Kraft,TE,GB,CHI,player_reception_yds,47.5,41.99715851166777,12,,,1,True,00-0038996,2026-10-11T17:00:00Z,"[{""w"": ""W4"", ""opp"": ""TB"", ""v"": 42.0}, {""w"": ""W3"", ""opp"": ""ATL"", ""v"": 26.0}, {""w"": ""W2"", ""opp"": ""NYJ"", ""v"": 15.0}, {""w"": ""W1"", ""opp"": ""MIN"", ""v"": 65.0}, {""w"": ""25W9"", ""opp"": ""CAR"", ""v"": 20.0}, {""w"": ""25W8"", ""opp"": ""PIT"", ""v"": 143.0}]",Under,0.6637409949929909,0.5,0.5592216101217422,1.87,betmgm,0.045744410927657964,0.013144945668867229,0.16374099499299088,BIG-GAP:check-news 
Geno Smith,QB,NYJ,CLE,player_rush_yds,10.5,9.595328198876482,17,,,5,True,00-0030565,2026-10-11T17:00:00Z,"[{""w"": ""W4"", ""opp"": ""CHI"", ""v"": 0.0}, {""w"": ""W3"", ""opp"": ""DET"", ""v"": 12.0}, {""w"": ""W2"", ""opp"": ""GB"", ""v"": 17.0}, {""w"": ""W1"", ""opp"": ""TEN"", ""v"": 7.0}, {""w"": ""25W17"", ""opp"": ""NYG"", ""v"": 1.0}, {""w"": ""25W16"", ""opp"": ""HOU"", ""v"": 0.0}]",Under,0.6510468532665282,0.5026595744680851,0.5560608779714934,1.88,draftkings,0.04539445058640751,0.012896150734774863,0.14838727879844316,
Keenan Allen,WR,IND,PIT,player_reception_yds,27.5,43.13265494984265,17,,,2,True,00-0030279,2026-10-11T17:00:00Z,"[{""w"": ""W3"", ""opp"": ""HOU"", ""v"": 63.0}, {""w"": ""W2"", ""opp"": ""KC"", ""v"": 5.0}, {""w"": ""W1"", ""opp"": ""BAL"", ""v"": 32.0}, {""w"": ""25W18"", ""opp"": ""DEN"", ""v"": 36.0}, {""w"": ""25W17"", ""opp"": ""HOU"", ""v"": 17.0}, {""w"": ""25W16"", ""opp"": ""DAL"", ""v"": 44.0}]",Over,0.654566950983823,0.5,0.5556957261520369,1.88,fanduel,0.044707965165829255,0.01270112646756513,0.154566950983823,BIG-GAP:check-news 
Keaton Mitchell,RB,LAC,DEN,player_rush_yds,32.5,29.076211969222424,17,,,1,True,00-0038454,2026-10-11T20:05:00Z,"[{""w"": ""W4"", ""opp"": ""SEA"", ""v"": 39.0}, {""w"": ""W3"", ""opp"": ""BUF"", ""v"": 52.0}, {""w"": ""W2"", ""opp"": ""LV"", ""v"": 24.0}, {""w"": ""W1"", ""opp"": ""ARI"", ""v"": 9.0}, {""w"": ""25W18"", ""opp"": ""PIT"", ""v"": 2.0}, {""w"": ""25W17"", ""opp"": ""GB"", ""v"": 31.0}]",Under,0.6544919731826974,0.5,0.55566707244058,1.88,fanduel,0.04465409618829036,0.012685822780764308,0.15449197318269736,BIG-GAP:check-news 
Jacory Croskey-Merritt,RB,WAS,NYG,player_rush_yds,56.5,48.93856153333604,17,,,1,True,00-0040242,2026-10-11T17:00:00Z,"[{""w"": ""W4"", ""opp"": ""IND"", ""v"": 15.0}, {""w"": ""W3"", ""opp"": ""SEA"", ""v"": 36.0}, {""w"": ""W2"", ""opp"": ""DAL"", ""v"": 43.0}, {""w"": ""W1"", ""opp"": ""PHI"", ""v"": 63.0}, {""w"": ""25W18"", ""opp"": ""PHI"", ""v"": 29.0}, {""w"": ""25W17"", ""opp"": ""DAL"", ""v"": 105.0}]",Under,0.6710430096932335,0.5040214477211795,0.5646296954594665,1.85,betrivers,0.044564936600013094,0.013107334294121496,0.16702156197205398,BIG-GAP:check-news 
George Kittle,TE,SF,SEA,player_reception_yds,58.5,50.659325152181935,15,,,1,True,00-0033288,2026-10-11T20:25:00Z,"[{""w"": ""W4"", ""opp"": ""DEN"", ""v"": 70.0}, {""w"": ""W3"", ""opp"": ""ARI"", ""v"": 82.0}, {""w"": ""W2"", ""opp"": ""MIA"", ""v"": 80.0}, {""w"": ""W1"", ""opp"": ""LA"", ""v"": 12.0}, {""w"": ""25W18"", ""opp"": ""SEA"", ""v"": 29.0}, {""w"": ""25W16"", ""opp"": ""IND"", ""v"": 115.0}]",Under,0.6710141377745721,0.5040214477211795,0.5646184424598956,1.85,betrivers,0.044544118550806866,0.013101211338472606,0.16699269005339257,BIG-GAP:check-news 
Tucker Kraft,TE,GB,CHI,player_receptions,4.5,3.901015180522815,12,,,6,True,00-0038996,2026-10-11T17:00:00Z,"[{""w"": ""W4"", ""opp"": ""TB"", ""v"": 6.0}, {""w"": ""W3"", ""opp"": ""ATL"", ""v"": 4.0}, {""w"": ""W2"", ""opp"": ""NYJ"", ""v"": 2.0}, {""w"": ""W1"", ""opp"": ""MIN"", ""v"": 3.0}, {""w"": ""25W9"", ""opp"": ""CAR"", ""v"": 2.0}, {""w"": ""25W8"", ""opp"": ""PIT"", ""v"": 7.0}]",Under,0.6481663275476971,0.512680926916221,0.5613945173408805,1.86,draftkings,0.04419380225403785,0.01284703553896449,0.13548540063147607,
Trey McBride,TE,ARI,DET,player_receptions,7.5,9.412937595402342,17,,,6,True,00-0037744,2026-10-11T20:25:00Z,"[{""w"": ""W4"", ""opp"": ""NYG"", ""v"": 7.0}, {""w"": ""W3"", ""opp"": ""SF"", ""v"": 9.0}, {""w"": ""W2"", ""opp"": ""SEA"", ""v"": 8.0}, {""w"": ""W1"", ""opp"": ""LAC"", ""v"": 9.0}, {""w"": ""25W18"", ""opp"": ""LA"", ""v"": 7.0}, {""w"": ""25W17"", ""opp"": ""CIN"", ""v"": 10.0}]",Over,0.7002252019511264,0.5529069238467837,0.6070680709466793,1.72,draftkings,0.044157082028288275,0.015332320148711207,0.14731827810434261,
Sam Darnold,QB,SEA,SF,player_pass_yds,221.5,198.1641090622427,17,,,2,True,00-0034869,2026-10-11T20:25:00Z,"[{""w"": ""W4"", ""opp"": ""LAC"", ""v"": 168.0}, {""w"": ""W3"", ""opp"": ""WAS"", ""v"": 379.0}, {""w"": ""W1"", ""opp"": ""NE"", ""v"": 13.0}, {""w"": ""25W18"", ""opp"": ""SF"", ""v"": 198.0}, {""w"": ""25W17"", ""opp"": ""CAR"", ""v"": 147.0}, {""w"": ""25W16"", ""opp"": ""LA"", ""v"": 270.0}]",Under,0.6513924915200863,0.5013227513227513,0.5553342119914606,1.88,draftkings,0.0440283185439459,0.012508045040893723,0.150069740197335,BIG-GAP:check-news 
George Holani,RB,SEA,SF,player_rush_yds,19.5,17.419867197369527,14,,,2,True,00-0039299,2026-10-11T20:25:00Z,"[{""w"": ""W4"", ""opp"": ""LAC"", ""v"": 18.0}, {""w"": ""W3"", ""opp"": ""WAS"", ""v"": 10.0}, {""w"": ""W2"", ""opp"": ""ARI"", ""v"": 13.0}, {""w"": ""W1"", ""opp"": ""NE"", ""v"": 29.0}, {""w"": ""25W11"", ""opp"": ""LA"", ""v"": 6.0}, {""w"": ""25W10"", ""opp"": ""ARI"", ""v"": 31.0}]",Under,0.653321689705495,0.5,0.5552201652662555,1.88,betonlineag,0.04381391070056029,0.012447133721750084,0.15332168970549498,BIG-GAP:check-news 
Woody Marks,RB,HOU,TEN,player_rush_yds,27.5,40.40831016203878,17,,,2,True,00-0040583,2026-10-11T17:00:00Z,"[{""w"": ""W4"", ""opp"": ""DAL"", ""v"": 22.0}, {""w"": ""W3"", ""opp"": ""IND"", ""v"": 15.0}, {""w"": ""W2"", ""opp"": ""CIN"", ""v"": 8.0}, {""w"": ""W1"", ""opp"": ""BUF"", ""v"": 42.0}, {""w"": ""25W18"", ""opp"": ""IND"", ""v"": 48.0}, {""w"": ""25W17"", ""opp"": ""LAC"", ""v"": 71.0}]",Over,0.6335070802184155,0.4980211081794196,0.546467286956699,1.91,draftkings,0.04375251808729502,0.012019922551454678,0.13548597203899593,
Javonte Williams,RB,DAL,TB,player_rush_yds,69.5,64.41255159501544,17,,,3,True,00-0036997,2026-10-09T00:15:00Z,"[{""w"": ""W4"", ""opp"": ""HOU"", ""v"": 62.0}, {""w"": ""W3"", ""opp"": ""BAL"", ""v"": 98.0}, {""w"": ""W2"", ""opp"": ""WAS"", ""v"": 30.0}, {""w"": ""W1"", ""opp"": ""NYG"", ""v"": 41.0}, {""w"": ""25W17"", ""opp"": ""WAS"", ""v"": 54.0}, {""w"": ""25W16"", ""opp"": ""LAC"", ""v"": 34.0}]",Under,0.6265308542587533,0.5,0.5451459404408087,1.91,draftkings,0.0412287462419445,0.011326578637896842,0.12653085425875332,
Michael Penix Jr.,QB,ATL,BAL,player_pass_yds,223.5,201.88036234263183,11,,,1,True,00-0039917,2026-10-12T00:20:00Z,"[{""w"": ""W4"", ""opp"": ""NO"", ""v"": 223.0}, {""w"": ""W3"", ""opp"": ""GB"", ""v"": 256.0}, {""w"": ""25W11"", ""opp"": ""CAR"", ""v"": 175.0}, {""w"": ""25W10"", ""opp"": ""IND"", ""v"": 177.0}, {""w"": ""25W9"", ""opp"": ""NE"", ""v"": 221.0}, {""w"": ""25W7"", ""opp"": ""SF"", ""v"": 241.0}]",Under,0.6568816380861962,0.5,0.5565815843298592,1.87,betrivers,0.04080756269683666,0.011726311119780649,0.15688163808619615,BIG-GAP:check-news 
Keaton Mitchell,RB,LAC,DEN,player_rush_yds,31.5,29.076211969222424,17,,,3,True,00-0038454,2026-10-11T20:05:00Z,"[{""w"": ""W4"", ""opp"": ""SEA"", ""v"": 39.0}, {""w"": ""W3"", ""opp"": ""BUF"", ""v"": 52.0}, {""w"": ""W2"", ""opp"": ""LV"", ""v"": 24.0}, {""w"": ""W1"", ""opp"": ""ARI"", ""v"": 9.0}, {""w"": ""25W18"", ""opp"": ""PIT"", ""v"": 2.0}, {""w"": ""25W17"", ""opp"": ""GB"", ""v"": 31.0}]",Under,0.6380221533814673,0.4973544973544973,0.547728763461327,1.9,draftkings,0.04068465057652132,0.011301291826811478,0.14066765602696996,
Hunter Henry,TE,NE,LV,player_reception_yds,37.5,34.906109800485666,17,,,5,True,00-0033090,2026-10-11T17:00:00Z,"[{""w"": ""W4"", ""opp"": ""BUF"", ""v"": 62.0}, {""w"": ""W3"", ""opp"": ""JAX"", ""v"": 5.0}, {""w"": ""W2"", ""opp"": ""PIT"", ""v"": 40.0}, {""w"": ""W1"", ""opp"": ""SEA"", ""v"": 26.0}, {""w"": ""25W18"", ""opp"": ""MIA"", ""v"": 56.0}, {""w"": ""25W17"", ""opp"": ""NYJ"", ""v"": 49.0}]",Under,0.6378867717531345,0.4973544973544973,0.5476779424070077,1.9,draftkings,0.04058809057331464,0.011274469603698512,0.14053227439863714,
Malik Nabers,WR,NYG,WAS,player_reception_yds,55.5,54.26619345768161,8,,,3,True,00-0039337,2026-10-11T17:00:00Z,"[{""w"": ""W4"", ""opp"": ""ARI"", ""v"": 112.0}, {""w"": ""W3"", ""opp"": ""TEN"", ""v"": 26.0}, {""w"": ""W2"", ""opp"": ""LA"", ""v"": 1.0}, {""w"": ""W1"", ""opp"": ""DAL"", ""v"": 69.0}, {""w"": ""25W4"", ""opp"": ""LAC"", ""v"": 20.0}, {""w"": ""25W3"", ""opp"": ""KC"", ""v"": 13.0}]",Under,0.6247366457826795,0.5,0.5444810319312482,1.91,draftkings,0.039958770988684,0.01097768433755055,0.12473664578267951,
Sam Darnold,QB,SEA,SF,player_rush_yds,4.5,8.13701962992414,17,,,4,True,00-0034869,2026-10-11T20:25:00Z,"[{""w"": ""W4"", ""opp"": ""LAC"", ""v"": 6.0}, {""w"": ""W3"", ""opp"": ""WAS"", ""v"": 5.0}, {""w"": ""W1"", ""opp"": ""NE"", ""v"": 0.0}, {""w"": ""25W18"", ""opp"": ""SF"", ""v"": 9.0}, {""w"": ""25W17"", ""opp"": ""CAR"", ""v"": 2.0}, {""w"": ""25W16"", ""opp"": ""LA"", ""v"": 7.0}]",Over,0.6432289748457054,0.5119965297531004,0.5590948258534943,1.86,draftkings,0.039916376087499594,0.011603597699854532,0.131232445092605,
Michael Penix Jr.,QB,ATL,BAL,player_pass_yds,221.5,201.88036234263183,11,,,1,True,00-0039917,2026-10-12T00:20:00Z,"[{""w"": ""W4"", ""opp"": ""NO"", ""v"": 223.0}, {""w"": ""W3"", ""opp"": ""GB"", ""v"": 256.0}, {""w"": ""25W11"", ""opp"": ""CAR"", ""v"": 175.0}, {""w"": ""25W10"", ""opp"": ""IND"", ""v"": 177.0}, {""w"": ""25W9"", ""opp"": ""NE"", ""v"": 221.0}, {""w"": ""25W7"", ""opp"": ""SF"", ""v"": 241.0}]",Under,0.6475465251544292,0.5,0.5530236805600183,1.88,fanduel,0.0396845194528343,0.011274011208191563,0.14754652515442923,
Drake Maye,QB,NE,LV,player_rush_yds,31.5,28.620863682049702,17,,,1,True,00-0039851,2026-10-11T17:00:00Z,"[{""w"": ""W4"", ""opp"": ""BUF"", ""v"": 54.0}, {""w"": ""W3"", ""opp"": ""JAX"", ""v"": 18.0}, {""w"": ""W2"", ""opp"": ""PIT"", ""v"": 17.0}, {""w"": ""W1"", ""opp"": ""SEA"", ""v"": 47.0}, {""w"": ""25W18"", ""opp"": ""MIA"", ""v"": 41.0}, {""w"": ""25W17"", ""opp"": ""NYJ"", ""v"": 22.0}]",Under,0.6471890827103013,0.5,0.5528882109166074,1.88,fanduel,0.03942983652322196,0.011201658103188059,0.1471890827103013,
Kyren Williams,RB,LA,BUF,player_reception_yds,19.5,37.27972414028575,17,,,3,True,00-0037840,2026-10-13T00:15:00Z,"[{""w"": ""W4"", ""opp"": ""PHI"", ""v"": 67.0}, {""w"": ""W3"", ""opp"": ""DEN"", ""v"": 70.0}, {""w"": ""W2"", ""opp"": ""NYG"", ""v"": 12.0}, {""w"": ""W1"", ""opp"": ""SF"", ""v"": 24.0}, {""w"": ""25W18"", ""opp"": ""ARI"", ""v"": 21.0}, {""w"": ""25W17"", ""opp"": ""ATL"", ""v"": 38.0}]",Over,0.6398353437383872,0.5040214477211796,0.5526993789758238,1.88,fanduel,0.039074832474548626,0.011100804680269498,0.1358138960172076,
Javonte Williams,RB,DAL,TB,player_rush_yds,71.5,64.41255159501544,17,,,1,True,00-0036997,2026-10-09T00:15:00Z,"[{""w"": ""W4"", ""opp"": ""HOU"", ""v"": 62.0}, {""w"": ""W3"", ""opp"": ""BAL"", ""v"": 98.0}, {""w"": ""W2"", ""opp"": ""WAS"", ""v"": 30.0}, {""w"": ""W1"", ""opp"": ""NYG"", ""v"": 41.0}, {""w"": ""25W17"", ""opp"": ""WAS"", ""v"": 54.0}, {""w"": ""25W16"", ""opp"": ""LAC"", ""v"": 34.0}]",Under,0.6466257319540946,0.5,0.5526748133239369,1.88,fanduel,0.03902864904900122,0.011087684388920802,0.14662573195409456,
Jaylen Wright,RB,MIA,CIN,player_rush_yds,21.5,20.433897561824168,12,,,2,True,00-0039874,2026-10-11T17:00:00Z,"[{""w"": ""W4"", ""opp"": ""MIN"", ""v"": 7.0}, {""w"": ""W2"", ""opp"": ""SF"", ""v"": 11.0}, {""w"": ""W1"", ""opp"": ""LV"", ""v"": -1.0}, {""w"": ""25W18"", ""opp"": ""NE"", ""v"": 23.0}, {""w"": ""25W17"", ""opp"": ""TB"", ""v"": 56.0}, {""w"": ""25W16"", ""opp"": ""CIN"", ""v"": 35.0}]",Under,0.6489959046771853,0.49798927613941024,0.5522812222832124,1.88,betrivers,0.03828869789243927,0.010877470992170249,0.15100662853777502,BIG-GAP:check-news 
Parker Washington,WR,JAX,PHI,player_reception_yds,62.5,56.438904725874885,17,,,1,True,00-0038606,2026-10-11T13:30:00Z,"[{""w"": ""W4"", ""opp"": ""CIN"", ""v"": 7.0}, {""w"": ""W3"", ""opp"": ""NE"", ""v"": 40.0}, {""w"": ""W2"", ""opp"": ""DEN"", ""v"": 98.0}, {""w"": ""W1"", ""opp"": ""CLE"", ""v"": 83.0}, {""w"": ""25W18"", ""opp"": ""TEN"", ""v"": 87.0}, {""w"": ""25W17"", ""opp"": ""IND"", ""v"": 115.0}]",Under,0.6531437018554123,0.5,0.5551522497095028,1.87,betrivers,0.03813470695677035,0.01095824912550872,0.15314370185541226,BIG-GAP:check-news 
Bijan Robinson,RB,ATL,BAL,player_reception_yds,29.5,26.91158247884285,17,,,1,True,00-0038542,2026-10-12T00:20:00Z,"[{""w"": ""W4"", ""opp"": ""NO"", ""v"": 2.0}, {""w"": ""W3"", ""opp"": ""GB"", ""v"": 19.0}, {""w"": ""W2"", ""opp"": ""CAR"", ""v"": 9.0}, {""w"": ""W1"", ""opp"": ""PIT"", ""v"": 90.0}, {""w"": ""25W18"", ""opp"": ""NO"", ""v"": 10.0}, {""w"": ""25W17"", ""opp"": ""LA"", ""v"": 34.0}]",Under,0.6706143386858342,0.5080645161290321,0.5670455932124985,1.83,betrivers,0.03769343557887228,0.011353444451467553,0.16254982255680206,BIG-GAP:check-news 
Kenny Gainwell,RB,TB,DAL,player_reception_yds,10.5,22.119098843693443,17,,,4,True,00-0036919,2026-10-09T00:15:00Z,"[{""w"": ""W4"", ""opp"": ""GB"", ""v"": 22.0}, {""w"": ""W3"", ""opp"": ""MIN"", ""v"": 14.0}, {""w"": ""W2"", ""opp"": ""CLE"", ""v"": 5.0}, {""w"": ""W1"", ""opp"": ""CIN"", ""v"": 3.0}, {""w"": ""25W18"", ""opp"": ""BAL"", ""v"": 64.0}, {""w"": ""25W17"", ""opp"": ""CLE"", ""v"": 12.0}]",Over,0.6364112762508328,0.5,0.548828279591002,1.89,draftkings,0.03728544842699372,0.010473440569380259,0.13641127625083282,
George Kittle,TE,SF,SEA,player_reception_yds,56.5,50.659325152181935,15,,,1,True,00-0033288,2026-10-11T20:25:00Z,"[{""w"": ""W4"", ""opp"": ""DEN"", ""v"": 70.0}, {""w"": ""W3"", ""opp"": ""ARI"", ""v"": 82.0}, {""w"": ""W2"", ""opp"": ""MIA"", ""v"": 80.0}, {""w"": ""W1"", ""opp"": ""LA"", ""v"": 12.0}, {""w"": ""25W18"", ""opp"": ""SEA"", ""v"": 29.0}, {""w"": ""25W16"", ""opp"": ""IND"", ""v"": 115.0}]",Under,0.651568926176473,0.5,0.5545519756306145,1.87,betmgm,0.037012194429249246,0.010635688054381965,0.151568926176473,BIG-GAP:check-news 
Jake Ferguson,TE,DAL,TB,player_receptions,3.5,3.1092460390870986,17,,,6,True,00-0038041,2026-10-09T00:15:00Z,"[{""w"": ""W4"", ""opp"": ""HOU"", ""v"": 3.0}, {""w"": ""W3"", ""opp"": ""BAL"", ""v"": 3.0}, {""w"": ""W2"", ""opp"": ""WAS"", ""v"": 4.0}, {""w"": ""W1"", ""opp"": ""NYG"", ""v"": 2.0}, {""w"": ""25W18"", ""opp"": ""NYG"", ""v"": 1.0}, {""w"": ""25W17"", ""opp"": ""WAS"", ""v"": 1.0}]",Under,0.6227733600505382,0.5119965297531004,0.5514830762103934,1.88,fanduel,0.03678818327553951,0.010451188430550998,0.11077683029743779,
Deshaun Watson,QB,CLE,NYJ,player_pass_yds,209.5,192.83718027906298,4,,,1,True,00-0033537,2026-10-11T17:00:00Z,"[{""w"": ""W4"", ""opp"": ""PIT"", ""v"": 268.0}, {""w"": ""W3"", ""opp"": ""CAR"", ""v"": 144.0}, {""w"": ""W2"", ""opp"": ""TB"", ""v"": 238.0}, {""w"": ""W1"", ""opp"": ""JAX"", ""v"": 205.0}]",Under,0.6356803616308803,0.5,0.5485546258240652,1.89,draftkings,0.0367682428074832,0.010328158091989663,0.13568036163088026,
Najee Harris,RB,NYG,WAS,player_rush_yds,29.5,27.76248410151595,6,,,1,True,00-0036893,2026-10-11T17:00:00Z,"[{""w"": ""W4"", ""opp"": ""ARI"", ""v"": 30.0}, {""w"": ""W3"", ""opp"": ""TEN"", ""v"": 52.0}, {""w"": ""W2"", ""opp"": ""LA"", ""v"": 6.0}, {""w"": ""25W3"", ""opp"": ""DEN"", ""v"": 28.0}, {""w"": ""25W2"", ""opp"": ""LV"", ""v"": 28.0}, {""w"": ""25W1"", ""opp"": ""KC"", ""v"": 5.0}]",Under,0.6232992685935457,0.4934036939313985,0.5396913375101782,1.92,draftkings,0.03620736801954205,0.009838958700962516,0.12989557466214718,
Kyren Williams,RB,LA,BUF,player_reception_yds,20.5,37.27972414028575,17,,,2,True,00-0037840,2026-10-13T00:15:00Z,"[{""w"": ""W4"", ""opp"": ""PHI"", ""v"": 67.0}, {""w"": ""W3"", ""opp"": ""DEN"", ""v"": 70.0}, {""w"": ""W2"", ""opp"": ""NYG"", ""v"": 12.0}, {""w"": ""W1"", ""opp"": ""SF"", ""v"": 24.0}, {""w"": ""25W18"", ""opp"": ""ARI"", ""v"": 21.0}, {""w"": ""25W17"", ""opp"": ""ATL"", ""v"": 38.0}]",Over,0.6224891287910086,0.4980211081794196,0.5423729302479066,1.91,draftkings,0.03593229677350146,0.009871510102610292,0.12446802061158901,
Romeo Doubs,WR,NE,LV,player_reception_yds,50.5,45.94839057235492,17,,,1,True,00-0037816,2026-10-11T17:00:00Z,"[{""w"": ""W4"", ""opp"": ""BUF"", ""v"": 58.0}, {""w"": ""W3"", ""opp"": ""JAX"", ""v"": 49.0}, {""w"": ""W2"", ""opp"": ""PIT"", ""v"": 96.0}, {""w"": ""W1"", ""opp"": ""SEA"", ""v"": 0.0}, {""w"": ""25W17"", ""opp"": ""BAL"", ""v"": 62.0}, {""w"": ""25W16"", ""opp"": ""CHI"", ""v"": 84.0}]",Under,0.6480451943117089,0.5,0.553212766217767,1.87,betmgm,0.03450787282722445,0.009916055410121968,0.14804519431170893,
Justin Herbert,QB,LAC,DEN,player_rush_yds,24.5,23.047279503238112,17,,,3,True,00-0036355,2026-10-11T20:05:00Z,"[{""w"": ""W4"", ""opp"": ""SEA"", ""v"": 40.0}, {""w"": ""W3"", ""opp"": ""BUF"", ""v"": 17.0}, {""w"": ""W2"", ""opp"": ""LV"", ""v"": 2.0}, {""w"": ""W1"", ""opp"": ""ARI"", ""v"": 29.0}, {""w"": ""25W17"", ""opp"": ""HOU"", ""v"": 37.0}, {""w"": ""25W16"", ""opp"": ""DAL"", ""v"": 42.0}]",Under,0.6402095554729575,0.5,0.5502537068845067,1.88,betonlineag,0.034476968942872555,0.009794593449679704,0.14020955547295755,
Drake London,WR,ATL,BAL,player_reception_yds,82.5,77.23445634011549,16,,,1,True,00-0037238,2026-10-12T00:20:00Z,"[{""w"": ""W4"", ""opp"": ""NO"", ""v"": 96.0}, {""w"": ""W3"", ""opp"": ""GB"", ""v"": 194.0}, {""w"": ""W2"", ""opp"": ""CAR"", ""v"": 51.0}, {""w"": ""W1"", ""opp"": ""PIT"", ""v"": 29.0}, {""w"": ""25W18"", ""opp"": ""NO"", ""v"": 78.0}, {""w"": ""25W17"", ""opp"": ""LA"", ""v"": 4.0}]",Under,0.6396128903302407,0.5,0.5500294117807013,1.88,fanduel,0.03405529414771841,0.009674799473783639,0.1396128903302407,
Drake London,WR,ATL,BAL,player_reception_yds,81.5,77.23445634011549,16,,,4,True,00-0037238,2026-10-12T00:20:00Z,"[{""w"": ""W4"", ""opp"": ""NO"", ""v"": 96.0}, {""w"": ""W3"", ""opp"": ""GB"", ""v"": 194.0}, {""w"": ""W2"", ""opp"": ""CAR"", ""v"": 51.0}, {""w"": ""W1"", ""opp"": ""PIT"", ""v"": 29.0}, {""w"": ""25W18"", ""opp"": ""NO"", ""v"": 78.0}, {""w"": ""25W17"", ""opp"": ""LA"", ""v"": 4.0}]",Under,0.6340515433326877,0.49867021276595747,0.5470889758772188,1.89,betonlineag,0.03399816440794351,0.009550046182006606,0.13538133056673018,
Rome Odunze,WR,CHI,GB,player_receptions,3.5,3.719428695607524,16,,,5,True,00-0039919,2026-10-11T17:00:00Z,"[{""w"": ""W4"", ""opp"": ""NYJ"", ""v"": 6.0}, {""w"": ""W3"", ""opp"": ""PHI"", ""v"": 3.0}, {""w"": ""W2"", ""opp"": ""MIN"", ""v"": 3.0}, {""w"": ""W1"", ""opp"": ""CAR"", ""v"": 2.0}, {""w"": ""25W13"", ""opp"": ""PHI"", ""v"": 2.0}, {""w"": ""25W12"", ""opp"": ""PIT"", ""v"": 3.0}]",Over,0.49902705082931975,0.4087403598971723,0.4399596171377931,2.35,betrivers,0.03390510027381377,0.006278722272928475,0.09028669093214747,
Chase Brown,RB,CIN,MIA,player_rush_yds,67.5,61.5238633473625,17,,,1,True,00-0038597,2026-10-11T17:00:00Z,"[{""w"": ""W4"", ""opp"": ""JAX"", ""v"": 10.0}, {""w"": ""W3"", ""opp"": ""PIT"", ""v"": 61.0}, {""w"": ""W2"", ""opp"": ""HOU"", ""v"": 80.0}, {""w"": ""W1"", ""opp"": ""TB"", ""v"": 56.0}, {""w"": ""25W18"", ""opp"": ""CLE"", ""v"": 72.0}, {""w"": ""25W17"", ""opp"": ""ARI"", ""v"": 101.0}]",Under,0.6392076583415294,0.5,0.5498771600514307,1.88,fanduel,0.033769060896689684,0.009593483209286843,0.13920765834152937,
Cam Ward,QB,TEN,HOU,player_pass_yds,190.5,174.96504547804605,17,,,3,True,00-0040676,2026-10-11T17:00:00Z,"[{""w"": ""W4"", ""opp"": ""BAL"", ""v"": 222.0}, {""w"": ""W3"", ""opp"": ""NYG"", ""v"": 181.0}, {""w"": ""W2"", ""opp"": ""PHI"", ""v"": 183.0}, {""w"": ""W1"", ""opp"": ""NYJ"", ""v"": 140.0}, {""w"": ""25W18"", ""opp"": ""JAX"", ""v"": 52.0}, {""w"": ""25W17"", ""opp"": ""NO"", ""v"": 251.0}]",Under,0.6382410170100994,0.5,0.5495142409360491,1.88,betonlineag,0.03308677295977219,0.009399651409026192,0.1382410170100994,
Parker Washington,WR,JAX,PHI,player_reception_yds,60.5,56.438904725874885,17,,,1,True,00-0038606,2026-10-11T13:30:00Z,"[{""w"": ""W4"", ""opp"": ""CIN"", ""v"": 7.0}, {""w"": ""W3"", ""opp"": ""NE"", ""v"": 40.0}, {""w"": ""W2"", ""opp"": ""DEN"", ""v"": 98.0}, {""w"": ""W1"", ""opp"": ""CLE"", ""v"": 83.0}, {""w"": ""25W18"", ""opp"": ""TEN"", ""v"": 87.0}, {""w"": ""25W17"", ""opp"": ""IND"", ""v"": 115.0}]",Under,0.6374481341200042,0.5,0.5492168325839455,1.88,fanduel,0.032527645257817484,0.009240808311879968,0.13744813412000423,
Tyjae Spears,RB,TEN,HOU,player_receptions,1.5,1.8969096741667164,17,,,2,True,00-0039032,2026-10-11T17:00:00Z,"[{""w"": ""W4"", ""opp"": ""BAL"", ""v"": 1.0}, {""w"": ""W3"", ""opp"": ""NYG"", ""v"": 0.0}, {""w"": ""W2"", ""opp"": ""PHI"", ""v"": 2.0}, {""w"": ""W1"", ""opp"": ""NYJ"", ""v"": 2.0}, {""w"": ""25W18"", ""opp"": ""JAX"", ""v"": 7.0}, {""w"": ""25W17"", ""opp"": ""NO"", ""v"": 1.0}]",Under,0.5033173934531754,0.4028132992327367,0.4375041946768062,2.36,fanduel,0.03250989943726268,0.00597608445537917,0.10050409422043871,
Chase Brown,RB,CIN,MIA,player_rush_yds,66.5,61.5238633473625,17,,,1,True,00-0038597,2026-10-11T17:00:00Z,"[{""w"": ""W4"", ""opp"": ""JAX"", ""v"": 10.0}, {""w"": ""W3"", ""opp"": ""PIT"", ""v"": 61.0}, {""w"": ""W2"", ""opp"": ""HOU"", ""v"": 80.0}, {""w"": ""W1"", ""opp"": ""TB"", ""v"": 56.0}, {""w"": ""25W18"", ""opp"": ""CLE"", ""v"": 72.0}, {""w"": ""25W17"", ""opp"": ""ARI"", ""v"": 101.0}]",Under,0.6295586680672296,0.5,0.5462705788936827,1.89,draftkings,0.03245139410906023,0.009115560142994446,0.1295586680672296,
Christian McCaffrey,RB,SF,SEA,player_reception_yds,36.5,33.830804958648685,17,,,2,True,00-0033280,2026-10-11T20:25:00Z,"[{""w"": ""W4"", ""opp"": ""DEN"", ""v"": 18.0}, {""w"": ""W3"", ""opp"": ""ARI"", ""v"": 41.0}, {""w"": ""W2"", ""opp"": ""MIA"", ""v"": 43.0}, {""w"": ""W1"", ""opp"": ""LA"", ""v"": 20.0}, {""w"": ""25W18"", ""opp"": ""SEA"", ""v"": 34.0}, {""w"": ""25W17"", ""opp"": ""CHI"", ""v"": 41.0}]",Under,0.6314296791040472,0.5019788918205804,0.5482418163175767,1.88,draftkings,0.030694614677044207,0.008720060987796652,0.12945078728346682,
Woody Marks,RB,HOU,TEN,player_receptions,1.5,1.5529223667528833,17,,,3,True,00-0040583,2026-10-11T17:00:00Z,"[{""w"": ""W4"", ""opp"": ""DAL"", ""v"": 0.0}, {""w"": ""W3"", ""opp"": ""IND"", ""v"": 1.0}, {""w"": ""W2"", ""opp"": ""CIN"", ""v"": 5.0}, {""w"": ""W1"", ""opp"": ""BUF"", ""v"": 1.0}, {""w"": ""25W18"", ""opp"": ""IND"", ""v"": 2.0}, {""w"": ""25W17"", ""opp"": ""LAC"", ""v"": 1.0}]",Under,0.57706254179164,0.528,0.5452831941750653,1.89,draftkings,0.0305852369908734,0.008591358705301517,0.049062541791639935,
Tyler Shough,QB,NO,MIN,player_rush_yds,9.5,17.614986493914902,15,,,1,True,00-0040743,2026-10-11T17:00:00Z,"[{""w"": ""W4"", ""opp"": ""ATL"", ""v"": 5.0}, {""w"": ""W3"", ""opp"": ""LV"", ""v"": 36.0}, {""w"": ""W2"", ""opp"": ""BAL"", ""v"": 23.0}, {""w"": ""W1"", ""opp"": ""DET"", ""v"": 8.0}, {""w"": ""25W18"", ""opp"": ""ATL"", ""v"": 34.0}, {""w"": ""25W17"", ""opp"": ""TEN"", ""v"": 6.0}]",Over,0.6345240829902864,0.5,0.548122134125861,1.88,fanduel,0.030469612156618586,0.00865613981722119,0.1345240829902864,
Keenan Allen,WR,IND,PIT,player_receptions,2.5,4.199599301839452,17,,,3,True,00-0030279,2026-10-11T17:00:00Z,"[{""w"": ""W3"", ""opp"": ""HOU"", ""v"": 6.0}, {""w"": ""W2"", ""opp"": ""KC"", ""v"": 1.0}, {""w"": ""W1"", ""opp"": ""BAL"", ""v"": 6.0}, {""w"": ""25W18"", ""opp"": ""DEN"", ""v"": 7.0}, {""w"": ""25W17"", ""opp"": ""HOU"", ""v"": 1.0}, {""w"": ""25W16"", ""opp"": ""DAL"", ""v"": 5.0}]",Over,0.7361080931402023,0.5943877551020408,0.6473544081910464,1.59,bovada,0.02929350902376382,0.012412503823628735,0.14172033803816153,
Malik Nabers,WR,NYG,WAS,player_receptions,5.5,4.459588289706792,8,,,5,True,00-0039337,2026-10-11T17:00:00Z,"[{""w"": ""W4"", ""opp"": ""ARI"", ""v"": 6.0}, {""w"": ""W3"", ""opp"": ""TEN"", ""v"": 5.0}, {""w"": ""W2"", ""opp"": ""LA"", ""v"": 1.0}, {""w"": ""W1"", ""opp"": ""DAL"", ""v"": 6.0}, {""w"": ""25W4"", ""opp"": ""LAC"", ""v"": 2.0}, {""w"": ""25W3"", ""opp"": ""KC"", ""v"": 2.0}]",Under,0.6983759506108603,0.5628272251308901,0.6125563238259114,1.68,draftkings,0.029094624027531213,0.010696552951298241,0.1355487254799702,
KC Concepcion,WR,CLE,NYJ,player_receptions,4.5,4.193714583323906,4,,,6,True,00-0041547,2026-10-11T17:00:00Z,"[{""w"": ""W4"", ""opp"": ""PIT"", ""v"": 5.0}, {""w"": ""W3"", ""opp"": ""CAR"", ""v"": 2.0}, {""w"": ""W2"", ""opp"": ""TB"", ""v"": 6.0}, {""w"": ""W1"", ""opp"": ""JAX"", ""v"": 4.0}]",Under,0.5926563641688454,0.5602094240837696,0.5716393937823804,1.8,betmgm,0.028950908808284714,0.009047159002588973,0.03244694008507576,
Chase Brown,RB,CIN,MIA,player_rush_yds,68.5,61.5238633473625,17,,,1,True,00-0038597,2026-10-11T17:00:00Z,"[{""w"": ""W4"", ""opp"": ""JAX"", ""v"": 10.0}, {""w"": ""W3"", ""opp"": ""PIT"", ""v"": 61.0}, {""w"": ""W2"", ""opp"": ""HOU"", ""v"": 80.0}, {""w"": ""W1"", ""opp"": ""TB"", ""v"": 56.0}, {""w"": ""25W18"", ""opp"": ""CLE"", ""v"": 72.0}, {""w"": ""25W17"", ""opp"": ""ARI"", ""v"": 101.0}]",Under,0.6486759440121252,0.5040214477211795,0.5560347439780108,1.85,betrivers,0.028664276359320007,0.00843066951744706,0.14465449629094573,
George Kittle,TE,SF,SEA,player_reception_yds,54.5,50.659325152181935,15,,,1,True,00-0033288,2026-10-11T20:25:00Z,"[{""w"": ""W4"", ""opp"": ""DEN"", ""v"": 70.0}, {""w"": ""W3"", ""opp"": ""ARI"", ""v"": 82.0}, {""w"": ""W2"", ""opp"": ""MIA"", ""v"": 80.0}, {""w"": ""W1"", ""opp"": ""LA"", ""v"": 12.0}, {""w"": ""25W18"", ""opp"": ""SEA"", ""v"": 29.0}, {""w"": ""25W16"", ""opp"": ""IND"", ""v"": 115.0}]",Under,0.631241932767233,0.5,0.5468972313117451,1.88,betonlineag,0.028166794866080647,0.008001930359682002,0.13124193276723295,
Cade Otton,TE,TB,DAL,player_reception_yds,28.5,40.56474487940717,17,,,4,True,00-0038129,2026-10-09T00:15:00Z,"[{""w"": ""W4"", ""opp"": ""GB"", ""v"": 37.0}, {""w"": ""W3"", ""opp"": ""MIN"", ""v"": 56.0}, {""w"": ""W2"", ""opp"": ""CLE"", ""v"": 38.0}, {""w"": ""W1"", ""opp"": ""CIN"", ""v"": 26.0}, {""w"": ""25W18"", ""opp"": ""CAR"", ""v"": 94.0}, {""w"": ""25W17"", ""opp"": ""MIA"", ""v"": 33.0}]",Over,0.6179453053249583,0.49867021276595747,0.5411157483842626,1.9,betmgm,0.028119921930098823,0.007811089425027452,0.11927509255900082,
Trevor Lawrence,QB,JAX,PHI,player_pass_yds,226.5,212.70863027244917,17,,,2,True,00-0036971,2026-10-11T13:30:00Z,"[{""w"": ""W4"", ""opp"": ""CIN"", ""v"": 227.0}, {""w"": ""W3"", ""opp"": ""NE"", ""v"": 182.0}, {""w"": ""W2"", ""opp"": ""DEN"", ""v"": 189.0}, {""w"": ""W1"", ""opp"": ""CLE"", ""v"": 245.0}, {""w"": ""25W18"", ""opp"": ""TEN"", ""v"": 255.0}, {""w"": ""25W17"", ""opp"": ""IND"", ""v"": 263.0}]",Under,0.6175681948420175,0.4986772486772486,0.54098149321736,1.9,draftkings,0.02786483711298393,0.007740232531384426,0.11889094616476892,
Ted Hurst III,WR,TB,DAL,player_reception_yds,21.5,31.393522997186828,4,,,2,True,00-0041048,2026-10-09T00:15:00Z,"[{""w"": ""W4"", ""opp"": ""GB"", ""v"": 25.0}, {""w"": ""W3"", ""opp"": ""MIN"", ""v"": 40.0}, {""w"": ""W2"", ""opp"": ""CLE"", ""v"": 27.0}, {""w"": ""W1"", ""opp"": ""CIN"", ""v"": 36.0}]",Over,0.6305340532404464,0.5,0.5466335732033138,1.88,betonlineag,0.027671117622230013,0.0078611129608608,0.13053405324044642,
Nico Collins,WR,HOU,TEN,player_receptions,5.5,5.070089594048165,17,,,5,True,00-0036554,2026-10-11T17:00:00Z,"[{""w"": ""W4"", ""opp"": ""DAL"", ""v"": 7.0}, {""w"": ""W1"", ""opp"": ""BUF"", ""v"": 7.0}, {""w"": ""25W17"", ""opp"": ""LAC"", ""v"": 3.0}, {""w"": ""25W16"", ""opp"": ""LV"", ""v"": 4.0}, {""w"": ""25W15"", ""opp"": ""ARI"", ""v"": 3.0}, {""w"": ""25W14"", ""opp"": ""KC"", ""v"": 4.0}]",Under,0.6043268153202761,0.4841269841269843,0.5267121880663569,1.95,betmgm,0.027088766729395863,0.0071286228235252274,0.1201998311932918,
Michael Penix Jr.,QB,ATL,BAL,player_pass_yds,217.5,201.88036234263183,11,,,3,True,00-0039917,2026-10-12T00:20:00Z,"[{""w"": ""W4"", ""opp"": ""NO"", ""v"": 223.0}, {""w"": ""W3"", ""opp"": ""GB"", ""v"": 256.0}, {""w"": ""25W11"", ""opp"": ""CAR"", ""v"": 175.0}, {""w"": ""25W10"", ""opp"": ""IND"", ""v"": 177.0}, {""w"": ""25W9"", ""opp"": ""NE"", ""v"": 221.0}, {""w"": ""25W7"", ""opp"": ""SF"", ""v"": 241.0}]",Under,0.6284397000443399,0.5,0.5458545730809135,1.88,betonlineag,0.026206597392117226,0.007445056077306031,0.1284397000443399,
Christian McCaffrey,RB,SF,SEA,player_reception_yds,35.5,33.830804958648685,17,,,4,True,00-0033280,2026-10-11T20:25:00Z,"[{""w"": ""W4"", ""opp"": ""DEN"", ""v"": 18.0}, {""w"": ""W3"", ""opp"": ""ARI"", ""v"": 41.0}, {""w"": ""W2"", ""opp"": ""MIA"", ""v"": 43.0}, {""w"": ""W1"", ""opp"": ""LA"", ""v"": 20.0}, {""w"": ""25W18"", ""opp"": ""SEA"", ""v"": 34.0}, {""w"": ""25W17"", ""opp"": ""CHI"", ""v"": 41.0}]",Under,0.6150822037051489,0.49867021276595747,0.5400631028413605,1.9,betmgm,0.02611989539858489,0.007255526499606915,0.11641199093919141,
Cooper Kupp,WR,SEA,SF,player_receptions,2.5,2.196457346187565,17,,,6,True,00-0033908,2026-10-11T20:25:00Z,"[{""w"": ""W4"", ""opp"": ""LAC"", ""v"": 1.0}, {""w"": ""W3"", ""opp"": ""WAS"", ""v"": 4.0}, {""w"": ""W2"", ""opp"": ""ARI"", ""v"": 2.0}, {""w"": ""W1"", ""opp"": ""NE"", ""v"": 2.0}, {""w"": ""25W18"", ""opp"": ""SF"", ""v"": 2.0}, {""w"": ""25W17"", ""opp"": ""CAR"", ""v"": 1.0}]",Under,0.6236664770490022,0.5304234933477041,0.5636522347747133,1.82,fanduel,0.02584706728997821,0.007880203442066526,0.09324298370129813,
Nico Collins,WR,HOU,TEN,player_reception_yds,79.5,73.73896454453674,17,,,1,True,00-0036554,2026-10-11T17:00:00Z,"[{""w"": ""W4"", ""opp"": ""DAL"", ""v"": 118.0}, {""w"": ""W1"", ""opp"": ""BUF"", ""v"": 75.0}, {""w"": ""25W17"", ""opp"": ""LAC"", ""v"": 57.0}, {""w"": ""25W16"", ""opp"": ""LV"", ""v"": 59.0}, {""w"": ""25W15"", ""opp"": ""ARI"", ""v"": 85.0}, {""w"": ""25W14"", ""opp"": ""KC"", ""v"": 121.0}]",Under,0.6269428592983721,0.5,0.5452987825492901,1.88,fanduel,0.025161711192665304,0.00714821340700719,0.12694285929837212,
David Montgomery,RB,HOU,TEN,player_receptions,1.5,1.1653559485929095,17,,,3,True,00-0035685,2026-10-11T17:00:00Z,"[{""w"": ""W4"", ""opp"": ""DAL"", ""v"": 0.0}, {""w"": ""W3"", ""opp"": ""IND"", ""v"": 2.0}, {""w"": ""W2"", ""opp"": ""CIN"", ""v"": 2.0}, {""w"": ""W1"", ""opp"": ""BUF"", ""v"": 3.0}, {""w"": ""25W18"", ""opp"": ""CHI"", ""v"": 1.0}, {""w"": ""25W17"", ""opp"": ""MIN"", ""v"": 2.0}]",Under,0.6763570769369809,0.5555555555555556,0.5994133734044981,1.71,betmgm,0.024996868521691695,0.008801714268201302,0.1208015213814253,
Nico Collins,WR,HOU,TEN,player_reception_yds,78.5,73.73896454453674,17,,,2,True,00-0036554,2026-10-11T17:00:00Z,"[{""w"": ""W4"", ""opp"": ""DAL"", ""v"": 118.0}, {""w"": ""W1"", ""opp"": ""BUF"", ""v"": 75.0}, {""w"": ""25W17"", ""opp"": ""LAC"", ""v"": 57.0}, {""w"": ""25W16"", ""opp"": ""LV"", ""v"": 59.0}, {""w"": ""25W15"", ""opp"": ""ARI"", ""v"": 85.0}, {""w"": ""25W14"", ""opp"": ""KC"", ""v"": 121.0}]",Under,0.6183881297409946,0.5,0.5421371403509834,1.89,draftkings,0.024639195263358504,0.006921122264988345,0.11838812974099455,
Gunnar Helm,TE,TEN,HOU,player_receptions,2.5,2.1435156148554357,17,,,2,True,00-0040584,2026-10-11T17:00:00Z,"[{""w"": ""W4"", ""opp"": ""BAL"", ""v"": 1.0}, {""w"": ""W3"", ""opp"": ""NYG"", ""v"": 2.0}, {""w"": ""W2"", ""opp"": ""PHI"", ""v"": 2.0}, {""w"": ""W1"", ""opp"": ""NYJ"", ""v"": 4.0}, {""w"": ""25W17"", ""opp"": ""NO"", ""v"": 1.0}, {""w"": ""25W16"", ""opp"": ""KC"", ""v"": 2.0}]",Under,0.6384743845370844,0.5159296041648983,0.5598351433913276,1.83,fanduel,0.024498312406129485,0.007379009760882374,0.12254478037218608,
Rashod Bateman,WR,BAL,ATL,player_receptions,1.5,2.083277253923326,17,,,4,True,00-0036550,2026-10-12T00:20:00Z,"[{""w"": ""W4"", ""opp"": ""TEN"", ""v"": 2.0}, {""w"": ""W3"", ""opp"": ""DAL"", ""v"": 2.0}, {""w"": ""W2"", ""opp"": ""NO"", ""v"": 7.0}, {""w"": ""W1"", ""opp"": ""IND"", ""v"": 0.0}, {""w"": ""25W17"", ""opp"": ""GB"", ""v"": 1.0}, {""w"": ""25W16"", ""opp"": ""NE"", ""v"": 0.0}]",Under,0.4818096205700838,0.42595264597160953,0.44536225353871745,2.3,betonlineag,0.024333183139049974,0.0046794582959711496,0.055856974598474274,
George Kittle,TE,SF,SEA,player_reception_yds,52.5,50.659325152181935,15,,,3,True,00-0033288,2026-10-11T20:25:00Z,"[{""w"": ""W4"", ""opp"": ""DEN"", ""v"": 70.0}, {""w"": ""W3"", ""opp"": ""ARI"", ""v"": 82.0}, {""w"": ""W2"", ""opp"": ""MIA"", ""v"": 80.0}, {""w"": ""W1"", ""opp"": ""LA"", ""v"": 12.0}, {""w"": ""25W18"", ""opp"": ""SEA"", ""v"": 29.0}, {""w"": ""25W16"", ""opp"": ""IND"", ""v"": 115.0}]",Under,0.6100262029748768,0.5,0.5390696476171469,1.9,draftkings,0.02423233047257911,0.006731202909049753,0.11002620297487675,
Tyler Warren,TE,IND,PIT,player_receptions,5.5,4.736023618841058,17,,,6,True,00-0040128,2026-10-11T17:00:00Z,"[{""w"": ""W4"", ""opp"": ""WAS"", ""v"": 5.0}, {""w"": ""W3"", ""opp"": ""HOU"", ""v"": 9.0}, {""w"": ""W2"", ""opp"": ""KC"", ""v"": 6.0}, {""w"": ""W1"", ""opp"": ""BAL"", ""v"": 3.0}, {""w"": ""25W18"", ""opp"": ""HOU"", ""v"": 5.0}, {""w"": ""25W17"", ""opp"": ""JAX"", ""v"": 5.0}]",Under,0.659725542745802,0.5484684519442407,0.5885900868487338,1.74,bovada,0.024146751116796816,0.008157686188107032,0.11125709080156132,
Malik Nabers,WR,NYG,WAS,player_reception_yds,56.5,54.26619345768161,8,,,1,True,00-0039337,2026-10-11T17:00:00Z,"[{""w"": ""W4"", ""opp"": ""ARI"", ""v"": 112.0}, {""w"": ""W3"", ""opp"": ""TEN"", ""v"": 26.0}, {""w"": ""W2"", ""opp"": ""LA"", ""v"": 1.0}, {""w"": ""W1"", ""opp"": ""DAL"", ""v"": 69.0}, {""w"": ""25W4"", ""opp"": ""LAC"", ""v"": 20.0}, {""w"": ""25W3"", ""opp"": ""KC"", ""v"": 13.0}]",Under,0.6324536309404366,0.4959785522788204,0.5447571554594461,1.88,betrivers,0.02414345226375869,0.006858935302204175,0.13647507866161623,
Josh Allen,QB,BUF,LA,player_pass_yds,244.5,229.34733615247436,17,,,3,True,00-0034857,2026-10-13T00:15:00Z,"[{""w"": ""W4"", ""opp"": ""NE"", ""v"": 253.0}, {""w"": ""W3"", ""opp"": ""LAC"", ""v"": 204.0}, {""w"": ""W2"", ""opp"": ""DET"", ""v"": 248.0}, {""w"": ""W1"", ""opp"": ""HOU"", ""v"": 334.0}, {""w"": ""25W17"", ""opp"": ""PHI"", ""v"": 262.0}, {""w"": ""25W16"", ""opp"": ""CLE"", ""v"": 130.0}]",Under,0.6169145100150103,0.5,0.5415949705975144,1.89,draftkings,0.023614494429302135,0.0066332849520511624,0.1169145100150103,
Elic Ayomanor,WR,TEN,HOU,player_reception_yds,16.5,27.254589584782533,17,,,2,True,00-0040170,2026-10-11T17:00:00Z,"[{""w"": ""W4"", ""opp"": ""BAL"", ""v"": 22.0}, {""w"": ""W3"", ""opp"": ""NYG"", ""v"": 11.0}, {""w"": ""W2"", ""opp"": ""PHI"", ""v"": 69.0}, {""w"": ""W1"", ""opp"": ""NYJ"", ""v"": 11.0}, {""w"": ""25W18"", ""opp"": ""JAX"", ""v"": 50.0}, {""w"": ""25W17"", ""opp"": ""NO"", ""v"": 37.0}]",Over,0.6266424539111857,0.5032981530343008,0.54731281884684,1.87,betmgm,0.02347497124359088,0.006745681391836459,0.12334430087688486,
Bijan Robinson,RB,ATL,BAL,player_reception_yds,27.5,26.91158247884285,17,,,1,True,00-0038542,2026-10-12T00:20:00Z,"[{""w"": ""W4"", ""opp"": ""NO"", ""v"": 2.0}, {""w"": ""W3"", ""opp"": ""GB"", ""v"": 19.0}, {""w"": ""W2"", ""opp"": ""CAR"", ""v"": 9.0}, {""w"": ""W1"", ""opp"": ""PIT"", ""v"": 90.0}, {""w"": ""25W18"", ""opp"": ""NO"", ""v"": 10.0}, {""w"": ""25W17"", ""opp"": ""LA"", ""v"": 34.0}]",Under,0.6463266076555378,0.5093833780160859,0.55858603709653,1.83,betmgm,0.02221244788664989,0.006690496351400568,0.13694322963945194,
Jared Goff,QB,DET,ARI,player_pass_yds,278.5,324.9867757027896,17,,,2,True,00-0033106,2026-10-11T20:25:00Z,"[{""w"": ""W4"", ""opp"": ""CAR"", ""v"": 412.0}, {""w"": ""W3"", ""opp"": ""NYJ"", ""v"": 269.0}, {""w"": ""W2"", ""opp"": ""BUF"", ""v"": 327.0}, {""w"": ""W1"", ""opp"": ""NO"", ""v"": 206.0}, {""w"": ""25W18"", ""opp"": ""CHI"", ""v"": 331.0}, {""w"": ""25W17"", ""opp"": ""MIN"", ""v"": 197.0}]",Over,0.61432261030178,0.5,0.5406430382020623,1.89,draftkings,0.02181534220189768,0.006127905112892608,0.11432261030178004,
Michael Penix Jr.,QB,ATL,BAL,player_pass_yds,212.5,201.88036234263183,11,,,1,True,00-0039917,2026-10-12T00:20:00Z,"[{""w"": ""W4"", ""opp"": ""NO"", ""v"": 223.0}, {""w"": ""W3"", ""opp"": ""GB"", ""v"": 256.0}, {""w"": ""25W11"", ""opp"": ""CAR"", ""v"": 175.0}, {""w"": ""25W10"", ""opp"": ""IND"", ""v"": 177.0}, {""w"": ""25W9"", ""opp"": ""NE"", ""v"": 221.0}, {""w"": ""25W7"", ""opp"": ""SF"", ""v"": 241.0}]",Under,0.6037692108578974,0.4800000000000001,0.5238295716262716,1.95,betmgm,0.02146766467122968,0.005649385439797284,0.12376921085789727,
Chris Rodriguez Jr.,RB,JAX,PHI,player_rush_yds,26.5,37.50122530458047,16,,,2,True,00-0038611,2026-10-11T13:30:00Z,"[{""w"": ""W4"", ""opp"": ""CIN"", ""v"": 35.0}, {""w"": ""W3"", ""opp"": ""NE"", ""v"": 37.0}, {""w"": ""W2"", ""opp"": ""DEN"", ""v"": 13.0}, {""w"": ""W1"", ""opp"": ""CLE"", ""v"": 23.0}, {""w"": ""25W18"", ""opp"": ""PHI"", ""v"": 65.0}, {""w"": ""25W16"", ""opp"": ""PHI"", ""v"": 63.0}]",Over,0.621535930032561,0.5,0.5432976352876878,1.88,betonlineag,0.021399554340853055,0.006079418846833255,0.12153593003256102,
Aaron Jones,RB,MIN,NO,player_receptions,2.5,2.7331973471727364,16,,,1,True,00-0033293,2026-10-11T17:00:00Z,"[{""w"": ""W4"", ""opp"": ""MIA"", ""v"": 4.0}, {""w"": ""W3"", ""opp"": ""TB"", ""v"": 5.0}, {""w"": ""W2"", ""opp"": ""CHI"", ""v"": 0.0}, {""w"": ""W1"", ""opp"": ""GB"", ""v"": 0.0}, {""w"": ""25W17"", ""opp"": ""DET"", ""v"": 3.0}, {""w"": ""25W16"", ""opp"": ""NYG"", ""v"": 2.0}]",Under,0.516458537751807,0.40568475452196384,0.44395117948366397,2.3,fanduel,0.02108771281242705,0.004055329387005203,0.1107737832298431,
George Pickens,WR,DAL,TB,player_receptions,4.5,4.45561137871487,17,,,6,True,00-0037247,2026-10-09T00:15:00Z,"[{""w"": ""W4"", ""opp"": ""HOU"", ""v"": 2.0}, {""w"": ""W3"", ""opp"": ""BAL"", ""v"": 7.0}, {""w"": ""W2"", ""opp"": ""WAS"", ""v"": 6.0}, {""w"": ""W1"", ""opp"": ""NYG"", ""v"": 3.0}, {""w"": ""25W18"", ""opp"": ""NYG"", ""v"": 1.0}, {""w"": ""25W17"", ""opp"": ""WAS"", ""v"": 4.0}]",Under,0.5559782864429392,0.505975224335459,0.523541542072547,1.95,betmgm,0.020906007041466612,0.005501580800385951,0.05000306210748018,
Trevor Lawrence,QB,JAX,PHI,player_pass_yds,230.5,212.70863027244917,17,,,1,True,00-0036971,2026-10-11T13:30:00Z,"[{""w"": ""W4"", ""opp"": ""CIN"", ""v"": 227.0}, {""w"": ""W3"", ""opp"": ""NE"", ""v"": 182.0}, {""w"": ""W2"", ""opp"": ""DEN"", ""v"": 189.0}, {""w"": ""W1"", ""opp"": ""CLE"", ""v"": 245.0}, {""w"": ""25W18"", ""opp"": ""TEN"", ""v"": 255.0}, {""w"": ""25W17"", ""opp"": ""IND"", ""v"": 263.0}]",Under,0.6372750228378994,0.5040214477211795,0.551739314981137,1.85,betrivers,0.020717732715103576,0.006093450798559875,0.13325357511671987,
Woody Marks,RB,HOU,TEN,player_rush_yds,28.5,40.40831016203878,17,,,1,True,00-0040583,2026-10-11T17:00:00Z,"[{""w"": ""W4"", ""opp"": ""DAL"", ""v"": 22.0}, {""w"": ""W3"", ""opp"": ""IND"", ""v"": 15.0}, {""w"": ""W2"", ""opp"": ""CIN"", ""v"": 8.0}, {""w"": ""W1"", ""opp"": ""BUF"", ""v"": 42.0}, {""w"": ""25W18"", ""opp"": ""IND"", ""v"": 48.0}, {""w"": ""25W17"", ""opp"": ""LAC"", ""v"": 71.0}]",Over,0.6149652528750694,0.48930481283422456,0.5339649951458362,1.91,betmgm,0.019873140728547067,0.00545965404630414,0.12566044004084487,
MarShawn Lloyd,RB,GB,CHI,player_rush_yds,28.5,26.90868348661148,4,,,1,True,00-0039811,2026-10-11T17:00:00Z,"[{""w"": ""W4"", ""opp"": ""TB"", ""v"": 13.0}, {""w"": ""W3"", ""opp"": ""ATL"", ""v"": 11.0}, {""w"": ""W2"", ""opp"": ""NYJ"", ""v"": 20.0}, {""w"": ""W1"", ""opp"": ""MIN"", ""v"": 37.0}]",Under,0.6192946637982188,0.5,0.5424710178387607,1.88,fanduel,0.019845513536870085,0.0056379299820653655,0.11929466379821885,
Josh Allen,QB,BUF,LA,player_pass_yds,243.5,229.34733615247436,17,,,1,True,00-0034857,2026-10-13T00:15:00Z,"[{""w"": ""W4"", ""opp"": ""NE"", ""v"": 253.0}, {""w"": ""W3"", ""opp"": ""LAC"", ""v"": 204.0}, {""w"": ""W2"", ""opp"": ""DET"", ""v"": 248.0}, {""w"": ""W1"", ""opp"": ""HOU"", ""v"": 334.0}, {""w"": ""25W17"", ""opp"": ""PHI"", ""v"": 262.0}, {""w"": ""25W16"", ""opp"": ""CLE"", ""v"": 130.0}]",Under,0.6126461000826761,0.49468085106382975,0.5365911501234286,1.9,betonlineag,0.01952318523451435,0.0054231070095873204,0.11796524901884631,
Tre Tucker,WR,LV,NE,player_receptions,3.5,3.5900290252527696,17,,,6,True,00-0038563,2026-10-11T17:00:00Z,"[{""w"": ""W4"", ""opp"": ""KC"", ""v"": 4.0}, {""w"": ""W3"", ""opp"": ""NO"", ""v"": 4.0}, {""w"": ""W2"", ""opp"": ""LAC"", ""v"": 5.0}, {""w"": ""W1"", ""opp"": ""MIA"", ""v"": 2.0}, {""w"": ""25W18"", ""opp"": ""KC"", ""v"": 2.0}, {""w"": ""25W17"", ""opp"": ""NYG"", ""v"": 5.0}]",Over,0.4826573325027688,0.48677143213015284,0.4853312647653876,2.1,betmgm,0.019195656007313988,0.004362649092571361,-0.004114099627384016,
Quinshon Judkins,RB,CLE,NYJ,player_rush_yds,59.5,56.555990437114716,17,,,5,True,00-0040784,2026-10-11T17:00:00Z,"[{""w"": ""W4"", ""opp"": ""PIT"", ""v"": 53.0}, {""w"": ""W3"", ""opp"": ""CAR"", ""v"": 70.0}, {""w"": ""W2"", ""opp"": ""TB"", ""v"": 21.0}, {""w"": ""W1"", ""opp"": ""JAX"", ""v"": 33.0}, {""w"": ""25W16"", ""opp"": ""BUF"", ""v"": 22.0}, {""w"": ""25W15"", ""opp"": ""CHI"", ""v"": 21.0}]",Under,0.6104041992125152,0.5,0.539207850901932,1.89,betrivers,0.019102838204651473,0.005365965787823448,0.11040419921251521,
Trevor Lawrence,QB,JAX,PHI,player_rush_yds,15.5,15.823731857512445,17,,,2,True,00-0036971,2026-10-11T13:30:00Z,"[{""w"": ""W4"", ""opp"": ""CIN"", ""v"": 0.0}, {""w"": ""W3"", ""opp"": ""NE"", ""v"": 25.0}, {""w"": ""W2"", ""opp"": ""DEN"", ""v"": 6.0}, {""w"": ""W1"", ""opp"": ""CLE"", ""v"": 3.0}, {""w"": ""25W18"", ""opp"": ""TEN"", ""v"": 11.0}, {""w"": ""25W17"", ""opp"": ""IND"", ""v"": 26.0}]",Under,0.6095683054684655,0.5086457466171885,0.5444834439971332,1.87,draftkings,0.018184040274639157,0.00522529892949401,0.10092255885127699,
Malik Nabers,WR,NYG,WAS,player_reception_yds,54.5,54.26619345768161,8,,,1,True,00-0039337,2026-10-11T17:00:00Z,"[{""w"": ""W4"", ""opp"": ""ARI"", ""v"": 112.0}, {""w"": ""W3"", ""opp"": ""TEN"", ""v"": 26.0}, {""w"": ""W2"", ""opp"": ""LA"", ""v"": 1.0}, {""w"": ""W1"", ""opp"": ""DAL"", ""v"": 69.0}, {""w"": ""25W4"", ""opp"": ""LAC"", ""v"": 20.0}, {""w"": ""25W3"", ""opp"": ""KC"", ""v"": 13.0}]",Under,0.6168750799980138,0.5,0.5415804731714757,1.88,fanduel,0.018171289562374293,0.0051622981711290615,0.11687507999801383,
Hunter Henry,TE,NE,LV,player_reception_yds,36.5,34.906109800485666,17,,,1,True,00-0033090,2026-10-11T17:00:00Z,"[{""w"": ""W4"", ""opp"": ""BUF"", ""v"": 62.0}, {""w"": ""W3"", ""opp"": ""JAX"", ""v"": 5.0}, {""w"": ""W2"", ""opp"": ""PIT"", ""v"": 40.0}, {""w"": ""W1"", ""opp"": ""SEA"", ""v"": 26.0}, {""w"": ""25W18"", ""opp"": ""MIA"", ""v"": 56.0}, {""w"": ""25W17"", ""opp"": ""NYJ"", ""v"": 49.0}]",Under,0.6246583144735739,0.5,0.544452028880997,1.87,betmgm,0.018125294007464376,0.005208417818236889,0.1246583144735739,
Matthew Stafford,QB,LA,BUF,player_pass_yds,277.5,328.5199119074335,17,,,1,True,00-0026498,2026-10-13T00:15:00Z,"[{""w"": ""W4"", ""opp"": ""PHI"", ""v"": 317.0}, {""w"": ""W3"", ""opp"": ""DEN"", ""v"": 390.0}, {""w"": ""W2"", ""opp"": ""NYG"", ""v"": 327.0}, {""w"": ""W1"", ""opp"": ""SF"", ""v"": 155.0}, {""w"": ""25W18"", ""opp"": ""ARI"", ""v"": 259.0}, {""w"": ""25W17"", ""opp"": ""ATL"", ""v"": 269.0}]",Over,0.6158427516711686,0.5,0.5412010875105644,1.88,fanduel,0.017458044519860993,0.0049596717385968735,0.11584275167116864,
Zay Flowers,WR,BAL,ATL,player_receptions,5.5,5.096862545885588,17,,,6,True,00-0039064,2026-10-12T00:20:00Z,"[{""w"": ""W4"", ""opp"": ""TEN"", ""v"": 8.0}, {""w"": ""W3"", ""opp"": ""DAL"", ""v"": 5.0}, {""w"": ""W1"", ""opp"": ""IND"", ""v"": 5.0}, {""w"": ""25W18"", ""opp"": ""PIT"", ""v"": 4.0}, {""w"": ""25W17"", ""opp"": ""GB"", ""v"": 4.0}, {""w"": ""25W16"", ""opp"": ""NE"", ""v"": 7.0}]",Under,0.5997454484865086,0.5225994694960212,0.5499182231861875,1.85,betmgm,0.017348712894447005,0.005102562616013825,0.07714597899048736,
Emeka Egbuka,WR,TB,DAL,player_receptions,3.5,3.6218115721972555,17,,,5,True,00-0040129,2026-10-09T00:15:00Z,"[{""w"": ""W4"", ""opp"": ""GB"", ""v"": 2.0}, {""w"": ""W3"", ""opp"": ""MIN"", ""v"": 5.0}, {""w"": ""W2"", ""opp"": ""CLE"", ""v"": 3.0}, {""w"": ""W1"", ""opp"": ""CIN"", ""v"": 5.0}, {""w"": ""25W18"", ""opp"": ""CAR"", ""v"": 1.0}, {""w"": ""25W17"", ""opp"": ""MIA"", ""v"": 3.0}]",Over,0.48940309932389325,0.4030612244897959,0.43288013057177815,2.35,betmgm,0.01726830684367875,0.0031978346006812496,0.08634187483409733,
Drake London,WR,ATL,BAL,player_reception_yds,79.5,77.23445634011549,16,,,1,True,00-0037238,2026-10-12T00:20:00Z,"[{""w"": ""W4"", ""opp"": ""NO"", ""v"": 96.0}, {""w"": ""W3"", ""opp"": ""GB"", ""v"": 194.0}, {""w"": ""W2"", ""opp"": ""CAR"", ""v"": 51.0}, {""w"": ""W1"", ""opp"": ""PIT"", ""v"": 29.0}, {""w"": ""25W18"", ""opp"": ""NO"", ""v"": 78.0}, {""w"": ""25W17"", ""opp"": ""LA"", ""v"": 4.0}]",Under,0.6227054724790888,0.5,0.5437296462505398,1.87,betmgm,0.016774438488509402,0.004820240944973965,0.1227054724790888,
Ted Hurst III,WR,TB,DAL,player_receptions,1.5,2.3177283056040197,4,,,6,True,00-0041048,2026-10-09T00:15:00Z,"[{""w"": ""W4"", ""opp"": ""GB"", ""v"": 2.0}, {""w"": ""W3"", ""opp"": ""MIN"", ""v"": 1.0}, {""w"": ""W2"", ""opp"": ""CLE"", ""v"": 2.0}, {""w"": ""W1"", ""opp"": ""CIN"", ""v"": 3.0}]",Over,0.6731983862052472,0.5723736995988304,0.6088409795296537,1.67,betmgm,0.016764435814521583,0.006255386497955815,0.10082468660641675,
Jeremiyah Love,RB,ARI,DET,player_receptions,2.5,2.642685678107302,4,,,5,True,00-0041027,2026-10-11T20:25:00Z,"[{""w"": ""W4"", ""opp"": ""NYG"", ""v"": 1.0}, {""w"": ""W3"", ""opp"": ""SF"", ""v"": 5.0}, {""w"": ""W2"", ""opp"": ""SEA"", ""v"": 3.0}, {""w"": ""W1"", ""opp"": ""LAC"", ""v"": 2.0}]",Over,0.47459769298803234,0.47200000000000003,0.47290902731708806,2.15,betrivers,0.01675440873173928,0.0036422627677694087,0.0025976929880323074,
Cam Ward,QB,TEN,HOU,player_rush_yds,10.5,11.185238728353095,17,,,3,True,00-0040676,2026-10-11T17:00:00Z,"[{""w"": ""W4"", ""opp"": ""BAL"", ""v"": 27.0}, {""w"": ""W3"", ""opp"": ""NYG"", ""v"": 2.0}, {""w"": ""W2"", ""opp"": ""PHI"", ""v"": 7.0}, {""w"": ""W1"", ""opp"": ""NYJ"", ""v"": 21.0}, {""w"": ""25W18"", ""opp"": ""JAX"", ""v"": 11.0}, {""w"": ""25W17"", ""opp"": ""NO"", ""v"": 10.0}]",Under,0.5909901943038744,0.5,0.5321608127156946,1.91,betmgm,0.016427152286976665,0.00451295392499359,0.09099019430387445,
Josh Allen,QB,BUF,LA,player_pass_yds,245.5,229.34733615247436,17,,,1,True,00-0034857,2026-10-13T00:15:00Z,"[{""w"": ""W4"", ""opp"": ""NE"", ""v"": 253.0}, {""w"": ""W3"", ""opp"": ""LAC"", ""v"": 204.0}, {""w"": ""W2"", ""opp"": ""DET"", ""v"": 248.0}, {""w"": ""W1"", ""opp"": ""HOU"", ""v"": 334.0}, {""w"": ""25W17"", ""opp"": ""PHI"", ""v"": 262.0}, {""w"": ""25W16"", ""opp"": ""CLE"", ""v"": 130.0}]",Under,0.6211572653167967,0.5,0.5431578605199842,1.87,betrivers,0.015705199172370454,0.004512988267922543,0.12115726531679671,
Deshaun Watson,QB,CLE,NYJ,player_pass_yds,206.5,192.83718027906298,4,,,1,True,00-0033537,2026-10-11T17:00:00Z,"[{""w"": ""W4"", ""opp"": ""PIT"", ""v"": 268.0}, {""w"": ""W3"", ""opp"": ""CAR"", ""v"": 144.0}, {""w"": ""W2"", ""opp"": ""TB"", ""v"": 238.0}, {""w"": ""W1"", ""opp"": ""JAX"", ""v"": 205.0}]",Under,0.6210857285625788,0.5,0.5431314598486232,1.87,betmgm,0.015655829916925434,0.004498801700265929,0.12108572856257882,
Jared Goff,QB,DET,ARI,player_pass_yds,280.5,324.9867757027896,17,,,2,True,00-0033106,2026-10-11T20:25:00Z,"[{""w"": ""W4"", ""opp"": ""CAR"", ""v"": 412.0}, {""w"": ""W3"", ""opp"": ""NYJ"", ""v"": 269.0}, {""w"": ""W2"", ""opp"": ""BUF"", ""v"": 327.0}, {""w"": ""W1"", ""opp"": ""NO"", ""v"": 206.0}, {""w"": ""25W18"", ""opp"": ""CHI"", ""v"": 331.0}, {""w"": ""25W17"", ""opp"": ""MIN"", ""v"": 197.0}]",Over,0.6071704314497534,0.49867021276595747,0.537167397095717,1.89,betonlineag,0.015246380510905155,0.004282691154748639,0.10850021868379589,
Trevor Lawrence,QB,JAX,PHI,player_pass_yds,225.5,212.70863027244917,17,,,2,True,00-0036971,2026-10-11T13:30:00Z,"[{""w"": ""W4"", ""opp"": ""CIN"", ""v"": 227.0}, {""w"": ""W3"", ""opp"": ""NE"", ""v"": 182.0}, {""w"": ""W2"", ""opp"": ""DEN"", ""v"": 189.0}, {""w"": ""W1"", ""opp"": ""CLE"", ""v"": 245.0}, {""w"": ""25W18"", ""opp"": ""TEN"", ""v"": 255.0}, {""w"": ""25W17"", ""opp"": ""IND"", ""v"": 263.0}]",Under,0.6125547905021548,0.5,0.5399949653865541,1.88,betonlineag,0.015190534926721677,0.004315492876909568,0.11255479050215478,
Keaton Mitchell,RB,LAC,DEN,player_rush_yds,29.5,29.076211969222424,17,,,1,True,00-0038454,2026-10-11T20:05:00Z,"[{""w"": ""W4"", ""opp"": ""SEA"", ""v"": 39.0}, {""w"": ""W3"", ""opp"": ""BUF"", ""v"": 52.0}, {""w"": ""W2"", ""opp"": ""LV"", ""v"": 24.0}, {""w"": ""W1"", ""opp"": ""ARI"", ""v"": 9.0}, {""w"": ""25W18"", ""opp"": ""PIT"", ""v"": 2.0}, {""w"": ""25W17"", ""opp"": ""GB"", ""v"": 31.0}]",Under,0.6032212872876488,0.4920212765957447,0.531426129916166,1.91,betonlineag,0.015023908139877029,0.004127447291175008,0.1112000106919041,
Kendrick Bourne,WR,ARI,DET,player_receptions,2.5,2.7997947337438913,17,,,5,True,00-0033307,2026-10-11T20:25:00Z,"[{""w"": ""W3"", ""opp"": ""SF"", ""v"": 2.0}, {""w"": ""W2"", ""opp"": ""SEA"", ""v"": 2.0}, {""w"": ""W1"", ""opp"": ""LAC"", ""v"": 8.0}, {""w"": ""25W18"", ""opp"": ""SEA"", ""v"": 0.0}, {""w"": ""25W17"", ""opp"": ""CHI"", ""v"": 1.0}, {""w"": ""25W16"", ""opp"": ""IND"", ""v"": 3.0}]",Over,0.4504328903987311,0.44210526315789467,0.44501647603668426,2.28,betrivers,0.014637565363640026,0.002858899485085943,0.00832762724083641,
Sam LaPorta,TE,DET,ARI,player_receptions,4.5,5.599264842145857,13,,,6,True,00-0039065,2026-10-11T20:25:00Z,"[{""w"": ""W4"", ""opp"": ""CAR"", ""v"": 8.0}, {""w"": ""W3"", ""opp"": ""NYJ"", ""v"": 3.0}, {""w"": ""W2"", ""opp"": ""BUF"", ""v"": 6.0}, {""w"": ""W1"", ""opp"": ""NO"", ""v"": 5.0}, {""w"": ""25W10"", ""opp"": ""WAS"", ""v"": 5.0}, {""w"": ""25W9"", ""opp"": ""MIN"", ""v"": 6.0}]",Over,0.6541855696623855,0.5643083494075503,0.5965845371177568,1.7,betonlineag,0.014193713100186633,0.005069183250066655,0.08987722025483524,
Daniel Jones,QB,IND,PIT,player_pass_yds,217.5,203.8109108275874,17,,,1,True,00-0035710,2026-10-11T17:00:00Z,"[{""w"": ""W4"", ""opp"": ""WAS"", ""v"": 143.0}, {""w"": ""W3"", ""opp"": ""HOU"", ""v"": 235.0}, {""w"": ""W2"", ""opp"": ""KC"", ""v"": 210.0}, {""w"": ""W1"", ""opp"": ""BAL"", ""v"": 166.0}, {""w"": ""25W14"", ""opp"": ""JAX"", ""v"": 60.0}, {""w"": ""25W13"", ""opp"": ""HOU"", ""v"": 201.0}]",Under,0.6171438228039647,0.4959785522788204,0.5390823512609819,1.88,betrivers,0.013474820370645957,0.003828073968933511,0.12116527052514436,
Nico Collins,WR,HOU,TEN,player_reception_yds,76.5,73.73896454453674,17,,,1,True,00-0036554,2026-10-11T17:00:00Z,"[{""w"": ""W4"", ""opp"": ""DAL"", ""v"": 118.0}, {""w"": ""W1"", ""opp"": ""BUF"", ""v"": 75.0}, {""w"": ""25W17"", ""opp"": ""LAC"", ""v"": 57.0}, {""w"": ""25W16"", ""opp"": ""LV"", ""v"": 59.0}, {""w"": ""25W15"", ""opp"": ""ARI"", ""v"": 85.0}, {""w"": ""25W14"", ""opp"": ""KC"", ""v"": 121.0}]",Under,0.6008848417626931,0.4920212765957447,0.5305761045763409,1.91,betonlineag,0.013400359740810996,0.0036814175112118127,0.1088635651669484,
Aaron Jones,RB,MIN,NO,player_receptions,3.5,2.7331973471727364,16,,,4,True,00-0033293,2026-10-11T17:00:00Z,"[{""w"": ""W4"", ""opp"": ""MIA"", ""v"": 4.0}, {""w"": ""W3"", ""opp"": ""TB"", ""v"": 5.0}, {""w"": ""W2"", ""opp"": ""CHI"", ""v"": 0.0}, {""w"": ""W1"", ""opp"": ""GB"", ""v"": 0.0}, {""w"": ""25W17"", ""opp"": ""DET"", ""v"": 3.0}, {""w"": ""25W16"", ""opp"": ""NYG"", ""v"": 2.0}]",Under,0.6997687107203032,0.5826878906041344,0.6255446383422496,1.62,betonlineag,0.013382314114444405,0.005396094400985646,0.11708082011616883,
Daniel Jones,QB,IND,PIT,player_rush_yds,10.5,11.278702719501418,17,,,5,True,00-0035710,2026-10-11T17:00:00Z,"[{""w"": ""W4"", ""opp"": ""WAS"", ""v"": 2.0}, {""w"": ""W3"", ""opp"": ""HOU"", ""v"": 5.0}, {""w"": ""W2"", ""opp"": ""KC"", ""v"": 10.0}, {""w"": ""W1"", ""opp"": ""BAL"", ""v"": 4.0}, {""w"": ""25W14"", ""opp"": ""JAX"", ""v"": 4.0}, {""w"": ""25W13"", ""opp"": ""HOU"", ""v"": 1.0}]",Under,0.6003864052261496,0.5053191489361701,0.5389973083252624,1.88,fanduel,0.013314939651493218,0.003782653310083301,0.09506725628997947,
Geno Smith,QB,NYJ,CLE,player_pass_yds,206.5,196.5966131625516,17,,,4,True,00-0030565,2026-10-11T17:00:00Z,"[{""w"": ""W4"", ""opp"": ""CHI"", ""v"": 119.0}, {""w"": ""W3"", ""opp"": ""DET"", ""v"": 321.0}, {""w"": ""W2"", ""opp"": ""GB"", ""v"": 247.0}, {""w"": ""W1"", ""opp"": ""TEN"", ""v"": 215.0}, {""w"": ""25W17"", ""opp"": ""NYG"", ""v"": 176.0}, {""w"": ""25W16"", ""opp"": ""HOU"", ""v"": 201.0}]",Under,0.601912868887258,0.5,0.5361131632947124,1.89,betonlineag,0.013253878627006332,0.003722999614327622,0.10191286888725803,
Kyren Williams,RB,LA,BUF,player_reception_yds,21.5,37.27972414028575,17,,,1,True,00-0037840,2026-10-13T00:15:00Z,"[{""w"": ""W4"", ""opp"": ""PHI"", ""v"": 67.0}, {""w"": ""W3"", ""opp"": ""DEN"", ""v"": 70.0}, {""w"": ""W2"", ""opp"": ""NYG"", ""v"": 12.0}, {""w"": ""W1"", ""opp"": ""SF"", ""v"": 24.0}, {""w"": ""25W18"", ""opp"": ""ARI"", ""v"": 21.0}, {""w"": ""25W17"", ""opp"": ""ATL"", ""v"": 38.0}]",Over,0.6054915672480817,0.48930481283422456,0.5304941851518096,1.91,betmgm,0.013243893639956261,0.003638432318669303,0.11618675441385717,
Marvin Harrison Jr.,WR,ARI,DET,player_receptions,2.5,2.647667848324473,16,,,6,True,00-0039849,2026-10-11T20:25:00Z,"[{""w"": ""W4"", ""opp"": ""NYG"", ""v"": 1.0}, {""w"": ""W3"", ""opp"": ""SF"", ""v"": 3.0}, {""w"": ""W2"", ""opp"": ""SEA"", ""v"": 0.0}, {""w"": ""W1"", ""opp"": ""LAC"", ""v"": 1.0}, {""w"": ""25W17"", ""opp"": ""CIN"", ""v"": 0.0}, {""w"": ""25W16"", ""opp"": ""ATL"", ""v"": 1.0}]",Under,0.5418281430002997,0.45059366754617414,0.48246209073229046,2.1,bovada,0.013170390537810106,0.0029932705767750237,0.09123447545412555,
Deshaun Watson,QB,CLE,NYJ,player_pass_yds,203.5,192.83718027906298,4,,,2,True,00-0033537,2026-10-11T17:00:00Z,"[{""w"": ""W4"", ""opp"": ""PIT"", ""v"": 268.0}, {""w"": ""W3"", ""opp"": ""CAR"", ""v"": 144.0}, {""w"": ""W2"", ""opp"": ""TB"", ""v"": 238.0}, {""w"": ""W1"", ""opp"": ""JAX"", ""v"": 205.0}]",Under,0.6061726138961524,0.5013297872340425,0.5385224262363256,1.88,fanduel,0.012422161324292136,0.0035290231034920843,0.10484282666210987,
Wan'Dale Robinson,WR,TEN,HOU,player_receptions,3.5,4.6530071050903565,17,,,5,True,00-0038117,2026-10-11T17:00:00Z,"[{""w"": ""W4"", ""opp"": ""BAL"", ""v"": 3.0}, {""w"": ""W3"", ""opp"": ""NYG"", ""v"": 7.0}, {""w"": ""W2"", ""opp"": ""PHI"", ""v"": 1.0}, {""w"": ""W1"", ""opp"": ""NYJ"", ""v"": 5.0}, {""w"": ""25W17"", ""opp"": ""LV"", ""v"": 11.0}, {""w"": ""25W16"", ""opp"": ""MIN"", ""v"": 3.0}]",Over,0.6172254502242045,0.5517241379310345,0.5749781475486034,1.76,betonlineag,0.011961539685542033,0.003934717001823037,0.06550131229317002,
Devaughn Vele,WR,NO,MIN,player_reception_yds,36.5,49.72711024693077,13,,,5,True,00-0039424,2026-10-11T17:00:00Z,"[{""w"": ""W4"", ""opp"": ""ATL"", ""v"": 54.0}, {""w"": ""W3"", ""opp"": ""LV"", ""v"": 39.0}, {""w"": ""W2"", ""opp"": ""BAL"", ""v"": 64.0}, {""w"": ""W1"", ""opp"": ""DET"", ""v"": 69.0}, {""w"": ""25W15"", ""opp"": ""CAR"", ""v"": 69.0}, {""w"": ""25W14"", ""opp"": ""TB"", ""v"": 40.0}]",Over,0.60785533540807,0.5,0.5382767472826375,1.88,draftkings,0.01196028489135853,0.00339780820777231,0.10785533540807002,
Geno Smith,QB,NYJ,CLE,player_pass_yds,209.5,196.5966131625516,17,,,1,True,00-0030565,2026-10-11T17:00:00Z,"[{""w"": ""W4"", ""opp"": ""CHI"", ""v"": 119.0}, {""w"": ""W3"", ""opp"": ""DET"", ""v"": 321.0}, {""w"": ""W2"", ""opp"": ""GB"", ""v"": 247.0}, {""w"": ""W1"", ""opp"": ""TEN"", ""v"": 215.0}, {""w"": ""25W17"", ""opp"": ""NYG"", ""v"": 176.0}, {""w"": ""25W16"", ""opp"": ""HOU"", ""v"": 201.0}]",Under,0.6151034931930213,0.5,0.5409296128948144,1.87,betmgm,0.01153837611330305,0.0033156253199146694,0.11510349319302127,
Joe Burrow,QB,CIN,MIA,player_pass_yds,235.5,275.3972036392014,12,,,3,True,00-0036442,2026-10-11T17:00:00Z,"[{""w"": ""W4"", ""opp"": ""JAX"", ""v"": 428.0}, {""w"": ""W3"", ""opp"": ""PIT"", ""v"": 282.0}, {""w"": ""W2"", ""opp"": ""HOU"", ""v"": 207.0}, {""w"": ""W1"", ""opp"": ""TB"", ""v"": 254.0}, {""w"": ""25W18"", ""opp"": ""CLE"", ""v"": 236.0}, {""w"": ""25W17"", ""opp"": ""ARI"", ""v"": 305.0}]",Over,0.5957261961987338,0.4973544973544974,0.5321587209512135,1.9,draftkings,0.011101569807305645,0.003083769390918235,0.09837169884423641,
Daniel Jones,QB,IND,PIT,player_pass_yds,213.5,203.8109108275874,17,,,4,True,00-0035710,2026-10-11T17:00:00Z,"[{""w"": ""W4"", ""opp"": ""WAS"", ""v"": 143.0}, {""w"": ""W3"", ""opp"": ""HOU"", ""v"": 235.0}, {""w"": ""W2"", ""opp"": ""KC"", ""v"": 210.0}, {""w"": ""W1"", ""opp"": ""BAL"", ""v"": 166.0}, {""w"": ""25W14"", ""opp"": ""JAX"", ""v"": 60.0}, {""w"": ""25W13"", ""opp"": ""HOU"", ""v"": 201.0}]",Under,0.5987222230610234,0.5,0.5349554712362307,1.89,draftkings,0.011065840636475921,0.0031083822012572815,0.0987222230610234,
Jakobi Meyers,WR,JAX,PHI,player_receptions,3.5,3.5686418608420607,17,,,5,True,00-0034960,2026-10-11T13:30:00Z,"[{""w"": ""W4"", ""opp"": ""CIN"", ""v"": 3.0}, {""w"": ""W3"", ""opp"": ""NE"", ""v"": 7.0}, {""w"": ""W2"", ""opp"": ""DEN"", ""v"": 1.0}, {""w"": ""W1"", ""opp"": ""CLE"", ""v"": 2.0}, {""w"": ""25W18"", ""opp"": ""TEN"", ""v"": 5.0}, {""w"": ""25W17"", ""opp"": ""IND"", ""v"": 6.0}]",Under,0.5375737936220321,0.48404255319148937,0.5027997734662855,2.01,betonlineag,0.010627544667233702,0.0026305803631766593,0.05353124043054269,
George Pickens,WR,DAL,TB,player_reception_yds,63.5,62.11475151752265,17,,,2,True,00-0037247,2026-10-09T00:15:00Z,"[{""w"": ""W4"", ""opp"": ""HOU"", ""v"": 75.0}, {""w"": ""W3"", ""opp"": ""BAL"", ""v"": 82.0}, {""w"": ""W2"", ""opp"": ""WAS"", ""v"": 40.0}, {""w"": ""W1"", ""opp"": ""NYG"", ""v"": 28.0}, {""w"": ""25W18"", ""opp"": ""NYG"", ""v"": 9.0}, {""w"": ""25W17"", ""opp"": ""WAS"", ""v"": 78.0}]",Under,0.6043174138689397,0.5,0.5369874425038154,1.88,betonlineag,0.009536391907172814,0.0027092022463559135,0.10431741386893967,
Matthew Stafford,QB,LA,BUF,player_pass_yds,283.5,328.5199119074335,17,,,3,True,00-0026498,2026-10-13T00:15:00Z,"[{""w"": ""W4"", ""opp"": ""PHI"", ""v"": 317.0}, {""w"": ""W3"", ""opp"": ""DEN"", ""v"": 390.0}, {""w"": ""W2"", ""opp"": ""NYG"", ""v"": 327.0}, {""w"": ""W1"", ""opp"": ""SF"", ""v"": 155.0}, {""w"": ""25W18"", ""opp"": ""ARI"", ""v"": 259.0}, {""w"": ""25W17"", ""opp"": ""ATL"", ""v"": 269.0}]",Over,0.595676288285313,0.5,0.5338527658830791,1.89,draftkings,0.008981727519019433,0.002522957168263886,0.09567628828531305,
Najee Harris,RB,NYG,WAS,player_rush_yds,28.5,27.76248410151595,6,,,2,True,00-0036893,2026-10-11T17:00:00Z,"[{""w"": ""W4"", ""opp"": ""ARI"", ""v"": 30.0}, {""w"": ""W3"", ""opp"": ""TEN"", ""v"": 52.0}, {""w"": ""W2"", ""opp"": ""LA"", ""v"": 6.0}, {""w"": ""25W3"", ""opp"": ""DEN"", ""v"": 28.0}, {""w"": ""25W2"", ""opp"": ""LV"", ""v"": 28.0}, {""w"": ""25W1"", ""opp"": ""KC"", ""v"": 5.0}]",Under,0.6033202375008784,0.5,0.536624682018415,1.88,betonlineag,0.008854402194620081,0.0025154551689261597,0.10332023750087838,
Jalen Hurts,QB,PHI,JAX,player_pass_yds,193.5,185.03476280675878,17,,,2,True,00-0036389,2026-10-11T13:30:00Z,"[{""w"": ""W4"", ""opp"": ""LA"", ""v"": 93.0}, {""w"": ""W3"", ""opp"": ""CHI"", ""v"": 153.0}, {""w"": ""W2"", ""opp"": ""TEN"", ""v"": 264.0}, {""w"": ""W1"", ""opp"": ""WAS"", ""v"": 203.0}, {""w"": ""25W17"", ""opp"": ""BUF"", ""v"": 110.0}, {""w"": ""25W16"", ""opp"": ""WAS"", ""v"": 185.0}]",Under,0.5976099453995899,0.49867021276595747,0.5336921846417257,1.89,betonlineag,0.008678228972861579,0.002437704767657747,0.09893973263363243,
Darnell Mooney,WR,NYG,WAS,player_receptions,1.5,1.9605741057711057,17,,,5,True,00-0036309,2026-10-11T17:00:00Z,"[{""w"": ""W4"", ""opp"": ""ARI"", ""v"": 0.0}, {""w"": ""W3"", ""opp"": ""TEN"", ""v"": 2.0}, {""w"": ""W2"", ""opp"": ""LA"", ""v"": 2.0}, {""w"": ""W1"", ""opp"": ""DAL"", ""v"": 2.0}, {""w"": ""25W18"", ""opp"": ""NO"", ""v"": 3.0}, {""w"": ""25W17"", ""opp"": ""LA"", ""v"": 2.0}]",Over,0.5832042968586181,0.5106991471324243,0.536286470021686,1.88,draftkings,0.008218563640769505,0.0023348192161277005,0.07250514972619382,
Elic Ayomanor,WR,TEN,HOU,player_reception_yds,17.5,27.254589584782533,17,,,1,True,00-0040170,2026-10-11T17:00:00Z,"[{""w"": ""W4"", ""opp"": ""BAL"", ""v"": 22.0}, {""w"": ""W3"", ""opp"": ""NYG"", ""v"": 11.0}, {""w"": ""W2"", ""opp"": ""PHI"", ""v"": 69.0}, {""w"": ""W1"", ""opp"": ""NYJ"", ""v"": 11.0}, {""w"": ""25W18"", ""opp"": ""JAX"", ""v"": 50.0}, {""w"": ""25W17"", ""opp"": ""NO"", ""v"": 37.0}]",Over,0.6021812032607916,0.5,0.5362106498144315,1.88,fanduel,0.008076021651131138,0.00229432433270771,0.10218120326079161,
Isaiah Likely,TE,NYG,WAS,player_receptions,4.5,4.271249024447231,16,,,5,True,00-0037838,2026-10-11T17:00:00Z,"[{""w"": ""W4"", ""opp"": ""ARI"", ""v"": 7.0}, {""w"": ""W3"", ""opp"": ""TEN"", ""v"": 2.0}, {""w"": ""W2"", ""opp"": ""LA"", ""v"": 5.0}, {""w"": ""W1"", ""opp"": ""DAL"", ""v"": 8.0}, {""w"": ""25W18"", ""opp"": ""PIT"", ""v"": 2.0}, {""w"": ""25W17"", ""opp"": ""GB"", ""v"": 3.0}]",Under,0.5879308661346007,0.5305039787798409,0.5507757029901098,1.83,bovada,0.007919536471901079,0.002385402551777433,0.05742688735475976,
Josh Cameron,WR,JAX,PHI,player_reception_yds,12.5,13.504524568416496,4,,,3,True,00-0041100,2026-10-11T13:30:00Z,"[{""w"": ""W4"", ""opp"": ""CIN"", ""v"": 42.0}, {""w"": ""W3"", ""opp"": ""NE"", ""v"": 12.0}, {""w"": ""W2"", ""opp"": ""DEN"", ""v"": 0.0}, {""w"": ""W1"", ""opp"": ""CLE"", ""v"": 20.0}]",Under,0.6016544889032557,0.5,0.5360193116483218,1.88,betonlineag,0.007716305898844977,0.0021921323576264144,0.10165448890325568,
Bijan Robinson,RB,ATL,BAL,player_receptions,3.5,3.758857401849883,17,,,6,True,00-0038542,2026-10-12T00:20:00Z,"[{""w"": ""W4"", ""opp"": ""NO"", ""v"": 1.0}, {""w"": ""W3"", ""opp"": ""GB"", ""v"": 2.0}, {""w"": ""W2"", ""opp"": ""CAR"", ""v"": 3.0}, {""w"": ""W1"", ""opp"": ""PIT"", ""v"": 8.0}, {""w"": ""25W18"", ""opp"": ""NO"", ""v"": 3.0}, {""w"": ""25W17"", ""opp"": ""LA"", ""v"": 5.0}]",Under,0.5238996259888928,0.4853723404255319,0.4988605577523521,2.02,fanduel,0.007698326659751342,0.0018868447695468975,0.038527285563360936,
Drake Maye,QB,NE,LV,player_pass_yds,229.5,221.69974934467868,17,,,3,True,00-0039851,2026-10-11T17:00:00Z,"[{""w"": ""W4"", ""opp"": ""BUF"", ""v"": 269.0}, {""w"": ""W3"", ""opp"": ""JAX"", ""v"": 199.0}, {""w"": ""W2"", ""opp"": ""PIT"", ""v"": 208.0}, {""w"": ""W1"", ""opp"": ""SEA"", ""v"": 178.0}, {""w"": ""25W18"", ""opp"": ""MIA"", ""v"": 191.0}, {""w"": ""25W17"", ""opp"": ""NYJ"", ""v"": 256.0}]",Under,0.5859227271191554,0.5,0.5303370301921666,1.9,draftkings,0.007640357365116479,0.002122321490310133,0.08592272711915538,
Mike Evans,WR,SF,SEA,player_receptions,3.5,3.8872114469936174,12,,,5,True,00-0031408,2026-10-11T20:25:00Z,"[{""w"": ""W4"", ""opp"": ""DEN"", ""v"": 5.0}, {""w"": ""W3"", ""opp"": ""ARI"", ""v"": 3.0}, {""w"": ""W2"", ""opp"": ""MIA"", ""v"": 3.0}, {""w"": ""W1"", ""opp"": ""LA"", ""v"": 6.0}, {""w"": ""25W18"", ""opp"": ""CAR"", ""v"": 2.0}, {""w"": ""25W17"", ""opp"": ""MIA"", ""v"": 3.0}]",Under,0.4558186960571693,0.41709844559585496,0.43055969176149217,2.34,fanduel,0.007509678721891677,0.0014010594630394922,0.03872025046131433,
Colston Loveland,TE,CHI,GB,player_receptions,3.5,3.864009771663173,17,,,6,True,00-0040126,2026-10-11T17:00:00Z,"[{""w"": ""W4"", ""opp"": ""NYJ"", ""v"": 6.0}, {""w"": ""W3"", ""opp"": ""PHI"", ""v"": 4.0}, {""w"": ""W2"", ""opp"": ""MIN"", ""v"": 1.0}, {""w"": ""W1"", ""opp"": ""CAR"", ""v"": 0.0}, {""w"": ""25W18"", ""opp"": ""DET"", ""v"": 10.0}, {""w"": ""25W17"", ""opp"": ""SF"", ""v"": 6.0}]",Under,0.5031062059156761,0.427502477291007,0.45376182144521054,2.22,draftkings,0.007351243608367586,0.0015064023787638493,0.07560372862466913,
Tyjae Spears,RB,TEN,HOU,player_reception_yds,10.5,11.478611302024385,17,,,1,True,00-0039032,2026-10-11T17:00:00Z,"[{""w"": ""W4"", ""opp"": ""BAL"", ""v"": -1.0}, {""w"": ""W3"", ""opp"": ""NYG"", ""v"": 0.0}, {""w"": ""W2"", ""opp"": ""PHI"", ""v"": 29.0}, {""w"": ""W1"", ""opp"": ""NYJ"", ""v"": 12.0}, {""w"": ""25W18"", ""opp"": ""JAX"", ""v"": 9.0}, {""w"": ""25W17"", ""opp"": ""NO"", ""v"": -1.0}]",Under,0.6058307365097553,0.5105820105820105,0.5443715689216795,1.85,draftkings,0.00708740250510731,0.0020845301485609732,0.0952487259277448,
Josh Allen,QB,BUF,LA,player_pass_yds,242.5,229.34733615247436,17,,,1,True,00-0034857,2026-10-13T00:15:00Z,"[{""w"": ""W4"", ""opp"": ""NE"", ""v"": 253.0}, {""w"": ""W3"", ""opp"": ""LAC"", ""v"": 204.0}, {""w"": ""W2"", ""opp"": ""DET"", ""v"": 248.0}, {""w"": ""W1"", ""opp"": ""HOU"", ""v"": 334.0}, {""w"": ""25W17"", ""opp"": ""PHI"", ""v"": 262.0}, {""w"": ""25W16"", ""opp"": ""CLE"", ""v"": 130.0}]",Under,0.6083523257129875,0.5,0.5384581494458054,1.87,betmgm,0.006916739463656119,0.001987568811395436,0.10835232571298747,
Roman Wilson,WR,PIT,IND,player_receptions,2.5,2.741031636971143,13,,,4,True,00-0039739,2026-10-11T17:00:00Z,"[{""w"": ""W4"", ""opp"": ""CLE"", ""v"": 3.0}, {""w"": ""W3"", ""opp"": ""CIN"", ""v"": 3.0}, {""w"": ""W2"", ""opp"": ""NE"", ""v"": 5.0}, {""w"": ""W1"", ""opp"": ""ATL"", ""v"": 3.0}, {""w"": ""25W13"", ""opp"": ""BUF"", ""v"": 0.0}, {""w"": ""25W12"", ""opp"": ""CHI"", ""v"": 0.0}]",Under,0.4872735883897924,0.4322276814477909,0.4513741685616434,2.23,draftkings,0.006564395892464825,0.0013342268074115497,0.05504590694200151,
Brock Purdy,QB,SF,SEA,player_pass_yds,226.5,214.32534902798582,13,,,2,True,00-0037834,2026-10-11T20:25:00Z,"[{""w"": ""W4"", ""opp"": ""DEN"", ""v"": 218.0}, {""w"": ""W3"", ""opp"": ""ARI"", ""v"": 297.0}, {""w"": ""W2"", ""opp"": ""MIA"", ""v"": 287.0}, {""w"": ""W1"", ""opp"": ""LA"", ""v"": 205.0}, {""w"": ""25W18"", ""opp"": ""SEA"", ""v"": 127.0}, {""w"": ""25W17"", ""opp"": ""CHI"", ""v"": 303.0}]",Under,0.6078006444158796,0.5,0.5382567893635093,1.87,betmgm,0.0065401961097624195,0.0018793666982075915,0.10780064441587955,
Aaron Rodgers,QB,PIT,IND,player_pass_yds,222.5,255.2514991830369,17,,,1,True,00-0023459,2026-10-11T17:00:00Z,"[{""w"": ""W4"", ""opp"": ""CLE"", ""v"": 299.0}, {""w"": ""W3"", ""opp"": ""CIN"", ""v"": 292.0}, {""w"": ""W2"", ""opp"": ""NE"", ""v"": 187.0}, {""w"": ""W1"", ""opp"": ""ATL"", ""v"": 221.0}, {""w"": ""25W18"", ""opp"": ""BAL"", ""v"": 294.0}, {""w"": ""25W17"", ""opp"": ""CLE"", ""v"": 168.0}]",Over,0.5999060428856657,0.5,0.5353846924986503,1.88,fanduel,0.006523221897462517,0.0018531880390518516,0.09990604288566574,
Cade Otton,TE,TB,DAL,player_reception_yds,29.5,40.56474487940717,17,,,1,True,00-0038129,2026-10-09T00:15:00Z,"[{""w"": ""W4"", ""opp"": ""GB"", ""v"": 37.0}, {""w"": ""W3"", ""opp"": ""MIN"", ""v"": 56.0}, {""w"": ""W2"", ""opp"": ""CLE"", ""v"": 38.0}, {""w"": ""W1"", ""opp"": ""CIN"", ""v"": 26.0}, {""w"": ""25W18"", ""opp"": ""CAR"", ""v"": 94.0}, {""w"": ""25W17"", ""opp"": ""MIA"", ""v"": 33.0}]",Over,0.599586529407615,0.5,0.5352688091803386,1.88,fanduel,0.006305361259036468,0.0017912958122262696,0.09958652940761503,
Ted Hurst III,WR,TB,DAL,player_reception_yds,22.5,31.393522997186828,4,,,1,True,00-0041048,2026-10-09T00:15:00Z,"[{""w"": ""W4"", ""opp"": ""GB"", ""v"": 25.0}, {""w"": ""W3"", ""opp"": ""MIN"", ""v"": 40.0}, {""w"": ""W2"", ""opp"": ""CLE"", ""v"": 27.0}, {""w"": ""W1"", ""opp"": ""CIN"", ""v"": 36.0}]",Over,0.6067233645451564,0.4959785522788205,0.5352638297500462,1.88,betrivers,0.006295999930086726,0.0017886363437746384,0.11074481226633592,
Brian Thomas Jr,WR,JAX,PHI,player_reception_yds,24.5,35.22230088667955,17,,,5,True,00-0039893,2026-10-11T13:30:00Z,"[{""w"": ""W4"", ""opp"": ""CIN"", ""v"": 17.0}, {""w"": ""W3"", ""opp"": ""NE"", ""v"": 8.0}, {""w"": ""W2"", ""opp"": ""DEN"", ""v"": 40.0}, {""w"": ""W1"", ""opp"": ""CLE"", ""v"": 40.0}, {""w"": ""25W18"", ""opp"": ""TEN"", ""v"": 49.0}, {""w"": ""25W17"", ""opp"": ""IND"", ""v"": 39.0}]",Over,0.5908367680187162,0.5,0.5321055068314441,1.89,draftkings,0.005679407911429291,0.0015953393009632841,0.09083676801871621,
Aaron Rodgers,QB,PIT,IND,player_pass_yds,223.5,255.2514991830369,17,,,2,True,00-0023459,2026-10-11T17:00:00Z,"[{""w"": ""W4"", ""opp"": ""CLE"", ""v"": 299.0}, {""w"": ""W3"", ""opp"": ""CIN"", ""v"": 292.0}, {""w"": ""W2"", ""opp"": ""NE"", ""v"": 187.0}, {""w"": ""W1"", ""opp"": ""ATL"", ""v"": 221.0}, {""w"": ""25W18"", ""opp"": ""BAL"", ""v"": 294.0}, {""w"": ""25W17"", ""opp"": ""CLE"", ""v"": 168.0}]",Over,0.5952948612854906,0.5013227513227514,0.5345706269959555,1.88,draftkings,0.004992778752396232,0.0014184030546580207,0.09397210996273919,
Tyler Allgeier,RB,ARI,DET,player_receptions,2.5,1.6895029045228651,17,,,1,True,00-0037263,2026-10-11T20:25:00Z,"[{""w"": ""W4"", ""opp"": ""NYG"", ""v"": 2.0}, {""w"": ""W3"", ""opp"": ""SF"", ""v"": 4.0}, {""w"": ""W2"", ""opp"": ""SEA"", ""v"": 2.0}, {""w"": ""W1"", ""opp"": ""LAC"", ""v"": 2.0}, {""w"": ""25W18"", ""opp"": ""NO"", ""v"": 1.0}, {""w"": ""25W17"", ""opp"": ""LA"", ""v"": 0.0}]",Under,0.7572877130993863,0.6318407960199005,0.6790332533366497,1.48,fanduel,0.004969214938241484,0.0025881327803341063,0.12544691707948574,
Elic Ayomanor,WR,TEN,HOU,player_receptions,1.5,2.0043442976978154,17,,,2,True,00-0040170,2026-10-11T17:00:00Z,"[{""w"": ""W4"", ""opp"": ""BAL"", ""v"": 1.0}, {""w"": ""W3"", ""opp"": ""NYG"", ""v"": 1.0}, {""w"": ""W2"", ""opp"": ""PHI"", ""v"": 2.0}, {""w"": ""W1"", ""opp"": ""NYJ"", ""v"": 1.0}, {""w"": ""25W18"", ""opp"": ""JAX"", ""v"": 3.0}, {""w"": ""25W17"", ""opp"": ""NO"", ""v"": 4.0}]",Over,0.5951551846045954,0.5013227513227514,0.5345201423817649,1.88,draftkings,0.004897867677717993,0.0013914396811698846,0.09383243328184399,
Colston Loveland,TE,CHI,GB,player_reception_yds,37.5,38.56082519469403,17,,,3,True,00-0040126,2026-10-11T17:00:00Z,"[{""w"": ""W4"", ""opp"": ""NYJ"", ""v"": 57.0}, {""w"": ""W3"", ""opp"": ""PHI"", ""v"": 31.0}, {""w"": ""W2"", ""opp"": ""MIN"", ""v"": 3.0}, {""w"": ""W1"", ""opp"": ""CAR"", ""v"": 0.0}, {""w"": ""25W18"", ""opp"": ""DET"", ""v"": 91.0}, {""w"": ""25W17"", ""opp"": ""SF"", ""v"": 94.0}]",Under,0.5929437141874869,0.5065963060686016,0.5371323071125724,1.87,betonlineag,0.004437414300510478,0.001275119051870827,0.0863474081188853,
Denzel Boston,WR,CLE,NYJ,player_reception_yds,48.5,50.08629186774511,4,,,3,True,00-0041037,2026-10-11T17:00:00Z,"[{""w"": ""W4"", ""opp"": ""PIT"", ""v"": 89.0}, {""w"": ""W3"", ""opp"": ""CAR"", ""v"": 41.0}, {""w"": ""W2"", ""opp"": ""TB"", ""v"": 95.0}, {""w"": ""W1"", ""opp"": ""JAX"", ""v"": 59.0}]",Under,0.5811903712506719,0.5,0.5286390345446413,1.9,draftkings,0.004414165634818501,0.0012261571207829172,0.08119037125067186,
Ashton Jeanty,RB,LV,NE,player_reception_yds,23.5,33.1990592525822,17,,,5,True,00-0040122,2026-10-11T17:00:00Z,"[{""w"": ""W4"", ""opp"": ""KC"", ""v"": 68.0}, {""w"": ""W3"", ""opp"": ""NO"", ""v"": 37.0}, {""w"": ""W2"", ""opp"": ""LAC"", ""v"": 15.0}, {""w"": ""W1"", ""opp"": ""MIA"", ""v"": 45.0}, {""w"": ""25W18"", ""opp"": ""KC"", ""v"": 7.0}, {""w"": ""25W17"", ""opp"": ""NYG"", ""v"": 13.0}]",Over,0.5580842781324125,0.5,0.5204103466636439,1.93,draftkings,0.004391969060832779,0.0011806368443098869,0.05808427813241246,
Mike Evans,WR,SF,SEA,player_reception_yds,48.5,48.41509917249758,12,,,4,True,00-0031408,2026-10-11T20:25:00Z,"[{""w"": ""W4"", ""opp"": ""DEN"", ""v"": 76.0}, {""w"": ""W3"", ""opp"": ""ARI"", ""v"": 34.0}, {""w"": ""W2"", ""opp"": ""MIA"", ""v"": 54.0}, {""w"": ""W1"", ""opp"": ""LA"", ""v"": 49.0}, {""w"": ""25W18"", ""opp"": ""CAR"", ""v"": 34.0}, {""w"": ""25W17"", ""opp"": ""MIA"", ""v"": 31.0}]",Under,0.5887689231270422,0.5,0.5313606474392245,1.89,draftkings,0.004271623660134283,0.0011998942865545739,0.08876892312704221,
Jonathan Taylor,RB,IND,PIT,player_receptions,2.5,2.6661588666497367,17,,,5,True,00-0036223,2026-10-11T17:00:00Z,"[{""w"": ""W4"", ""opp"": ""WAS"", ""v"": 1.0}, {""w"": ""W3"", ""opp"": ""HOU"", ""v"": 2.0}, {""w"": ""W2"", ""opp"": ""KC"", ""v"": 4.0}, {""w"": ""W1"", ""opp"": ""BAL"", ""v"": 3.0}, {""w"": ""25W18"", ""opp"": ""HOU"", ""v"": 2.0}, {""w"": ""25W17"", ""opp"": ""JAX"", ""v"": 3.0}]",Over,0.4980413839563355,0.4854111405835544,0.4898304325323955,2.05,betrivers,0.004152386691410603,0.0009886634979549057,0.012630243372781125,
Chris Rodriguez Jr.,RB,JAX,PHI,player_rush_yds,27.5,37.50122530458047,16,,,2,True,00-0038611,2026-10-11T13:30:00Z,"[{""w"": ""W4"", ""opp"": ""CIN"", ""v"": 35.0}, {""w"": ""W3"", ""opp"": ""NE"", ""v"": 37.0}, {""w"": ""W2"", ""opp"": ""DEN"", ""v"": 13.0}, {""w"": ""W1"", ""opp"": ""CLE"", ""v"": 23.0}, {""w"": ""25W18"", ""opp"": ""PHI"", ""v"": 65.0}, {""w"": ""25W16"", ""opp"": ""PHI"", ""v"": 63.0}]",Over,0.6013333650469788,0.510638598873893,0.5427759029528753,1.85,draftkings,0.004135420462819284,0.0012163001361233186,0.0906947661730858,
Daniel Jones,QB,IND,PIT,player_pass_yds,214.5,203.8109108275874,17,,,1,True,00-0035710,2026-10-11T17:00:00Z,"[{""w"": ""W4"", ""opp"": ""WAS"", ""v"": 143.0}, {""w"": ""W3"", ""opp"": ""HOU"", ""v"": 235.0}, {""w"": ""W2"", ""opp"": ""KC"", ""v"": 210.0}, {""w"": ""W1"", ""opp"": ""BAL"", ""v"": 166.0}, {""w"": ""25W14"", ""opp"": ""JAX"", ""v"": 60.0}, {""w"": ""25W13"", ""opp"": ""HOU"", ""v"": 201.0}]",Under,0.6033714117761702,0.5,0.5366432919062105,1.87,betmgm,0.0035229558646137082,0.0010123436392568126,0.10337141177617015,
Jonathan Taylor,RB,IND,PIT,player_rush_yds,88.5,85.21759957182266,17,,,2,True,00-0036223,2026-10-11T17:00:00Z,"[{""w"": ""W4"", ""opp"": ""WAS"", ""v"": 95.0}, {""w"": ""W3"", ""opp"": ""HOU"", ""v"": 68.0}, {""w"": ""W2"", ""opp"": ""KC"", ""v"": 92.0}, {""w"": ""W1"", ""opp"": ""BAL"", ""v"": 98.0}, {""w"": ""25W18"", ""opp"": ""HOU"", ""v"": 26.0}, {""w"": ""25W17"", ""opp"": ""JAX"", ""v"": 70.0}]",Under,0.598904710066494,0.49798927613941024,0.53372081150096,1.88,betrivers,0.003395125621804662,0.0009645243243763245,0.1009154339270838,
Christian McCaffrey,RB,SF,SEA,player_receptions,4.5,4.627683765089073,17,,,6,True,00-0033280,2026-10-11T20:25:00Z,"[{""w"": ""W4"", ""opp"": ""DEN"", ""v"": 3.0}, {""w"": ""W3"", ""opp"": ""ARI"", ""v"": 4.0}, {""w"": ""W2"", ""opp"": ""MIA"", ""v"": 4.0}, {""w"": ""W1"", ""opp"": ""LA"", ""v"": 5.0}, {""w"": ""25W18"", ""opp"": ""SEA"", ""v"": 6.0}, {""w"": ""25W17"", ""opp"": ""CHI"", ""v"": 4.0}]",Under,0.508057877369833,0.4794179894179895,0.48943620252173003,2.05,betonlineag,0.003344215169546527,0.0007962417070348876,0.028639887951843468,
Wan'Dale Robinson,WR,TEN,HOU,player_reception_yds,31.5,46.45023986146384,17,,,3,True,00-0038117,2026-10-11T17:00:00Z,"[{""w"": ""W4"", ""opp"": ""BAL"", ""v"": 19.0}, {""w"": ""W3"", ""opp"": ""NYG"", ""v"": 57.0}, {""w"": ""W2"", ""opp"": ""PHI"", ""v"": 9.0}, {""w"": ""W1"", ""opp"": ""NYJ"", ""v"": 38.0}, {""w"": ""25W17"", ""opp"": ""LV"", ""v"": 113.0}, {""w"": ""25W16"", ""opp"": ""MIN"", ""v"": 19.0}]",Over,0.5836455809295616,0.5106382978723405,0.536405141847378,1.87,draftkings,0.003077615254596877,0.0008843721995968036,0.07300728305722115,
D'Andre Swift,RB,CHI,GB,player_reception_yds,14.5,16.171046726536368,17,,,2,True,00-0036275,2026-10-11T17:00:00Z,"[{""w"": ""W4"", ""opp"": ""NYJ"", ""v"": 16.0}, {""w"": ""W3"", ""opp"": ""PHI"", ""v"": 4.0}, {""w"": ""W2"", ""opp"": ""MIN"", ""v"": 54.0}, {""w"": ""W1"", ""opp"": ""CAR"", ""v"": 10.0}, {""w"": ""25W18"", ""opp"": ""DET"", ""v"": 8.0}, {""w"": ""25W17"", ""opp"": ""SF"", ""v"": 25.0}]",Under,0.5993093020283655,0.510638598873893,0.542043074607559,1.85,draftkings,0.0027796880239841504,0.0008175553011718088,0.08867070315447256,
Mike Evans,WR,SF,SEA,player_reception_yds,49.5,48.41509917249758,12,,,2,True,00-0031408,2026-10-11T20:25:00Z,"[{""w"": ""W4"", ""opp"": ""DEN"", ""v"": 76.0}, {""w"": ""W3"", ""opp"": ""ARI"", ""v"": 34.0}, {""w"": ""W2"", ""opp"": ""MIA"", ""v"": 54.0}, {""w"": ""W1"", ""opp"": ""LA"", ""v"": 49.0}, {""w"": ""25W18"", ""opp"": ""CAR"", ""v"": 34.0}, {""w"": ""25W17"", ""opp"": ""MIA"", ""v"": 31.0}]",Under,0.6006685971740486,0.5006666666666666,0.5360924726867584,1.87,betmgm,0.0024929239242382772,0.0007163574494937578,0.10000193050738204,
Colston Loveland,TE,CHI,GB,player_reception_yds,38.5,38.56082519469403,17,,,1,True,00-0040126,2026-10-11T17:00:00Z,"[{""w"": ""W4"", ""opp"": ""NYJ"", ""v"": 57.0}, {""w"": ""W3"", ""opp"": ""PHI"", ""v"": 31.0}, {""w"": ""W2"", ""opp"": ""MIN"", ""v"": 3.0}, {""w"": ""W1"", ""opp"": ""CAR"", ""v"": 0.0}, {""w"": ""25W18"", ""opp"": ""DET"", ""v"": 91.0}, {""w"": ""25W17"", ""opp"": ""SF"", ""v"": 94.0}]",Under,0.6054003088460116,0.5066666666666666,0.5416881685957777,1.85,betmgm,0.0021231119021888345,0.000624444677114363,0.098733642179345,
Matthew Stafford,QB,LA,BUF,player_pass_yds,282.5,328.5199119074335,17,,,1,True,00-0026498,2026-10-13T00:15:00Z,"[{""w"": ""W4"", ""opp"": ""PHI"", ""v"": 317.0}, {""w"": ""W3"", ""opp"": ""DEN"", ""v"": 390.0}, {""w"": ""W2"", ""opp"": ""NYG"", ""v"": 327.0}, {""w"": ""W1"", ""opp"": ""SF"", ""v"": 155.0}, {""w"": ""25W18"", ""opp"": ""ARI"", ""v"": 259.0}, {""w"": ""25W17"", ""opp"": ""ATL"", ""v"": 269.0}]",Over,0.5990364070052014,0.5053191489361702,0.538508195229903,1.86,betonlineag,0.001625243127619691,0.00047245439756386364,0.0937172580690312,
Jared Goff,QB,DET,ARI,player_pass_yds,282.5,324.9867757027896,17,,,1,True,00-0033106,2026-10-11T20:25:00Z,"[{""w"": ""W4"", ""opp"": ""CAR"", ""v"": 412.0}, {""w"": ""W3"", ""opp"": ""NYJ"", ""v"": 269.0}, {""w"": ""W2"", ""opp"": ""BUF"", ""v"": 327.0}, {""w"": ""W1"", ""opp"": ""NO"", ""v"": 206.0}, {""w"": ""25W18"", ""opp"": ""CHI"", ""v"": 331.0}, {""w"": ""25W17"", ""opp"": ""MIN"", ""v"": 197.0}]",Over,0.6000164923224169,0.5,0.535424757326727,1.87,betrivers,0.0012442962009795444,0.00035755637959182307,0.10001649232241694,
George Pickens,WR,DAL,TB,player_reception_yds,60.5,62.11475151752265,17,,,2,True,00-0037247,2026-10-09T00:15:00Z,"[{""w"": ""W4"", ""opp"": ""HOU"", ""v"": 75.0}, {""w"": ""W3"", ""opp"": ""BAL"", ""v"": 82.0}, {""w"": ""W2"", ""opp"": ""WAS"", ""v"": 40.0}, {""w"": ""W1"", ""opp"": ""NYG"", ""v"": 28.0}, {""w"": ""25W18"", ""opp"": ""NYG"", ""v"": 9.0}, {""w"": ""25W17"", ""opp"": ""WAS"", ""v"": 78.0}]",Under,0.5775422024228586,0.4986772486772486,0.5264759692993228,1.9,draftkings,0.0003043416687133482,8.453935242037451e-05,0.07886495374560998,
Kayshon Boutte,WR,HOU,TEN,player_receptions,2.5,1.9909109936694207,17,,,2,True,00-0038608,2026-10-11T17:00:00Z,"[{""w"": ""W4"", ""opp"": ""DAL"", ""v"": 3.0}, {""w"": ""W3"", ""opp"": ""IND"", ""v"": 2.0}, {""w"": ""W2"", ""opp"": ""CIN"", ""v"": 3.0}, {""w"": ""W1"", ""opp"": ""BUF"", ""v"": 1.0}, {""w"": ""25W18"", ""opp"": ""MIA"", ""v"": 2.0}, {""w"": ""25W16"", ""opp"": ""BAL"", ""v"": 1.0}]",Under,0.6791364029323097,0.5823643410852714,0.6174050684164201,1.62,draftkings,0.0001962108346005853,7.911727201636503e-05,0.09677206184703835,
George Pickens,WR,DAL,TB,player_reception_yds,61.5,62.11475151752265,17,,,2,True,00-0037247,2026-10-09T00:15:00Z,"[{""w"": ""W4"", ""opp"": ""HOU"", ""v"": 75.0}, {""w"": ""W3"", ""opp"": ""BAL"", ""v"": 82.0}, {""w"": ""W2"", ""opp"": ""WAS"", ""v"": 40.0}, {""w"": ""W1"", ""opp"": ""NYG"", ""v"": 28.0}, {""w"": ""25W18"", ""opp"": ""NYG"", ""v"": 9.0}, {""w"": ""25W17"", ""opp"": ""WAS"", ""v"": 78.0}]",Under,0.5866106032094511,0.5020107238605898,0.5318861288333521,1.88,fanduel,-5.4077793298190624e-05,0.0,0.08459987934886137,
Cam Skattebo,RB,NYG,WAS,player_receptions,2.5,2.15090794910265,12,,,4,True,00-0040715,2026-10-11T17:00:00Z,"[{""w"": ""W4"", ""opp"": ""ARI"", ""v"": 1.0}, {""w"": ""W3"", ""opp"": ""TEN"", ""v"": 3.0}, {""w"": ""W2"", ""opp"": ""LA"", ""v"": 4.0}, {""w"": ""W1"", ""opp"": ""DAL"", ""v"": 0.0}, {""w"": ""25W8"", ""opp"": ""PHI"", ""v"": 1.0}, {""w"": ""25W7"", ""opp"": ""DEN"", ""v"": 3.0}]",Under,0.6428303091669739,0.591026239488754,0.6094546743268727,1.64,betonlineag,-0.0004943341039287952,0.0,0.05180406967821993,
Isaiah Likely,TE,NYG,WAS,player_reception_yds,41.5,42.25087320974704,16,,,4,True,00-0037838,2026-10-11T17:00:00Z,"[{""w"": ""W4"", ""opp"": ""ARI"", ""v"": 66.0}, {""w"": ""W3"", ""opp"": ""TEN"", ""v"": 13.0}, {""w"": ""W2"", ""opp"": ""LA"", ""v"": 33.0}, {""w"": ""W1"", ""opp"": ""DAL"", ""v"": 78.0}, {""w"": ""25W18"", ""opp"": ""PIT"", ""v"": 32.0}, {""w"": ""25W17"", ""opp"": ""GB"", ""v"": 27.0}]",Under,0.5869420173486483,0.5013227513227513,0.5315598576191316,1.88,betonlineag,-0.0006674676760326514,0.0,0.08561926602589698,
Jordan Love,QB,GB,CHI,player_rush_yds,6.5,8.362162673191087,17,,,1,True,00-0036264,2026-10-11T17:00:00Z,"[{""w"": ""W4"", ""opp"": ""TB"", ""v"": -8.0}, {""w"": ""W3"", ""opp"": ""ATL"", ""v"": 0.0}, {""w"": ""W2"", ""opp"": ""NYJ"", ""v"": 0.0}, {""w"": ""W1"", ""opp"": ""MIN"", ""v"": 0.0}, {""w"": ""25W16"", ""opp"": ""CHI"", ""v"": 7.0}, {""w"": ""25W15"", ""opp"": ""DEN"", ""v"": 29.0}]",Under,0.5892227243711448,0.5,0.5315240257875864,1.88,fanduel,-0.0007348315193376198,0.0,0.08922272437114476,
Brock Purdy,QB,SF,SEA,player_pass_yds,222.5,214.32534902798582,13,,,2,True,00-0037834,2026-10-11T20:25:00Z,"[{""w"": ""W4"", ""opp"": ""DEN"", ""v"": 218.0}, {""w"": ""W3"", ""opp"": ""ARI"", ""v"": 297.0}, {""w"": ""W2"", ""opp"": ""MIA"", ""v"": 287.0}, {""w"": ""W1"", ""opp"": ""LA"", ""v"": 205.0}, {""w"": ""25W18"", ""opp"": ""SEA"", ""v"": 127.0}, {""w"": ""25W17"", ""opp"": ""CHI"", ""v"": 303.0}]",Under,0.5891588223979318,0.5,0.5315010167912253,1.88,betonlineag,-0.0007780884324964932,0.0,0.08915882239793183,
Jared Goff,QB,DET,ARI,player_pass_yds,283.5,324.9867757027896,17,,,1,True,00-0033106,2026-10-11T20:25:00Z,"[{""w"": ""W4"", ""opp"": ""CAR"", ""v"": 412.0}, {""w"": ""W3"", ""opp"": ""NYJ"", ""v"": 269.0}, {""w"": ""W2"", ""opp"": ""BUF"", ""v"": 327.0}, {""w"": ""W1"", ""opp"": ""NO"", ""v"": 206.0}, {""w"": ""25W18"", ""opp"": ""CHI"", ""v"": 331.0}, {""w"": ""25W17"", ""opp"": ""MIN"", ""v"": 197.0}]",Over,0.5964396038414922,0.5,0.534128882763773,1.87,betmgm,-0.0011789892317444206,0.0,0.0964396038414922,
Christian Watson,WR,GB,CHI,player_reception_yds,61.5,62.88372235815713,14,,,3,True,00-0038124,2026-10-11T17:00:00Z,"[{""w"": ""W4"", ""opp"": ""TB"", ""v"": 47.0}, {""w"": ""W3"", ""opp"": ""ATL"", ""v"": 96.0}, {""w"": ""W2"", ""opp"": ""NYJ"", ""v"": 41.0}, {""w"": ""W1"", ""opp"": ""MIN"", ""v"": 147.0}, {""w"": ""25W17"", ""opp"": ""BAL"", ""v"": 113.0}, {""w"": ""25W16"", ""opp"": ""CHI"", ""v"": 17.0}]",Under,0.5837178551967892,0.5026455026455026,0.5312585403830984,1.88,draftkings,-0.0012339440797750623,0.0,0.08107235255128664,
Luther Burden III,WR,CHI,GB,player_receptions,4.5,4.354629480126622,17,,,6,True,00-0040735,2026-10-11T17:00:00Z,"[{""w"": ""W4"", ""opp"": ""NYJ"", ""v"": 4.0}, {""w"": ""W3"", ""opp"": ""PHI"", ""v"": 7.0}, {""w"": ""W2"", ""opp"": ""MIN"", ""v"": 3.0}, {""w"": ""W1"", ""opp"": ""CAR"", ""v"": 5.0}, {""w"": ""25W18"", ""opp"": ""DET"", ""v"": 3.0}, {""w"": ""25W17"", ""opp"": ""SF"", ""v"": 8.0}]",Under,0.5626491279934541,0.48069148936170225,0.509485123455548,1.96,fanduel,-0.0014091580271259896,0.0,0.08195763863175187,
Brock Purdy,QB,SF,SEA,player_pass_yds,219.5,214.32534902798582,13,,,2,True,00-0037834,2026-10-11T20:25:00Z,"[{""w"": ""W4"", ""opp"": ""DEN"", ""v"": 218.0}, {""w"": ""W3"", ""opp"": ""ARI"", ""v"": 297.0}, {""w"": ""W2"", ""opp"": ""MIA"", ""v"": 287.0}, {""w"": ""W1"", ""opp"": ""LA"", ""v"": 205.0}, {""w"": ""25W18"", ""opp"": ""SEA"", ""v"": 127.0}, {""w"": ""25W17"", ""opp"": ""CHI"", ""v"": 303.0}]",Under,0.5748928767554318,0.4986772486772486,0.5255292117026467,1.9,draftkings,-0.001494497764971403,0.0,0.07621562807818316,
Marvin Harrison Jr.,WR,ARI,DET,player_reception_yds,35.5,36.790675993050996,16,,,1,True,00-0039849,2026-10-11T20:25:00Z,"[{""w"": ""W4"", ""opp"": ""NYG"", ""v"": 12.0}, {""w"": ""W3"", ""opp"": ""SF"", ""v"": 40.0}, {""w"": ""W2"", ""opp"": ""SEA"", ""v"": 0.0}, {""w"": ""W1"", ""opp"": ""LAC"", ""v"": 33.0}, {""w"": ""25W17"", ""opp"": ""CIN"", ""v"": 0.0}, {""w"": ""25W16"", ""opp"": ""ATL"", ""v"": 14.0}]",Under,0.59575508826416,0.5,0.5338812636706451,1.87,betrivers,-0.0016420369358935427,0.0,0.09575508826416002,
Bucky Irving,RB,TB,DAL,player_reception_yds,14.5,17.092400208763898,14,,,1,True,00-0039361,2026-10-09T00:15:00Z,"[{""w"": ""W4"", ""opp"": ""GB"", ""v"": 0.0}, {""w"": ""W3"", ""opp"": ""MIN"", ""v"": 12.0}, {""w"": ""W2"", ""opp"": ""CLE"", ""v"": 1.0}, {""w"": ""W1"", ""opp"": ""CIN"", ""v"": 48.0}, {""w"": ""25W18"", ""opp"": ""CAR"", ""v"": 13.0}, {""w"": ""25W17"", ""opp"": ""MIA"", ""v"": 14.0}]",Under,0.5949288539146702,0.4959785522788204,0.5309794403104263,1.88,betrivers,-0.001758652216398593,0.0,0.09895030163584984,
Drake Maye,QB,NE,LV,player_pass_yds,231.5,221.69974934467868,17,,,1,True,00-0039851,2026-10-11T17:00:00Z,"[{""w"": ""W4"", ""opp"": ""BUF"", ""v"": 269.0}, {""w"": ""W3"", ""opp"": ""JAX"", ""v"": 199.0}, {""w"": ""W2"", ""opp"": ""PIT"", ""v"": 208.0}, {""w"": ""W1"", ""opp"": ""SEA"", ""v"": 178.0}, {""w"": ""25W18"", ""opp"": ""MIA"", ""v"": 191.0}, {""w"": ""25W17"", ""opp"": ""NYJ"", ""v"": 256.0}]",Under,0.5952139809618702,0.5,0.53368560519775,1.87,betmgm,-0.0020079182802074658,0.0,0.09521398096187017,
Aaron Rodgers,QB,PIT,IND,player_pass_yds,224.5,255.2514991830369,17,,,2,True,00-0023459,2026-10-11T17:00:00Z,"[{""w"": ""W4"", ""opp"": ""CLE"", ""v"": 299.0}, {""w"": ""W3"", ""opp"": ""CIN"", ""v"": 292.0}, {""w"": ""W2"", ""opp"": ""NE"", ""v"": 187.0}, {""w"": ""W1"", ""opp"": ""ATL"", ""v"": 221.0}, {""w"": ""25W18"", ""opp"": ""BAL"", ""v"": 294.0}, {""w"": ""25W17"", ""opp"": ""CLE"", ""v"": 168.0}]",Over,0.5906843593778506,0.49798927613941024,0.5307487509062133,1.88,betonlineag,-0.0021923482963190355,0.0,0.09269508323844033,
Malachi Fields,WR,NYG,WAS,player_receptions,2.5,2.2187529144611844,4,,,5,True,00-0041042,2026-10-11T17:00:00Z,"[{""w"": ""W4"", ""opp"": ""ARI"", ""v"": 2.0}, {""w"": ""W3"", ""opp"": ""TEN"", ""v"": 2.0}, {""w"": ""W2"", ""opp"": ""LA"", ""v"": 2.0}, {""w"": ""W1"", ""opp"": ""DAL"", ""v"": 2.0}]",Under,0.6176926078081595,0.580906081052764,0.5939066799209085,1.68,betonlineag,-0.0022367777328737293,0.0,0.03678652675539551,
Quinshon Judkins,RB,CLE,NYJ,player_rush_yds,58.5,56.555990437114716,17,,,1,True,00-0040784,2026-10-11T17:00:00Z,"[{""w"": ""W4"", ""opp"": ""PIT"", ""v"": 53.0}, {""w"": ""W3"", ""opp"": ""CAR"", ""v"": 70.0}, {""w"": ""W2"", ""opp"": ""TB"", ""v"": 21.0}, {""w"": ""W1"", ""opp"": ""JAX"", ""v"": 33.0}, {""w"": ""25W16"", ""opp"": ""BUF"", ""v"": 22.0}, {""w"": ""25W15"", ""opp"": ""CHI"", ""v"": 21.0}]",Under,0.5989035479349472,0.5066666666666666,0.5393307966165072,1.85,betmgm,-0.0022380262594616784,0.0,0.09223688126828056,
Jalen Hurts,QB,PHI,JAX,player_pass_yds,190.5,185.03476280675878,17,,,2,True,00-0036389,2026-10-11T13:30:00Z,"[{""w"": ""W4"", ""opp"": ""LA"", ""v"": 93.0}, {""w"": ""W3"", ""opp"": ""CHI"", ""v"": 153.0}, {""w"": ""W2"", ""opp"": ""TEN"", ""v"": 264.0}, {""w"": ""W1"", ""opp"": ""WAS"", ""v"": 203.0}, {""w"": ""25W17"", ""opp"": ""BUF"", ""v"": 110.0}, {""w"": ""25W16"", ""opp"": ""WAS"", ""v"": 185.0}]",Under,0.5829650581228376,0.5013227513227513,0.5301319917504064,1.88,draftkings,-0.003351855509236057,0.0,0.08164230680008633,
Aaron Rodgers,QB,PIT,IND,player_pass_yds,226.5,255.2514991830369,17,,,1,True,00-0023459,2026-10-11T17:00:00Z,"[{""w"": ""W4"", ""opp"": ""CLE"", ""v"": 299.0}, {""w"": ""W3"", ""opp"": ""CIN"", ""v"": 292.0}, {""w"": ""W2"", ""opp"": ""NE"", ""v"": 187.0}, {""w"": ""W1"", ""opp"": ""ATL"", ""v"": 221.0}, {""w"": ""25W18"", ""opp"": ""BAL"", ""v"": 294.0}, {""w"": ""25W17"", ""opp"": ""CLE"", ""v"": 168.0}]",Over,0.5814678774274682,0.48930481283422456,0.5218034143912126,1.91,betmgm,-0.0033554785127839493,0.0,0.09216306459324364,
Cam Skattebo,RB,NYG,WAS,player_rush_yds,58.5,58.04643894374816,12,,,1,True,00-0040715,2026-10-11T17:00:00Z,"[{""w"": ""W4"", ""opp"": ""ARI"", ""v"": 58.0}, {""w"": ""W3"", ""opp"": ""TEN"", ""v"": 60.0}, {""w"": ""W2"", ""opp"": ""LA"", ""v"": 36.0}, {""w"": ""W1"", ""opp"": ""DAL"", ""v"": 81.0}, {""w"": ""25W8"", ""opp"": ""PHI"", ""v"": 12.0}, {""w"": ""25W7"", ""opp"": ""DEN"", ""v"": 60.0}]",Under,0.5773715407271509,0.5039577836411608,0.5298364692244687,1.88,draftkings,-0.003907437857998908,0.0,0.07341375708599007,
Matthew Stafford,QB,LA,BUF,player_pass_yds,284.5,328.5199119074335,17,,,1,True,00-0026498,2026-10-13T00:15:00Z,"[{""w"": ""W4"", ""opp"": ""PHI"", ""v"": 317.0}, {""w"": ""W3"", ""opp"": ""DEN"", ""v"": 390.0}, {""w"": ""W2"", ""opp"": ""NYG"", ""v"": 327.0}, {""w"": ""W1"", ""opp"": ""SF"", ""v"": 155.0}, {""w"": ""25W18"", ""opp"": ""ARI"", ""v"": 259.0}, {""w"": ""25W17"", ""opp"": ""ATL"", ""v"": 269.0}]",Over,0.5923171161627853,0.5,0.5326393656397808,1.87,betmgm,-0.003964386253609897,0.0,0.09231711616278526,
Nico Collins,WR,HOU,TEN,player_reception_yds,75.5,73.73896454453674,17,,,1,True,00-0036554,2026-10-11T17:00:00Z,"[{""w"": ""W4"", ""opp"": ""DAL"", ""v"": 118.0}, {""w"": ""W1"", ""opp"": ""BUF"", ""v"": 75.0}, {""w"": ""25W17"", ""opp"": ""LAC"", ""v"": 57.0}, {""w"": ""25W16"", ""opp"": ""LV"", ""v"": 59.0}, {""w"": ""25W15"", ""opp"": ""ARI"", ""v"": 85.0}, {""w"": ""25W14"", ""opp"": ""KC"", ""v"": 121.0}]",Under,0.5919384336001613,0.5,0.5325027510856328,1.87,betmgm,-0.004219855469866529,0.0,0.0919384336001613,
Kyle Pitts,TE,ATL,BAL,player_receptions,2.5,2.9497091932269304,17,,,6,True,00-0036970,2026-10-12T00:20:00Z,"[{""w"": ""W4"", ""opp"": ""NO"", ""v"": 3.0}, {""w"": ""W3"", ""opp"": ""GB"", ""v"": 1.0}, {""w"": ""W2"", ""opp"": ""CAR"", ""v"": 1.0}, {""w"": ""W1"", ""opp"": ""PIT"", ""v"": 0.0}, {""w"": ""25W18"", ""opp"": ""NO"", ""v"": 6.0}, {""w"": ""25W17"", ""opp"": ""LA"", ""v"": 2.0}]",Over,0.48121789726440933,0.4501329787234043,0.4609809867493577,2.16,betrivers,-0.0042810686213872184,0.0,0.031084918541005035,
Bo Nix,QB,DEN,LAC,player_rush_yds,14.5,16.185857972215043,17,,,4,True,00-0039732,2026-10-11T20:05:00Z,"[{""w"": ""W4"", ""opp"": ""SF"", ""v"": 10.0}, {""w"": ""W3"", ""opp"": ""LA"", ""v"": 7.0}, {""w"": ""W2"", ""opp"": ""JAX"", ""v"": 6.0}, {""w"": ""W1"", ""opp"": ""KC"", ""v"": 2.0}, {""w"": ""25W18"", ""opp"": ""LAC"", ""v"": 49.0}, {""w"": ""25W17"", ""opp"": ""KC"", ""v"": 42.0}]",Under,0.571732736112942,0.5066207925250478,0.5295501561890658,1.88,fanduel,-0.004445706364556434,0.0,0.06511194358789418,
Skyy Moore,WR,GB,CHI,player_reception_yds,12.5,13.89111241192303,17,,,1,True,00-0038090,2026-10-11T17:00:00Z,"[{""w"": ""W4"", ""opp"": ""TB"", ""v"": -2.0}, {""w"": ""W3"", ""opp"": ""ATL"", ""v"": 31.0}, {""w"": ""W2"", ""opp"": ""NYJ"", ""v"": 6.0}, {""w"": ""W1"", ""opp"": ""MIN"", ""v"": 0.0}, {""w"": ""25W18"", ""opp"": ""SEA"", ""v"": 0.0}, {""w"": ""25W17"", ""opp"": ""CHI"", ""v"": 0.0}]",Under,0.5834155892304302,0.5,0.5294368522703446,1.88,fanduel,-0.004658717731752138,0.0,0.08341558923043024,
C.J. Stroud,QB,HOU,TEN,player_pass_yds,241.5,236.09097702256665,17,,,2,True,00-0039163,2026-10-11T17:00:00Z,"[{""w"": ""W4"", ""opp"": ""DAL"", ""v"": 347.0}, {""w"": ""W3"", ""opp"": ""IND"", ""v"": 167.0}, {""w"": ""W2"", ""opp"": ""CIN"", ""v"": 353.0}, {""w"": ""W1"", ""opp"": ""BUF"", ""v"": 274.0}, {""w"": ""25W18"", ""opp"": ""IND"", ""v"": 169.0}, {""w"": ""25W17"", ""opp"": ""LAC"", ""v"": 244.0}]",Under,0.5755230921810528,0.5,0.5266117320578089,1.89,draftkings,-0.004703826410741296,0.0,0.0755230921810528,
Pat Freiermuth,TE,PIT,IND,player_receptions,3.5,3.1772616313558157,17,,,5,True,00-0036894,2026-10-11T17:00:00Z,"[{""w"": ""W4"", ""opp"": ""CLE"", ""v"": 3.0}, {""w"": ""W3"", ""opp"": ""CIN"", ""v"": 2.0}, {""w"": ""W2"", ""opp"": ""NE"", ""v"": 4.0}, {""w"": ""W1"", ""opp"": ""ATL"", ""v"": 5.0}, {""w"": ""25W18"", ""opp"": ""BAL"", ""v"": 3.0}, {""w"": ""25W17"", ""opp"": ""CLE"", ""v"": 3.0}]",Under,0.6075870946422572,0.5373369112612196,0.5622430380268577,1.77,bovada,-0.004829822692461849,0.0,0.07025018338103761,
Dalton Schultz,TE,HOU,TEN,player_reception_yds,38.5,41.6521080936423,17,,,1,True,00-0034383,2026-10-11T17:00:00Z,"[{""w"": ""W4"", ""opp"": ""DAL"", ""v"": 9.0}, {""w"": ""W3"", ""opp"": ""IND"", ""v"": 30.0}, {""w"": ""W2"", ""opp"": ""CIN"", ""v"": 140.0}, {""w"": ""W1"", ""opp"": ""BUF"", ""v"": 35.0}, {""w"": ""25W18"", ""opp"": ""IND"", ""v"": 73.0}, {""w"": ""25W17"", ""opp"": ""LAC"", ""v"": 19.0}]",Under,0.5844864184185146,0.4906166219839143,0.5237388234646466,1.9,betmgm,-0.004896235417171491,0.0,0.09386979643460025,
Marvin Harrison Jr.,WR,ARI,DET,player_reception_yds,34.5,36.790675993050996,16,,,3,True,00-0039849,2026-10-11T20:25:00Z,"[{""w"": ""W4"", ""opp"": ""NYG"", ""v"": 12.0}, {""w"": ""W3"", ""opp"": ""SF"", ""v"": 40.0}, {""w"": ""W2"", ""opp"": ""SEA"", ""v"": 0.0}, {""w"": ""W1"", ""opp"": ""LAC"", ""v"": 33.0}, {""w"": ""25W17"", ""opp"": ""CIN"", ""v"": 0.0}, {""w"": ""25W16"", ""opp"": ""ATL"", ""v"": 14.0}]",Under,0.5830057872765106,0.5,0.5292898447134154,1.88,betonlineag,-0.0049350919387790015,0.0,0.08300578727651065,
D'Andre Swift,RB,CHI,GB,player_reception_yds,13.5,16.171046726536368,17,,,3,True,00-0036275,2026-10-11T17:00:00Z,"[{""w"": ""W4"", ""opp"": ""NYJ"", ""v"": 16.0}, {""w"": ""W3"", ""opp"": ""PHI"", ""v"": 4.0}, {""w"": ""W2"", ""opp"": ""MIN"", ""v"": 54.0}, {""w"": ""W1"", ""opp"": ""CAR"", ""v"": 10.0}, {""w"": ""25W18"", ""opp"": ""DET"", ""v"": 8.0}, {""w"": ""25W17"", ""opp"": ""SF"", ""v"": 25.0}]",Under,0.5744853365940407,0.4959785522788204,0.5236337049781364,1.9,betonlineag,-0.005095960541540823,0.0,0.07850678431522029,
Skyy Moore,WR,GB,CHI,player_receptions,1.5,1.1945981217507573,17,,,1,True,00-0038090,2026-10-11T17:00:00Z,"[{""w"": ""W4"", ""opp"": ""TB"", ""v"": 1.0}, {""w"": ""W3"", ""opp"": ""ATL"", ""v"": 3.0}, {""w"": ""W2"", ""opp"": ""NYJ"", ""v"": 2.0}, {""w"": ""W1"", ""opp"": ""MIN"", ""v"": 0.0}, {""w"": ""25W18"", ""opp"": ""SEA"", ""v"": 0.0}, {""w"": ""25W17"", ""opp"": ""CHI"", ""v"": 0.0}]",Under,0.6666351869027755,0.5669291338582678,0.6029131994855866,1.65,fanduel,-0.0051932208487820986,0.0,0.09970605304450764,
Gunnar Helm,TE,TEN,HOU,player_reception_yds,17.5,18.32179940485757,17,,,2,True,00-0040584,2026-10-11T17:00:00Z,"[{""w"": ""W4"", ""opp"": ""BAL"", ""v"": 5.0}, {""w"": ""W3"", ""opp"": ""NYG"", ""v"": 14.0}, {""w"": ""W2"", ""opp"": ""PHI"", ""v"": 13.0}, {""w"": ""W1"", ""opp"": ""NYJ"", ""v"": 28.0}, {""w"": ""25W17"", ""opp"": ""NO"", ""v"": 1.0}, {""w"": ""25W16"", ""opp"": ""KC"", ""v"": 9.0}]",Under,0.5730126319615505,0.5052910052910052,0.529144623309736,1.88,fanduel,-0.005208108177696402,0.0,0.06772162667054527,
Jordan Love,QB,GB,CHI,player_pass_yds,236.5,230.14863724390602,17,,,3,True,00-0036264,2026-10-11T17:00:00Z,"[{""w"": ""W4"", ""opp"": ""TB"", ""v"": 197.0}, {""w"": ""W3"", ""opp"": ""ATL"", ""v"": 312.0}, {""w"": ""W2"", ""opp"": ""NYJ"", ""v"": 145.0}, {""w"": ""W1"", ""opp"": ""MIN"", ""v"": 387.0}, {""w"": ""25W16"", ""opp"": ""CHI"", ""v"": 77.0}, {""w"": ""25W15"", ""opp"": ""DEN"", ""v"": 276.0}]",Under,0.5824028543750802,0.5,0.5290736211086048,1.88,draftkings,-0.0053415923158230405,0.0,0.08240285437508021,
Jonathan Taylor,RB,IND,PIT,player_rush_yds,85.5,85.21759957182266,17,,,2,True,00-0036223,2026-10-11T17:00:00Z,"[{""w"": ""W4"", ""opp"": ""WAS"", ""v"": 95.0}, {""w"": ""W3"", ""opp"": ""HOU"", ""v"": 68.0}, {""w"": ""W2"", ""opp"": ""KC"", ""v"": 92.0}, {""w"": ""W1"", ""opp"": ""BAL"", ""v"": 98.0}, {""w"": ""25W18"", ""opp"": ""HOU"", ""v"": 26.0}, {""w"": ""25W17"", ""opp"": ""JAX"", ""v"": 70.0}]",Under,0.5739538314856157,0.5,0.5260514960962559,1.89,draftkings,-0.005762672378076428,0.0,0.07395383148561574,
Rome Odunze,WR,CHI,GB,player_reception_yds,38.5,52.272716996151146,16,,,2,True,00-0039919,2026-10-11T17:00:00Z,"[{""w"": ""W4"", ""opp"": ""NYJ"", ""v"": 94.0}, {""w"": ""W3"", ""opp"": ""PHI"", ""v"": 44.0}, {""w"": ""W2"", ""opp"": ""MIN"", ""v"": 43.0}, {""w"": ""W1"", ""opp"": ""CAR"", ""v"": 52.0}, {""w"": ""25W13"", ""opp"": ""PHI"", ""v"": 8.0}, {""w"": ""25W12"", ""opp"": ""PIT"", ""v"": 53.0}]",Over,0.5753401826845922,0.503336869722298,0.5287087797303757,1.88,betrivers,-0.006027494106893794,0.0,0.07200331296229423,
Geno Smith,QB,NYJ,CLE,player_pass_yds,203.5,196.5966131625516,17,,,1,True,00-0030565,2026-10-11T17:00:00Z,"[{""w"": ""W4"", ""opp"": ""CHI"", ""v"": 119.0}, {""w"": ""W3"", ""opp"": ""DET"", ""v"": 321.0}, {""w"": ""W2"", ""opp"": ""GB"", ""v"": 247.0}, {""w"": ""W1"", ""opp"": ""TEN"", ""v"": 215.0}, {""w"": ""25W17"", ""opp"": ""NYG"", ""v"": 176.0}, {""w"": ""25W16"", ""opp"": ""HOU"", ""v"": 201.0}]",Under,0.5884751466716969,0.4959785522788204,0.5286502962137771,1.88,betrivers,-0.006137443118099051,0.0,0.0924965943928765,
Sam Darnold,QB,SEA,SF,player_rush_yds,5.5,8.13701962992414,17,,,1,True,00-0034869,2026-10-11T20:25:00Z,"[{""w"": ""W4"", ""opp"": ""LAC"", ""v"": 6.0}, {""w"": ""W3"", ""opp"": ""WAS"", ""v"": 5.0}, {""w"": ""W1"", ""opp"": ""NE"", ""v"": 0.0}, {""w"": ""25W18"", ""opp"": ""SF"", ""v"": 9.0}, {""w"": ""25W17"", ""opp"": ""CAR"", ""v"": 2.0}, {""w"": ""25W16"", ""opp"": ""LA"", ""v"": 7.0}]",Over,0.5643342530736638,0.48,0.5096343656980583,1.95,betmgm,-0.006212986888786298,0.0,0.08433425307366382,
Christian Watson,WR,GB,CHI,player_reception_yds,60.5,62.88372235815713,14,,,2,True,00-0038124,2026-10-11T17:00:00Z,"[{""w"": ""W4"", ""opp"": ""TB"", ""v"": 47.0}, {""w"": ""W3"", ""opp"": ""ATL"", ""v"": 96.0}, {""w"": ""W2"", ""opp"": ""NYJ"", ""v"": 41.0}, {""w"": ""W1"", ""opp"": ""MIN"", ""v"": 147.0}, {""w"": ""25W17"", ""opp"": ""BAL"", ""v"": 113.0}, {""w"": ""25W16"", ""opp"": ""CHI"", ""v"": 17.0}]",Under,0.5750083808593688,0.49867021276595747,0.525565898015591,1.89,betonlineag,-0.006680452750533139,0.0,0.07633816809341132,
Aaron Jones,RB,MIN,NO,player_reception_yds,18.5,19.81232695254021,16,,,5,True,00-0033293,2026-10-11T17:00:00Z,"[{""w"": ""W4"", ""opp"": ""MIA"", ""v"": 34.0}, {""w"": ""W3"", ""opp"": ""TB"", ""v"": 34.0}, {""w"": ""W2"", ""opp"": ""CHI"", ""v"": 0.0}, {""w"": ""W1"", ""opp"": ""GB"", ""v"": 0.0}, {""w"": ""25W17"", ""opp"": ""DET"", ""v"": 10.0}, {""w"": ""25W16"", ""opp"": ""NYG"", ""v"": 8.0}]",Under,0.5801633010302099,0.5,0.5282711461177382,1.88,betonlineag,-0.006850245298652302,0.0,0.08016330103020985,
Kayshon Boutte,WR,HOU,TEN,player_reception_yds,25.5,26.249203736833284,17,,,2,True,00-0038608,2026-10-11T17:00:00Z,"[{""w"": ""W4"", ""opp"": ""DAL"", ""v"": 36.0}, {""w"": ""W3"", ""opp"": ""IND"", ""v"": 21.0}, {""w"": ""W2"", ""opp"": ""CIN"", ""v"": 37.0}, {""w"": ""W1"", ""opp"": ""BUF"", ""v"": 21.0}, {""w"": ""25W18"", ""opp"": ""MIA"", ""v"": 24.0}, {""w"": ""25W16"", ""opp"": ""BAL"", ""v"": 16.0}]",Under,0.5769074138055701,0.5013227513227513,0.5279635217053092,1.88,draftkings,-0.007428579194018681,0.0,0.07558466248281881,
Cade Otton,TE,TB,DAL,player_reception_yds,30.5,40.56474487940717,17,,,1,True,00-0038129,2026-10-09T00:15:00Z,"[{""w"": ""W4"", ""opp"": ""GB"", ""v"": 37.0}, {""w"": ""W3"", ""opp"": ""MIN"", ""v"": 56.0}, {""w"": ""W2"", ""opp"": ""CLE"", ""v"": 38.0}, {""w"": ""W1"", ""opp"": ""CIN"", ""v"": 26.0}, {""w"": ""25W18"", ""opp"": ""CAR"", ""v"": 94.0}, {""w"": ""25W17"", ""opp"": ""MIA"", ""v"": 33.0}]",Over,0.5814346478540302,0.4986666666666667,0.5278626717769089,1.88,betrivers,-0.0076181770594112574,0.0,0.0827679811873635,
Gunnar Helm,TE,TEN,HOU,player_reception_yds,18.5,18.32179940485757,17,,,1,True,00-0040584,2026-10-11T17:00:00Z,"[{""w"": ""W4"", ""opp"": ""BAL"", ""v"": 5.0}, {""w"": ""W3"", ""opp"": ""NYG"", ""v"": 14.0}, {""w"": ""W2"", ""opp"": ""PHI"", ""v"": 13.0}, {""w"": ""W1"", ""opp"": ""NYJ"", ""v"": 28.0}, {""w"": ""25W17"", ""opp"": ""NO"", ""v"": 1.0}, {""w"": ""25W16"", ""opp"": ""KC"", ""v"": 9.0}]",Under,0.6020623832536702,0.5093833780160859,0.5422298242295484,1.83,betmgm,-0.007719421659926451,0.0,0.09267900523758432,
Deshaun Watson,QB,CLE,NYJ,player_pass_yds,199.5,192.83718027906298,4,,,1,True,00-0033537,2026-10-11T17:00:00Z,"[{""w"": ""W4"", ""opp"": ""PIT"", ""v"": 268.0}, {""w"": ""W3"", ""opp"": ""CAR"", ""v"": 144.0}, {""w"": ""W2"", ""opp"": ""TB"", ""v"": 238.0}, {""w"": ""W1"", ""opp"": ""JAX"", ""v"": 205.0}]",Under,0.5858143190713632,0.4959785522788204,0.5276928773905405,1.88,betrivers,-0.007937390505783903,0.0,0.08983576679254279,
Dalton Schultz,TE,HOU,TEN,player_reception_yds,36.5,41.6521080936423,17,,,1,True,00-0034383,2026-10-11T17:00:00Z,"[{""w"": ""W4"", ""opp"": ""DAL"", ""v"": 9.0}, {""w"": ""W3"", ""opp"": ""IND"", ""v"": 30.0}, {""w"": ""W2"", ""opp"": ""CIN"", ""v"": 140.0}, {""w"": ""W1"", ""opp"": ""BUF"", ""v"": 35.0}, {""w"": ""25W18"", ""opp"": ""IND"", ""v"": 73.0}, {""w"": ""25W17"", ""opp"": ""LAC"", ""v"": 19.0}]",Under,0.5621557742659742,0.49604221635883905,0.5192854463962925,1.91,draftkings,-0.008164797383081401,0.0,0.06611355790713513,
D'Andre Swift,RB,CHI,GB,player_receptions,2.5,1.9976627388698869,17,,,4,True,00-0036275,2026-10-11T17:00:00Z,"[{""w"": ""W4"", ""opp"": ""NYJ"", ""v"": 2.0}, {""w"": ""W3"", ""opp"": ""PHI"", ""v"": 2.0}, {""w"": ""W2"", ""opp"": ""MIN"", ""v"": 5.0}, {""w"": ""W1"", ""opp"": ""CAR"", ""v"": 1.0}, {""w"": ""25W18"", ""opp"": ""DET"", ""v"": 1.0}, {""w"": ""25W17"", ""opp"": ""SF"", ""v"": 2.0}]",Under,0.6774503080134135,0.6118733138129883,0.6354346423480693,1.56,draftkings,-0.008721957937011804,0.0,0.06557699420042529,
Keaton Mitchell,RB,LAC,DEN,player_rush_yds,28.5,29.076211969222424,17,,,1,True,00-0038454,2026-10-11T20:05:00Z,"[{""w"": ""W4"", ""opp"": ""SEA"", ""v"": 39.0}, {""w"": ""W3"", ""opp"": ""BUF"", ""v"": 52.0}, {""w"": ""W2"", ""opp"": ""LV"", ""v"": 24.0}, {""w"": ""W1"", ""opp"": ""ARI"", ""v"": 9.0}, {""w"": ""25W18"", ""opp"": ""PIT"", ""v"": 2.0}, {""w"": ""25W17"", ""opp"": ""GB"", ""v"": 31.0}]",Under,0.5848805814066829,0.5,0.5299626842301015,1.87,betmgm,-0.008969780489710144,0.0,0.08488058140668286,
Drake Maye,QB,NE,LV,player_pass_yds,227.5,221.69974934467868,17,,,1,True,00-0039851,2026-10-11T17:00:00Z,"[{""w"": ""W4"", ""opp"": ""BUF"", ""v"": 269.0}, {""w"": ""W3"", ""opp"": ""JAX"", ""v"": 199.0}, {""w"": ""W2"", ""opp"": ""PIT"", ""v"": 208.0}, {""w"": ""W1"", ""opp"": ""SEA"", ""v"": 178.0}, {""w"": ""25W18"", ""opp"": ""MIA"", ""v"": 191.0}, {""w"": ""25W17"", ""opp"": ""NYJ"", ""v"": 256.0}]",Under,0.5765287198277161,0.5,0.5269709974351019,1.88,betonlineag,-0.009294524822008488,0.0,0.07652871982771614,
Jahan Dotson,WR,ATL,BAL,player_receptions,1.5,1.8205225718408231,17,,,6,True,00-0037741,2026-10-12T00:20:00Z,"[{""w"": ""W4"", ""opp"": ""NO"", ""v"": 2.0}, {""w"": ""W3"", ""opp"": ""GB"", ""v"": 1.0}, {""w"": ""W2"", ""opp"": ""CAR"", ""v"": 2.0}, {""w"": ""W1"", ""opp"": ""PIT"", ""v"": 1.0}, {""w"": ""25W18"", ""opp"": ""WAS"", ""v"": 3.0}, {""w"": ""25W17"", ""opp"": ""BUF"", ""v"": 0.0}]",Under,0.45677063080523583,0.4405347769028871,0.4462046815695066,2.22,fanduel,-0.009425606915695162,0.0,0.016235853902348718,
Woody Marks,RB,HOU,TEN,player_reception_yds,8.5,10.42294458936893,17,,,2,True,00-0040583,2026-10-11T17:00:00Z,"[{""w"": ""W4"", ""opp"": ""DAL"", ""v"": 0.0}, {""w"": ""W3"", ""opp"": ""IND"", ""v"": 6.0}, {""w"": ""W2"", ""opp"": ""CIN"", ""v"": 27.0}, {""w"": ""W1"", ""opp"": ""BUF"", ""v"": -2.0}, {""w"": ""25W18"", ""opp"": ""IND"", ""v"": 0.0}, {""w"": ""25W17"", ""opp"": ""LAC"", ""v"": 4.0}]",Under,0.573880456009866,0.5013227513227513,0.5268826954545283,1.88,draftkings,-0.0094605325454869,0.0,0.07255770468711475,
Chris Godwin,WR,TB,DAL,player_receptions,3.5,3.539359034628694,13,,,6,True,00-0033921,2026-10-09T00:15:00Z,"[{""w"": ""W4"", ""opp"": ""GB"", ""v"": 6.0}, {""w"": ""W3"", ""opp"": ""MIN"", ""v"": 3.0}, {""w"": ""W2"", ""opp"": ""CLE"", ""v"": 3.0}, {""w"": ""W1"", ""opp"": ""CIN"", ""v"": 4.0}, {""w"": ""25W18"", ""opp"": ""CAR"", ""v"": 1.0}, {""w"": ""25W17"", ""opp"": ""MIA"", ""v"": 7.0}]",Under,0.5326336854876745,0.4867158984806045,0.5028013219841778,1.97,betonlineag,-0.009481395691169736,0.0,0.045917787007070054,
Kalif Raymond,WR,CHI,GB,player_receptions,3.5,3.1292720439461563,17,,,6,True,00-0032464,2026-10-11T17:00:00Z,"[{""w"": ""W4"", ""opp"": ""NYJ"", ""v"": 2.0}, {""w"": ""W3"", ""opp"": ""PHI"", ""v"": 6.0}, {""w"": ""W2"", ""opp"": ""MIN"", ""v"": 5.0}, {""w"": ""W1"", ""opp"": ""CAR"", ""v"": 8.0}, {""w"": ""25W18"", ""opp"": ""CHI"", ""v"": 3.0}, {""w"": ""25W17"", ""opp"": ""MIN"", ""v"": 1.0}]",Under,0.6342805705259705,0.5702422178637718,0.5930442067120338,1.67,betmgm,-0.009616174790903542,0.0,0.0640383526621987,
Courtland Sutton,WR,DEN,LAC,player_reception_yds,39.5,41.25402963992632,17,,,1,True,00-0034348,2026-10-11T20:05:00Z,"[{""w"": ""W4"", ""opp"": ""SF"", ""v"": 4.0}, {""w"": ""W3"", ""opp"": ""LA"", ""v"": 46.0}, {""w"": ""W2"", ""opp"": ""JAX"", ""v"": 25.0}, {""w"": ""W1"", ""opp"": ""KC"", ""v"": 11.0}, {""w"": ""25W18"", ""opp"": ""LAC"", ""v"": 5.0}, {""w"": ""25W17"", ""opp"": ""KC"", ""v"": 40.0}]",Under,0.5834555178355245,0.5,0.5294511777257374,1.87,betmgm,-0.009926297652871119,0.0,0.08345551783552452,
Dak Prescott,QB,DAL,TB,player_rush_yds,9.5,13.525518614830768,17,,,6,True,00-0033077,2026-10-09T00:15:00Z,"[{""w"": ""W4"", ""opp"": ""HOU"", ""v"": 7.0}, {""w"": ""W3"", ""opp"": ""BAL"", ""v"": 19.0}, {""w"": ""W2"", ""opp"": ""WAS"", ""v"": 26.0}, {""w"": ""W1"", ""opp"": ""NYG"", ""v"": 14.0}, {""w"": ""25W18"", ""opp"": ""NYG"", ""v"": -1.0}, {""w"": ""25W17"", ""opp"": ""WAS"", ""v"": 24.0}]",Over,0.556781485983551,0.5059472014820636,0.5238074674068222,1.89,betrivers,-0.010003886601106182,0.0,0.050834284501487415,
Bucky Irving,RB,TB,DAL,player_rush_yds,51.5,60.937884923659915,14,,,4,True,00-0039361,2026-10-09T00:15:00Z,"[{""w"": ""W4"", ""opp"": ""GB"", ""v"": 61.0}, {""w"": ""W3"", ""opp"": ""MIN"", ""v"": 46.0}, {""w"": ""W2"", ""opp"": ""CLE"", ""v"": 89.0}, {""w"": ""W1"", ""opp"": ""CIN"", ""v"": 45.0}, {""w"": ""25W18"", ""opp"": ""CAR"", ""v"": 85.0}, {""w"": ""25W17"", ""opp"": ""MIA"", ""v"": 19.0}]",Over,0.5666321827040812,0.5046279402683432,0.5264443598546134,1.88,fanduel,-0.010284603473326936,0.0,0.06200424243573799,
Aaron Jones,RB,MIN,NO,player_rush_yds,72.5,72.81124816870614,16,,,2,True,00-0033293,2026-10-11T17:00:00Z,"[{""w"": ""W4"", ""opp"": ""MIA"", ""v"": 94.0}, {""w"": ""W3"", ""opp"": ""TB"", ""v"": 58.0}, {""w"": ""W2"", ""opp"": ""CHI"", ""v"": 105.0}, {""w"": ""W1"", ""opp"": ""GB"", ""v"": 40.0}, {""w"": ""25W17"", ""opp"": ""DET"", ""v"": 53.0}, {""w"": ""25W16"", ""opp"": ""NYG"", ""v"": 85.0}]",Under,0.5708767978409278,0.5020107238605898,0.5262578675270804,1.88,fanduel,-0.010635209049088934,0.0,0.06886607398033806,
Jonathan Taylor,RB,IND,PIT,player_rush_yds,86.5,85.21759957182266,17,,,1,True,00-0036223,2026-10-11T17:00:00Z,"[{""w"": ""W4"", ""opp"": ""WAS"", ""v"": 95.0}, {""w"": ""W3"", ""opp"": ""HOU"", ""v"": 68.0}, {""w"": ""W2"", ""opp"": ""KC"", ""v"": 92.0}, {""w"": ""W1"", ""opp"": ""BAL"", ""v"": 98.0}, {""w"": ""25W18"", ""opp"": ""HOU"", ""v"": 26.0}, {""w"": ""25W17"", ""opp"": ""JAX"", ""v"": 70.0}]",Under,0.5823730376269802,0.5,0.5290629302499906,1.87,betmgm,-0.01065232043251746,0.0,0.08237303762698023,
D'Andre Swift,RB,CHI,GB,player_rush_yds,60.5,73.25816850803986,17,,,3,True,00-0036275,2026-10-11T17:00:00Z,"[{""w"": ""W4"", ""opp"": ""NYJ"", ""v"": 58.0}, {""w"": ""W3"", ""opp"": ""PHI"", ""v"": 84.0}, {""w"": ""W2"", ""opp"": ""MIN"", ""v"": 45.0}, {""w"": ""W1"", ""opp"": ""CAR"", ""v"": 124.0}, {""w"": ""25W18"", ""opp"": ""DET"", ""v"": 40.0}, {""w"": ""25W17"", ""opp"": ""SF"", ""v"": 54.0}]",Over,0.5584607966850854,0.4960422163588391,0.5179749282388915,1.91,draftkings,-0.010667887063717352,0.0,0.06241858032624631,
Kenny Gainwell,RB,TB,DAL,player_reception_yds,12.5,22.119098843693443,17,,,1,True,00-0036919,2026-10-09T00:15:00Z,"[{""w"": ""W4"", ""opp"": ""GB"", ""v"": 22.0}, {""w"": ""W3"", ""opp"": ""MIN"", ""v"": 14.0}, {""w"": ""W2"", ""opp"": ""CLE"", ""v"": 5.0}, {""w"": ""W1"", ""opp"": ""CIN"", ""v"": 3.0}, {""w"": ""25W18"", ""opp"": ""BAL"", ""v"": 64.0}, {""w"": ""25W17"", ""opp"": ""CLE"", ""v"": 12.0}]",Over,0.5810339847496953,0.49193548387096786,0.5233548036565372,1.89,betrivers,-0.010859421089144727,0.0,0.0890985008787274,
Bo Nix,QB,DEN,LAC,player_rush_yds,15.5,16.185857972215043,17,,,1,True,00-0039732,2026-10-11T20:05:00Z,"[{""w"": ""W4"", ""opp"": ""SF"", ""v"": 10.0}, {""w"": ""W3"", ""opp"": ""LA"", ""v"": 7.0}, {""w"": ""W2"", ""opp"": ""JAX"", ""v"": 6.0}, {""w"": ""W1"", ""opp"": ""KC"", ""v"": 2.0}, {""w"": ""25W18"", ""opp"": ""LAC"", ""v"": 49.0}, {""w"": ""25W17"", ""opp"": ""KC"", ""v"": 42.0}]",Under,0.5996678168024486,0.5080645161290321,0.5405105021547271,1.83,betrivers,-0.010865781056849433,0.0,0.09160330067341649,
Isaiah Likely,TE,NYG,WAS,player_reception_yds,40.5,42.25087320974704,16,,,1,True,00-0037838,2026-10-11T17:00:00Z,"[{""w"": ""W4"", ""opp"": ""ARI"", ""v"": 66.0}, {""w"": ""W3"", ""opp"": ""TEN"", ""v"": 13.0}, {""w"": ""W2"", ""opp"": ""LA"", ""v"": 33.0}, {""w"": ""W1"", ""opp"": ""DAL"", ""v"": 78.0}, {""w"": ""25W18"", ""opp"": ""PIT"", ""v"": 32.0}, {""w"": ""25W17"", ""opp"": ""GB"", ""v"": 27.0}]",Under,0.5741066891455626,0.5,0.526106046586623,1.88,fanduel,-0.010920632417148857,0.0,0.07410668914556262,
Bucky Irving,RB,TB,DAL,player_rush_yds,50.5,60.937884923659915,14,,,1,True,00-0039361,2026-10-09T00:15:00Z,"[{""w"": ""W4"", ""opp"": ""GB"", ""v"": 61.0}, {""w"": ""W3"", ""opp"": ""MIN"", ""v"": 46.0}, {""w"": ""W2"", ""opp"": ""CLE"", ""v"": 89.0}, {""w"": ""W1"", ""opp"": ""CIN"", ""v"": 45.0}, {""w"": ""25W18"", ""opp"": ""CAR"", ""v"": 85.0}, {""w"": ""25W17"", ""opp"": ""MIA"", ""v"": 19.0}]",Over,0.5813373444037222,0.4959785522788205,0.5260855491957858,1.88,betrivers,-0.010959167511922774,0.0,0.08535879212490172,
Jaylin Noel,WR,HOU,TEN,player_receptions,1.5,1.6101868646080493,17,,,2,True,00-0040138,2026-10-11T17:00:00Z,"[{""w"": ""W4"", ""opp"": ""DAL"", ""v"": 3.0}, {""w"": ""W3"", ""opp"": ""IND"", ""v"": 2.0}, {""w"": ""W2"", ""opp"": ""CIN"", ""v"": 1.0}, {""w"": ""W1"", ""opp"": ""BUF"", ""v"": 2.0}, {""w"": ""25W18"", ""opp"": ""IND"", ""v"": 1.0}, {""w"": ""25W17"", ""opp"": ""LAC"", ""v"": 3.0}]",Under,0.5216563555837941,0.4576707726763718,0.48001510904027134,2.06,draftkings,-0.011168875377041032,0.0,0.06398558290742229,
Marvin Harrison Jr.,WR,ARI,DET,player_reception_yds,33.5,36.790675993050996,16,,,2,True,00-0039849,2026-10-11T20:25:00Z,"[{""w"": ""W4"", ""opp"": ""NYG"", ""v"": 12.0}, {""w"": ""W3"", ""opp"": ""SF"", ""v"": 40.0}, {""w"": ""W2"", ""opp"": ""SEA"", ""v"": 0.0}, {""w"": ""W1"", ""opp"": ""LAC"", ""v"": 33.0}, {""w"": ""25W17"", ""opp"": ""CIN"", ""v"": 0.0}, {""w"": ""25W16"", ""opp"": ""ATL"", ""v"": 14.0}]",Under,0.5699149278363984,0.5019788918205804,0.5258947040039575,1.88,draftkings,-0.011317956472559842,0.0,0.06793603601581799,
Dalton Schultz,TE,HOU,TEN,player_reception_yds,37.5,41.6521080936423,17,,,1,True,00-0034383,2026-10-11T17:00:00Z,"[{""w"": ""W4"", ""opp"": ""DAL"", ""v"": 9.0}, {""w"": ""W3"", ""opp"": ""IND"", ""v"": 30.0}, {""w"": ""W2"", ""opp"": ""CIN"", ""v"": 140.0}, {""w"": ""W1"", ""opp"": ""BUF"", ""v"": 35.0}, {""w"": ""25W18"", ""opp"": ""IND"", ""v"": 73.0}, {""w"": ""25W17"", ""opp"": ""LAC"", ""v"": 19.0}]",Under,0.5734511085018572,0.5,0.5258721198927376,1.88,fanduel,-0.011360414601653324,0.0,0.07345110850185721,
Darnell Mooney,WR,NYG,WAS,player_reception_yds,17.5,24.95902649377028,17,,,3,True,00-0036309,2026-10-11T17:00:00Z,"[{""w"": ""W4"", ""opp"": ""ARI"", ""v"": 0.0}, {""w"": ""W3"", ""opp"": ""TEN"", ""v"": 20.0}, {""w"": ""W2"", ""opp"": ""LA"", ""v"": 48.0}, {""w"": ""W1"", ""opp"": ""DAL"", ""v"": 27.0}, {""w"": ""25W18"", ""opp"": ""NO"", ""v"": 20.0}, {""w"": ""25W17"", ""opp"": ""LA"", ""v"": 35.0}]",Over,0.5696929227532086,0.5106951871657753,0.5314636625367193,1.86,draftkings,-0.011477587681702095,0.0,0.058997735587433264,
Jordan Love,QB,GB,CHI,player_pass_yds,235.5,230.14863724390602,17,,,2,True,00-0036264,2026-10-11T17:00:00Z,"[{""w"": ""W4"", ""opp"": ""TB"", ""v"": 197.0}, {""w"": ""W3"", ""opp"": ""ATL"", ""v"": 312.0}, {""w"": ""W2"", ""opp"": ""NYJ"", ""v"": 145.0}, {""w"": ""W1"", ""opp"": ""MIN"", ""v"": 387.0}, {""w"": ""25W16"", ""opp"": ""CHI"", ""v"": 77.0}, {""w"": ""25W15"", ""opp"": ""DEN"", ""v"": 276.0}]",Under,0.5785793235130653,0.5013297872340425,0.528565830743368,1.87,betmgm,-0.011581896509901712,0.0,0.07724953627902276,
Courtland Sutton,WR,DEN,LAC,player_receptions,3.5,3.3268834714469033,17,,,6,True,00-0034348,2026-10-11T20:05:00Z,"[{""w"": ""W4"", ""opp"": ""SF"", ""v"": 1.0}, {""w"": ""W3"", ""opp"": ""LA"", ""v"": 3.0}, {""w"": ""W2"", ""opp"": ""JAX"", ""v"": 3.0}, {""w"": ""W1"", ""opp"": ""KC"", ""v"": 2.0}, {""w"": ""25W18"", ""opp"": ""LAC"", ""v"": 1.0}, {""w"": ""25W17"", ""opp"": ""KC"", ""v"": 4.0}]",Under,0.5815936261476486,0.5359967004209807,0.5520643938808897,1.79,draftkings,-0.01180473495320744,0.0,0.04559692572666796,
Rome Odunze,WR,CHI,GB,player_receptions,2.5,3.719428695607524,16,,,1,True,00-0039919,2026-10-11T17:00:00Z,"[{""w"": ""W4"", ""opp"": ""NYJ"", ""v"": 6.0}, {""w"": ""W3"", ""opp"": ""PHI"", ""v"": 3.0}, {""w"": ""W2"", ""opp"": ""MIN"", ""v"": 3.0}, {""w"": ""W1"", ""opp"": ""CAR"", ""v"": 2.0}, {""w"": ""25W13"", ""opp"": ""PHI"", ""v"": 2.0}, {""w"": ""25W12"", ""opp"": ""PIT"", ""v"": 3.0}]",Over,0.6967636787502705,0.6035805626598465,0.6374795237110801,1.55,fanduel,-0.011906738247825843,0.0,0.09318311609042396,
Darnell Washington,TE,PIT,IND,player_receptions,2.5,2.3960017116324535,17,,,5,True,00-0038558,2026-10-11T17:00:00Z,"[{""w"": ""W4"", ""opp"": ""CLE"", ""v"": 3.0}, {""w"": ""W3"", ""opp"": ""CIN"", ""v"": 3.0}, {""w"": ""W2"", ""opp"": ""NE"", ""v"": 1.0}, {""w"": ""W1"", ""opp"": ""ATL"", ""v"": 2.0}, {""w"": ""25W17"", ""opp"": ""CLE"", ""v"": 2.0}, {""w"": ""25W16"", ""opp"": ""DET"", ""v"": 3.0}]",Over,0.42924110618069555,0.42408376963350786,0.42588701716761057,2.32,betrivers,-0.011942120171143489,0.0,0.005157336547187696,
Jeremiyah Love,RB,ARI,DET,player_rush_yds,45.5,58.342885957796156,4,,,2,True,00-0041027,2026-10-11T20:25:00Z,"[{""w"": ""W4"", ""opp"": ""NYG"", ""v"": 63.0}, {""w"": ""W3"", ""opp"": ""SF"", ""v"": 90.0}, {""w"": ""W2"", ""opp"": ""SEA"", ""v"": 29.0}, {""w"": ""W1"", ""opp"": ""LAC"", ""v"": 41.0}]",Over,0.5725417583055309,0.5,0.5255477757074913,1.88,fanduel,-0.011970181669916313,0.0,0.07254175830553089,
Kirk Cousins,QB,LV,NE,player_pass_yds,233.5,230.72299770852962,14,,,2,True,00-0029604,2026-10-11T17:00:00Z,"[{""w"": ""W4"", ""opp"": ""KC"", ""v"": 365.0}, {""w"": ""W3"", ""opp"": ""NO"", ""v"": 248.0}, {""w"": ""W2"", ""opp"": ""LAC"", ""v"": 253.0}, {""w"": ""W1"", ""opp"": ""MIA"", ""v"": 160.0}, {""w"": ""25W18"", ""opp"": ""NO"", ""v"": 180.0}, {""w"": ""25W17"", ""opp"": ""LA"", ""v"": 126.0}]",Under,0.5682097281988467,0.5020107238605898,0.5253085077775562,1.88,fanduel,-0.012420005378194376,0.0,0.06619900433825698,
Jake Ferguson,TE,DAL,TB,player_reception_yds,27.5,28.853082868302256,17,,,3,True,00-0038041,2026-10-09T00:15:00Z,"[{""w"": ""W4"", ""opp"": ""HOU"", ""v"": 11.0}, {""w"": ""W3"", ""opp"": ""BAL"", ""v"": 23.0}, {""w"": ""W2"", ""opp"": ""WAS"", ""v"": 43.0}, {""w"": ""W1"", ""opp"": ""NYG"", ""v"": 6.0}, {""w"": ""25W18"", ""opp"": ""NYG"", ""v"": 5.0}, {""w"": ""25W17"", ""opp"": ""WAS"", ""v"": 6.0}]",Under,0.5718473155381517,0.5,0.525300187350351,1.88,draftkings,-0.012435647781340153,0.0,0.07184731553815171,
Drake Maye,QB,NE,LV,player_pass_yds,226.5,221.69974934467868,17,,,1,True,00-0039851,2026-10-11T17:00:00Z,"[{""w"": ""W4"", ""opp"": ""BUF"", ""v"": 269.0}, {""w"": ""W3"", ""opp"": ""JAX"", ""v"": 199.0}, {""w"": ""W2"", ""opp"": ""PIT"", ""v"": 208.0}, {""w"": ""W1"", ""opp"": ""SEA"", ""v"": 178.0}, {""w"": ""25W18"", ""opp"": ""MIA"", ""v"": 191.0}, {""w"": ""25W17"", ""opp"": ""NYJ"", ""v"": 256.0}]",Under,0.5717942868251542,0.5,0.5252812847711859,1.88,fanduel,-0.012471184630170662,0.0,0.07179428682515421,
C.J. Stroud,QB,HOU,TEN,player_pass_yds,242.5,236.09097702256665,17,,,1,True,00-0039163,2026-10-11T17:00:00Z,"[{""w"": ""W4"", ""opp"": ""DAL"", ""v"": 347.0}, {""w"": ""W3"", ""opp"": ""IND"", ""v"": 167.0}, {""w"": ""W2"", ""opp"": ""CIN"", ""v"": 353.0}, {""w"": ""W1"", ""opp"": ""BUF"", ""v"": 274.0}, {""w"": ""25W18"", ""opp"": ""IND"", ""v"": 169.0}, {""w"": ""25W17"", ""opp"": ""LAC"", ""v"": 244.0}]",Under,0.5795793848030908,0.5,0.5280620893176816,1.87,betmgm,-0.012523892975935313,0.0,0.07957938480309079,
David Montgomery,RB,HOU,TEN,player_reception_yds,8.5,9.382872431316843,17,,,1,True,00-0035685,2026-10-11T17:00:00Z,"[{""w"": ""W4"", ""opp"": ""DAL"", ""v"": 19.0}, {""w"": ""W3"", ""opp"": ""IND"", ""v"": 15.0}, {""w"": ""W2"", ""opp"": ""CIN"", ""v"": 14.0}, {""w"": ""W1"", ""opp"": ""BUF"", ""v"": 19.0}, {""w"": ""25W18"", ""opp"": ""CHI"", ""v"": 13.0}, {""w"": ""25W17"", ""opp"": ""MIN"", ""v"": 15.0}]",Under,0.5679803702904551,0.48930481283422467,0.5169819188058841,1.91,betmgm,-0.012564535080761496,0.0,0.07867555745623045,
Sam LaPorta,TE,DET,ARI,player_reception_yds,50.5,63.3999791483144,13,,,2,True,00-0039065,2026-10-11T20:25:00Z,"[{""w"": ""W4"", ""opp"": ""CAR"", ""v"": 84.0}, {""w"": ""W3"", ""opp"": ""NYJ"", ""v"": 44.0}, {""w"": ""W2"", ""opp"": ""BUF"", ""v"": 52.0}, {""w"": ""W1"", ""opp"": ""NO"", ""v"": 48.0}, {""w"": ""25W10"", ""opp"": ""WAS"", ""v"": 53.0}, {""w"": ""25W9"", ""opp"": ""MIN"", ""v"": 97.0}]",Over,0.5674813026407362,0.5019788918205805,0.5250287959963722,1.88,draftkings,-0.012945863526820256,0.0,0.06550241082015562,
Tyjae Spears,RB,TEN,HOU,player_reception_yds,9.5,11.478611302024385,17,,,1,True,00-0039032,2026-10-11T17:00:00Z,"[{""w"": ""W4"", ""opp"": ""BAL"", ""v"": -1.0}, {""w"": ""W3"", ""opp"": ""NYG"", ""v"": 0.0}, {""w"": ""W2"", ""opp"": ""PHI"", ""v"": 29.0}, {""w"": ""W1"", ""opp"": ""NYJ"", ""v"": 12.0}, {""w"": ""25W18"", ""opp"": ""JAX"", ""v"": 9.0}, {""w"": ""25W17"", ""opp"": ""NO"", ""v"": -1.0}]",Under,0.5709381568830736,0.5,0.5249761803125048,1.88,fanduel,-0.013044781012491014,0.0,0.07093815688307359,
Jordan Love,QB,GB,CHI,player_pass_yds,233.5,230.14863724390602,17,,,1,True,00-0036264,2026-10-11T17:00:00Z,"[{""w"": ""W4"", ""opp"": ""TB"", ""v"": 197.0}, {""w"": ""W3"", ""opp"": ""ATL"", ""v"": 312.0}, {""w"": ""W2"", ""opp"": ""NYJ"", ""v"": 145.0}, {""w"": ""W1"", ""opp"": ""MIN"", ""v"": 387.0}, {""w"": ""25W16"", ""opp"": ""CHI"", ""v"": 77.0}, {""w"": ""25W15"", ""opp"": ""DEN"", ""v"": 276.0}]",Under,0.570877638446468,0.5,0.5249546180118733,1.88,fanduel,-0.013085318137678326,0.0,0.070877638446468,
Denzel Boston,WR,CLE,NYJ,player_reception_yds,47.5,50.08629186774511,4,,,3,True,00-0041037,2026-10-11T17:00:00Z,"[{""w"": ""W4"", ""opp"": ""PIT"", ""v"": 89.0}, {""w"": ""W3"", ""opp"": ""CAR"", ""v"": 41.0}, {""w"": ""W2"", ""opp"": ""TB"", ""v"": 95.0}, {""w"": ""W1"", ""opp"": ""JAX"", ""v"": 59.0}]",Under,0.5704159528618691,0.5,0.524790144375358,1.88,betonlineag,-0.013394528574327047,0.0,0.07041595286186908,
KC Concepcion,WR,CLE,NYJ,player_reception_yds,41.5,44.09480559680307,4,,,3,True,00-0041547,2026-10-11T17:00:00Z,"[{""w"": ""W4"", ""opp"": ""PIT"", ""v"": 64.0}, {""w"": ""W3"", ""opp"": ""CAR"", ""v"": 9.0}, {""w"": ""W2"", ""opp"": ""TB"", ""v"": 28.0}, {""w"": ""W1"", ""opp"": ""JAX"", ""v"": 43.0}]",Under,0.5660511259198777,0.5065963060686016,0.5275138228956494,1.87,betmgm,-0.013549151185135555,0.0,0.0594548198512761,
Kyle Pitts,TE,ATL,BAL,player_receptions,2.5,2.9497091932269304,17,,,6,True,00-0036970,2026-10-12T00:20:00Z,"[{""w"": ""W4"", ""opp"": ""NO"", ""v"": 3.0}, {""w"": ""W3"", ""opp"": ""GB"", ""v"": 1.0}, {""w"": ""W2"", ""opp"": ""CAR"", ""v"": 1.0}, {""w"": ""W1"", ""opp"": ""PIT"", ""v"": 0.0}, {""w"": ""25W18"", ""opp"": ""NO"", ""v"": 6.0}, {""w"": ""25W17"", ""opp"": ""LA"", ""v"": 2.0}]",Under,0.5187821027355907,0.5498670212765957,0.5390190132506424,1.83,betmgm,-0.01359520575132439,0.0,-0.031084918541005035,
Mark Andrews,TE,BAL,ATL,player_receptions,3.5,3.7071255142623905,17,,,6,True,00-0034753,2026-10-12T00:20:00Z,"[{""w"": ""W4"", ""opp"": ""TEN"", ""v"": 5.0}, {""w"": ""W3"", ""opp"": ""DAL"", ""v"": 3.0}, {""w"": ""W2"", ""opp"": ""NO"", ""v"": 6.0}, {""w"": ""W1"", ""opp"": ""IND"", ""v"": 4.0}, {""w"": ""25W18"", ""opp"": ""PIT"", ""v"": 2.0}, {""w"": ""25W17"", ""opp"": ""GB"", ""v"": 4.0}]",Over,0.5073256201591885,0.5382941522352449,0.5274764818622912,1.87,betmgm,-0.013618978917515345,0.0,-0.030968532076056432,
Wan'Dale Robinson,WR,TEN,HOU,player_reception_yds,32.5,46.45023986146384,17,,,1,True,00-0038117,2026-10-11T17:00:00Z,"[{""w"": ""W4"", ""opp"": ""BAL"", ""v"": 19.0}, {""w"": ""W3"", ""opp"": ""NYG"", ""v"": 57.0}, {""w"": ""W2"", ""opp"": ""PHI"", ""v"": 9.0}, {""w"": ""W1"", ""opp"": ""NYJ"", ""v"": 38.0}, {""w"": ""25W17"", ""opp"": ""LV"", ""v"": 113.0}, {""w"": ""25W16"", ""opp"": ""MIN"", ""v"": 19.0}]",Over,0.569686294988124,0.5,0.5245302845951806,1.88,fanduel,-0.013883064961060565,0.0,0.06968629498812395,
Michael Wilson,WR,ARI,DET,player_receptions,5.5,6.979940622583683,17,,,5,True,00-0038559,2026-10-11T20:25:00Z,"[{""w"": ""W4"", ""opp"": ""NYG"", ""v"": 7.0}, {""w"": ""W3"", ""opp"": ""SF"", ""v"": 11.0}, {""w"": ""W2"", ""opp"": ""SEA"", ""v"": 2.0}, {""w"": ""W1"", ""opp"": ""LAC"", ""v"": 5.0}, {""w"": ""25W18"", ""opp"": ""LA"", ""v"": 5.0}, {""w"": ""25W17"", ""opp"": ""CIN"", ""v"": 5.0}]",Over,0.6108127305977226,0.5628272251308901,0.5798052949810243,1.7,betrivers,-0.01433099853225872,0.0,0.047985505466832445,
Christian Watson,WR,GB,CHI,player_receptions,4.5,4.196299289843409,14,,,6,True,00-0038124,2026-10-11T17:00:00Z,"[{""w"": ""W4"", ""opp"": ""TB"", ""v"": 3.0}, {""w"": ""W3"", ""opp"": ""ATL"", ""v"": 7.0}, {""w"": ""W2"", ""opp"": ""NYJ"", ""v"": 4.0}, {""w"": ""W1"", ""opp"": ""MIN"", ""v"": 6.0}, {""w"": ""25W17"", ""opp"": ""BAL"", ""v"": 5.0}, {""w"": ""25W16"", ""opp"": ""CHI"", ""v"": 2.0}]",Under,0.5905484985286402,0.5533606443549507,0.5664666968509581,1.74,betmgm,-0.014347947479332934,0.0,0.03718785417368953,
Kirk Cousins,QB,LV,NE,player_pass_yds,231.5,230.72299770852962,14,,,2,True,00-0029604,2026-10-11T17:00:00Z,"[{""w"": ""W4"", ""opp"": ""KC"", ""v"": 365.0}, {""w"": ""W3"", ""opp"": ""NO"", ""v"": 248.0}, {""w"": ""W2"", ""opp"": ""LAC"", ""v"": 253.0}, {""w"": ""W1"", ""opp"": ""MIA"", ""v"": 160.0}, {""w"": ""25W18"", ""opp"": ""NO"", ""v"": 180.0}, {""w"": ""25W17"", ""opp"": ""LA"", ""v"": 126.0}]",Under,0.5603635223148241,0.5,0.5212180327578759,1.89,draftkings,-0.014897918087614537,0.0,0.060363522314824114,
Jayden Daniels,QB,WAS,NYG,player_rush_yds,30.5,33.03894099188489,9,,,4,True,00-0039910,2026-10-11T17:00:00Z,"[{""w"": ""W2"", ""opp"": ""DAL"", ""v"": 69.0}, {""w"": ""W1"", ""opp"": ""PHI"", ""v"": 31.0}, {""w"": ""25W14"", ""opp"": ""MIN"", ""v"": 16.0}, {""w"": ""25W9"", ""opp"": ""SEA"", ""v"": 51.0}, {""w"": ""25W7"", ""opp"": ""DAL"", ""v"": 35.0}, {""w"": ""25W6"", ""opp"": ""CHI"", ""v"": 52.0}]",Under,0.5601600679522496,0.5,0.5211459037883261,1.89,draftkings,-0.015034241840063634,0.0,0.060160067952249596,
C.J. Stroud,QB,HOU,TEN,player_pass_yds,239.5,236.09097702256665,17,,,2,True,00-0039163,2026-10-11T17:00:00Z,"[{""w"": ""W4"", ""opp"": ""DAL"", ""v"": 347.0}, {""w"": ""W3"", ""opp"": ""IND"", ""v"": 167.0}, {""w"": ""W2"", ""opp"": ""CIN"", ""v"": 353.0}, {""w"": ""W1"", ""opp"": ""BUF"", ""v"": 274.0}, {""w"": ""25W18"", ""opp"": ""IND"", ""v"": 169.0}, {""w"": ""25W17"", ""opp"": ""LAC"", ""v"": 244.0}]",Under,0.5673530550530627,0.5,0.5236999554008009,1.88,betonlineag,-0.015444083846494261,0.0,0.06735305505306266,
Colston Loveland,TE,CHI,GB,player_reception_yds,35.5,38.56082519469403,17,,,1,True,00-0040126,2026-10-11T17:00:00Z,"[{""w"": ""W4"", ""opp"": ""NYJ"", ""v"": 57.0}, {""w"": ""W3"", ""opp"": ""PHI"", ""v"": 31.0}, {""w"": ""W2"", ""opp"": ""MIN"", ""v"": 3.0}, {""w"": ""W1"", ""opp"": ""CAR"", ""v"": 0.0}, {""w"": ""25W18"", ""opp"": ""DET"", ""v"": 91.0}, {""w"": ""25W17"", ""opp"": ""SF"", ""v"": 94.0}]",Under,0.5670618042239689,0.5,0.5235963741985573,1.88,fanduel,-0.015638816506712283,0.0,0.0670618042239689,
Rashid Shaheed,WR,SEA,SF,player_receptions,1.5,2.119200679126064,17,,,6,True,00-0037545,2026-10-11T20:25:00Z,"[{""w"": ""W4"", ""opp"": ""LAC"", ""v"": 1.0}, {""w"": ""W3"", ""opp"": ""WAS"", ""v"": 2.0}, {""w"": ""W2"", ""opp"": ""ARI"", ""v"": 3.0}, {""w"": ""W1"", ""opp"": ""NE"", ""v"": 1.0}, {""w"": ""25W18"", ""opp"": ""SF"", ""v"": 1.0}, {""w"": ""25W17"", ""opp"": ""CAR"", ""v"": 1.0}]",Under,0.4050825802802111,0.4128408324501397,0.41012030689682627,2.4,betmgm,-0.015711263447617085,0.0,-0.007758252169928592,
Tyler Shough,QB,NO,MIN,player_pass_yds,237.5,265.85155144901853,15,,,1,True,00-0040743,2026-10-11T17:00:00Z,"[{""w"": ""W4"", ""opp"": ""ATL"", ""v"": 286.0}, {""w"": ""W3"", ""opp"": ""LV"", ""v"": 255.0}, {""w"": ""W2"", ""opp"": ""BAL"", ""v"": 252.0}, {""w"": ""W1"", ""opp"": ""DET"", ""v"": 410.0}, {""w"": ""25W18"", ""opp"": ""ATL"", ""v"": 259.0}, {""w"": ""25W17"", ""opp"": ""TEN"", ""v"": 333.0}]",Over,0.566919223224438,0.5,0.5235456715940471,1.88,fanduel,-0.015734137403191517,0.0,0.066919223224438,
Kyren Williams,RB,LA,BUF,player_rush_yds,68.5,69.57427878900003,17,,,3,True,00-0037840,2026-10-13T00:15:00Z,"[{""w"": ""W4"", ""opp"": ""PHI"", ""v"": 80.0}, {""w"": ""W3"", ""opp"": ""DEN"", ""v"": 88.0}, {""w"": ""W2"", ""opp"": ""NYG"", ""v"": 85.0}, {""w"": ""W1"", ""opp"": ""SF"", ""v"": 41.0}, {""w"": ""25W18"", ""opp"": ""ARI"", ""v"": 60.0}, {""w"": ""25W17"", ""opp"": ""ATL"", ""v"": 92.0}]",Under,0.5476605510878886,0.4934036939313985,0.5124415760187727,1.92,draftkings,-0.01611217404395643,0.0,0.05425685715649009,
Tyler Shough,QB,NO,MIN,player_pass_yds,239.5,265.85155144901853,15,,,3,True,00-0040743,2026-10-11T17:00:00Z,"[{""w"": ""W4"", ""opp"": ""ATL"", ""v"": 286.0}, {""w"": ""W3"", ""opp"": ""LV"", ""v"": 255.0}, {""w"": ""W2"", ""opp"": ""BAL"", ""v"": 252.0}, {""w"": ""W1"", ""opp"": ""DET"", ""v"": 410.0}, {""w"": ""25W18"", ""opp"": ""ATL"", ""v"": 259.0}, {""w"": ""25W17"", ""opp"": ""TEN"", ""v"": 333.0}]",Over,0.558453650479046,0.5,0.5205411871398942,1.89,draftkings,-0.01617715630560007,0.0,0.05845365047904605,
Colston Loveland,TE,CHI,GB,player_reception_yds,36.5,38.56082519469403,17,,,1,True,00-0040126,2026-10-11T17:00:00Z,"[{""w"": ""W4"", ""opp"": ""NYJ"", ""v"": 57.0}, {""w"": ""W3"", ""opp"": ""PHI"", ""v"": 31.0}, {""w"": ""W2"", ""opp"": ""MIN"", ""v"": 3.0}, {""w"": ""W1"", ""opp"": ""CAR"", ""v"": 0.0}, {""w"": ""25W18"", ""opp"": ""DET"", ""v"": 91.0}, {""w"": ""25W17"", ""opp"": ""SF"", ""v"": 94.0}]",Under,0.5801651835522498,0.5053475935828876,0.5317353576527643,1.85,betrivers,-0.016289588342386085,0.0,0.07481758996936216,
Puka Nacua,WR,LA,BUF,player_receptions,7.5,7.869533375816585,17,,,4,True,00-0039075,2026-10-13T00:15:00Z,"[{""w"": ""W4"", ""opp"": ""PHI"", ""v"": 9.0}, {""w"": ""W1"", ""opp"": ""SF"", ""v"": 5.0}, {""w"": ""25W18"", ""opp"": ""ARI"", ""v"": 10.0}, {""w"": ""25W17"", ""opp"": ""ATL"", ""v"": 5.0}, {""w"": ""25W16"", ""opp"": ""SEA"", ""v"": 12.0}, {""w"": ""25W15"", ""opp"": ""DET"", ""v"": 9.0}]",Over,0.50900231774742,0.4466393556450493,0.4683764154799921,2.1,betmgm,-0.016409527492016518,0.0,0.06236296210237069,
Kyler Murray,QB,MIN,NO,player_rush_yds,16.5,18.16582401732477,8,,,3,True,00-0035228,2026-10-11T17:00:00Z,"[{""w"": ""W4"", ""opp"": ""MIA"", ""v"": 16.0}, {""w"": ""W3"", ""opp"": ""TB"", ""v"": 17.0}, {""w"": ""W1"", ""opp"": ""GB"", ""v"": 9.0}, {""w"": ""25W5"", ""opp"": ""TEN"", ""v"": 25.0}, {""w"": ""25W4"", ""opp"": ""SEA"", ""v"": 41.0}, {""w"": ""25W3"", ""opp"": ""SF"", ""v"": 37.0}]",Under,0.549653099911006,0.4920634920634922,0.5122744229034712,1.92,draftkings,-0.016433108025335263,0.0,0.05758960784751377,
Jalen Hurts,QB,PHI,JAX,player_pass_yds,188.5,185.03476280675878,17,,,1,True,00-0036389,2026-10-11T13:30:00Z,"[{""w"": ""W4"", ""opp"": ""LA"", ""v"": 93.0}, {""w"": ""W3"", ""opp"": ""CHI"", ""v"": 153.0}, {""w"": ""W2"", ""opp"": ""TEN"", ""v"": 264.0}, {""w"": ""W1"", ""opp"": ""WAS"", ""v"": 203.0}, {""w"": ""25W17"", ""opp"": ""BUF"", ""v"": 110.0}, {""w"": ""25W16"", ""opp"": ""WAS"", ""v"": 185.0}]",Under,0.5730498736856224,0.5,0.5257289896874321,1.87,betrivers,-0.016886789284501935,0.0,0.07304987368562244,
Kyle Pitts,TE,ATL,BAL,player_reception_yds,24.5,32.14062993410802,17,,,6,True,00-0036970,2026-10-12T00:20:00Z,"[{""w"": ""W4"", ""opp"": ""NO"", ""v"": 47.0}, {""w"": ""W3"", ""opp"": ""GB"", ""v"": 5.0}, {""w"": ""W2"", ""opp"": ""CAR"", ""v"": 15.0}, {""w"": ""W1"", ""opp"": ""PIT"", ""v"": 0.0}, {""w"": ""25W18"", ""opp"": ""NO"", ""v"": 58.0}, {""w"": ""25W17"", ""opp"": ""LA"", ""v"": 16.0}]",Under,0.5381723091802841,0.5020107238605898,0.5146891056327944,1.91,betmgm,-0.016943808241362823,0.0,0.03616158531969438,
Malachi Fields,WR,NYG,WAS,player_reception_yds,27.5,29.132682581708426,4,,,5,True,00-0041042,2026-10-11T17:00:00Z,"[{""w"": ""W4"", ""opp"": ""ARI"", ""v"": 52.0}, {""w"": ""W3"", ""opp"": ""TEN"", ""v"": 19.0}, {""w"": ""W2"", ""opp"": ""LA"", ""v"": 30.0}, {""w"": ""W1"", ""opp"": ""DAL"", ""v"": 25.0}]",Under,0.5649385777909948,0.5,0.5228416968547747,1.88,betonlineag,-0.017057609913023686,0.0,0.06493857779099477,
Jakobi Meyers,WR,JAX,PHI,player_reception_yds,43.5,43.096800491761606,17,,,1,True,00-0034960,2026-10-11T13:30:00Z,"[{""w"": ""W4"", ""opp"": ""CIN"", ""v"": 33.0}, {""w"": ""W3"", ""opp"": ""NE"", ""v"": 64.0}, {""w"": ""W2"", ""opp"": ""DEN"", ""v"": 28.0}, {""w"": ""W1"", ""opp"": ""CLE"", ""v"": 40.0}, {""w"": ""25W18"", ""opp"": ""TEN"", ""v"": 44.0}, {""w"": ""25W17"", ""opp"": ""IND"", ""v"": 39.0}]",Under,0.5810287437524748,0.5040214477211795,0.5311857802512477,1.85,betrivers,-0.017306306535191607,0.0,0.0770072960312953,
Jakobi Meyers,WR,JAX,PHI,player_reception_yds,41.5,43.096800491761606,17,,,3,True,00-0034960,2026-10-11T13:30:00Z,"[{""w"": ""W4"", ""opp"": ""CIN"", ""v"": 33.0}, {""w"": ""W3"", ""opp"": ""NE"", ""v"": 64.0}, {""w"": ""W2"", ""opp"": ""DEN"", ""v"": 28.0}, {""w"": ""W1"", ""opp"": ""CLE"", ""v"": 40.0}, {""w"": ""25W18"", ""opp"": ""TEN"", ""v"": 44.0}, {""w"": ""25W17"", ""opp"": ""IND"", ""v"": 39.0}]",Under,0.5484105644561992,0.5,0.5169903985326226,1.9,draftkings,-0.017718242788017036,0.0,0.04841056445619918,
Rome Odunze,WR,CHI,GB,player_reception_yds,40.5,52.272716996151146,16,,,2,True,00-0039919,2026-10-11T17:00:00Z,"[{""w"": ""W4"", ""opp"": ""NYJ"", ""v"": 94.0}, {""w"": ""W3"", ""opp"": ""PHI"", ""v"": 44.0}, {""w"": ""W2"", ""opp"": ""MIN"", ""v"": 43.0}, {""w"": ""W1"", ""opp"": ""CAR"", ""v"": 52.0}, {""w"": ""25W13"", ""opp"": ""PHI"", ""v"": 8.0}, {""w"": ""25W12"", ""opp"": ""PIT"", ""v"": 53.0}]",Over,0.5490408349974145,0.49135425338281147,0.5115972764905005,1.92,draftkings,-0.017733229138239104,0.0,0.05768658161460305,
Tre Tucker,WR,LV,NE,player_reception_yds,42.5,45.889973369920995,17,,,2,True,00-0038563,2026-10-11T17:00:00Z,"[{""w"": ""W4"", ""opp"": ""KC"", ""v"": 44.0}, {""w"": ""W3"", ""opp"": ""NO"", ""v"": 43.0}, {""w"": ""W2"", ""opp"": ""LAC"", ""v"": 119.0}, {""w"": ""W1"", ""opp"": ""MIA"", ""v"": 27.0}, {""w"": ""25W18"", ""opp"": ""KC"", ""v"": 30.0}, {""w"": ""25W17"", ""opp"": ""NYG"", ""v"": 49.0}]",Under,0.5596776387735709,0.5020107238605898,0.5222794288293972,1.88,fanduel,-0.018114673800733394,0.0,0.05766691491298115,
Chris Godwin,WR,TB,DAL,player_reception_yds,28.5,38.40400706025377,13,,,1,True,00-0033921,2026-10-09T00:15:00Z,"[{""w"": ""W4"", ""opp"": ""GB"", ""v"": 31.0}, {""w"": ""W3"", ""opp"": ""MIN"", ""v"": 25.0}, {""w"": ""W2"", ""opp"": ""CLE"", ""v"": 46.0}, {""w"": ""W1"", ""opp"": ""CIN"", ""v"": 40.0}, {""w"": ""25W18"", ""opp"": ""CAR"", ""v"": 8.0}, {""w"": ""25W17"", ""opp"": ""MIA"", ""v"": 108.0}]",Over,0.5631139901751229,0.5,0.5221937612289459,1.88,fanduel,-0.018275728889581788,0.0,0.06311399017512287,
Justin Herbert,QB,LAC,DEN,player_pass_yds,199.5,199.65843890099367,17,,,5,True,00-0036355,2026-10-11T20:05:00Z,"[{""w"": ""W4"", ""opp"": ""SEA"", ""v"": 189.0}, {""w"": ""W3"", ""opp"": ""BUF"", ""v"": 226.0}, {""w"": ""W2"", ""opp"": ""LV"", ""v"": 192.0}, {""w"": ""W1"", ""opp"": ""ARI"", ""v"": 209.0}, {""w"": ""25W17"", ""opp"": ""HOU"", ""v"": 236.0}, {""w"": ""25W16"", ""opp"": ""DAL"", ""v"": 300.0}]",Under,0.5471973787779544,0.5,0.5165623486271896,1.9,draftkings,-0.018531537608339754,0.0,0.04719737877795438,
Michael Wilson,WR,ARI,DET,player_receptions,6.5,6.979940622583683,17,,,1,True,00-0038559,2026-10-11T20:25:00Z,"[{""w"": ""W4"", ""opp"": ""NYG"", ""v"": 7.0}, {""w"": ""W3"", ""opp"": ""SF"", ""v"": 11.0}, {""w"": ""W2"", ""opp"": ""SEA"", ""v"": 2.0}, {""w"": ""W1"", ""opp"": ""LAC"", ""v"": 5.0}, {""w"": ""25W18"", ""opp"": ""LA"", ""v"": 5.0}, {""w"": ""25W17"", ""opp"": ""CIN"", ""v"": 5.0}]",Over,0.49787452601156473,0.43421052631578944,0.45635490154261793,2.15,betmgm,-0.018836961683371456,0.0,0.0636639996957753,
Courtland Sutton,WR,DEN,LAC,player_reception_yds,37.5,41.25402963992632,17,,,2,True,00-0034348,2026-10-11T20:05:00Z,"[{""w"": ""W4"", ""opp"": ""SF"", ""v"": 4.0}, {""w"": ""W3"", ""opp"": ""LA"", ""v"": 46.0}, {""w"": ""W2"", ""opp"": ""JAX"", ""v"": 25.0}, {""w"": ""W1"", ""opp"": ""KC"", ""v"": 11.0}, {""w"": ""25W18"", ""opp"": ""LAC"", ""v"": 5.0}, {""w"": ""25W17"", ""opp"": ""KC"", ""v"": 40.0}]",Under,0.5584961479023508,0.5019788918205804,0.5218402156649825,1.88,draftkings,-0.01894039454983293,0.0,0.056517256081770384,
Rome Odunze,WR,CHI,GB,player_reception_yds,39.5,52.272716996151146,16,,,2,True,00-0039919,2026-10-11T17:00:00Z,"[{""w"": ""W4"", ""opp"": ""NYJ"", ""v"": 94.0}, {""w"": ""W3"", ""opp"": ""PHI"", ""v"": 44.0}, {""w"": ""W2"", ""opp"": ""MIN"", ""v"": 43.0}, {""w"": ""W1"", ""opp"": ""CAR"", ""v"": 52.0}, {""w"": ""25W13"", ""opp"": ""PHI"", ""v"": 8.0}, {""w"": ""25W12"", ""opp"": ""PIT"", ""v"": 53.0}]",Over,0.5621109172510956,0.5,0.5218377840740996,1.88,betonlineag,-0.01894496594069267,0.0,0.06211091725109563,
George Kittle,TE,SF,SEA,player_receptions,4.5,4.4911714623361725,15,,,5,True,00-0033288,2026-10-11T20:25:00Z,"[{""w"": ""W4"", ""opp"": ""DEN"", ""v"": 4.0}, {""w"": ""W3"", ""opp"": ""ARI"", ""v"": 6.0}, {""w"": ""W2"", ""opp"": ""MIA"", ""v"": 4.0}, {""w"": ""W1"", ""opp"": ""LA"", ""v"": 2.0}, {""w"": ""25W18"", ""opp"": ""SEA"", ""v"": 5.0}, {""w"": ""25W16"", ""opp"": ""IND"", ""v"": 7.0}]",Under,0.5355895032458147,0.48930481283422467,0.5055242697514026,1.94,draftkings,-0.01928291668227894,0.0,0.04628469041159,
Denzel Boston,WR,CLE,NYJ,player_receptions,3.5,3.2753956400538717,4,,,6,True,00-0041037,2026-10-11T17:00:00Z,"[{""w"": ""W4"", ""opp"": ""PIT"", ""v"": 4.0}, {""w"": ""W3"", ""opp"": ""CAR"", ""v"": 2.0}, {""w"": ""W2"", ""opp"": ""TB"", ""v"": 5.0}, {""w"": ""W1"", ""opp"": ""JAX"", ""v"": 2.0}]",Under,0.5861963300050759,0.5512035499144748,0.5635272293298941,1.74,betmgm,-0.019462620965984334,0.0,0.03499278009060103,
Aaron Jones,RB,MIN,NO,player_rush_yds,71.5,72.81124816870614,16,,,3,True,00-0033293,2026-10-11T17:00:00Z,"[{""w"": ""W4"", ""opp"": ""MIA"", ""v"": 94.0}, {""w"": ""W3"", ""opp"": ""TB"", ""v"": 58.0}, {""w"": ""W2"", ""opp"": ""CHI"", ""v"": 105.0}, {""w"": ""W1"", ""opp"": ""GB"", ""v"": 40.0}, {""w"": ""25W17"", ""opp"": ""DET"", ""v"": 53.0}, {""w"": ""25W16"", ""opp"": ""NYG"", ""v"": 85.0}]",Under,0.561152471494648,0.5,0.5214977921481465,1.88,betonlineag,-0.01958415076148462,0.0,0.061152471494647975,
Emeka Egbuka,WR,TB,DAL,player_receptions,2.5,3.6218115721972555,17,,,1,True,00-0040129,2026-10-09T00:15:00Z,"[{""w"": ""W4"", ""opp"": ""GB"", ""v"": 2.0}, {""w"": ""W3"", ""opp"": ""MIN"", ""v"": 5.0}, {""w"": ""W2"", ""opp"": ""CLE"", ""v"": 3.0}, {""w"": ""W1"", ""opp"": ""CIN"", ""v"": 5.0}, {""w"": ""25W18"", ""opp"": ""CAR"", ""v"": 1.0}, {""w"": ""25W17"", ""opp"": ""MIA"", ""v"": 3.0}]",Over,0.7010821393950735,0.6196473551637279,0.6492156479863161,1.51,fanduel,-0.01968437154066255,0.0,0.08143478423134554,
Deebo Samuel,WR,SF,SEA,player_reception_yds,30.5,38.50972837433209,17,,,2,True,00-0035719,2026-10-11T20:25:00Z,"[{""w"": ""W4"", ""opp"": ""DEN"", ""v"": 26.0}, {""w"": ""W3"", ""opp"": ""ARI"", ""v"": 80.0}, {""w"": ""W2"", ""opp"": ""MIA"", ""v"": 31.0}, {""w"": ""W1"", ""opp"": ""LA"", ""v"": 48.0}, {""w"": ""25W18"", ""opp"": ""PHI"", ""v"": 20.0}, {""w"": ""25W17"", ""opp"": ""DAL"", ""v"": 68.0}]",Over,0.5409751827434839,0.4980211081794196,0.5130842744142512,1.91,draftkings,-0.02000903586878028,0.0,0.042954074564064304,
Kyren Williams,RB,LA,BUF,player_rush_yds,69.5,69.57427878900003,17,,,3,True,00-0037840,2026-10-13T00:15:00Z,"[{""w"": ""W4"", ""opp"": ""PHI"", ""v"": 80.0}, {""w"": ""W3"", ""opp"": ""DEN"", ""v"": 88.0}, {""w"": ""W2"", ""opp"": ""NYG"", ""v"": 85.0}, {""w"": ""W1"", ""opp"": ""SF"", ""v"": 41.0}, {""w"": ""25W18"", ""opp"": ""ARI"", ""v"": 60.0}, {""w"": ""25W17"", ""opp"": ""ATL"", ""v"": 92.0}]",Under,0.5600575682385616,0.5,0.5211095678061524,1.88,betonlineag,-0.0203140125244336,0.0,0.060057568238561565,
Chris Olave,WR,NO,MIN,player_reception_yds,81.5,96.54662389577994,17,,,4,True,00-0037239,2026-10-11T17:00:00Z,"[{""w"": ""W4"", ""opp"": ""ATL"", ""v"": 116.0}, {""w"": ""W3"", ""opp"": ""LV"", ""v"": 107.0}, {""w"": ""W2"", ""opp"": ""BAL"", ""v"": 86.0}, {""w"": ""W1"", ""opp"": ""DET"", ""v"": 182.0}, {""w"": ""25W17"", ""opp"": ""TEN"", ""v"": 119.0}, {""w"": ""25W16"", ""opp"": ""NYJ"", ""v"": 148.0}]",Over,0.5362003537474811,0.5,0.512689606519068,1.91,draftkings,-0.02076285154858004,0.0,0.036200353747481095,
Jakobi Meyers,WR,JAX,PHI,player_reception_yds,42.5,43.096800491761606,17,,,1,True,00-0034960,2026-10-11T13:30:00Z,"[{""w"": ""W4"", ""opp"": ""CIN"", ""v"": 33.0}, {""w"": ""W3"", ""opp"": ""NE"", ""v"": 64.0}, {""w"": ""W2"", ""opp"": ""DEN"", ""v"": 28.0}, {""w"": ""W1"", ""opp"": ""CLE"", ""v"": 40.0}, {""w"": ""25W18"", ""opp"": ""TEN"", ""v"": 44.0}, {""w"": ""25W17"", ""opp"": ""IND"", ""v"": 39.0}]",Under,0.5649030032752849,0.5053191489361701,0.5262782840282249,1.86,betonlineag,-0.021122391707501742,0.0,0.05958385433911473,
Evan Engram,TE,DEN,LAC,player_receptions,2.5,2.3057855382922905,17,,,5,True,00-0033881,2026-10-11T20:05:00Z,"[{""w"": ""W4"", ""opp"": ""SF"", ""v"": 1.0}, {""w"": ""W3"", ""opp"": ""LA"", ""v"": 0.0}, {""w"": ""W2"", ""opp"": ""JAX"", ""v"": 1.0}, {""w"": ""W1"", ""opp"": ""KC"", ""v"": 4.0}, {""w"": ""25W18"", ""opp"": ""LAC"", ""v"": 3.0}, {""w"": ""25W17"", ""opp"": ""KC"", ""v"": 4.0}]",Under,0.6040157946728538,0.5759162303664922,0.5858169626909243,1.67,betmgm,-0.021685672306156423,0.0,0.028099564306361624,
Kenny Gainwell,RB,TB,DAL,player_rush_yds,12.5,18.11055190823905,17,,,3,True,00-0036919,2026-10-09T00:15:00Z,"[{""w"": ""W4"", ""opp"": ""GB"", ""v"": 5.0}, {""w"": ""W3"", ""opp"": ""MIN"", ""v"": -4.0}, {""w"": ""W2"", ""opp"": ""CLE"", ""v"": 10.0}, {""w"": ""W1"", ""opp"": ""CIN"", ""v"": 15.0}, {""w"": ""25W18"", ""opp"": ""BAL"", ""v"": 10.0}, {""w"": ""25W17"", ""opp"": ""CLE"", ""v"": 26.0}]",Under,0.5120566093763538,0.5,0.5042205311894832,1.94,betonlineag,-0.021812169492402667,0.0,0.012056609376353777,
Juwan Johnson,TE,NO,MIN,player_reception_yds,43.5,50.65653969084659,17,,,2,True,00-0036040,2026-10-11T17:00:00Z,"[{""w"": ""W4"", ""opp"": ""ATL"", ""v"": 59.0}, {""w"": ""W3"", ""opp"": ""LV"", ""v"": 53.0}, {""w"": ""W2"", ""opp"": ""BAL"", ""v"": 66.0}, {""w"": ""W1"", ""opp"": ""DET"", ""v"": 54.0}, {""w"": ""25W18"", ""opp"": ""ATL"", ""v"": 61.0}, {""w"": ""25W17"", ""opp"": ""TEN"", ""v"": 95.0}]",Over,0.5376669994842073,0.4980211081794196,0.511919929353113,1.91,draftkings,-0.02223293493555417,0.0,0.039645891304787684,
Cam Skattebo,RB,NYG,WAS,player_rush_yds,57.5,58.04643894374816,12,,,1,True,00-0040715,2026-10-11T17:00:00Z,"[{""w"": ""W4"", ""opp"": ""ARI"", ""v"": 58.0}, {""w"": ""W3"", ""opp"": ""TEN"", ""v"": 60.0}, {""w"": ""W2"", ""opp"": ""LA"", ""v"": 36.0}, {""w"": ""W1"", ""opp"": ""DAL"", ""v"": 81.0}, {""w"": ""25W8"", ""opp"": ""PHI"", ""v"": 12.0}, {""w"": ""25W7"", ""opp"": ""DEN"", ""v"": 60.0}]",Under,0.5649214846125885,0.5,0.5228356243195376,1.87,betrivers,-0.022297382522464715,0.0,0.06492148461258851,
Sam LaPorta,TE,DET,ARI,player_reception_yds,51.5,63.3999791483144,13,,,3,True,00-0039065,2026-10-11T20:25:00Z,"[{""w"": ""W4"", ""opp"": ""CAR"", ""v"": 84.0}, {""w"": ""W3"", ""opp"": ""NYJ"", ""v"": 44.0}, {""w"": ""W2"", ""opp"": ""BUF"", ""v"": 52.0}, {""w"": ""W1"", ""opp"": ""NO"", ""v"": 48.0}, {""w"": ""25W10"", ""opp"": ""WAS"", ""v"": 53.0}, {""w"": ""25W9"", ""opp"": ""MIN"", ""v"": 97.0}]",Over,0.5553937724036632,0.5,0.5194578993821438,1.88,betonlineag,-0.023419149161569675,0.0,0.055393772403663166,
Jahmyr Gibbs,RB,DET,ARI,player_reception_yds,40.5,42.45122018993049,17,,,1,True,00-0039139,2026-10-11T20:25:00Z,"[{""w"": ""W4"", ""opp"": ""CAR"", ""v"": 31.0}, {""w"": ""W3"", ""opp"": ""NYJ"", ""v"": 65.0}, {""w"": ""W2"", ""opp"": ""BUF"", ""v"": 61.0}, {""w"": ""W1"", ""opp"": ""NO"", ""v"": 30.0}, {""w"": ""25W18"", ""opp"": ""CHI"", ""v"": 33.0}, {""w"": ""25W17"", ""opp"": ""MIN"", ""v"": 23.0}]",Under,0.5668978510892069,0.5066666666666666,0.5278601863247985,1.85,betmgm,-0.023458655299122777,0.0,0.060231184422540274,
Jaylin Noel,WR,HOU,TEN,player_reception_yds,18.5,24.633066456452852,17,,,1,True,00-0040138,2026-10-11T17:00:00Z,"[{""w"": ""W4"", ""opp"": ""DAL"", ""v"": 85.0}, {""w"": ""W3"", ""opp"": ""IND"", ""v"": 17.0}, {""w"": ""W2"", ""opp"": ""CIN"", ""v"": 31.0}, {""w"": ""W1"", ""opp"": ""BUF"", ""v"": 53.0}, {""w"": ""25W18"", ""opp"": ""IND"", ""v"": 13.0}, {""w"": ""25W17"", ""opp"": ""LAC"", ""v"": 54.0}]",Under,0.5552289912398028,0.5,0.5193995996183978,1.88,fanduel,-0.023528752717412227,0.0,0.05522899123980285,
Brian Robinson Jr.,RB,ATL,BAL,player_rush_yds,37.5,38.34490124443671,17,,,1,True,00-0037746,2026-10-12T00:20:00Z,"[{""w"": ""W4"", ""opp"": ""NO"", ""v"": 62.0}, {""w"": ""W3"", ""opp"": ""GB"", ""v"": 50.0}, {""w"": ""W2"", ""opp"": ""CAR"", ""v"": 51.0}, {""w"": ""W1"", ""opp"": ""PIT"", ""v"": 31.0}, {""w"": ""25W18"", ""opp"": ""SEA"", ""v"": 9.0}, {""w"": ""25W17"", ""opp"": ""CHI"", ""v"": 22.0}]",Under,0.5617326621393534,0.4959785522788204,0.5190939469940229,1.88,betrivers,-0.024103379651237045,0.0,0.06575410986053298,
Juwan Johnson,TE,NO,MIN,player_reception_yds,42.5,50.65653969084659,17,,,3,True,00-0036040,2026-10-11T17:00:00Z,"[{""w"": ""W4"", ""opp"": ""ATL"", ""v"": 59.0}, {""w"": ""W3"", ""opp"": ""LV"", ""v"": 53.0}, {""w"": ""W2"", ""opp"": ""BAL"", ""v"": 66.0}, {""w"": ""W1"", ""opp"": ""DET"", ""v"": 54.0}, {""w"": ""25W18"", ""opp"": ""ATL"", ""v"": 61.0}, {""w"": ""25W17"", ""opp"": ""TEN"", ""v"": 95.0}]",Over,0.553810721105437,0.5,0.5188979686028016,1.88,betonlineag,-0.02447181902673312,0.0,0.053810721105437054,
Devaughn Vele,WR,NO,MIN,player_receptions,3.5,4.22737323829951,13,,,5,True,00-0039424,2026-10-11T17:00:00Z,"[{""w"": ""W4"", ""opp"": ""ATL"", ""v"": 6.0}, {""w"": ""W3"", ""opp"": ""LV"", ""v"": 3.0}, {""w"": ""W2"", ""opp"": ""BAL"", ""v"": 5.0}, {""w"": ""W1"", ""opp"": ""DET"", ""v"": 7.0}, {""w"": ""25W15"", ""opp"": ""CAR"", ""v"": 5.0}, {""w"": ""25W14"", ""opp"": ""TB"", ""v"": 3.0}]",Over,0.5865970505653794,0.5317460317460317,0.5511012617601446,1.77,betonlineag,-0.024550766684544034,0.0,0.05485101881934762,
Chris Godwin,WR,TB,DAL,player_reception_yds,29.5,38.40400706025377,13,,,4,True,00-0033921,2026-10-09T00:15:00Z,"[{""w"": ""W4"", ""opp"": ""GB"", ""v"": 31.0}, {""w"": ""W3"", ""opp"": ""MIN"", ""v"": 25.0}, {""w"": ""W2"", ""opp"": ""CLE"", ""v"": 46.0}, {""w"": ""W1"", ""opp"": ""CIN"", ""v"": 40.0}, {""w"": ""25W18"", ""opp"": ""CAR"", ""v"": 8.0}, {""w"": ""25W17"", ""opp"": ""MIA"", ""v"": 108.0}]",Over,0.5457447371346804,0.5,0.5160500390160291,1.89,draftkings,-0.02466542625970508,0.0,0.04574473713468041,
Justin Herbert,QB,LAC,DEN,player_pass_yds,200.5,199.65843890099367,17,,,1,True,00-0036355,2026-10-11T20:05:00Z,"[{""w"": ""W4"", ""opp"": ""SEA"", ""v"": 189.0}, {""w"": ""W3"", ""opp"": ""BUF"", ""v"": 226.0}, {""w"": ""W2"", ""opp"": ""LV"", ""v"": 192.0}, {""w"": ""W1"", ""opp"": ""ARI"", ""v"": 209.0}, {""w"": ""25W17"", ""opp"": ""HOU"", ""v"": 236.0}, {""w"": ""25W16"", ""opp"": ""DAL"", ""v"": 300.0}]",Under,0.5526591984552294,0.5,0.518490884275433,1.88,fanduel,-0.02523713756218604,0.0,0.05265919845522937,
Jake Ferguson,TE,DAL,TB,player_reception_yds,26.5,28.853082868302256,17,,,2,True,00-0038041,2026-10-09T00:15:00Z,"[{""w"": ""W4"", ""opp"": ""HOU"", ""v"": 11.0}, {""w"": ""W3"", ""opp"": ""BAL"", ""v"": 23.0}, {""w"": ""W2"", ""opp"": ""WAS"", ""v"": 43.0}, {""w"": ""W1"", ""opp"": ""NYG"", ""v"": 6.0}, {""w"": ""25W18"", ""opp"": ""NYG"", ""v"": 5.0}, {""w"": ""25W17"", ""opp"": ""WAS"", ""v"": 6.0}]",Under,0.5525454828545994,0.5,0.5184506932951781,1.88,betonlineag,-0.025312696605065188,0.0,0.05254548285459937,
Puka Nacua,WR,LA,BUF,player_receptions,6.5,7.869533375816585,17,,,2,True,00-0039075,2026-10-13T00:15:00Z,"[{""w"": ""W4"", ""opp"": ""PHI"", ""v"": 9.0}, {""w"": ""W1"", ""opp"": ""SF"", ""v"": 5.0}, {""w"": ""25W18"", ""opp"": ""ARI"", ""v"": 10.0}, {""w"": ""25W17"", ""opp"": ""ATL"", ""v"": 5.0}, {""w"": ""25W16"", ""opp"": ""SEA"", ""v"": 12.0}, {""w"": ""25W15"", ""opp"": ""DET"", ""v"": 9.0}]",Over,0.6330198512458289,0.5728908710528609,0.5942816367891006,1.64,betrivers,-0.025378115665875056,0.0,0.060128980192968084,
Cam Skattebo,RB,NYG,WAS,player_rush_yds,56.5,58.04643894374816,12,,,1,True,00-0040715,2026-10-11T17:00:00Z,"[{""w"": ""W4"", ""opp"": ""ARI"", ""v"": 58.0}, {""w"": ""W3"", ""opp"": ""TEN"", ""v"": 60.0}, {""w"": ""W2"", ""opp"": ""LA"", ""v"": 36.0}, {""w"": ""W1"", ""opp"": ""DAL"", ""v"": 81.0}, {""w"": ""25W8"", ""opp"": ""PHI"", ""v"": 12.0}, {""w"": ""25W7"", ""opp"": ""DEN"", ""v"": 60.0}]",Under,0.5522601821383215,0.5,0.5183498657614877,1.88,fanduel,-0.025502252368403255,0.0,0.05226018213832151,
Chris Olave,WR,NO,MIN,player_reception_yds,79.5,96.54662389577994,17,,,1,True,00-0037239,2026-10-11T17:00:00Z,"[{""w"": ""W4"", ""opp"": ""ATL"", ""v"": 116.0}, {""w"": ""W3"", ""opp"": ""LV"", ""v"": 107.0}, {""w"": ""W2"", ""opp"": ""BAL"", ""v"": 86.0}, {""w"": ""W1"", ""opp"": ""DET"", ""v"": 182.0}, {""w"": ""25W17"", ""opp"": ""TEN"", ""v"": 119.0}, {""w"": ""25W16"", ""opp"": ""NYJ"", ""v"": 148.0}]",Over,0.5521913729895049,0.5,0.5183255496615999,1.88,betonlineag,-0.025547966636192188,0.0,0.052191372989504936,
Trevor Lawrence,QB,JAX,PHI,player_rush_yds,13.5,15.823731857512445,17,,,2,True,00-0036971,2026-10-11T13:30:00Z,"[{""w"": ""W4"", ""opp"": ""CIN"", ""v"": 0.0}, {""w"": ""W3"", ""opp"": ""NE"", ""v"": 25.0}, {""w"": ""W2"", ""opp"": ""DEN"", ""v"": 6.0}, {""w"": ""W1"", ""opp"": ""CLE"", ""v"": 3.0}, {""w"": ""25W18"", ""opp"": ""TEN"", ""v"": 11.0}, {""w"": ""25W17"", ""opp"": ""IND"", ""v"": 26.0}]",Under,0.5520188482056786,0.5,0.5182645847659009,1.88,betonlineag,-0.025662580640106403,0.0,0.05201884820567859,
Roman Wilson,WR,PIT,IND,player_reception_yds,34.5,38.3921618334295,13,,,1,True,00-0039739,2026-10-11T17:00:00Z,"[{""w"": ""W4"", ""opp"": ""CLE"", ""v"": 74.0}, {""w"": ""W3"", ""opp"": ""CIN"", ""v"": 60.0}, {""w"": ""W2"", ""opp"": ""NE"", ""v"": 28.0}, {""w"": ""W1"", ""opp"": ""ATL"", ""v"": 26.0}, {""w"": ""25W13"", ""opp"": ""BUF"", ""v"": 0.0}, {""w"": ""25W12"", ""opp"": ""CHI"", ""v"": 0.0}]",Under,0.5518523653355175,0.5,0.518205758574377,1.88,betonlineag,-0.025773173880171307,0.0,0.051852365335517514,
Marvin Mims Jr.,WR,DEN,LAC,player_reception_yds,11.5,18.26967062331102,17,,,2,True,00-0038976,2026-10-11T20:05:00Z,"[{""w"": ""W4"", ""opp"": ""SF"", ""v"": 10.0}, {""w"": ""W1"", ""opp"": ""KC"", ""v"": 0.0}, {""w"": ""25W18"", ""opp"": ""LAC"", ""v"": 10.0}, {""w"": ""25W17"", ""opp"": ""KC"", ""v"": 10.0}, {""w"": ""25W16"", ""opp"": ""JAX"", ""v"": 26.0}, {""w"": ""25W15"", ""opp"": ""GB"", ""v"": 29.0}]",Over,0.5487410022141069,0.5099650078309088,0.5235743188809192,1.86,draftkings,-0.026151766881490235,0.0,0.03877599438319812,
Tre Tucker,WR,LV,NE,player_reception_yds,41.5,45.889973369920995,17,,,2,True,00-0038563,2026-10-11T17:00:00Z,"[{""w"": ""W4"", ""opp"": ""KC"", ""v"": 44.0}, {""w"": ""W3"", ""opp"": ""NO"", ""v"": 43.0}, {""w"": ""W2"", ""opp"": ""LAC"", ""v"": 119.0}, {""w"": ""W1"", ""opp"": ""MIA"", ""v"": 27.0}, {""w"": ""25W18"", ""opp"": ""KC"", ""v"": 30.0}, {""w"": ""25W17"", ""opp"": ""NYG"", ""v"": 49.0}]",Under,0.5475704738352712,0.5019788918205804,0.5179787088823155,1.88,draftkings,-0.026200027301246986,0.0,0.045591582014690823,
Courtland Sutton,WR,DEN,LAC,player_reception_yds,36.5,41.25402963992632,17,,,2,True,00-0034348,2026-10-11T20:05:00Z,"[{""w"": ""W4"", ""opp"": ""SF"", ""v"": 4.0}, {""w"": ""W3"", ""opp"": ""LA"", ""v"": 46.0}, {""w"": ""W2"", ""opp"": ""JAX"", ""v"": 25.0}, {""w"": ""W1"", ""opp"": ""KC"", ""v"": 11.0}, {""w"": ""25W18"", ""opp"": ""LAC"", ""v"": 5.0}, {""w"": ""25W17"", ""opp"": ""KC"", ""v"": 40.0}]",Under,0.54558158593346,0.49867021276595747,0.5151289885981144,1.89,betonlineag,-0.02640621154956385,0.0,0.04691137316750249,
Josh Cameron,WR,JAX,PHI,player_reception_yds,10.5,13.504524568416496,4,,,2,True,00-0041100,2026-10-11T13:30:00Z,"[{""w"": ""W4"", ""opp"": ""CIN"", ""v"": 42.0}, {""w"": ""W3"", ""opp"": ""NE"", ""v"": 12.0}, {""w"": ""W2"", ""opp"": ""DEN"", ""v"": 0.0}, {""w"": ""W1"", ""opp"": ""CLE"", ""v"": 20.0}]",Under,0.5374741547860089,0.4986772486772486,0.5122783364786294,1.9,draftkings,-0.026671160690604157,0.0,0.0387969061087603,
Tony Pollard,RB,TEN,HOU,player_reception_yds,8.5,10.123032525086764,17,,,2,True,00-0035261,2026-10-11T17:00:00Z,"[{""w"": ""W4"", ""opp"": ""BAL"", ""v"": 2.0}, {""w"": ""W3"", ""opp"": ""NYG"", ""v"": 22.0}, {""w"": ""W2"", ""opp"": ""PHI"", ""v"": 1.0}, {""w"": ""W1"", ""opp"": ""NYJ"", ""v"": -1.0}, {""w"": ""25W18"", ""opp"": ""JAX"", ""v"": 17.0}, {""w"": ""25W17"", ""opp"": ""NO"", ""v"": 10.0}]",Under,0.5466179630541769,0.5019788918205804,0.5176427727931515,1.88,draftkings,-0.02683158714887518,0.0,0.04463907123359645,
Christian Watson,WR,GB,CHI,player_reception_yds,58.5,62.88372235815713,14,,,1,True,00-0038124,2026-10-11T17:00:00Z,"[{""w"": ""W4"", ""opp"": ""TB"", ""v"": 47.0}, {""w"": ""W3"", ""opp"": ""ATL"", ""v"": 96.0}, {""w"": ""W2"", ""opp"": ""NYJ"", ""v"": 41.0}, {""w"": ""W1"", ""opp"": ""MIN"", ""v"": 147.0}, {""w"": ""25W17"", ""opp"": ""BAL"", ""v"": 113.0}, {""w"": ""25W16"", ""opp"": ""CHI"", ""v"": 17.0}]",Under,0.5571864408735642,0.5,0.5200923943099857,1.87,betmgm,-0.027427222640326765,0.0,0.05718644087356417,
Jaxon Smith-Njigba,WR,SEA,SF,player_reception_yds,94.5,97.75097940129855,17,,,2,True,00-0038543,2026-10-11T20:25:00Z,"[{""w"": ""W4"", ""opp"": ""LAC"", ""v"": 76.0}, {""w"": ""W3"", ""opp"": ""WAS"", ""v"": 128.0}, {""w"": ""W2"", ""opp"": ""ARI"", ""v"": 155.0}, {""w"": ""W1"", ""opp"": ""NE"", ""v"": 122.0}, {""w"": ""25W18"", ""opp"": ""SF"", ""v"": 84.0}, {""w"": ""25W17"", ""opp"": ""CAR"", ""v"": 72.0}]",Under,0.5488189081387606,0.5,0.5171345148101435,1.88,fanduel,-0.027787112156930305,0.0,0.04881890813876055,
Kirk Cousins,QB,LV,NE,player_pass_yds,228.5,230.72299770852962,14,,,2,True,00-0029604,2026-10-11T17:00:00Z,"[{""w"": ""W4"", ""opp"": ""KC"", ""v"": 365.0}, {""w"": ""W3"", ""opp"": ""NO"", ""v"": 248.0}, {""w"": ""W2"", ""opp"": ""LAC"", ""v"": 253.0}, {""w"": ""W1"", ""opp"": ""MIA"", ""v"": 160.0}, {""w"": ""25W18"", ""opp"": ""NO"", ""v"": 180.0}, {""w"": ""25W17"", ""opp"": ""LA"", ""v"": 126.0}]",Under,0.5484648761386482,0.5,0.5170095655264174,1.88,betonlineag,-0.028022016810335337,0.0,0.04846487613864825,
Bucky Irving,RB,TB,DAL,player_reception_yds,12.5,17.092400208763898,14,,,4,True,00-0039361,2026-10-09T00:15:00Z,"[{""w"": ""W4"", ""opp"": ""GB"", ""v"": 0.0}, {""w"": ""W3"", ""opp"": ""MIN"", ""v"": 12.0}, {""w"": ""W2"", ""opp"": ""CLE"", ""v"": 1.0}, {""w"": ""W1"", ""opp"": ""CIN"", ""v"": 48.0}, {""w"": ""25W18"", ""opp"": ""CAR"", ""v"": 13.0}, {""w"": ""25W17"", ""opp"": ""MIA"", ""v"": 14.0}]",Under,0.5482535866860537,0.5,0.5169350019238663,1.88,betonlineag,-0.028162196383131388,0.0,0.04825358668605373,
Jaxon Smith-Njigba,WR,SEA,SF,player_receptions,6.5,7.0359704210985505,17,,,5,True,00-0038543,2026-10-11T20:25:00Z,"[{""w"": ""W4"", ""opp"": ""LAC"", ""v"": 5.0}, {""w"": ""W3"", ""opp"": ""WAS"", ""v"": 10.0}, {""w"": ""W2"", ""opp"": ""ARI"", ""v"": 9.0}, {""w"": ""W1"", ""opp"": ""NE"", ""v"": 8.0}, {""w"": ""25W18"", ""opp"": ""SF"", ""v"": 6.0}, {""w"": ""25W17"", ""opp"": ""CAR"", ""v"": 9.0}]",Over,0.5453032919109431,0.5278514588859416,0.5339695549926892,1.82,draftkings,-0.028175409913305638,0.0,0.017451833025001418,
Dak Prescott,QB,DAL,TB,player_pass_yds,266.5,269.3252527238815,17,,,3,True,00-0033077,2026-10-09T00:15:00Z,"[{""w"": ""W4"", ""opp"": ""HOU"", ""v"": 335.0}, {""w"": ""W3"", ""opp"": ""BAL"", ""v"": 276.0}, {""w"": ""W2"", ""opp"": ""WAS"", ""v"": 279.0}, {""w"": ""W1"", ""opp"": ""NYG"", ""v"": 175.0}, {""w"": ""25W18"", ""opp"": ""NYG"", ""v"": 70.0}, {""w"": ""25W17"", ""opp"": ""WAS"", ""v"": 307.0}]",Under,0.5403446157035362,0.5,0.5141476036185957,1.89,draftkings,-0.028261029160854212,0.0,0.0403446157035362,
Jeremiyah Love,RB,ARI,DET,player_reception_yds,13.5,15.423534015766203,4,,,1,True,00-0041027,2026-10-11T20:25:00Z,"[{""w"": ""W4"", ""opp"": ""NYG"", ""v"": -8.0}, {""w"": ""W3"", ""opp"": ""SF"", ""v"": 19.0}, {""w"": ""W2"", ""opp"": ""SEA"", ""v"": 16.0}, {""w"": ""W1"", ""opp"": ""LAC"", ""v"": 9.0}]",Under,0.5705554096174508,0.5093833780160859,0.5309206909468133,1.83,betmgm,-0.028415135567331662,0.0,0.06117203160136486,
Brenton Strange,TE,JAX,PHI,player_reception_yds,35.5,38.988810718745974,16,,,1,True,00-0038935,2026-10-11T13:30:00Z,"[{""w"": ""W4"", ""opp"": ""CIN"", ""v"": 95.0}, {""w"": ""W3"", ""opp"": ""NE"", ""v"": 32.0}, {""w"": ""W2"", ""opp"": ""DEN"", ""v"": 17.0}, {""w"": ""W1"", ""opp"": ""CLE"", ""v"": 23.0}, {""w"": ""25W18"", ""opp"": ""TEN"", ""v"": 52.0}, {""w"": ""25W17"", ""opp"": ""IND"", ""v"": 54.0}]",Under,0.5549041985842648,0.4959785522788204,0.5166740872025798,1.88,betrivers,-0.02865271605915004,0.0,0.05892564630544439,
D'Andre Swift,RB,CHI,GB,player_rush_yds,61.5,73.25816850803986,17,,,2,True,00-0036275,2026-10-11T17:00:00Z,"[{""w"": ""W4"", ""opp"": ""NYJ"", ""v"": 58.0}, {""w"": ""W3"", ""opp"": ""PHI"", ""v"": 84.0}, {""w"": ""W2"", ""opp"": ""MIN"", ""v"": 45.0}, {""w"": ""W1"", ""opp"": ""CAR"", ""v"": 124.0}, {""w"": ""25W18"", ""opp"": ""DET"", ""v"": 40.0}, {""w"": ""25W17"", ""opp"": ""SF"", ""v"": 54.0}]",Over,0.547512484898054,0.5,0.5166735110694052,1.88,betonlineag,-0.028653799189518325,0.0,0.04751248489805404,
Kayshon Boutte,WR,HOU,TEN,player_reception_yds,24.5,26.249203736833284,17,,,1,True,00-0038608,2026-10-11T17:00:00Z,"[{""w"": ""W4"", ""opp"": ""DAL"", ""v"": 36.0}, {""w"": ""W3"", ""opp"": ""IND"", ""v"": 21.0}, {""w"": ""W2"", ""opp"": ""CIN"", ""v"": 37.0}, {""w"": ""W1"", ""opp"": ""BUF"", ""v"": 21.0}, {""w"": ""25W18"", ""opp"": ""MIA"", ""v"": 24.0}, {""w"": ""25W16"", ""opp"": ""BAL"", ""v"": 16.0}]",Under,0.5550030858337237,0.5,0.5193196801504122,1.87,betmgm,-0.028872198118729153,0.0,0.05500308583372371,
DK Metcalf,WR,PIT,IND,player_receptions,3.5,4.323064766137992,17,,,5,True,00-0035640,2026-10-11T17:00:00Z,"[{""w"": ""W4"", ""opp"": ""CLE"", ""v"": 5.0}, {""w"": ""W3"", ""opp"": ""CIN"", ""v"": 3.0}, {""w"": ""W2"", ""opp"": ""NE"", ""v"": 4.0}, {""w"": ""W1"", ""opp"": ""ATL"", ""v"": 4.0}, {""w"": ""25W16"", ""opp"": ""DET"", ""v"": 4.0}, {""w"": ""25W15"", ""opp"": ""MIA"", ""v"": 3.0}]",Over,0.6269668047192984,0.5841121495327103,0.5992928351505256,1.62,draftkings,-0.029145607056148548,0.0,0.04285465518658815,
Tyler Shough,QB,NO,MIN,player_pass_yds,238.5,265.85155144901853,15,,,1,True,00-0040743,2026-10-11T17:00:00Z,"[{""w"": ""W4"", ""opp"": ""ATL"", ""v"": 286.0}, {""w"": ""W3"", ""opp"": ""LV"", ""v"": 255.0}, {""w"": ""W2"", ""opp"": ""BAL"", ""v"": 252.0}, {""w"": ""W1"", ""opp"": ""DET"", ""v"": 410.0}, {""w"": ""25W18"", ""opp"": ""ATL"", ""v"": 259.0}, {""w"": ""25W17"", ""opp"": ""TEN"", ""v"": 333.0}]",Over,0.5626840519143452,0.5040214477211796,0.5246494552295199,1.85,betrivers,-0.02939850782538811,0.0,0.0586626041931656,
Jahmyr Gibbs,RB,DET,ARI,player_receptions,4.5,5.02480341345647,17,,,6,True,00-0039139,2026-10-11T20:25:00Z,"[{""w"": ""W4"", ""opp"": ""CAR"", ""v"": 4.0}, {""w"": ""W3"", ""opp"": ""NYJ"", ""v"": 7.0}, {""w"": ""W2"", ""opp"": ""BUF"", ""v"": 6.0}, {""w"": ""W1"", ""opp"": ""NO"", ""v"": 5.0}, {""w"": ""25W18"", ""opp"": ""CHI"", ""v"": 3.0}, {""w"": ""25W17"", ""opp"": ""MIN"", ""v"": 2.0}]",Over,0.541355675411963,0.5333155489000926,0.5361317784085124,1.81,betonlineag,-0.029601481080592462,0.0,0.008040126511870471,
Cam Skattebo,RB,NYG,WAS,player_reception_yds,13.5,16.670039960322516,12,,,2,True,00-0040715,2026-10-11T17:00:00Z,"[{""w"": ""W4"", ""opp"": ""ARI"", ""v"": 8.0}, {""w"": ""W3"", ""opp"": ""TEN"", ""v"": 40.0}, {""w"": ""W2"", ""opp"": ""LA"", ""v"": 19.0}, {""w"": ""W1"", ""opp"": ""DAL"", ""v"": 0.0}, {""w"": ""25W8"", ""opp"": ""PHI"", ""v"": 18.0}, {""w"": ""25W7"", ""opp"": ""DEN"", ""v"": 34.0}]",Under,0.5434072484841462,0.5099650078309088,0.521695359799607,1.86,draftkings,-0.029646630772730886,0.0,0.03344224065323742,
Bo Nix,QB,DEN,LAC,player_rush_yds,13.5,16.185857972215043,17,,,1,True,00-0039732,2026-10-11T20:05:00Z,"[{""w"": ""W4"", ""opp"": ""SF"", ""v"": 10.0}, {""w"": ""W3"", ""opp"": ""LA"", ""v"": 7.0}, {""w"": ""W2"", ""opp"": ""JAX"", ""v"": 6.0}, {""w"": ""W1"", ""opp"": ""KC"", ""v"": 2.0}, {""w"": ""25W18"", ""opp"": ""LAC"", ""v"": 49.0}, {""w"": ""25W17"", ""opp"": ""KC"", ""v"": 42.0}]",Under,0.5420743273418333,0.48930481283422467,0.5078073544373419,1.91,betmgm,-0.030087953024676983,0.0,0.052769514507608584,
Bo Nix,QB,DEN,LAC,player_pass_yds,223.5,224.84996172312015,17,,,2,True,00-0039732,2026-10-11T20:05:00Z,"[{""w"": ""W4"", ""opp"": ""SF"", ""v"": 214.0}, {""w"": ""W3"", ""opp"": ""LA"", ""v"": 186.0}, {""w"": ""W2"", ""opp"": ""JAX"", ""v"": 288.0}, {""w"": ""W1"", ""opp"": ""KC"", ""v"": 131.0}, {""w"": ""25W18"", ""opp"": ""LAC"", ""v"": 141.0}, {""w"": ""25W17"", ""opp"": ""KC"", ""v"": 182.0}]",Under,0.545112308749176,0.5,0.5158270733970656,1.88,betonlineag,-0.030245102013516767,0.0,0.045112308749176044,
Jameson Williams,WR,DET,ARI,player_reception_yds,50.5,66.61362455197947,17,,,1,True,00-0037240,2026-10-11T20:25:00Z,"[{""w"": ""W4"", ""opp"": ""CAR"", ""v"": 102.0}, {""w"": ""W3"", ""opp"": ""NYJ"", ""v"": 49.0}, {""w"": ""W2"", ""opp"": ""BUF"", ""v"": 33.0}, {""w"": ""W1"", ""opp"": ""NO"", ""v"": 45.0}, {""w"": ""25W18"", ""opp"": ""CHI"", ""v"": 74.0}, {""w"": ""25W17"", ""opp"": ""MIN"", ""v"": 37.0}]",Over,0.5528444936002817,0.5,0.5185563775735645,1.87,betmgm,-0.03029957393743421,0.0,0.05284449360028165,
Rashod Bateman,WR,BAL,ATL,player_reception_yds,17.5,28.06235063984778,17,,,4,True,00-0036550,2026-10-12T00:20:00Z,"[{""w"": ""W4"", ""opp"": ""TEN"", ""v"": 46.0}, {""w"": ""W3"", ""opp"": ""DAL"", ""v"": 37.0}, {""w"": ""W2"", ""opp"": ""NO"", ""v"": 88.0}, {""w"": ""W1"", ""opp"": ""IND"", ""v"": 0.0}, {""w"": ""25W17"", ""opp"": ""GB"", ""v"": 7.0}, {""w"": ""25W16"", ""opp"": ""NE"", ""v"": 0.0}]",Over,0.5370848727901266,0.5,0.5130006544891339,1.89,draftkings,-0.030428763015536986,0.0,0.03708487279012662,
Trey McBride,TE,ARI,DET,player_reception_yds,82.5,85.74116119360437,17,,,1,True,00-0037744,2026-10-11T20:25:00Z,"[{""w"": ""W4"", ""opp"": ""NYG"", ""v"": 31.0}, {""w"": ""W3"", ""opp"": ""SF"", ""v"": 75.0}, {""w"": ""W2"", ""opp"": ""SEA"", ""v"": 41.0}, {""w"": ""W1"", ""opp"": ""LAC"", ""v"": 95.0}, {""w"": ""25W18"", ""opp"": ""LA"", ""v"": 65.0}, {""w"": ""25W17"", ""opp"": ""CIN"", ""v"": 76.0}]",Under,0.5525049785361643,0.5,0.5184363780962735,1.87,betmgm,-0.03052397295996845,0.0,0.052504978536164315,
Rashid Shaheed,WR,SEA,SF,player_reception_yds,19.5,25.655379043122103,17,,,3,True,00-0037545,2026-10-11T20:25:00Z,"[{""w"": ""W4"", ""opp"": ""LAC"", ""v"": 20.0}, {""w"": ""W3"", ""opp"": ""WAS"", ""v"": 14.0}, {""w"": ""W2"", ""opp"": ""ARI"", ""v"": 35.0}, {""w"": ""W1"", ""opp"": ""NE"", ""v"": 4.0}, {""w"": ""25W18"", ""opp"": ""SF"", ""v"": 2.0}, {""w"": ""25W17"", ""opp"": ""CAR"", ""v"": 8.0}]",Under,0.491811661808795,0.5,0.4971338567765995,1.95,betmgm,-0.030588979285631035,0.0,-0.008188338191205013,
Jonathan Taylor,RB,IND,PIT,player_reception_yds,15.5,19.387257083744238,17,,,4,True,00-0036223,2026-10-11T17:00:00Z,"[{""w"": ""W4"", ""opp"": ""WAS"", ""v"": 2.0}, {""w"": ""W3"", ""opp"": ""HOU"", ""v"": 4.0}, {""w"": ""W2"", ""opp"": ""KC"", ""v"": 40.0}, {""w"": ""W1"", ""opp"": ""BAL"", ""v"": 23.0}, {""w"": ""25W18"", ""opp"": ""HOU"", ""v"": 13.0}, {""w"": ""25W17"", ""opp"": ""JAX"", ""v"": 14.0}]",Under,0.5150253694965391,0.4953825857519789,0.5022590432302829,1.93,draftkings,-0.03064004656555397,0.0,0.01964278374456019,
Deebo Samuel,WR,SF,SEA,player_reception_yds,31.5,38.50972837433209,17,,,2,True,00-0035719,2026-10-11T20:25:00Z,"[{""w"": ""W4"", ""opp"": ""DEN"", ""v"": 26.0}, {""w"": ""W3"", ""opp"": ""ARI"", ""v"": 80.0}, {""w"": ""W2"", ""opp"": ""MIA"", ""v"": 31.0}, {""w"": ""W1"", ""opp"": ""LA"", ""v"": 48.0}, {""w"": ""25W18"", ""opp"": ""PHI"", ""v"": 20.0}, {""w"": ""25W17"", ""opp"": ""DAL"", ""v"": 68.0}]",Over,0.5234431145810003,0.5112732095490716,0.5155349370223674,1.88,fanduel,-0.030794318397949327,0.0,0.012169905031928718,
Bucky Irving,RB,TB,DAL,player_rush_yds,52.5,60.937884923659915,14,,,1,True,00-0039361,2026-10-09T00:15:00Z,"[{""w"": ""W4"", ""opp"": ""GB"", ""v"": 61.0}, {""w"": ""W3"", ""opp"": ""MIN"", ""v"": 46.0}, {""w"": ""W2"", ""opp"": ""CLE"", ""v"": 89.0}, {""w"": ""W1"", ""opp"": ""CIN"", ""v"": 45.0}, {""w"": ""25W18"", ""opp"": ""CAR"", ""v"": 85.0}, {""w"": ""25W17"", ""opp"": ""MIA"", ""v"": 19.0}]",Over,0.5520279042822391,0.5,0.5182677848052198,1.87,betmgm,-0.0308392424142388,0.0,0.052027904282239135,
Trey McBride,TE,ARI,DET,player_reception_yds,80.5,85.74116119360437,17,,,4,True,00-0037744,2026-10-11T20:25:00Z,"[{""w"": ""W4"", ""opp"": ""NYG"", ""v"": 31.0}, {""w"": ""W3"", ""opp"": ""SF"", ""v"": 75.0}, {""w"": ""W2"", ""opp"": ""SEA"", ""v"": 41.0}, {""w"": ""W1"", ""opp"": ""LAC"", ""v"": 95.0}, {""w"": ""25W18"", ""opp"": ""LA"", ""v"": 65.0}, {""w"": ""25W17"", ""opp"": ""CIN"", ""v"": 76.0}]",Under,0.5363323231557939,0.5,0.5127360100812379,1.89,betonlineag,-0.03092894094646037,0.0,0.03633232315579393,
Dak Prescott,QB,DAL,TB,player_pass_yds,269.5,269.3252527238815,17,,,1,True,00-0033077,2026-10-09T00:15:00Z,"[{""w"": ""W4"", ""opp"": ""HOU"", ""v"": 335.0}, {""w"": ""W3"", ""opp"": ""BAL"", ""v"": 276.0}, {""w"": ""W2"", ""opp"": ""WAS"", ""v"": 279.0}, {""w"": ""W1"", ""opp"": ""NYG"", ""v"": 175.0}, {""w"": ""25W18"", ""opp"": ""NYG"", ""v"": 70.0}, {""w"": ""25W17"", ""opp"": ""WAS"", ""v"": 307.0}]",Under,0.5518172689316638,0.5,0.5181933578320472,1.87,betmgm,-0.030978420854071598,0.0,0.05181726893166383,
Kalif Raymond,WR,CHI,GB,player_reception_yds,28.5,36.646262001644814,17,,,3,True,00-0032464,2026-10-11T17:00:00Z,"[{""w"": ""W4"", ""opp"": ""NYJ"", ""v"": 6.0}, {""w"": ""W3"", ""opp"": ""PHI"", ""v"": 90.0}, {""w"": ""W2"", ""opp"": ""MIN"", ""v"": 40.0}, {""w"": ""W1"", ""opp"": ""CAR"", ""v"": 84.0}, {""w"": ""25W18"", ""opp"": ""CHI"", ""v"": 52.0}, {""w"": ""25W17"", ""opp"": ""MIN"", ""v"": 5.0}]",Under,0.5204682942764639,0.5,0.5071674177929122,1.91,draftkings,-0.03131023201553773,0.0,0.020468294276463905,
Mark Andrews,TE,BAL,ATL,player_receptions,3.5,3.7071255142623905,17,,,6,True,00-0034753,2026-10-12T00:20:00Z,"[{""w"": ""W4"", ""opp"": ""TEN"", ""v"": 5.0}, {""w"": ""W3"", ""opp"": ""DAL"", ""v"": 3.0}, {""w"": ""W2"", ""opp"": ""NO"", ""v"": 6.0}, {""w"": ""W1"", ""opp"": ""IND"", ""v"": 4.0}, {""w"": ""25W18"", ""opp"": ""PIT"", ""v"": 2.0}, {""w"": ""25W17"", ""opp"": ""GB"", ""v"": 4.0}]",Under,0.4926743798408115,0.4617058477647551,0.47252351813770876,2.05,bovada,-0.0313267878176971,0.0,0.030968532076056432,
AJ Barner,TE,SEA,SF,player_reception_yds,25.5,28.885897510308066,17,,,1,True,00-0039793,2026-10-11T20:25:00Z,"[{""w"": ""W4"", ""opp"": ""LAC"", ""v"": 12.0}, {""w"": ""W3"", ""opp"": ""WAS"", ""v"": 69.0}, {""w"": ""W2"", ""opp"": ""ARI"", ""v"": 8.0}, {""w"": ""W1"", ""opp"": ""NE"", ""v"": 13.0}, {""w"": ""25W18"", ""opp"": ""SF"", ""v"": 14.0}, {""w"": ""25W17"", ""opp"": ""CAR"", ""v"": 43.0}]",Under,0.5511790952759759,0.5,0.5179678973578109,1.87,betmgm,-0.03140003194089358,0.0,0.05117909527597586,
Carnell Tate,WR,TEN,HOU,player_receptions,4.5,5.326720369701294,4,,,5,True,00-0041438,2026-10-11T17:00:00Z,"[{""w"": ""W4"", ""opp"": ""BAL"", ""v"": 9.0}, {""w"": ""W3"", ""opp"": ""NYG"", ""v"": 6.0}, {""w"": ""W2"", ""opp"": ""PHI"", ""v"": 3.0}, {""w"": ""W1"", ""opp"": ""NYJ"", ""v"": 4.0}]",Over,0.5845731134363004,0.5669291338582677,0.5731262534787224,1.69,betonlineag,-0.0314166316209592,0.0,0.017643979578032654,
Cam Skattebo,RB,NYG,WAS,player_receptions,2.5,2.15090794910265,12,,,4,True,00-0040715,2026-10-11T17:00:00Z,"[{""w"": ""W4"", ""opp"": ""ARI"", ""v"": 1.0}, {""w"": ""W3"", ""opp"": ""TEN"", ""v"": 3.0}, {""w"": ""W2"", ""opp"": ""LA"", ""v"": 4.0}, {""w"": ""W1"", ""opp"": ""DAL"", ""v"": 0.0}, {""w"": ""25W8"", ""opp"": ""PHI"", ""v"": 1.0}, {""w"": ""25W7"", ""opp"": ""DEN"", ""v"": 3.0}]",Over,0.3571696908330261,0.408973760511246,0.3905453256731272,2.48,betrivers,-0.031447592330644425,0.0,-0.05180406967821993,
Brenton Strange,TE,JAX,PHI,player_reception_yds,34.5,38.988810718745974,16,,,2,True,00-0038935,2026-10-11T13:30:00Z,"[{""w"": ""W4"", ""opp"": ""CIN"", ""v"": 95.0}, {""w"": ""W3"", ""opp"": ""NE"", ""v"": 32.0}, {""w"": ""W2"", ""opp"": ""DEN"", ""v"": 17.0}, {""w"": ""W1"", ""opp"": ""CLE"", ""v"": 23.0}, {""w"": ""25W18"", ""opp"": ""TEN"", ""v"": 52.0}, {""w"": ""25W17"", ""opp"": ""IND"", ""v"": 54.0}]",Under,0.5408172754780302,0.5013227513227513,0.5151730391924229,1.88,draftkings,-0.03147468631824507,0.0,0.039494524155278876,
Jameson Williams,WR,DET,ARI,player_reception_yds,51.5,66.61362455197947,17,,,1,True,00-0037240,2026-10-11T20:25:00Z,"[{""w"": ""W4"", ""opp"": ""CAR"", ""v"": 102.0}, {""w"": ""W3"", ""opp"": ""NYJ"", ""v"": 49.0}, {""w"": ""W2"", ""opp"": ""BUF"", ""v"": 33.0}, {""w"": ""W1"", ""opp"": ""NO"", ""v"": 45.0}, {""w"": ""25W18"", ""opp"": ""CHI"", ""v"": 74.0}, {""w"": ""25W17"", ""opp"": ""MIN"", ""v"": 37.0}]",Over,0.5428853558382933,0.5,0.5150423045099831,1.88,fanduel,-0.031720467521231754,0.0,0.04288535583829334,
Carnell Tate,WR,TEN,HOU,player_reception_yds,53.5,64.19641019958024,4,,,3,True,00-0041438,2026-10-11T17:00:00Z,"[{""w"": ""W4"", ""opp"": ""BAL"", ""v"": 145.0}, {""w"": ""W3"", ""opp"": ""NYG"", ""v"": 58.0}, {""w"": ""W2"", ""opp"": ""PHI"", ""v"": 27.0}, {""w"": ""W1"", ""opp"": ""NYJ"", ""v"": 38.0}]",Under,0.5197546087248613,0.5,0.506917272659986,1.91,draftkings,-0.031788009219426816,0.0,0.019754608724861344,
Roman Wilson,WR,PIT,IND,player_reception_yds,33.5,38.3921618334295,13,,,3,True,00-0039739,2026-10-11T17:00:00Z,"[{""w"": ""W4"", ""opp"": ""CLE"", ""v"": 74.0}, {""w"": ""W3"", ""opp"": ""CIN"", ""v"": 60.0}, {""w"": ""W2"", ""opp"": ""NE"", ""v"": 28.0}, {""w"": ""W1"", ""opp"": ""ATL"", ""v"": 26.0}, {""w"": ""25W13"", ""opp"": ""BUF"", ""v"": 0.0}, {""w"": ""25W12"", ""opp"": ""CHI"", ""v"": 0.0}]",Under,0.5377203347737298,0.5026455026455026,0.5149423907887787,1.88,draftkings,-0.03190830531709615,0.0,0.03507483212822726,
Troy Franklin,WR,DEN,LAC,player_receptions,1.5,1.9553636521905817,17,,,5,True,00-0039868,2026-10-11T20:05:00Z,"[{""w"": ""W3"", ""opp"": ""LA"", ""v"": 1.0}, {""w"": ""W2"", ""opp"": ""JAX"", ""v"": 1.0}, {""w"": ""W1"", ""opp"": ""KC"", ""v"": 0.0}, {""w"": ""25W18"", ""opp"": ""LAC"", ""v"": 0.0}, {""w"": ""25W17"", ""opp"": ""KC"", ""v"": 4.0}, {""w"": ""25W16"", ""opp"": ""JAX"", ""v"": 4.0}]",Over,0.5190493630343119,0.4842380514260811,0.49642190447184514,1.95,bovada,-0.03197728627990193,0.0,0.03481131160823081,
Kyle Monangai,RB,CHI,GB,player_rush_yds,51.5,68.82843363627678,17,,,2,True,00-0040236,2026-10-11T17:00:00Z,"[{""w"": ""W4"", ""opp"": ""NYJ"", ""v"": 146.0}, {""w"": ""W3"", ""opp"": ""PHI"", ""v"": 31.0}, {""w"": ""W2"", ""opp"": ""MIN"", ""v"": 47.0}, {""w"": ""W1"", ""opp"": ""CAR"", ""v"": 100.0}, {""w"": ""25W18"", ""opp"": ""DET"", ""v"": 14.0}, {""w"": ""25W17"", ""opp"": ""SF"", ""v"": 38.0}]",Over,0.5461236728641485,0.49798927613941024,0.5148779406230706,1.88,betrivers,-0.032029471628627404,0.0,0.04813439672473829,
Jaylin Noel,WR,HOU,TEN,player_reception_yds,17.5,24.633066456452852,17,,,1,True,00-0040138,2026-10-11T17:00:00Z,"[{""w"": ""W4"", ""opp"": ""DAL"", ""v"": 85.0}, {""w"": ""W3"", ""opp"": ""IND"", ""v"": 17.0}, {""w"": ""W2"", ""opp"": ""CIN"", ""v"": 31.0}, {""w"": ""W1"", ""opp"": ""BUF"", ""v"": 53.0}, {""w"": ""25W18"", ""opp"": ""IND"", ""v"": 13.0}, {""w"": ""25W17"", ""opp"": ""LAC"", ""v"": 54.0}]",Under,0.5378942075041603,0.5065963060686016,0.5175690657411977,1.87,draftkings,-0.03214584706396034,0.0,0.03129790143555866,
Darnell Washington,TE,PIT,IND,player_reception_yds,22.5,26.56123432870109,17,,,5,True,00-0038558,2026-10-11T17:00:00Z,"[{""w"": ""W4"", ""opp"": ""CLE"", ""v"": 27.0}, {""w"": ""W3"", ""opp"": ""CIN"", ""v"": 67.0}, {""w"": ""W2"", ""opp"": ""NE"", ""v"": 7.0}, {""w"": ""W1"", ""opp"": ""ATL"", ""v"": 18.0}, {""w"": ""25W17"", ""opp"": ""CLE"", ""v"": 15.0}, {""w"": ""25W16"", ""opp"": ""DET"", ""v"": 36.0}]",Under,0.534435379206138,0.5,0.5120691478037187,1.89,betonlineag,-0.03218931065097169,0.0,0.03443537920613804,
Jeremiyah Love,RB,ARI,DET,player_rush_yds,48.5,58.342885957796156,4,,,4,True,00-0041027,2026-10-11T20:25:00Z,"[{""w"": ""W4"", ""opp"": ""NYG"", ""v"": 63.0}, {""w"": ""W3"", ""opp"": ""SF"", ""v"": 90.0}, {""w"": ""W2"", ""opp"": ""SEA"", ""v"": 29.0}, {""w"": ""W1"", ""opp"": ""LAC"", ""v"": 41.0}]",Over,0.5343696838053467,0.5,0.5120460584770323,1.89,draftkings,-0.032232949478408934,0.0,0.03436968380534666,
Rashid Shaheed,WR,SEA,SF,player_receptions,1.5,2.119200679126064,17,,,6,True,00-0037545,2026-10-11T20:25:00Z,"[{""w"": ""W4"", ""opp"": ""LAC"", ""v"": 1.0}, {""w"": ""W3"", ""opp"": ""WAS"", ""v"": 2.0}, {""w"": ""W2"", ""opp"": ""ARI"", ""v"": 3.0}, {""w"": ""W1"", ""opp"": ""NE"", ""v"": 1.0}, {""w"": ""25W18"", ""opp"": ""SF"", ""v"": 1.0}, {""w"": ""25W17"", ""opp"": ""CAR"", ""v"": 1.0}]",Over,0.594917419719789,0.5871591675498603,0.5898796931031738,1.64,draftkings,-0.03259730331079502,0.0,0.007758252169928648,
Cam Skattebo,RB,NYG,WAS,player_receptions,1.5,2.15090794910265,12,,,1,True,00-0040715,2026-10-11T17:00:00Z,"[{""w"": ""W4"", ""opp"": ""ARI"", ""v"": 1.0}, {""w"": ""W3"", ""opp"": ""TEN"", ""v"": 3.0}, {""w"": ""W2"", ""opp"": ""LA"", ""v"": 4.0}, {""w"": ""W1"", ""opp"": ""DAL"", ""v"": 0.0}, {""w"": ""25W8"", ""opp"": ""PHI"", ""v"": 1.0}, {""w"": ""25W7"", ""opp"": ""DEN"", ""v"": 3.0}]",Under,0.40696158661552506,0.37157107231920206,0.3838229554360098,2.52,fanduel,-0.03276615230125535,0.0,0.035390514296323006,
Jaxon Smith-Njigba,WR,SEA,SF,player_reception_yds,93.5,97.75097940129855,17,,,1,True,00-0038543,2026-10-11T20:25:00Z,"[{""w"": ""W4"", ""opp"": ""LAC"", ""v"": 76.0}, {""w"": ""W3"", ""opp"": ""WAS"", ""v"": 128.0}, {""w"": ""W2"", ""opp"": ""ARI"", ""v"": 155.0}, {""w"": ""W1"", ""opp"": ""NE"", ""v"": 122.0}, {""w"": ""25W18"", ""opp"": ""SF"", ""v"": 84.0}, {""w"": ""25W17"", ""opp"": ""CAR"", ""v"": 72.0}]",Under,0.5412768379865099,0.5,0.5144758006532377,1.88,betonlineag,-0.032785494771913115,0.0,0.04127683798650994,
Brenton Strange,TE,JAX,PHI,player_receptions,3.5,3.492711406034797,16,,,5,True,00-0038935,2026-10-11T13:30:00Z,"[{""w"": ""W4"", ""opp"": ""CIN"", ""v"": 7.0}, {""w"": ""W3"", ""opp"": ""NE"", ""v"": 3.0}, {""w"": ""W2"", ""opp"": ""DEN"", ""v"": 2.0}, {""w"": ""W1"", ""opp"": ""CLE"", ""v"": 2.0}, {""w"": ""25W18"", ""opp"": ""TEN"", ""v"": 6.0}, {""w"": ""25W17"", ""opp"": ""IND"", ""v"": 3.0}]",Over,0.45057816959476543,0.4591029023746703,0.45611626265733307,2.12,fanduel,-0.033033523166453804,0.0,-0.008524732779904842,
Darnell Mooney,WR,NYG,WAS,player_reception_yds,18.5,24.95902649377028,17,,,2,True,00-0036309,2026-10-11T17:00:00Z,"[{""w"": ""W4"", ""opp"": ""ARI"", ""v"": 0.0}, {""w"": ""W3"", ""opp"": ""TEN"", ""v"": 20.0}, {""w"": ""W2"", ""opp"": ""LA"", ""v"": 48.0}, {""w"": ""W1"", ""opp"": ""DAL"", ""v"": 27.0}, {""w"": ""25W18"", ""opp"": ""NO"", ""v"": 20.0}, {""w"": ""25W17"", ""opp"": ""LA"", ""v"": 35.0}]",Over,0.5442178448455604,0.49798927613941024,0.5142059800422475,1.88,betrivers,-0.033292757520574756,0.0,0.04622856870615011,
Wan'Dale Robinson,WR,TEN,HOU,player_reception_yds,34.5,46.45023986146384,17,,,1,True,00-0038117,2026-10-11T17:00:00Z,"[{""w"": ""W4"", ""opp"": ""BAL"", ""v"": 19.0}, {""w"": ""W3"", ""opp"": ""NYG"", ""v"": 57.0}, {""w"": ""W2"", ""opp"": ""PHI"", ""v"": 9.0}, {""w"": ""W1"", ""opp"": ""NYJ"", ""v"": 38.0}, {""w"": ""25W17"", ""opp"": ""LV"", ""v"": 113.0}, {""w"": ""25W16"", ""opp"": ""MIN"", ""v"": 19.0}]",Over,0.5423978095645955,0.49061662198391415,0.5087741410454195,1.9,betmgm,-0.03332913201370297,0.0,0.05178118758068134,
Jaxon Smith-Njigba,WR,SEA,SF,player_reception_yds,95.5,97.75097940129855,17,,,1,True,00-0038543,2026-10-11T20:25:00Z,"[{""w"": ""W4"", ""opp"": ""LAC"", ""v"": 76.0}, {""w"": ""W3"", ""opp"": ""WAS"", ""v"": 128.0}, {""w"": ""W2"", ""opp"": ""ARI"", ""v"": 155.0}, {""w"": ""W1"", ""opp"": ""NE"", ""v"": 122.0}, {""w"": ""25W18"", ""opp"": ""SF"", ""v"": 84.0}, {""w"": ""25W17"", ""opp"": ""CAR"", ""v"": 72.0}]",Under,0.5562903609140379,0.5040214477211795,0.5223845251532337,1.85,betrivers,-0.0335886284665175,0.0,0.052268913192858424,
Isaac TeSlaa,WR,DET,ARI,player_receptions,2.5,2.259296509278623,17,,,6,True,00-0040669,2026-10-11T20:25:00Z,"[{""w"": ""W4"", ""opp"": ""CAR"", ""v"": 4.0}, {""w"": ""W3"", ""opp"": ""NYJ"", ""v"": 3.0}, {""w"": ""W2"", ""opp"": ""BUF"", ""v"": 2.0}, {""w"": ""W1"", ""opp"": ""NO"", ""v"": 0.0}, {""w"": ""25W18"", ""opp"": ""CHI"", ""v"": 1.0}, {""w"": ""25W17"", ""opp"": ""MIN"", ""v"": 3.0}]",Under,0.6115694080994756,0.5939881794232927,0.600171568763074,1.61,draftkings,-0.03372377429145085,0.0,0.017581228676182836,
Daniel Jones,QB,IND,PIT,player_rush_yds,9.5,11.278702719501418,17,,,1,True,00-0035710,2026-10-11T17:00:00Z,"[{""w"": ""W4"", ""opp"": ""WAS"", ""v"": 2.0}, {""w"": ""W3"", ""opp"": ""HOU"", ""v"": 5.0}, {""w"": ""W2"", ""opp"": ""KC"", ""v"": 10.0}, {""w"": ""W1"", ""opp"": ""BAL"", ""v"": 4.0}, {""w"": ""25W14"", ""opp"": ""JAX"", ""v"": 4.0}, {""w"": ""25W13"", ""opp"": ""HOU"", ""v"": 1.0}]",Under,0.5623739436979567,0.5093833780160859,0.528015731731294,1.83,betmgm,-0.033731210931731925,0.0,0.05299056568187077,
Tez Johnson,WR,TB,DAL,player_reception_yds,13.5,19.02059082353224,17,,,5,True,00-0040237,2026-10-09T00:15:00Z,"[{""w"": ""W4"", ""opp"": ""GB"", ""v"": 17.0}, {""w"": ""W3"", ""opp"": ""MIN"", ""v"": 8.0}, {""w"": ""W2"", ""opp"": ""CLE"", ""v"": 49.0}, {""w"": ""W1"", ""opp"": ""CIN"", ""v"": 0.0}, {""w"": ""25W18"", ""opp"": ""CAR"", ""v"": 17.0}, {""w"": ""25W17"", ""opp"": ""MIA"", ""v"": 19.0}]",Under,0.4871975442071309,0.5,0.4955182808838175,1.95,betmgm,-0.033739352276555945,0.0,-0.012802455792869094,
Kalif Raymond,WR,CHI,GB,player_reception_yds,30.5,36.646262001644814,17,,,1,True,00-0032464,2026-10-11T17:00:00Z,"[{""w"": ""W4"", ""opp"": ""NYJ"", ""v"": 6.0}, {""w"": ""W3"", ""opp"": ""PHI"", ""v"": 90.0}, {""w"": ""W2"", ""opp"": ""MIN"", ""v"": 40.0}, {""w"": ""W1"", ""opp"": ""CAR"", ""v"": 84.0}, {""w"": ""25W18"", ""opp"": ""CHI"", ""v"": 52.0}, {""w"": ""25W17"", ""opp"": ""MIN"", ""v"": 5.0}]",Under,0.5473069704212506,0.5,0.516601008793788,1.87,betmgm,-0.033956113555616396,0.0,0.04730697042125065,
Ashton Jeanty,RB,LV,NE,player_reception_yds,24.5,33.1990592525822,17,,,1,True,00-0040122,2026-10-11T17:00:00Z,"[{""w"": ""W4"", ""opp"": ""KC"", ""v"": 68.0}, {""w"": ""W3"", ""opp"": ""NO"", ""v"": 37.0}, {""w"": ""W2"", ""opp"": ""LAC"", ""v"": 15.0}, {""w"": ""W1"", ""opp"": ""MIA"", ""v"": 45.0}, {""w"": ""25W18"", ""opp"": ""KC"", ""v"": 7.0}, {""w"": ""25W17"", ""opp"": ""NYG"", ""v"": 13.0}]",Over,0.5394305592289467,0.5,0.5138258866822052,1.88,fanduel,-0.03400733303745429,0.0,0.03943055922894667,
Jameson Williams,WR,DET,ARI,player_reception_yds,53.5,66.61362455197947,17,,,4,True,00-0037240,2026-10-11T20:25:00Z,"[{""w"": ""W4"", ""opp"": ""CAR"", ""v"": 102.0}, {""w"": ""W3"", ""opp"": ""NYJ"", ""v"": 49.0}, {""w"": ""W2"", ""opp"": ""BUF"", ""v"": 33.0}, {""w"": ""W1"", ""opp"": ""NO"", ""v"": 45.0}, {""w"": ""25W18"", ""opp"": ""CHI"", ""v"": 74.0}, {""w"": ""25W17"", ""opp"": ""MIN"", ""v"": 37.0}]",Over,0.5232838680293272,0.5,0.5081545291476208,1.9,draftkings,-0.034506394619520486,0.0,0.023283868029327248,
Tony Pollard,RB,TEN,HOU,player_rush_yds,48.5,58.36386892253474,17,,,1,True,00-0035261,2026-10-11T17:00:00Z,"[{""w"": ""W4"", ""opp"": ""BAL"", ""v"": 48.0}, {""w"": ""W3"", ""opp"": ""NYG"", ""v"": 74.0}, {""w"": ""W2"", ""opp"": ""PHI"", ""v"": 64.0}, {""w"": ""W1"", ""opp"": ""NYJ"", ""v"": 35.0}, {""w"": ""25W18"", ""opp"": ""JAX"", ""v"": 48.0}, {""w"": ""25W17"", ""opp"": ""NO"", ""v"": 85.0}]",Over,0.5459806499371371,0.5,0.516133222846975,1.87,betmgm,-0.034830873276156527,0.0,0.04598064993713713,
RJ Harvey,RB,DEN,LAC,player_receptions,3.5,4.509076737841415,17,,,3,True,00-0040730,2026-10-11T20:05:00Z,"[{""w"": ""W4"", ""opp"": ""SF"", ""v"": 10.0}, {""w"": ""W3"", ""opp"": ""LA"", ""v"": 6.0}, {""w"": ""W1"", ""opp"": ""KC"", ""v"": 4.0}, {""w"": ""25W18"", ""opp"": ""LAC"", ""v"": 1.0}, {""w"": ""25W17"", ""opp"": ""KC"", ""v"": 5.0}, {""w"": ""25W16"", ""opp"": ""JAX"", ""v"": 4.0}]",Under,0.4241666997720931,0.41709844559585496,0.419568617129763,2.3,fanduel,-0.034992180601545186,0.0,0.007068254176238131,
Bucky Irving,RB,TB,DAL,player_receptions,2.5,2.542691918459357,14,,,6,True,00-0039361,2026-10-09T00:15:00Z,"[{""w"": ""W4"", ""opp"": ""GB"", ""v"": 0.0}, {""w"": ""W3"", ""opp"": ""MIN"", ""v"": 2.0}, {""w"": ""W2"", ""opp"": ""CLE"", ""v"": 4.0}, {""w"": ""W1"", ""opp"": ""CIN"", ""v"": 7.0}, {""w"": ""25W18"", ""opp"": ""CAR"", ""v"": 1.0}, {""w"": ""25W17"", ""opp"": ""MIA"", ""v"": 5.0}]",Over,0.4214961232756344,0.42392818972631463,0.42307654091081914,2.28,betonlineag,-0.035385486723332304,0.0,-0.002432066450680226,
Jeremiyah Love,RB,ARI,DET,player_receptions,2.5,2.642685678107302,4,,,5,True,00-0041027,2026-10-11T20:25:00Z,"[{""w"": ""W4"", ""opp"": ""NYG"", ""v"": 1.0}, {""w"": ""W3"", ""opp"": ""SF"", ""v"": 5.0}, {""w"": ""W2"", ""opp"": ""SEA"", ""v"": 3.0}, {""w"": ""W1"", ""opp"": ""LAC"", ""v"": 2.0}]",Under,0.5254023070119677,0.528,0.5270909726829119,1.83,draftkings,-0.0354235199902711,0.0,-0.002597692988032363,
Harold Fannin Jr.,TE,CLE,NYJ,player_reception_yds,36.5,39.98415624705574,17,,,2,True,00-0040663,2026-10-11T17:00:00Z,"[{""w"": ""W4"", ""opp"": ""PIT"", ""v"": 27.0}, {""w"": ""W3"", ""opp"": ""CAR"", ""v"": 51.0}, {""w"": ""W2"", ""opp"": ""TB"", ""v"": 54.0}, {""w"": ""W1"", ""opp"": ""JAX"", ""v"": 21.0}, {""w"": ""25W17"", ""opp"": ""PIT"", ""v"": 30.0}, {""w"": ""25W16"", ""opp"": ""BUF"", ""v"": 34.0}]",Under,0.524277385447612,0.4986772486772486,0.5076433860153597,1.9,draftkings,-0.03547756657081652,0.0,0.025600136770363435,
Darnell Washington,TE,PIT,IND,player_receptions,2.5,2.3960017116324535,17,,,5,True,00-0038558,2026-10-11T17:00:00Z,"[{""w"": ""W4"", ""opp"": ""CLE"", ""v"": 3.0}, {""w"": ""W3"", ""opp"": ""CIN"", ""v"": 3.0}, {""w"": ""W2"", ""opp"": ""NE"", ""v"": 1.0}, {""w"": ""W1"", ""opp"": ""ATL"", ""v"": 2.0}, {""w"": ""25W17"", ""opp"": ""CLE"", ""v"": 2.0}, {""w"": ""25W16"", ""opp"": ""DET"", ""v"": 3.0}]",Under,0.5707588938193044,0.5759162303664922,0.5741129828323894,1.68,betonlineag,-0.03549018884158578,0.0,-0.005157336547187752,
Emeka Egbuka,WR,TB,DAL,player_reception_yds,34.5,43.1480379800524,17,,,3,True,00-0040129,2026-10-09T00:15:00Z,"[{""w"": ""W4"", ""opp"": ""GB"", ""v"": 13.0}, {""w"": ""W3"", ""opp"": ""MIN"", ""v"": 62.0}, {""w"": ""W2"", ""opp"": ""CLE"", ""v"": 16.0}, {""w"": ""W1"", ""opp"": ""CIN"", ""v"": 63.0}, {""w"": ""25W18"", ""opp"": ""CAR"", ""v"": 8.0}, {""w"": ""25W17"", ""opp"": ""MIA"", ""v"": 20.0}]",Over,0.5140688947254508,0.5,0.5049252539902941,1.91,draftkings,-0.03559276487853835,0.0,0.014068894725450809,
Jacoby Brissett,QB,ARI,DET,player_pass_yds,270.5,275.7612746316478,17,,,1,True,00-0033119,2026-10-11T20:25:00Z,"[{""w"": ""W4"", ""opp"": ""NYG"", ""v"": 166.0}, {""w"": ""W3"", ""opp"": ""SF"", ""v"": 280.0}, {""w"": ""W2"", ""opp"": ""SEA"", ""v"": 95.0}, {""w"": ""W1"", ""opp"": ""LAC"", ""v"": 277.0}, {""w"": ""25W18"", ""opp"": ""LA"", ""v"": 243.0}, {""w"": ""25W17"", ""opp"": ""CIN"", ""v"": 212.0}]",Under,0.5368796861880551,0.5,0.512928492680772,1.88,betonlineag,-0.03569443376014869,0.0,0.03687968618805515,
Dak Prescott,QB,DAL,TB,player_pass_yds,265.5,269.3252527238815,17,,,1,True,00-0033077,2026-10-09T00:15:00Z,"[{""w"": ""W4"", ""opp"": ""HOU"", ""v"": 335.0}, {""w"": ""W3"", ""opp"": ""BAL"", ""v"": 276.0}, {""w"": ""W2"", ""opp"": ""WAS"", ""v"": 279.0}, {""w"": ""W1"", ""opp"": ""NYG"", ""v"": 175.0}, {""w"": ""25W18"", ""opp"": ""NYG"", ""v"": 70.0}, {""w"": ""25W17"", ""opp"": ""WAS"", ""v"": 307.0}]",Under,0.5364932448880492,0.5,0.512792596089455,1.88,betonlineag,-0.035949919351824566,0.0,0.03649324488804917,
Brock Purdy,QB,SF,SEA,player_rush_yds,19.5,23.708218380664913,13,,,4,True,00-0037834,2026-10-11T20:25:00Z,"[{""w"": ""W4"", ""opp"": ""DEN"", ""v"": 29.0}, {""w"": ""W3"", ""opp"": ""ARI"", ""v"": 34.0}, {""w"": ""W2"", ""opp"": ""MIA"", ""v"": 30.0}, {""w"": ""W1"", ""opp"": ""LA"", ""v"": 29.0}, {""w"": ""25W18"", ""opp"": ""SEA"", ""v"": 21.0}, {""w"": ""25W17"", ""opp"": ""CHI"", ""v"": 28.0}]",Over,0.520389922003653,0.5086457466171884,0.512757958298936,1.88,fanduel,-0.036015038398000354,0.0,0.01174417538646455,
Jacoby Brissett,QB,ARI,DET,player_pass_yds,271.5,275.7612746316478,17,,,2,True,00-0033119,2026-10-11T20:25:00Z,"[{""w"": ""W4"", ""opp"": ""NYG"", ""v"": 166.0}, {""w"": ""W3"", ""opp"": ""SF"", ""v"": 280.0}, {""w"": ""W2"", ""opp"": ""SEA"", ""v"": 95.0}, {""w"": ""W1"", ""opp"": ""LAC"", ""v"": 277.0}, {""w"": ""25W18"", ""opp"": ""LA"", ""v"": 243.0}, {""w"": ""25W17"", ""opp"": ""CIN"", ""v"": 212.0}]",Under,0.5403778162996601,0.5020107238605898,0.515465120468747,1.87,betmgm,-0.036080224723442966,0.0,0.03836709243907033,
Mark Andrews,TE,BAL,ATL,player_reception_yds,31.5,32.88434881761315,17,,,1,True,00-0034753,2026-10-12T00:20:00Z,"[{""w"": ""W4"", ""opp"": ""TEN"", ""v"": 27.0}, {""w"": ""W3"", ""opp"": ""DAL"", ""v"": 24.0}, {""w"": ""W2"", ""opp"": ""NO"", ""v"": 49.0}, {""w"": ""W1"", ""opp"": ""IND"", ""v"": 49.0}, {""w"": ""25W18"", ""opp"": ""PIT"", ""v"": 14.0}, {""w"": ""25W17"", ""opp"": ""GB"", ""v"": 28.0}]",Under,0.5474606751217962,0.5066666666666666,0.5209826568590245,1.85,betmgm,-0.036182084810804704,0.0,0.04079400845512959,
Michael Mayer,TE,LV,NE,player_receptions,3.5,3.8196041797740676,17,,,6,True,00-0039066,2026-10-11T17:00:00Z,"[{""w"": ""W4"", ""opp"": ""KC"", ""v"": 8.0}, {""w"": ""W3"", ""opp"": ""NO"", ""v"": 3.0}, {""w"": ""W2"", ""opp"": ""LAC"", ""v"": 3.0}, {""w"": ""W1"", ""opp"": ""MIA"", ""v"": 6.0}, {""w"": ""25W18"", ""opp"": ""KC"", ""v"": 3.0}, {""w"": ""25W17"", ""opp"": ""NYG"", ""v"": 9.0}]",Under,0.5131128843776721,0.5,0.5045904331945155,1.91,bovada,-0.0362322725984755,0.0,0.013112884377672107,
Brian Robinson Jr.,RB,ATL,BAL,player_rush_yds,35.5,38.34490124443671,17,,,4,True,00-0037746,2026-10-12T00:20:00Z,"[{""w"": ""W4"", ""opp"": ""NO"", ""v"": 62.0}, {""w"": ""W3"", ""opp"": ""GB"", ""v"": 50.0}, {""w"": ""W2"", ""opp"": ""CAR"", ""v"": 51.0}, {""w"": ""W1"", ""opp"": ""PIT"", ""v"": 31.0}, {""w"": ""25W18"", ""opp"": ""SEA"", ""v"": 9.0}, {""w"": ""25W17"", ""opp"": ""CHI"", ""v"": 22.0}]",Under,0.5249976881215342,0.5059472014820636,0.5126196740127507,1.88,fanduel,-0.0362750128560288,0.0,0.01905048663947062,
Cooper Kupp,WR,SEA,SF,player_reception_yds,25.5,27.658614574736404,17,,,2,True,00-0033908,2026-10-11T20:25:00Z,"[{""w"": ""W4"", ""opp"": ""LAC"", ""v"": 13.0}, {""w"": ""W3"", ""opp"": ""WAS"", ""v"": 46.0}, {""w"": ""W2"", ""opp"": ""ARI"", ""v"": 20.0}, {""w"": ""W1"", ""opp"": ""NE"", ""v"": 35.0}, {""w"": ""25W18"", ""opp"": ""SF"", ""v"": 29.0}, {""w"": ""25W17"", ""opp"": ""CAR"", ""v"": 6.0}]",Under,0.5396024423253581,0.49798927613941024,0.512580316113837,1.88,betrivers,-0.036349005705986426,0.0,0.0416131661859479,
RJ Harvey,RB,DEN,LAC,player_receptions,4.5,4.509076737841415,17,,,3,True,00-0040730,2026-10-11T20:05:00Z,"[{""w"": ""W4"", ""opp"": ""SF"", ""v"": 10.0}, {""w"": ""W3"", ""opp"": ""LA"", ""v"": 6.0}, {""w"": ""W1"", ""opp"": ""KC"", ""v"": 4.0}, {""w"": ""25W18"", ""opp"": ""LAC"", ""v"": 1.0}, {""w"": ""25W17"", ""opp"": ""KC"", ""v"": 5.0}, {""w"": ""25W16"", ""opp"": ""JAX"", ""v"": 4.0}]",Over,0.43529791070182866,0.41025641025641024,0.41897506775870197,2.3,bovada,-0.036357344154985594,0.0,0.02504150044541842,
Jahan Dotson,WR,ATL,BAL,player_receptions,1.5,1.8205225718408231,17,,,6,True,00-0037741,2026-10-12T00:20:00Z,"[{""w"": ""W4"", ""opp"": ""NO"", ""v"": 2.0}, {""w"": ""W3"", ""opp"": ""GB"", ""v"": 1.0}, {""w"": ""W2"", ""opp"": ""CAR"", ""v"": 2.0}, {""w"": ""W1"", ""opp"": ""PIT"", ""v"": 1.0}, {""w"": ""25W18"", ""opp"": ""WAS"", ""v"": 3.0}, {""w"": ""25W17"", ""opp"": ""BUF"", ""v"": 0.0}]",Over,0.5432293691947642,0.5594652230971129,0.5537953184304935,1.74,betmgm,-0.03639614593094137,0.0,-0.016235853902348718,
Jacoby Brissett,QB,ARI,DET,player_pass_yds,269.5,275.7612746316478,17,,,2,True,00-0033119,2026-10-11T20:25:00Z,"[{""w"": ""W4"", ""opp"": ""NYG"", ""v"": 166.0}, {""w"": ""W3"", ""opp"": ""SF"", ""v"": 280.0}, {""w"": ""W2"", ""opp"": ""SEA"", ""v"": 95.0}, {""w"": ""W1"", ""opp"": ""LAC"", ""v"": 277.0}, {""w"": ""25W18"", ""opp"": ""LA"", ""v"": 243.0}, {""w"": ""25W17"", ""opp"": ""CIN"", ""v"": 212.0}]",Under,0.5333700414475591,0.5013227513227513,0.5125540533854731,1.88,draftkings,-0.03639837963531062,0.0,0.03204729012480778,
Michael Mayer,TE,LV,NE,player_reception_yds,31.5,35.74114866652113,17,,,1,True,00-0039066,2026-10-11T17:00:00Z,"[{""w"": ""W4"", ""opp"": ""KC"", ""v"": 82.0}, {""w"": ""W3"", ""opp"": ""NO"", ""v"": 32.0}, {""w"": ""W2"", ""opp"": ""LAC"", ""v"": 23.0}, {""w"": ""W1"", ""opp"": ""MIA"", ""v"": 32.0}, {""w"": ""25W18"", ""opp"": ""KC"", ""v"": 47.0}, {""w"": ""25W17"", ""opp"": ""NYG"", ""v"": 89.0}]",Under,0.5376866958983874,0.4906166219839143,0.5071150156252879,1.9,betmgm,-0.03648147031195298,0.0,0.04707007391447304,
Jahan Dotson,WR,ATL,BAL,player_reception_yds,19.5,24.44607261250215,17,,,5,True,00-0037741,2026-10-12T00:20:00Z,"[{""w"": ""W4"", ""opp"": ""NO"", ""v"": 54.0}, {""w"": ""W3"", ""opp"": ""GB"", ""v"": 11.0}, {""w"": ""W2"", ""opp"": ""CAR"", ""v"": 11.0}, {""w"": ""W1"", ""opp"": ""PIT"", ""v"": 19.0}, {""w"": ""25W18"", ""opp"": ""WAS"", ""v"": 40.0}, {""w"": ""25W17"", ""opp"": ""BUF"", ""v"": 0.0}]",Under,0.5076290093044552,0.49468085106382975,0.49921278389852575,1.93,draftkings,-0.03651932707584532,0.0,0.012948158240625451,
Kyle Monangai,RB,CHI,GB,player_rush_yds,53.5,68.82843363627678,17,,,2,True,00-0040236,2026-10-11T17:00:00Z,"[{""w"": ""W4"", ""opp"": ""NYJ"", ""v"": 146.0}, {""w"": ""W3"", ""opp"": ""PHI"", ""v"": 31.0}, {""w"": ""W2"", ""opp"": ""MIN"", ""v"": 47.0}, {""w"": ""W1"", ""opp"": ""CAR"", ""v"": 100.0}, {""w"": ""25W18"", ""opp"": ""DET"", ""v"": 14.0}, {""w"": ""25W17"", ""opp"": ""SF"", ""v"": 38.0}]",Over,0.5277690982696942,0.5,0.5097279681095782,1.89,draftkings,-0.03661414027289722,0.0,0.027769098269694203,
Javonte Williams,RB,DAL,TB,player_reception_yds,14.5,19.104504243312178,17,,,2,True,00-0036997,2026-10-09T00:15:00Z,"[{""w"": ""W4"", ""opp"": ""HOU"", ""v"": 21.0}, {""w"": ""W3"", ""opp"": ""BAL"", ""v"": 5.0}, {""w"": ""W2"", ""opp"": ""WAS"", ""v"": 20.0}, {""w"": ""W1"", ""opp"": ""NYG"", ""v"": 31.0}, {""w"": ""25W17"", ""opp"": ""WAS"", ""v"": 0.0}, {""w"": ""25W16"", ""opp"": ""LAC"", ""v"": 9.0}]",Over,0.5302061611122546,0.5026737967914439,0.5123205361474163,1.88,fanduel,-0.03683739204285724,0.0,0.027532364320810743,
Pat Freiermuth,TE,PIT,IND,player_reception_yds,28.5,32.27748040993976,17,,,2,True,00-0036894,2026-10-11T17:00:00Z,"[{""w"": ""W4"", ""opp"": ""CLE"", ""v"": 17.0}, {""w"": ""W3"", ""opp"": ""CIN"", ""v"": 30.0}, {""w"": ""W2"", ""opp"": ""NE"", ""v"": 32.0}, {""w"": ""W1"", ""opp"": ""ATL"", ""v"": 46.0}, {""w"": ""25W18"", ""opp"": ""BAL"", ""v"": 51.0}, {""w"": ""25W17"", ""opp"": ""CLE"", ""v"": 63.0}]",Under,0.5156027915258152,0.49802110817941947,0.5041763671530448,1.91,draftkings,-0.037023138737684425,0.0,0.01758168334639576,
Harold Fannin Jr.,TE,CLE,NYJ,player_reception_yds,37.5,39.98415624705574,17,,,2,True,00-0040663,2026-10-11T17:00:00Z,"[{""w"": ""W4"", ""opp"": ""PIT"", ""v"": 27.0}, {""w"": ""W3"", ""opp"": ""CAR"", ""v"": 51.0}, {""w"": ""W2"", ""opp"": ""TB"", ""v"": 54.0}, {""w"": ""W1"", ""opp"": ""JAX"", ""v"": 21.0}, {""w"": ""25W17"", ""opp"": ""PIT"", ""v"": 30.0}, {""w"": ""25W16"", ""opp"": ""BUF"", ""v"": 34.0}]",Under,0.5411883633089432,0.5006666666666666,0.51487760955077,1.87,betmgm,-0.03717887014006005,0.0,0.04052169664227656,
Harold Fannin Jr.,TE,CLE,NYJ,player_receptions,4.5,4.245661078725981,17,,,5,True,00-0040663,2026-10-11T17:00:00Z,"[{""w"": ""W4"", ""opp"": ""PIT"", ""v"": 3.0}, {""w"": ""W3"", ""opp"": ""CAR"", ""v"": 7.0}, {""w"": ""W2"", ""opp"": ""TB"", ""v"": 5.0}, {""w"": ""W1"", ""opp"": ""JAX"", ""v"": 2.0}, {""w"": ""25W17"", ""opp"": ""PIT"", ""v"": 2.0}, {""w"": ""25W16"", ""opp"": ""BUF"", ""v"": 4.0}]",Over,0.4161206980328392,0.4196891191709845,0.41843919612631303,2.3,bovada,-0.03758984890948014,0.0,-0.003568421138145317,
Rashod Bateman,WR,BAL,ATL,player_receptions,2.5,2.083277253923326,17,,,1,True,00-0036550,2026-10-12T00:20:00Z,"[{""w"": ""W4"", ""opp"": ""TEN"", ""v"": 2.0}, {""w"": ""W3"", ""opp"": ""DAL"", ""v"": 2.0}, {""w"": ""W2"", ""opp"": ""NO"", ""v"": 7.0}, {""w"": ""W1"", ""opp"": ""IND"", ""v"": 0.0}, {""w"": ""25W17"", ""opp"": ""GB"", ""v"": 1.0}, {""w"": ""25W16"", ""opp"": ""NE"", ""v"": 0.0}]",Under,0.6712590642181633,0.625,0.6415036634657418,1.5,betmgm,-0.037744504801387246,0.0,0.04625906421816328,
Jaxon Smith-Njigba,WR,SEA,SF,player_reception_yds,91.5,97.75097940129855,17,,,2,True,00-0038543,2026-10-11T20:25:00Z,"[{""w"": ""W4"", ""opp"": ""LAC"", ""v"": 76.0}, {""w"": ""W3"", ""opp"": ""WAS"", ""v"": 128.0}, {""w"": ""W2"", ""opp"": ""ARI"", ""v"": 155.0}, {""w"": ""W1"", ""opp"": ""NE"", ""v"": 122.0}, {""w"": ""25W18"", ""opp"": ""SF"", ""v"": 84.0}, {""w"": ""25W17"", ""opp"": ""CAR"", ""v"": 72.0}]",Under,0.5259863199689538,0.5,0.5091024087209164,1.89,draftkings,-0.03779644751746808,0.0,0.02598631996895384,
Evan Engram,TE,DEN,LAC,player_reception_yds,17.5,23.836213725985726,17,,,4,True,00-0033881,2026-10-11T20:05:00Z,"[{""w"": ""W4"", ""opp"": ""SF"", ""v"": 6.0}, {""w"": ""W3"", ""opp"": ""LA"", ""v"": 0.0}, {""w"": ""W2"", ""opp"": ""JAX"", ""v"": 17.0}, {""w"": ""W1"", ""opp"": ""KC"", ""v"": 43.0}, {""w"": ""25W18"", ""opp"": ""LAC"", ""v"": 45.0}, {""w"": ""25W17"", ""opp"": ""KC"", ""v"": 21.0}]",Over,0.5311051277164344,0.5013297872340425,0.5117630646059123,1.88,draftkings,-0.037885438540885,0.0,0.029775340482391832,
Tre Tucker,WR,LV,NE,player_reception_yds,39.5,45.889973369920995,17,,,2,True,00-0038563,2026-10-11T17:00:00Z,"[{""w"": ""W4"", ""opp"": ""KC"", ""v"": 44.0}, {""w"": ""W3"", ""opp"": ""NO"", ""v"": 43.0}, {""w"": ""W2"", ""opp"": ""LAC"", ""v"": 119.0}, {""w"": ""W1"", ""opp"": ""MIA"", ""v"": 27.0}, {""w"": ""25W18"", ""opp"": ""KC"", ""v"": 30.0}, {""w"": ""25W17"", ""opp"": ""NYG"", ""v"": 49.0}]",Under,0.5226260059379781,0.49734042553191493,0.5061954573519383,1.9,betonlineag,-0.03822863103131735,0.0,0.025285580406063213,
AJ Barner,TE,SEA,SF,player_reception_yds,24.5,28.885897510308066,17,,,3,True,00-0039793,2026-10-11T20:25:00Z,"[{""w"": ""W4"", ""opp"": ""LAC"", ""v"": 12.0}, {""w"": ""W3"", ""opp"": ""WAS"", ""v"": 69.0}, {""w"": ""W2"", ""opp"": ""ARI"", ""v"": 8.0}, {""w"": ""W1"", ""opp"": ""NE"", ""v"": 13.0}, {""w"": ""25W18"", ""opp"": ""SF"", ""v"": 14.0}, {""w"": ""25W17"", ""opp"": ""CAR"", ""v"": 43.0}]",Under,0.5329808518901095,0.5,0.5115580240826807,1.88,betonlineag,-0.038270914724560345,0.0,0.032980851890109464,
Brock Purdy,QB,SF,SEA,player_rush_yds,18.5,23.708218380664913,13,,,1,True,00-0037834,2026-10-11T20:25:00Z,"[{""w"": ""W4"", ""opp"": ""DEN"", ""v"": 29.0}, {""w"": ""W3"", ""opp"": ""ARI"", ""v"": 34.0}, {""w"": ""W2"", ""opp"": ""MIA"", ""v"": 30.0}, {""w"": ""W1"", ""opp"": ""LA"", ""v"": 29.0}, {""w"": ""25W18"", ""opp"": ""SEA"", ""v"": 21.0}, {""w"": ""25W17"", ""opp"": ""CHI"", ""v"": 28.0}]",Over,0.5489334424452696,0.5040214477211796,0.5197853614492454,1.85,betrivers,-0.03839708131889602,0.0,0.04491199472409002,
Derrick Henry,RB,BAL,ATL,player_rush_yds,85.5,89.25062818598006,17,,,2,True,00-0032764,2026-10-12T00:20:00Z,"[{""w"": ""W4"", ""opp"": ""TEN"", ""v"": 73.0}, {""w"": ""W3"", ""opp"": ""DAL"", ""v"": 89.0}, {""w"": ""W2"", ""opp"": ""NO"", ""v"": 68.0}, {""w"": ""W1"", ""opp"": ""IND"", ""v"": 144.0}, {""w"": ""25W18"", ""opp"": ""PIT"", ""v"": 126.0}, {""w"": ""25W17"", ""opp"": ""GB"", ""v"": 216.0}]",Under,0.5405220688486483,0.5,0.5142100707738738,1.87,betmgm,-0.03842716765285592,0.0,0.040522068848648285,
Jahmyr Gibbs,RB,DET,ARI,player_reception_yds,37.5,42.45122018993049,17,,,5,True,00-0039139,2026-10-11T20:25:00Z,"[{""w"": ""W4"", ""opp"": ""CAR"", ""v"": 31.0}, {""w"": ""W3"", ""opp"": ""NYJ"", ""v"": 65.0}, {""w"": ""W2"", ""opp"": ""BUF"", ""v"": 61.0}, {""w"": ""W1"", ""opp"": ""NO"", ""v"": 30.0}, {""w"": ""25W18"", ""opp"": ""CHI"", ""v"": 33.0}, {""w"": ""25W17"", ""opp"": ""MIN"", ""v"": 23.0}]",Under,0.52494408491849,0.5,0.5087367940529063,1.89,draftkings,-0.03848745924000718,0.0,0.024944084918489984,
Davante Adams,WR,LA,BUF,player_reception_yds,63.5,85.95271091610613,17,,,3,True,00-0031381,2026-10-13T00:15:00Z,"[{""w"": ""W4"", ""opp"": ""PHI"", ""v"": 32.0}, {""w"": ""W3"", ""opp"": ""DEN"", ""v"": 137.0}, {""w"": ""W2"", ""opp"": ""NYG"", ""v"": 195.0}, {""w"": ""W1"", ""opp"": ""SF"", ""v"": 26.0}, {""w"": ""25W15"", ""opp"": ""DET"", ""v"": 71.0}, {""w"": ""25W14"", ""opp"": ""ARI"", ""v"": 29.0}]",Over,0.5244891236976685,0.5,0.5085772153978195,1.89,draftkings,-0.03878906289812106,0.0,0.024489123697668536,
Tez Johnson,WR,TB,DAL,player_receptions,1.5,1.4808272983493558,17,,,6,True,00-0040237,2026-10-09T00:15:00Z,"[{""w"": ""W4"", ""opp"": ""GB"", ""v"": 2.0}, {""w"": ""W3"", ""opp"": ""MIN"", ""v"": 1.0}, {""w"": ""W2"", ""opp"": ""CLE"", ""v"": 1.0}, {""w"": ""W1"", ""opp"": ""CIN"", ""v"": 0.0}, {""w"": ""25W18"", ""opp"": ""CAR"", ""v"": 1.0}, {""w"": ""25W17"", ""opp"": ""MIA"", ""v"": 2.0}]",Under,0.5642708817429107,0.5923050118672706,0.5825514845762757,1.65,betmgm,-0.03879005044914513,0.0,-0.028034130124359846,
DK Metcalf,WR,PIT,IND,player_reception_yds,52.5,60.55407058618882,17,,,1,True,00-0035640,2026-10-11T17:00:00Z,"[{""w"": ""W4"", ""opp"": ""CLE"", ""v"": 115.0}, {""w"": ""W3"", ""opp"": ""CIN"", ""v"": 31.0}, {""w"": ""W2"", ""opp"": ""NE"", ""v"": 27.0}, {""w"": ""W1"", ""opp"": ""ATL"", ""v"": 40.0}, {""w"": ""25W16"", ""opp"": ""DET"", ""v"": 42.0}, {""w"": ""25W15"", ""opp"": ""MIA"", ""v"": 55.0}]",Under,0.5266288109730197,0.49468085106382975,0.5058710635165145,1.9,betonlineag,-0.038844979318622574,0.0,0.03194795990918997,
Tony Pollard,RB,TEN,HOU,player_rush_yds,50.5,58.36386892253474,17,,,4,True,00-0035261,2026-10-11T17:00:00Z,"[{""w"": ""W4"", ""opp"": ""BAL"", ""v"": 48.0}, {""w"": ""W3"", ""opp"": ""NYG"", ""v"": 74.0}, {""w"": ""W2"", ""opp"": ""PHI"", ""v"": 64.0}, {""w"": ""W1"", ""opp"": ""NYJ"", ""v"": 35.0}, {""w"": ""25W18"", ""opp"": ""JAX"", ""v"": 48.0}, {""w"": ""25W17"", ""opp"": ""NO"", ""v"": 85.0}]",Over,0.5198079135118041,0.5066348643476304,0.5112474172217769,1.88,fanduel,-0.03885485562305946,0.0,0.013173049164173722,
Derrick Henry,RB,BAL,ATL,player_rush_yds,84.5,89.25062818598006,17,,,3,True,00-0032764,2026-10-12T00:20:00Z,"[{""w"": ""W4"", ""opp"": ""TEN"", ""v"": 73.0}, {""w"": ""W3"", ""opp"": ""DAL"", ""v"": 89.0}, {""w"": ""W2"", ""opp"": ""NO"", ""v"": 68.0}, {""w"": ""W1"", ""opp"": ""IND"", ""v"": 144.0}, {""w"": ""25W18"", ""opp"": ""PIT"", ""v"": 126.0}, {""w"": ""25W17"", ""opp"": ""GB"", ""v"": 216.0}]",Under,0.532038831576081,0.5,0.511227089008848,1.88,betonlineag,-0.03889307266336589,0.0,0.032038831576081006,
Luther Burden III,WR,CHI,GB,player_reception_yds,49.5,54.19517157631282,17,,,3,True,00-0040735,2026-10-11T17:00:00Z,"[{""w"": ""W4"", ""opp"": ""NYJ"", ""v"": 63.0}, {""w"": ""W3"", ""opp"": ""PHI"", ""v"": 61.0}, {""w"": ""W2"", ""opp"": ""MIN"", ""v"": 32.0}, {""w"": ""W1"", ""opp"": ""CAR"", ""v"": 63.0}, {""w"": ""25W18"", ""opp"": ""DET"", ""v"": 35.0}, {""w"": ""25W17"", ""opp"": ""SF"", ""v"": 138.0}]",Under,0.531713010532097,0.5,0.5111126434107962,1.88,betonlineag,-0.03910823038770317,0.0,0.031713010532096964,
Javonte Williams,RB,DAL,TB,player_receptions,2.5,2.9880593060454568,17,,,6,True,00-0036997,2026-10-09T00:15:00Z,"[{""w"": ""W4"", ""opp"": ""HOU"", ""v"": 5.0}, {""w"": ""W3"", ""opp"": ""BAL"", ""v"": 2.0}, {""w"": ""W2"", ""opp"": ""WAS"", ""v"": 3.0}, {""w"": ""W1"", ""opp"": ""NYG"", ""v"": 5.0}, {""w"": ""25W17"", ""opp"": ""WAS"", ""v"": 0.0}, {""w"": ""25W16"", ""opp"": ""LAC"", ""v"": 2.0}]",Over,0.5482898355827514,0.5259047619047619,0.5337560478998623,1.8,betonlineag,-0.0392391137802478,0.0,0.022385073677989475,
Bo Nix,QB,DEN,LAC,player_pass_yds,220.5,224.84996172312015,17,,,3,True,00-0039732,2026-10-11T20:05:00Z,"[{""w"": ""W4"", ""opp"": ""SF"", ""v"": 214.0}, {""w"": ""W3"", ""opp"": ""LA"", ""v"": 186.0}, {""w"": ""W2"", ""opp"": ""JAX"", ""v"": 288.0}, {""w"": ""W1"", ""opp"": ""KC"", ""v"": 131.0}, {""w"": ""25W18"", ""opp"": ""LAC"", ""v"": 141.0}, {""w"": ""25W17"", ""opp"": ""KC"", ""v"": 182.0}]",Under,0.5313015420459348,0.5,0.5109681257934173,1.88,draftkings,-0.03937992350837549,0.0,0.03130154204593483,
Davante Adams,WR,LA,BUF,player_reception_yds,62.5,85.95271091610613,17,,,2,True,00-0031381,2026-10-13T00:15:00Z,"[{""w"": ""W4"", ""opp"": ""PHI"", ""v"": 32.0}, {""w"": ""W3"", ""opp"": ""DEN"", ""v"": 137.0}, {""w"": ""W2"", ""opp"": ""NYG"", ""v"": 195.0}, {""w"": ""W1"", ""opp"": ""SF"", ""v"": 26.0}, {""w"": ""25W15"", ""opp"": ""DET"", ""v"": 71.0}, {""w"": ""25W14"", ""opp"": ""ARI"", ""v"": 29.0}]",Over,0.5312536248604325,0.5,0.5109512969826578,1.88,betonlineag,-0.039411561672603235,0.0,0.03125362486043248,
Rashid Shaheed,WR,SEA,SF,player_reception_yds,19.5,25.655379043122103,17,,,3,True,00-0037545,2026-10-11T20:25:00Z,"[{""w"": ""W4"", ""opp"": ""LAC"", ""v"": 20.0}, {""w"": ""W3"", ""opp"": ""WAS"", ""v"": 14.0}, {""w"": ""W2"", ""opp"": ""ARI"", ""v"": 35.0}, {""w"": ""W1"", ""opp"": ""NE"", ""v"": 4.0}, {""w"": ""25W18"", ""opp"": ""SF"", ""v"": 2.0}, {""w"": ""25W17"", ""opp"": ""CAR"", ""v"": 8.0}]",Over,0.508188338191205,0.5,0.5028661432234005,1.91,draftkings,-0.039525666443305074,0.0,0.008188338191205013,
Jonathan Taylor,RB,IND,PIT,player_reception_yds,16.5,19.387257083744238,17,,,1,True,00-0036223,2026-10-11T17:00:00Z,"[{""w"": ""W4"", ""opp"": ""WAS"", ""v"": 2.0}, {""w"": ""W3"", ""opp"": ""HOU"", ""v"": 4.0}, {""w"": ""W2"", ""opp"": ""KC"", ""v"": 40.0}, {""w"": ""W1"", ""opp"": ""BAL"", ""v"": 23.0}, {""w"": ""25W18"", ""opp"": ""HOU"", ""v"": 13.0}, {""w"": ""25W17"", ""opp"": ""JAX"", ""v"": 14.0}]",Under,0.5419928090927187,0.5066666666666666,0.5190565416942825,1.85,betmgm,-0.03974539786557735,0.0,0.03532614242605214,
Puka Nacua,WR,LA,BUF,player_reception_yds,90.5,112.10675910673201,17,,,1,True,00-0039075,2026-10-13T00:15:00Z,"[{""w"": ""W4"", ""opp"": ""PHI"", ""v"": 125.0}, {""w"": ""W1"", ""opp"": ""SF"", ""v"": 74.0}, {""w"": ""25W18"", ""opp"": ""ARI"", ""v"": 76.0}, {""w"": ""25W17"", ""opp"": ""ATL"", ""v"": 47.0}, {""w"": ""25W16"", ""opp"": ""SEA"", ""v"": 225.0}, {""w"": ""25W15"", ""opp"": ""DET"", ""v"": 181.0}]",Over,0.5382698765728533,0.5,0.5134174834218199,1.87,betmgm,-0.03990930600119669,0.0,0.0382698765728533,
Christian McCaffrey,RB,SF,SEA,player_rush_yds,53.5,61.78519162506573,17,,,5,True,00-0033280,2026-10-11T20:25:00Z,"[{""w"": ""W4"", ""opp"": ""DEN"", ""v"": 52.0}, {""w"": ""W3"", ""opp"": ""ARI"", ""v"": 75.0}, {""w"": ""W2"", ""opp"": ""MIA"", ""v"": 23.0}, {""w"": ""W1"", ""opp"": ""LA"", ""v"": 68.0}, {""w"": ""25W18"", ""opp"": ""SEA"", ""v"": 23.0}, {""w"": ""25W17"", ""opp"": ""CHI"", ""v"": 140.0}]",Over,0.5125242587320531,0.49734042553191493,0.5026556429963087,1.91,draftkings,-0.039927721877050404,0.0,0.015183833200138164,
Troy Franklin,WR,DEN,LAC,player_reception_yds,17.5,25.69321650957791,17,,,2,True,00-0039868,2026-10-11T20:05:00Z,"[{""w"": ""W3"", ""opp"": ""LA"", ""v"": 21.0}, {""w"": ""W2"", ""opp"": ""JAX"", ""v"": 27.0}, {""w"": ""W1"", ""opp"": ""KC"", ""v"": 0.0}, {""w"": ""25W18"", ""opp"": ""LAC"", ""v"": 0.0}, {""w"": ""25W17"", ""opp"": ""KC"", ""v"": 17.0}, {""w"": ""25W16"", ""opp"": ""JAX"", ""v"": 66.0}]",Over,0.5226530756397119,0.5,0.507933342177415,1.89,draftkings,-0.04000598328468563,0.0,0.02265307563971186,
Davante Adams,WR,LA,BUF,player_reception_yds,61.5,85.95271091610613,17,,,1,True,00-0031381,2026-10-13T00:15:00Z,"[{""w"": ""W4"", ""opp"": ""PHI"", ""v"": 32.0}, {""w"": ""W3"", ""opp"": ""DEN"", ""v"": 137.0}, {""w"": ""W2"", ""opp"": ""NYG"", ""v"": 195.0}, {""w"": ""W1"", ""opp"": ""SF"", ""v"": 26.0}, {""w"": ""25W15"", ""opp"": ""DET"", ""v"": 71.0}, {""w"": ""25W14"", ""opp"": ""ARI"", ""v"": 29.0}]",Over,0.5380838396370843,0.5,0.5133520356004124,1.87,betmgm,-0.04003169342722873,0.0,0.03808383963708428,
Ashton Jeanty,RB,LV,NE,player_rush_yds,63.5,66.51560988243777,17,,,1,True,00-0040122,2026-10-11T17:00:00Z,"[{""w"": ""W4"", ""opp"": ""KC"", ""v"": 58.0}, {""w"": ""W3"", ""opp"": ""NO"", ""v"": 56.0}, {""w"": ""W2"", ""opp"": ""LAC"", ""v"": 48.0}, {""w"": ""W1"", ""opp"": ""MIA"", ""v"": 102.0}, {""w"": ""25W18"", ""opp"": ""KC"", ""v"": 87.0}, {""w"": ""25W17"", ""opp"": ""NYG"", ""v"": 60.0}]",Under,0.5373992246065987,0.5,0.5131112159931638,1.87,betrivers,-0.040482026092783674,0.0,0.037399224606598724,
Puka Nacua,WR,LA,BUF,player_reception_yds,92.5,112.10675910673201,17,,,2,True,00-0039075,2026-10-13T00:15:00Z,"[{""w"": ""W4"", ""opp"": ""PHI"", ""v"": 125.0}, {""w"": ""W1"", ""opp"": ""SF"", ""v"": 74.0}, {""w"": ""25W18"", ""opp"": ""ARI"", ""v"": 76.0}, {""w"": ""25W17"", ""opp"": ""ATL"", ""v"": 47.0}, {""w"": ""25W16"", ""opp"": ""SEA"", ""v"": 225.0}, {""w"": ""25W15"", ""opp"": ""DET"", ""v"": 181.0}]",Over,0.5258961869003984,0.5020107238605898,0.5103772699236528,1.88,fanduel,-0.04049073254353269,0.0,0.023885463039808652,
Cam Skattebo,RB,NYG,WAS,player_reception_yds,12.5,16.670039960322516,12,,,3,True,00-0040715,2026-10-11T17:00:00Z,"[{""w"": ""W4"", ""opp"": ""ARI"", ""v"": 8.0}, {""w"": ""W3"", ""opp"": ""TEN"", ""v"": 40.0}, {""w"": ""W2"", ""opp"": ""LA"", ""v"": 19.0}, {""w"": ""W1"", ""opp"": ""DAL"", ""v"": 0.0}, {""w"": ""25W8"", ""opp"": ""PHI"", ""v"": 18.0}, {""w"": ""25W7"", ""opp"": ""DEN"", ""v"": 34.0}]",Under,0.5142290227376757,0.5,0.5049813382054025,1.9,betonlineag,-0.040535457409735354,0.0,0.014229022737675678,
Marvin Mims Jr.,WR,DEN,LAC,player_reception_yds,14.5,18.26967062331102,17,,,1,True,00-0038976,2026-10-11T20:05:00Z,"[{""w"": ""W4"", ""opp"": ""SF"", ""v"": 10.0}, {""w"": ""W1"", ""opp"": ""KC"", ""v"": 0.0}, {""w"": ""25W18"", ""opp"": ""LAC"", ""v"": 10.0}, {""w"": ""25W17"", ""opp"": ""KC"", ""v"": 10.0}, {""w"": ""25W16"", ""opp"": ""JAX"", ""v"": 26.0}, {""w"": ""25W15"", ""opp"": ""GB"", ""v"": 29.0}]",Under,0.5363500209360459,0.49193548387096775,0.5075020396032561,1.89,betrivers,-0.04082114514984597,0.0,0.04441453706507814,
Marvin Mims Jr.,WR,DEN,LAC,player_receptions,1.5,1.599278614534088,17,,,5,True,00-0038976,2026-10-11T20:05:00Z,"[{""w"": ""W4"", ""opp"": ""SF"", ""v"": 1.0}, {""w"": ""W1"", ""opp"": ""KC"", ""v"": 0.0}, {""w"": ""25W18"", ""opp"": ""LAC"", ""v"": 2.0}, {""w"": ""25W17"", ""opp"": ""KC"", ""v"": 3.0}, {""w"": ""25W16"", ""opp"": ""JAX"", ""v"": 3.0}, {""w"": ""25W15"", ""opp"": ""GB"", ""v"": 4.0}]",Under,0.5579266701323234,0.5625,0.5609005017596022,1.71,fanduel,-0.040860141991080234,0.0,-0.004573329867676557,
Puka Nacua,WR,LA,BUF,player_reception_yds,94.5,112.10675910673201,17,,,3,True,00-0039075,2026-10-13T00:15:00Z,"[{""w"": ""W4"", ""opp"": ""PHI"", ""v"": 125.0}, {""w"": ""W1"", ""opp"": ""SF"", ""v"": 74.0}, {""w"": ""25W18"", ""opp"": ""ARI"", ""v"": 76.0}, {""w"": ""25W17"", ""opp"": ""ATL"", ""v"": 47.0}, {""w"": ""25W16"", ""opp"": ""SEA"", ""v"": 225.0}, {""w"": ""25W15"", ""opp"": ""DET"", ""v"": 181.0}]",Over,0.5136782918667208,0.5,0.5047884505572902,1.9,draftkings,-0.040901943941148766,0.0,0.01367829186672076,
Kalif Raymond,WR,CHI,GB,player_reception_yds,29.5,36.646262001644814,17,,,2,True,00-0032464,2026-10-11T17:00:00Z,"[{""w"": ""W4"", ""opp"": ""NYJ"", ""v"": 6.0}, {""w"": ""W3"", ""opp"": ""PHI"", ""v"": 90.0}, {""w"": ""W2"", ""opp"": ""MIN"", ""v"": 40.0}, {""w"": ""W1"", ""opp"": ""CAR"", ""v"": 84.0}, {""w"": ""25W18"", ""opp"": ""CHI"", ""v"": 52.0}, {""w"": ""25W17"", ""opp"": ""MIN"", ""v"": 5.0}]",Under,0.5340622856143598,0.5013297872340425,0.5128018595636221,1.87,betonlineag,-0.04106052261602661,0.0,0.03273249838031722,
Dak Prescott,QB,DAL,TB,player_pass_yds,263.5,269.3252527238815,17,,,1,True,00-0033077,2026-10-09T00:15:00Z,"[{""w"": ""W4"", ""opp"": ""HOU"", ""v"": 335.0}, {""w"": ""W3"", ""opp"": ""BAL"", ""v"": 276.0}, {""w"": ""W2"", ""opp"": ""WAS"", ""v"": 279.0}, {""w"": ""W1"", ""opp"": ""NYG"", ""v"": 175.0}, {""w"": ""25W18"", ""opp"": ""NYG"", ""v"": 70.0}, {""w"": ""25W17"", ""opp"": ""WAS"", ""v"": 307.0}]",Under,0.5287513742430225,0.5,0.5100727313756204,1.88,fanduel,-0.04106326501383378,0.0,0.028751374243022543,
Carnell Tate,WR,TEN,HOU,player_reception_yds,54.5,64.19641019958024,4,,,1,True,00-0041438,2026-10-11T17:00:00Z,"[{""w"": ""W4"", ""opp"": ""BAL"", ""v"": 145.0}, {""w"": ""W3"", ""opp"": ""NYG"", ""v"": 58.0}, {""w"": ""W2"", ""opp"": ""PHI"", ""v"": 27.0}, {""w"": ""W1"", ""opp"": ""NYJ"", ""v"": 38.0}]",Under,0.528367426416855,0.5,0.5099379637536671,1.88,betonlineag,-0.04131662814310599,0.0,0.02836742641685497,
Tez Johnson,WR,TB,DAL,player_reception_yds,13.5,19.02059082353224,17,,,5,True,00-0040237,2026-10-09T00:15:00Z,"[{""w"": ""W4"", ""opp"": ""GB"", ""v"": 17.0}, {""w"": ""W3"", ""opp"": ""MIN"", ""v"": 8.0}, {""w"": ""W2"", ""opp"": ""CLE"", ""v"": 49.0}, {""w"": ""W1"", ""opp"": ""CIN"", ""v"": 0.0}, {""w"": ""25W18"", ""opp"": ""CAR"", ""v"": 17.0}, {""w"": ""25W17"", ""opp"": ""MIA"", ""v"": 19.0}]",Over,0.5128024557928691,0.5,0.5044817191161824,1.9,draftkings,-0.04148473367925337,0.0,0.012802455792869094,
C.J. Stroud,QB,HOU,TEN,player_rush_yds,10.5,12.52477542491754,17,,,1,True,00-0039163,2026-10-11T17:00:00Z,"[{""w"": ""W4"", ""opp"": ""DAL"", ""v"": 12.0}, {""w"": ""W3"", ""opp"": ""IND"", ""v"": 10.0}, {""w"": ""W2"", ""opp"": ""CIN"", ""v"": 29.0}, {""w"": ""W1"", ""opp"": ""BUF"", ""v"": 15.0}, {""w"": ""25W18"", ""opp"": ""IND"", ""v"": 5.0}, {""w"": ""25W17"", ""opp"": ""LAC"", ""v"": 0.0}]",Under,0.5324566685934052,0.5145118733509235,0.5207991883093487,1.84,draftkings,-0.04172949351079841,0.0,0.017944795242481715,
KC Concepcion,WR,CLE,NYJ,player_reception_yds,38.5,44.09480559680307,4,,,1,True,00-0041547,2026-10-11T17:00:00Z,"[{""w"": ""W4"", ""opp"": ""PIT"", ""v"": 64.0}, {""w"": ""W3"", ""opp"": ""CAR"", ""v"": 9.0}, {""w"": ""W2"", ""opp"": ""TB"", ""v"": 28.0}, {""w"": ""W1"", ""opp"": ""JAX"", ""v"": 43.0}]",Under,0.527395436265267,0.5,0.5095968361918435,1.88,fanduel,-0.04195794795933433,0.0,0.02739543626526697,
Luther Burden III,WR,CHI,GB,player_reception_yds,48.5,54.19517157631282,17,,,3,True,00-0040735,2026-10-11T17:00:00Z,"[{""w"": ""W4"", ""opp"": ""NYJ"", ""v"": 63.0}, {""w"": ""W3"", ""opp"": ""PHI"", ""v"": 61.0}, {""w"": ""W2"", ""opp"": ""MIN"", ""v"": 32.0}, {""w"": ""W1"", ""opp"": ""CAR"", ""v"": 63.0}, {""w"": ""25W18"", ""opp"": ""DET"", ""v"": 35.0}, {""w"": ""25W17"", ""opp"": ""SF"", ""v"": 138.0}]",Under,0.5196531557583509,0.5,0.5068817156638382,1.89,draftkings,-0.041993557395345826,0.0,0.019653155758350915,
Ryan Flournoy,WR,DAL,TB,player_receptions,3.5,3.220003245880759,17,,,6,True,00-0039410,2026-10-09T00:15:00Z,"[{""w"": ""W4"", ""opp"": ""HOU"", ""v"": 4.0}, {""w"": ""W3"", ""opp"": ""BAL"", ""v"": 2.0}, {""w"": ""W2"", ""opp"": ""WAS"", ""v"": 5.0}, {""w"": ""W1"", ""opp"": ""NYG"", ""v"": 2.0}, {""w"": ""25W18"", ""opp"": ""NYG"", ""v"": 5.0}, {""w"": ""25W16"", ""opp"": ""LAC"", ""v"": 2.0}]",Under,0.6039969585607832,0.5844999134222199,0.5913573720634122,1.62,betmgm,-0.042001057257272156,0.0,0.019497045138563318,
RJ Harvey,RB,DEN,LAC,player_reception_yds,26.5,32.97138283486797,17,,,4,True,00-0040730,2026-10-11T20:05:00Z,"[{""w"": ""W4"", ""opp"": ""SF"", ""v"": 68.0}, {""w"": ""W3"", ""opp"": ""LA"", ""v"": 41.0}, {""w"": ""W1"", ""opp"": ""KC"", ""v"": 23.0}, {""w"": ""25W18"", ""opp"": ""LAC"", ""v"": 5.0}, {""w"": ""25W17"", ""opp"": ""KC"", ""v"": 33.0}, {""w"": ""25W16"", ""opp"": ""JAX"", ""v"": 71.0}]",Under,0.5031347289628914,0.49272301128389384,0.4963668567786312,1.93,draftkings,-0.04201196641724181,0.0,0.010411717678997512,
Zay Flowers,WR,BAL,ATL,player_reception_yds,69.5,78.61246892644257,17,,,2,True,00-0039064,2026-10-12T00:20:00Z,"[{""w"": ""W4"", ""opp"": ""TEN"", ""v"": 118.0}, {""w"": ""W3"", ""opp"": ""DAL"", ""v"": 84.0}, {""w"": ""W1"", ""opp"": ""IND"", ""v"": 150.0}, {""w"": ""25W18"", ""opp"": ""PIT"", ""v"": 138.0}, {""w"": ""25W17"", ""opp"": ""GB"", ""v"": 30.0}, {""w"": ""25W16"", ""opp"": ""NE"", ""v"": 84.0}]",Under,0.5193226862463037,0.5,0.5067658969321079,1.89,draftkings,-0.042212454798316035,0.0,0.019322686246303733,
Tony Pollard,RB,TEN,HOU,player_receptions,1.5,1.8323728095122176,17,,,3,True,00-0035261,2026-10-11T17:00:00Z,"[{""w"": ""W4"", ""opp"": ""BAL"", ""v"": 2.0}, {""w"": ""W3"", ""opp"": ""NYG"", ""v"": 4.0}, {""w"": ""W2"", ""opp"": ""PHI"", ""v"": 1.0}, {""w"": ""W1"", ""opp"": ""NYJ"", ""v"": 1.0}, {""w"": ""25W18"", ""opp"": ""JAX"", ""v"": 3.0}, {""w"": ""25W17"", ""opp"": ""NO"", ""v"": 2.0}]",Over,0.5375406980337704,0.5199999999999999,0.5261470839207164,1.82,fanduel,-0.04241230726429612,0.0,0.017540698033770452,
Brenton Strange,TE,JAX,PHI,player_reception_yds,33.5,38.988810718745974,16,,,2,True,00-0038935,2026-10-11T13:30:00Z,"[{""w"": ""W4"", ""opp"": ""CIN"", ""v"": 95.0}, {""w"": ""W3"", ""opp"": ""NE"", ""v"": 32.0}, {""w"": ""W2"", ""opp"": ""DEN"", ""v"": 17.0}, {""w"": ""W1"", ""opp"": ""CLE"", ""v"": 23.0}, {""w"": ""25W18"", ""opp"": ""TEN"", ""v"": 52.0}, {""w"": ""25W17"", ""opp"": ""IND"", ""v"": 54.0}]",Under,0.5263988435362622,0.5,0.5092471405358868,1.88,betonlineag,-0.04261537579253283,0.0,0.026398843536262206,
Michael Wilson,WR,ARI,DET,player_reception_yds,72.5,86.91911894267737,17,,,1,True,00-0038559,2026-10-11T20:25:00Z,"[{""w"": ""W4"", ""opp"": ""NYG"", ""v"": 95.0}, {""w"": ""W3"", ""opp"": ""SF"", ""v"": 89.0}, {""w"": ""W2"", ""opp"": ""SEA"", ""v"": 18.0}, {""w"": ""W1"", ""opp"": ""LAC"", ""v"": 56.0}, {""w"": ""25W18"", ""opp"": ""LA"", ""v"": 99.0}, {""w"": ""25W17"", ""opp"": ""CIN"", ""v"": 89.0}]",Over,0.5263882742275958,0.5,0.5092434322094579,1.88,fanduel,-0.04262234744621923,0.0,0.02638827422759582,
Tre Tucker,WR,LV,NE,player_receptions,3.5,3.5900290252527696,17,,,6,True,00-0038563,2026-10-11T17:00:00Z,"[{""w"": ""W4"", ""opp"": ""KC"", ""v"": 4.0}, {""w"": ""W3"", ""opp"": ""NO"", ""v"": 4.0}, {""w"": ""W2"", ""opp"": ""LAC"", ""v"": 5.0}, {""w"": ""W1"", ""opp"": ""MIA"", ""v"": 2.0}, {""w"": ""25W18"", ""opp"": ""KC"", ""v"": 2.0}, {""w"": ""25W17"", ""opp"": ""NYG"", ""v"": 5.0}]",Under,0.5173426674972312,0.5132285678698472,0.5146687352346124,1.86,draftkings,-0.042716152463620816,0.0,0.004114099627384071,
Marvin Mims Jr.,WR,DEN,LAC,player_receptions,1.5,1.599278614534088,17,,,5,True,00-0038976,2026-10-11T20:05:00Z,"[{""w"": ""W4"", ""opp"": ""SF"", ""v"": 1.0}, {""w"": ""W1"", ""opp"": ""KC"", ""v"": 0.0}, {""w"": ""25W18"", ""opp"": ""LAC"", ""v"": 2.0}, {""w"": ""25W17"", ""opp"": ""KC"", ""v"": 3.0}, {""w"": ""25W16"", ""opp"": ""JAX"", ""v"": 3.0}, {""w"": ""25W15"", ""opp"": ""GB"", ""v"": 4.0}]",Over,0.4420733298676765,0.4375,0.4390994982403978,2.18,betonlineag,-0.042763093835932686,0.0,0.004573329867676501,
Brenton Strange,TE,JAX,PHI,player_receptions,3.5,3.492711406034797,16,,,5,True,00-0038935,2026-10-11T13:30:00Z,"[{""w"": ""W4"", ""opp"": ""CIN"", ""v"": 7.0}, {""w"": ""W3"", ""opp"": ""NE"", ""v"": 3.0}, {""w"": ""W2"", ""opp"": ""DEN"", ""v"": 2.0}, {""w"": ""W1"", ""opp"": ""CLE"", ""v"": 2.0}, {""w"": ""25W18"", ""opp"": ""TEN"", ""v"": 6.0}, {""w"": ""25W17"", ""opp"": ""IND"", ""v"": 3.0}]",Under,0.5494218304052345,0.5408970976253298,0.5438837373426669,1.76,betonlineag,-0.042764622276906195,0.0,0.008524732779904731,
Bijan Robinson,RB,ATL,BAL,player_receptions,3.5,3.758857401849883,17,,,6,True,00-0038542,2026-10-12T00:20:00Z,"[{""w"": ""W4"", ""opp"": ""NO"", ""v"": 1.0}, {""w"": ""W3"", ""opp"": ""GB"", ""v"": 2.0}, {""w"": ""W2"", ""opp"": ""CAR"", ""v"": 3.0}, {""w"": ""W1"", ""opp"": ""PIT"", ""v"": 8.0}, {""w"": ""25W18"", ""opp"": ""NO"", ""v"": 3.0}, {""w"": ""25W17"", ""opp"": ""LA"", ""v"": 5.0}]",Over,0.4761003740111072,0.5146276595744681,0.501139442247648,1.91,betmgm,-0.04282366530699244,0.0,-0.03852728556336088,
Kendrick Bourne,WR,ARI,DET,player_reception_yds,23.5,34.1804039945867,17,,,5,True,00-0033307,2026-10-11T20:25:00Z,"[{""w"": ""W3"", ""opp"": ""SF"", ""v"": 22.0}, {""w"": ""W2"", ""opp"": ""SEA"", ""v"": 11.0}, {""w"": ""W1"", ""opp"": ""LAC"", ""v"": 75.0}, {""w"": ""25W18"", ""opp"": ""SEA"", ""v"": 0.0}, {""w"": ""25W17"", ""opp"": ""CHI"", ""v"": 25.0}, {""w"": ""25W16"", ""opp"": ""IND"", ""v"": 27.0}]",Over,0.5031508557316458,0.5,0.5011028123160711,1.91,draftkings,-0.042893628476304124,0.0,0.003150855731645752,
Mark Andrews,TE,BAL,ATL,player_reception_yds,30.5,32.88434881761315,17,,,1,True,00-0034753,2026-10-12T00:20:00Z,"[{""w"": ""W4"", ""opp"": ""TEN"", ""v"": 27.0}, {""w"": ""W3"", ""opp"": ""DAL"", ""v"": 24.0}, {""w"": ""W2"", ""opp"": ""NO"", ""v"": 49.0}, {""w"": ""W1"", ""opp"": ""IND"", ""v"": 49.0}, {""w"": ""25W18"", ""opp"": ""PIT"", ""v"": 14.0}, {""w"": ""25W17"", ""opp"": ""GB"", ""v"": 28.0}]",Under,0.5257924403109241,0.5,0.5090343908024967,1.88,betonlineag,-0.043015345291306295,0.0,0.025792440310924092,
David Montgomery,RB,HOU,TEN,player_reception_yds,7.5,9.382872431316843,17,,,2,True,00-0035685,2026-10-11T17:00:00Z,"[{""w"": ""W4"", ""opp"": ""DAL"", ""v"": 19.0}, {""w"": ""W3"", ""opp"": ""IND"", ""v"": 15.0}, {""w"": ""W2"", ""opp"": ""CIN"", ""v"": 14.0}, {""w"": ""W1"", ""opp"": ""BUF"", ""v"": 19.0}, {""w"": ""25W18"", ""opp"": ""CHI"", ""v"": 13.0}, {""w"": ""25W17"", ""opp"": ""MIN"", ""v"": 15.0}]",Under,0.5131679087234223,0.5066137566137566,0.5089080838539319,1.88,fanduel,-0.04325280235460799,0.0,0.006554152109665701,
Amon-Ra St. Brown,WR,DET,ARI,player_receptions,6.5,7.489222037081815,17,,,2,True,00-0036963,2026-10-11T20:25:00Z,"[{""w"": ""W4"", ""opp"": ""CAR"", ""v"": 8.0}, {""w"": ""W3"", ""opp"": ""NYJ"", ""v"": 4.0}, {""w"": ""W2"", ""opp"": ""BUF"", ""v"": 9.0}, {""w"": ""W1"", ""opp"": ""NO"", ""v"": 10.0}, {""w"": ""25W18"", ""opp"": ""CHI"", ""v"": 11.0}, {""w"": ""25W17"", ""opp"": ""MIN"", ""v"": 8.0}]",Over,0.5755519859284843,0.56610675781787,0.5694184185551646,1.68,betrivers,-0.0433770568273234,0.0,0.009445228110614323,
Tyjae Spears,RB,TEN,HOU,player_rush_yds,14.5,17.545577318002078,17,,,1,True,00-0039032,2026-10-11T17:00:00Z,"[{""w"": ""W4"", ""opp"": ""BAL"", ""v"": 7.0}, {""w"": ""W3"", ""opp"": ""NYG"", ""v"": 5.0}, {""w"": ""W2"", ""opp"": ""PHI"", ""v"": 41.0}, {""w"": ""W1"", ""opp"": ""NYJ"", ""v"": 12.0}, {""w"": ""25W18"", ""opp"": ""JAX"", ""v"": 18.0}, {""w"": ""25W17"", ""opp"": ""NO"", ""v"": 2.0}]",Under,0.5252271112855622,0.5,0.5088360725925545,1.88,fanduel,-0.04338818352599766,0.0,0.02522711128556221,
Jake Ferguson,TE,DAL,TB,player_reception_yds,25.5,28.853082868302256,17,,,1,True,00-0038041,2026-10-09T00:15:00Z,"[{""w"": ""W4"", ""opp"": ""HOU"", ""v"": 11.0}, {""w"": ""W3"", ""opp"": ""BAL"", ""v"": 23.0}, {""w"": ""W2"", ""opp"": ""WAS"", ""v"": 43.0}, {""w"": ""W1"", ""opp"": ""NYG"", ""v"": 6.0}, {""w"": ""25W18"", ""opp"": ""NYG"", ""v"": 5.0}, {""w"": ""25W17"", ""opp"": ""WAS"", ""v"": 6.0}]",Under,0.5326171297180854,0.4959785522788204,0.5088173189370746,1.88,betrivers,-0.04342344039829982,0.0,0.03663857743926502,
MarShawn Lloyd,RB,GB,CHI,player_reception_yds,12.5,16.18410245282985,4,,,1,True,00-0039811,2026-10-11T17:00:00Z,"[{""w"": ""W4"", ""opp"": ""TB"", ""v"": 36.0}, {""w"": ""W3"", ""opp"": ""ATL"", ""v"": 7.0}, {""w"": ""W2"", ""opp"": ""NYJ"", ""v"": 6.0}, {""w"": ""W1"", ""opp"": ""MIN"", ""v"": 0.0}]",Under,0.5248655292233014,0.5,0.508709239565257,1.88,fanduel,-0.04362662961731684,0.0,0.02486552922330143,
MarShawn Lloyd,RB,GB,CHI,player_receptions,2.5,2.2367453424895816,4,,,1,True,00-0039811,2026-10-11T17:00:00Z,"[{""w"": ""W4"", ""opp"": ""TB"", ""v"": 5.0}, {""w"": ""W3"", ""opp"": ""ATL"", ""v"": 2.0}, {""w"": ""W2"", ""opp"": ""NYJ"", ""v"": 2.0}, {""w"": ""W1"", ""opp"": ""MIN"", ""v"": 0.0}]",Under,0.6238519837895459,0.5833333333333334,0.5976739632829186,1.6,fanduel,-0.04372165874733025,0.0,0.0405186504562125,
Juwan Johnson,TE,NO,MIN,player_receptions,4.5,4.392326331427952,17,,,5,True,00-0036040,2026-10-11T17:00:00Z,"[{""w"": ""W4"", ""opp"": ""ATL"", ""v"": 6.0}, {""w"": ""W3"", ""opp"": ""LV"", ""v"": 8.0}, {""w"": ""W2"", ""opp"": ""BAL"", ""v"": 4.0}, {""w"": ""W1"", ""opp"": ""DET"", ""v"": 3.0}, {""w"": ""25W18"", ""opp"": ""ATL"", ""v"": 3.0}, {""w"": ""25W17"", ""opp"": ""TEN"", ""v"": 4.0}]",Over,0.4464056911231751,0.4535809018567639,0.4510672281268708,2.12,betonlineag,-0.04373747637103387,0.0,-0.007175210733588844,
Michael Mayer,TE,LV,NE,player_reception_yds,29.5,35.74114866652113,17,,,4,True,00-0039066,2026-10-11T17:00:00Z,"[{""w"": ""W4"", ""opp"": ""KC"", ""v"": 82.0}, {""w"": ""W3"", ""opp"": ""NO"", ""v"": 32.0}, {""w"": ""W2"", ""opp"": ""LAC"", ""v"": 23.0}, {""w"": ""W1"", ""opp"": ""MIA"", ""v"": 32.0}, {""w"": ""25W18"", ""opp"": ""KC"", ""v"": 47.0}, {""w"": ""25W17"", ""opp"": ""NYG"", ""v"": 89.0}]",Under,0.5054712949356922,0.49798927613941024,0.5006080518106614,1.91,betonlineag,-0.04383862104163683,0.0,0.007482018796281964,
Javonte Williams,RB,DAL,TB,player_reception_yds,15.5,19.104504243312178,17,,,4,True,00-0036997,2026-10-09T00:15:00Z,"[{""w"": ""W4"", ""opp"": ""HOU"", ""v"": 21.0}, {""w"": ""W3"", ""opp"": ""BAL"", ""v"": 5.0}, {""w"": ""W2"", ""opp"": ""WAS"", ""v"": 20.0}, {""w"": ""W1"", ""opp"": ""NYG"", ""v"": 31.0}, {""w"": ""25W17"", ""opp"": ""WAS"", ""v"": 0.0}, {""w"": ""25W16"", ""opp"": ""LAC"", ""v"": 9.0}]",Over,0.4988992817569057,0.5013297872340425,0.5004791115860354,1.91,draftkings,-0.04408489687067241,0.0,-0.0024305054771368573,
Javonte Williams,RB,DAL,TB,player_receptions,2.5,2.9880593060454568,17,,,6,True,00-0036997,2026-10-09T00:15:00Z,"[{""w"": ""W4"", ""opp"": ""HOU"", ""v"": 5.0}, {""w"": ""W3"", ""opp"": ""BAL"", ""v"": 2.0}, {""w"": ""W2"", ""opp"": ""WAS"", ""v"": 3.0}, {""w"": ""W1"", ""opp"": ""NYG"", ""v"": 5.0}, {""w"": ""25W17"", ""opp"": ""WAS"", ""v"": 0.0}, {""w"": ""25W16"", ""opp"": ""LAC"", ""v"": 2.0}]",Under,0.45171016441724865,0.4740952380952381,0.4662439521001377,2.05,betmgm,-0.04419989819471781,0.0,-0.022385073677989475,
Blake Corum,RB,LA,BUF,player_rush_yds,31.5,40.67085056034483,17,,,2,True,00-0039738,2026-10-13T00:15:00Z,"[{""w"": ""W4"", ""opp"": ""PHI"", ""v"": 14.0}, {""w"": ""W3"", ""opp"": ""DEN"", ""v"": 15.0}, {""w"": ""W2"", ""opp"": ""NYG"", ""v"": 79.0}, {""w"": ""W1"", ""opp"": ""SF"", ""v"": 54.0}, {""w"": ""25W18"", ""opp"": ""ARI"", ""v"": 59.0}, {""w"": ""25W17"", ""opp"": ""ATL"", ""v"": 18.0}]",Over,0.5239871971452243,0.5,0.5084011780526495,1.88,betonlineag,-0.04420578526101898,0.0,0.023987197145224348,
Ryan Flournoy,WR,DAL,TB,player_reception_yds,30.5,36.960517813854324,17,,,3,True,00-0039410,2026-10-09T00:15:00Z,"[{""w"": ""W4"", ""opp"": ""HOU"", ""v"": 37.0}, {""w"": ""W3"", ""opp"": ""BAL"", ""v"": 22.0}, {""w"": ""W2"", ""opp"": ""WAS"", ""v"": 23.0}, {""w"": ""W1"", ""opp"": ""NYG"", ""v"": 22.0}, {""w"": ""25W18"", ""opp"": ""NYG"", ""v"": 68.0}, {""w"": ""25W16"", ""opp"": ""LAC"", ""v"": 18.0}]",Under,0.5056029530191217,0.4934036939313985,0.49767328472585626,1.92,draftkings,-0.04446729332635602,0.0,0.012199259087723235,
Mike Washington Jr.,RB,LV,NE,player_rush_yds,23.5,26.71200554896296,4,,,1,True,00-0040878,2026-10-11T17:00:00Z,"[{""w"": ""W4"", ""opp"": ""KC"", ""v"": 18.0}, {""w"": ""W3"", ""opp"": ""NO"", ""v"": 54.0}, {""w"": ""W2"", ""opp"": ""LAC"", ""v"": 7.0}, {""w"": ""W1"", ""opp"": ""MIA"", ""v"": 41.0}]",Under,0.523582713957405,0.5,0.5082593272320242,1.88,fanduel,-0.04447246480379463,0.0,0.023582713957404966,
Deshaun Watson,QB,CLE,NYJ,player_rush_yds,26.5,30.26235393090275,4,,,2,True,00-0033537,2026-10-11T17:00:00Z,"[{""w"": ""W4"", ""opp"": ""PIT"", ""v"": 22.0}, {""w"": ""W3"", ""opp"": ""CAR"", ""v"": 45.0}, {""w"": ""W2"", ""opp"": ""TB"", ""v"": 22.0}, {""w"": ""W1"", ""opp"": ""JAX"", ""v"": 38.0}]",Under,0.5235104226970496,0.5,0.5082339759505765,1.88,betonlineag,-0.044520125212916206,0.0,0.023510422697049616,
AJ Barner,TE,SEA,SF,player_receptions,2.5,2.854292599892708,17,,,5,True,00-0039793,2026-10-11T20:25:00Z,"[{""w"": ""W4"", ""opp"": ""LAC"", ""v"": 1.0}, {""w"": ""W3"", ""opp"": ""WAS"", ""v"": 5.0}, {""w"": ""W2"", ""opp"": ""ARI"", ""v"": 1.0}, {""w"": ""W1"", ""opp"": ""NE"", ""v"": 2.0}, {""w"": ""25W18"", ""opp"": ""SF"", ""v"": 2.0}, {""w"": ""25W17"", ""opp"": ""CAR"", ""v"": 3.0}]",Over,0.5147171422114165,0.5305039787798408,0.5249839043127668,1.82,draftkings,-0.0445292941507644,0.0,-0.01578683656842428,
Derrick Henry,RB,BAL,ATL,player_rush_yds,83.5,89.25062818598006,17,,,1,True,00-0032764,2026-10-12T00:20:00Z,"[{""w"": ""W4"", ""opp"": ""TEN"", ""v"": 73.0}, {""w"": ""W3"", ""opp"": ""DAL"", ""v"": 89.0}, {""w"": ""W2"", ""opp"": ""NO"", ""v"": 68.0}, {""w"": ""W1"", ""opp"": ""IND"", ""v"": 144.0}, {""w"": ""25W18"", ""opp"": ""PIT"", ""v"": 126.0}, {""w"": ""25W17"", ""opp"": ""GB"", ""v"": 216.0}]",Under,0.5234732793645684,0.5,0.5082209505510317,1.88,fanduel,-0.04454461296406054,0.0,0.023473279364568445,
Jeremiyah Love,RB,ARI,DET,player_reception_yds,11.5,15.423534015766203,4,,,5,True,00-0041027,2026-10-11T20:25:00Z,"[{""w"": ""W4"", ""opp"": ""NYG"", ""v"": -8.0}, {""w"": ""W3"", ""opp"": ""SF"", ""v"": 19.0}, {""w"": ""W2"", ""opp"": ""SEA"", ""v"": 16.0}, {""w"": ""W1"", ""opp"": ""LAC"", ""v"": 9.0}]",Under,0.508258368081893,0.5080645161290321,0.5081323645913692,1.88,fanduel,-0.044711154568225886,0.0,0.00019385195286081291,
CeeDee Lamb,WR,DAL,TB,player_reception_yds,80.5,98.99979445366223,17,Full,,3,True,00-0036358,2026-10-09T00:15:00Z,"[{""w"": ""W4"", ""opp"": ""HOU"", ""v"": 189.0}, {""w"": ""W3"", ""opp"": ""BAL"", ""v"": 112.0}, {""w"": ""W2"", ""opp"": ""WAS"", ""v"": 153.0}, {""w"": ""W1"", ""opp"": ""NYG"", ""v"": 44.0}, {""w"": ""25W18"", ""opp"": ""NYG"", ""v"": 4.0}, {""w"": ""25W17"", ""opp"": ""WAS"", ""v"": 46.0}]",Over,0.523176695866944,0.5,0.5081169476991977,1.88,fanduel,-0.04474013832550838,0.0,0.02317669586694404,
KC Concepcion,WR,CLE,NYJ,player_receptions,4.5,4.193714583323906,4,,,6,True,00-0041547,2026-10-11T17:00:00Z,"[{""w"": ""W4"", ""opp"": ""PIT"", ""v"": 5.0}, {""w"": ""W3"", ""opp"": ""CAR"", ""v"": 2.0}, {""w"": ""W2"", ""opp"": ""TB"", ""v"": 6.0}, {""w"": ""W1"", ""opp"": ""JAX"", ""v"": 4.0}]",Over,0.40734363583115457,0.4397905759162304,0.4283606062176197,2.23,betrivers,-0.04475584813470812,0.0,-0.032446940085075815,
Juwan Johnson,TE,NO,MIN,player_receptions,4.5,4.392326331427952,17,,,5,True,00-0036040,2026-10-11T17:00:00Z,"[{""w"": ""W4"", ""opp"": ""ATL"", ""v"": 6.0}, {""w"": ""W3"", ""opp"": ""LV"", ""v"": 8.0}, {""w"": ""W2"", ""opp"": ""BAL"", ""v"": 4.0}, {""w"": ""W1"", ""opp"": ""DET"", ""v"": 3.0}, {""w"": ""25W18"", ""opp"": ""ATL"", ""v"": 3.0}, {""w"": ""25W17"", ""opp"": ""TEN"", ""v"": 4.0}]",Under,0.5535943088768249,0.5464190981432361,0.5489327718731293,1.74,bovada,-0.04485697694075508,0.0,0.007175210733588844,
Jacoby Brissett,QB,ARI,DET,player_pass_yds,266.5,275.7612746316478,17,,,1,True,00-0033119,2026-10-11T20:25:00Z,"[{""w"": ""W4"", ""opp"": ""NYG"", ""v"": 166.0}, {""w"": ""W3"", ""opp"": ""SF"", ""v"": 280.0}, {""w"": ""W2"", ""opp"": ""SEA"", ""v"": 95.0}, {""w"": ""W1"", ""opp"": ""LAC"", ""v"": 277.0}, {""w"": ""25W18"", ""opp"": ""LA"", ""v"": 243.0}, {""w"": ""25W17"", ""opp"": ""CIN"", ""v"": 212.0}]",Under,0.5227739882183369,0.5,0.5079757383586532,1.88,fanduel,-0.0450056118857321,0.0,0.02277398821833687,
Chris Godwin,WR,TB,DAL,player_receptions,3.5,3.539359034628694,13,,,6,True,00-0033921,2026-10-09T00:15:00Z,"[{""w"": ""W4"", ""opp"": ""GB"", ""v"": 6.0}, {""w"": ""W3"", ""opp"": ""MIN"", ""v"": 3.0}, {""w"": ""W2"", ""opp"": ""CLE"", ""v"": 3.0}, {""w"": ""W1"", ""opp"": ""CIN"", ""v"": 4.0}, {""w"": ""25W18"", ""opp"": ""CAR"", ""v"": 1.0}, {""w"": ""25W17"", ""opp"": ""MIA"", ""v"": 7.0}]",Over,0.46736631451232546,0.5132841015193955,0.4971986780158222,1.92,betrivers,-0.045378538209621455,0.0,-0.045917787007070054,
Deebo Samuel,WR,SF,SEA,player_reception_yds,31.5,38.50972837433209,17,,,2,True,00-0035719,2026-10-11T20:25:00Z,"[{""w"": ""W4"", ""opp"": ""DEN"", ""v"": 26.0}, {""w"": ""W3"", ""opp"": ""ARI"", ""v"": 80.0}, {""w"": ""W2"", ""opp"": ""MIA"", ""v"": 31.0}, {""w"": ""W1"", ""opp"": ""LA"", ""v"": 48.0}, {""w"": ""25W18"", ""opp"": ""PHI"", ""v"": 20.0}, {""w"": ""25W17"", ""opp"": ""DAL"", ""v"": 68.0}]",Under,0.4765568854189997,0.4887267904509284,0.48446506297763264,1.97,betonlineag,-0.04560382593406376,0.0,-0.012169905031928663,
Amon-Ra St. Brown,WR,DET,ARI,player_reception_yds,79.5,93.28553010358591,17,,,3,True,00-0036963,2026-10-11T20:25:00Z,"[{""w"": ""W4"", ""opp"": ""CAR"", ""v"": 75.0}, {""w"": ""W3"", ""opp"": ""NYJ"", ""v"": 19.0}, {""w"": ""W2"", ""opp"": ""BUF"", ""v"": 142.0}, {""w"": ""W1"", ""opp"": ""NO"", ""v"": 67.0}, {""w"": ""25W18"", ""opp"": ""CHI"", ""v"": 139.0}, {""w"": ""25W17"", ""opp"": ""MIN"", ""v"": 68.0}]",Under,0.4989995098686461,0.5,0.49964982804392283,1.91,betonlineag,-0.04566882843610748,0.0,-0.0010004901313538928,
Jeremiyah Love,RB,ARI,DET,player_reception_yds,11.5,15.423534015766203,4,,,5,True,00-0041027,2026-10-11T20:25:00Z,"[{""w"": ""W4"", ""opp"": ""NYG"", ""v"": -8.0}, {""w"": ""W3"", ""opp"": ""SF"", ""v"": 19.0}, {""w"": ""W2"", ""opp"": ""SEA"", ""v"": 16.0}, {""w"": ""W1"", ""opp"": ""LAC"", ""v"": 9.0}]",Over,0.49174163191810705,0.49193548387096786,0.49186763540863065,1.94,draftkings,-0.04577678730725654,0.0,-0.00019385195286081291,
Isaac TeSlaa,WR,DET,ARI,player_reception_yds,25.5,37.70295060749332,17,,,4,True,00-0040669,2026-10-11T20:25:00Z,"[{""w"": ""W4"", ""opp"": ""CAR"", ""v"": 95.0}, {""w"": ""W3"", ""opp"": ""NYJ"", ""v"": 66.0}, {""w"": ""W2"", ""opp"": ""BUF"", ""v"": 26.0}, {""w"": ""W1"", ""opp"": ""NO"", ""v"": 0.0}, {""w"": ""25W18"", ""opp"": ""CHI"", ""v"": 18.0}, {""w"": ""25W17"", ""opp"": ""MIN"", ""v"": 49.0}]",Over,0.5138460705207406,0.5,0.5048472121517581,1.89,draftkings,-0.045838769033177185,0.0,0.013846070520740605,
Javonte Williams,RB,DAL,TB,player_reception_yds,15.5,19.104504243312178,17,,,4,True,00-0036997,2026-10-09T00:15:00Z,"[{""w"": ""W4"", ""opp"": ""HOU"", ""v"": 21.0}, {""w"": ""W3"", ""opp"": ""BAL"", ""v"": 5.0}, {""w"": ""W2"", ""opp"": ""WAS"", ""v"": 20.0}, {""w"": ""W1"", ""opp"": ""NYG"", ""v"": 31.0}, {""w"": ""25W17"", ""opp"": ""WAS"", ""v"": 0.0}, {""w"": ""25W16"", ""opp"": ""LAC"", ""v"": 9.0}]",Under,0.5011007182430943,0.49867021276595747,0.4995208884139645,1.91,betmgm,-0.04591510312932773,0.0,0.0024305054771368573,
Ryan Flournoy,WR,DAL,TB,player_reception_yds,31.5,36.960517813854324,17,,,3,True,00-0039410,2026-10-09T00:15:00Z,"[{""w"": ""W4"", ""opp"": ""HOU"", ""v"": 37.0}, {""w"": ""W3"", ""opp"": ""BAL"", ""v"": 22.0}, {""w"": ""W2"", ""opp"": ""WAS"", ""v"": 23.0}, {""w"": ""W1"", ""opp"": ""NYG"", ""v"": 22.0}, {""w"": ""25W18"", ""opp"": ""NYG"", ""v"": 68.0}, {""w"": ""25W16"", ""opp"": ""LAC"", ""v"": 18.0}]",Under,0.5213590005360915,0.5,0.5074796444232043,1.88,betonlineag,-0.045938268484376044,0.0,0.02135900053609152,
C.J. Stroud,QB,HOU,TEN,player_rush_yds,9.5,12.52477542491754,17,,,2,True,00-0039163,2026-10-11T17:00:00Z,"[{""w"": ""W4"", ""opp"": ""DAL"", ""v"": 12.0}, {""w"": ""W3"", ""opp"": ""IND"", ""v"": 10.0}, {""w"": ""W2"", ""opp"": ""CIN"", ""v"": 29.0}, {""w"": ""W1"", ""opp"": ""BUF"", ""v"": 15.0}, {""w"": ""25W18"", ""opp"": ""IND"", ""v"": 5.0}, {""w"": ""25W17"", ""opp"": ""LAC"", ""v"": 0.0}]",Over,0.5110122166121518,0.5053475935828877,0.5073304422995322,1.88,fanduel,-0.0462187684768795,0.0,0.005664623029264071,
Michael Wilson,WR,ARI,DET,player_reception_yds,75.5,86.91911894267737,17,,,3,True,00-0038559,2026-10-11T20:25:00Z,"[{""w"": ""W4"", ""opp"": ""NYG"", ""v"": 95.0}, {""w"": ""W3"", ""opp"": ""SF"", ""v"": 89.0}, {""w"": ""W2"", ""opp"": ""SEA"", ""v"": 18.0}, {""w"": ""W1"", ""opp"": ""LAC"", ""v"": 56.0}, {""w"": ""25W18"", ""opp"": ""LA"", ""v"": 99.0}, {""w"": ""25W17"", ""opp"": ""CIN"", ""v"": 89.0}]",Under,0.4977537218783642,0.5,0.49921379801602406,1.91,draftkings,-0.046501645789394086,0.0,-0.002246278121635803,
Bucky Irving,RB,TB,DAL,player_reception_yds,11.5,17.092400208763898,14,,,1,True,00-0039361,2026-10-09T00:15:00Z,"[{""w"": ""W4"", ""opp"": ""GB"", ""v"": 0.0}, {""w"": ""W3"", ""opp"": ""MIN"", ""v"": 12.0}, {""w"": ""W2"", ""opp"": ""CLE"", ""v"": 1.0}, {""w"": ""W1"", ""opp"": ""CIN"", ""v"": 48.0}, {""w"": ""25W18"", ""opp"": ""CAR"", ""v"": 13.0}, {""w"": ""25W17"", ""opp"": ""MIA"", ""v"": 14.0}]",Under,0.5226321860024686,0.4906166219839143,0.5018267616069402,1.9,betmgm,-0.0465291529468137,0.0,0.03201556401855432,
Trey McBride,TE,ARI,DET,player_reception_yds,79.5,85.74116119360437,17,,,1,True,00-0037744,2026-10-11T20:25:00Z,"[{""w"": ""W4"", ""opp"": ""NYG"", ""v"": 31.0}, {""w"": ""W3"", ""opp"": ""SF"", ""v"": 75.0}, {""w"": ""W2"", ""opp"": ""SEA"", ""v"": 41.0}, {""w"": ""W1"", ""opp"": ""LAC"", ""v"": 95.0}, {""w"": ""25W18"", ""opp"": ""LA"", ""v"": 65.0}, {""w"": ""25W17"", ""opp"": ""CIN"", ""v"": 76.0}]",Under,0.5281201019470756,0.5,0.509851157100551,1.87,betrivers,-0.04657833622196966,0.0,0.028120101947075593,
Kenny Gainwell,RB,TB,DAL,player_rush_yds,11.5,18.11055190823905,17,,,3,True,00-0036919,2026-10-09T00:15:00Z,"[{""w"": ""W4"", ""opp"": ""GB"", ""v"": 5.0}, {""w"": ""W3"", ""opp"": ""MIN"", ""v"": -4.0}, {""w"": ""W2"", ""opp"": ""CLE"", ""v"": 10.0}, {""w"": ""W1"", ""opp"": ""CIN"", ""v"": 15.0}, {""w"": ""25W18"", ""opp"": ""BAL"", ""v"": 10.0}, {""w"": ""25W17"", ""opp"": ""CLE"", ""v"": 26.0}]",Over,0.5150251812692279,0.5026455026455027,0.5069795366268478,1.88,draftkings,-0.04687847114152616,0.0,0.012379678623725243,
J.K. Dobbins,RB,DEN,LAC,player_rush_yds,51.5,57.39962511605442,14,,,4,True,00-0036158,2026-10-11T20:05:00Z,"[{""w"": ""W4"", ""opp"": ""SF"", ""v"": 40.0}, {""w"": ""W3"", ""opp"": ""LA"", ""v"": 49.0}, {""w"": ""W2"", ""opp"": ""JAX"", ""v"": 36.0}, {""w"": ""W1"", ""opp"": ""KC"", ""v"": 36.0}, {""w"": ""25W10"", ""opp"": ""LV"", ""v"": 77.0}, {""w"": ""25W9"", ""opp"": ""HOU"", ""v"": 61.0}]",Over,0.5044702556817307,0.5,0.5015646260708315,1.9,draftkings,-0.04702721046542013,0.0,0.0044702556817306505,
Deebo Samuel,WR,SF,SEA,player_reception_yds,34.5,38.50972837433209,17,,,1,True,00-0035719,2026-10-11T20:25:00Z,"[{""w"": ""W4"", ""opp"": ""DEN"", ""v"": 26.0}, {""w"": ""W3"", ""opp"": ""ARI"", ""v"": 80.0}, {""w"": ""W2"", ""opp"": ""MIA"", ""v"": 31.0}, {""w"": ""W1"", ""opp"": ""LA"", ""v"": 48.0}, {""w"": ""25W18"", ""opp"": ""PHI"", ""v"": 20.0}, {""w"": ""25W17"", ""opp"": ""DAL"", ""v"": 68.0}]",Under,0.5271207340483799,0.5,0.509500438984976,1.87,betmgm,-0.04723417909809485,0.0,0.02712073404837989,
David Montgomery,RB,HOU,TEN,player_reception_yds,7.5,9.382872431316843,17,,,2,True,00-0035685,2026-10-11T17:00:00Z,"[{""w"": ""W4"", ""opp"": ""DAL"", ""v"": 19.0}, {""w"": ""W3"", ""opp"": ""IND"", ""v"": 15.0}, {""w"": ""W2"", ""opp"": ""CIN"", ""v"": 14.0}, {""w"": ""W1"", ""opp"": ""BUF"", ""v"": 19.0}, {""w"": ""25W18"", ""opp"": ""CHI"", ""v"": 13.0}, {""w"": ""25W17"", ""opp"": ""MIN"", ""v"": 15.0}]",Over,0.48683209127657767,0.4933862433862434,0.491091916146068,1.94,draftkings,-0.04728168267662802,0.0,-0.006554152109665701,
Bijan Robinson,RB,ATL,BAL,player_rush_yds,88.5,103.58759363740505,17,,,4,True,00-0038542,2026-10-12T00:20:00Z,"[{""w"": ""W4"", ""opp"": ""NO"", ""v"": 145.0}, {""w"": ""W3"", ""opp"": ""GB"", ""v"": 194.0}, {""w"": ""W2"", ""opp"": ""CAR"", ""v"": 72.0}, {""w"": ""W1"", ""opp"": ""PIT"", ""v"": 83.0}, {""w"": ""25W18"", ""opp"": ""NO"", ""v"": 33.0}, {""w"": ""25W17"", ""opp"": ""LA"", ""v"": 195.0}]",Over,0.5168349744775887,0.5013297872340425,0.5067584212887751,1.88,draftkings,-0.047294167977102786,0.0,0.015505187243546215,
Isaiah Likely,TE,NYG,WAS,player_receptions,4.5,4.271249024447231,16,,,5,True,00-0037838,2026-10-11T17:00:00Z,"[{""w"": ""W4"", ""opp"": ""ARI"", ""v"": 7.0}, {""w"": ""W3"", ""opp"": ""TEN"", ""v"": 2.0}, {""w"": ""W2"", ""opp"": ""LA"", ""v"": 5.0}, {""w"": ""W1"", ""opp"": ""DAL"", ""v"": 8.0}, {""w"": ""25W18"", ""opp"": ""PIT"", ""v"": 2.0}, {""w"": ""25W17"", ""opp"": ""GB"", ""v"": 3.0}]",Over,0.41206913386539923,0.4694960212201591,0.44922429700989014,2.12,betrivers,-0.04764449033903284,0.0,-0.05742688735475987,
Ashton Jeanty,RB,LV,NE,player_rush_yds,61.5,66.51560988243777,17,,,1,True,00-0040122,2026-10-11T17:00:00Z,"[{""w"": ""W4"", ""opp"": ""KC"", ""v"": 58.0}, {""w"": ""W3"", ""opp"": ""NO"", ""v"": 56.0}, {""w"": ""W2"", ""opp"": ""LAC"", ""v"": 48.0}, {""w"": ""W1"", ""opp"": ""MIA"", ""v"": 102.0}, {""w"": ""25W18"", ""opp"": ""KC"", ""v"": 87.0}, {""w"": ""25W17"", ""opp"": ""NYG"", ""v"": 60.0}]",Under,0.514244671674426,0.5065963060686016,0.5092737686642286,1.87,draftkings,-0.04765805259789252,0.0,0.007648365605824381,
Mark Andrews,TE,BAL,ATL,player_reception_yds,29.5,32.88434881761315,17,,,3,True,00-0034753,2026-10-12T00:20:00Z,"[{""w"": ""W4"", ""opp"": ""TEN"", ""v"": 27.0}, {""w"": ""W3"", ""opp"": ""DAL"", ""v"": 24.0}, {""w"": ""W2"", ""opp"": ""NO"", ""v"": 49.0}, {""w"": ""W1"", ""opp"": ""IND"", ""v"": 49.0}, {""w"": ""25W18"", ""opp"": ""PIT"", ""v"": 14.0}, {""w"": ""25W17"", ""opp"": ""GB"", ""v"": 28.0}]",Under,0.5035628753085885,0.5079365079365079,0.5064058404232777,1.88,fanduel,-0.047957020004237905,0.0,-0.004373632627919455,
Dalton Schultz,TE,HOU,TEN,player_receptions,4.5,4.365914161206733,17,,,2,True,00-0034383,2026-10-11T17:00:00Z,"[{""w"": ""W4"", ""opp"": ""DAL"", ""v"": 2.0}, {""w"": ""W3"", ""opp"": ""IND"", ""v"": 3.0}, {""w"": ""W2"", ""opp"": ""CIN"", ""v"": 12.0}, {""w"": ""W1"", ""opp"": ""BUF"", ""v"": 4.0}, {""w"": ""25W18"", ""opp"": ""IND"", ""v"": 4.0}, {""w"": ""25W17"", ""opp"": ""LAC"", ""v"": 3.0}]",Under,0.5890053749239494,0.5755228820226244,0.580255635369704,1.64,draftkings,-0.048380757993685464,0.0,0.013482492901325083,
Jaylin Noel,WR,HOU,TEN,player_reception_yds,16.5,24.633066456452852,17,,,1,True,00-0040138,2026-10-11T17:00:00Z,"[{""w"": ""W4"", ""opp"": ""DAL"", ""v"": 85.0}, {""w"": ""W3"", ""opp"": ""IND"", ""v"": 17.0}, {""w"": ""W2"", ""opp"": ""CIN"", ""v"": 31.0}, {""w"": ""W1"", ""opp"": ""BUF"", ""v"": 53.0}, {""w"": ""25W18"", ""opp"": ""IND"", ""v"": 13.0}, {""w"": ""25W17"", ""opp"": ""LAC"", ""v"": 54.0}]",Under,0.5197818097612198,0.4906166219839143,0.5008273366434769,1.9,betmgm,-0.048428060377393944,0.0,0.02916518777730548,
Christian McCaffrey,RB,SF,SEA,player_rush_yds,52.5,61.78519162506573,17,,,1,True,00-0033280,2026-10-11T20:25:00Z,"[{""w"": ""W4"", ""opp"": ""DEN"", ""v"": 52.0}, {""w"": ""W3"", ""opp"": ""ARI"", ""v"": 75.0}, {""w"": ""W2"", ""opp"": ""MIA"", ""v"": 23.0}, {""w"": ""W1"", ""opp"": ""LA"", ""v"": 68.0}, {""w"": ""25W18"", ""opp"": ""SEA"", ""v"": 23.0}, {""w"": ""25W17"", ""opp"": ""CHI"", ""v"": 140.0}]",Over,0.5243463373161807,0.49193548387096786,0.5032855247935697,1.89,betrivers,-0.048790358140153256,0.0,0.032410853445212884,
DK Metcalf,WR,PIT,IND,player_reception_yds,51.5,60.55407058618882,17,,,1,True,00-0035640,2026-10-11T17:00:00Z,"[{""w"": ""W4"", ""opp"": ""CLE"", ""v"": 115.0}, {""w"": ""W3"", ""opp"": ""CIN"", ""v"": 31.0}, {""w"": ""W2"", ""opp"": ""NE"", ""v"": 27.0}, {""w"": ""W1"", ""opp"": ""ATL"", ""v"": 40.0}, {""w"": ""25W16"", ""opp"": ""DET"", ""v"": 42.0}, {""w"": ""25W15"", ""opp"": ""MIA"", ""v"": 55.0}]",Under,0.5169979507078685,0.5,0.5059512951754633,1.88,fanduel,-0.04881156507012896,0.0,0.01699795070786847,
Blake Corum,RB,LA,BUF,player_rush_yds,32.5,40.67085056034483,17,,,2,True,00-0039738,2026-10-13T00:15:00Z,"[{""w"": ""W4"", ""opp"": ""PHI"", ""v"": 14.0}, {""w"": ""W3"", ""opp"": ""DEN"", ""v"": 15.0}, {""w"": ""W2"", ""opp"": ""NYG"", ""v"": 79.0}, {""w"": ""W1"", ""opp"": ""SF"", ""v"": 54.0}, {""w"": ""25W18"", ""opp"": ""ARI"", ""v"": 59.0}, {""w"": ""25W17"", ""opp"": ""ATL"", ""v"": 18.0}]",Over,0.5090957978203259,0.5,0.5031838374533433,1.89,draftkings,-0.04898254721318124,0.0,0.00909579782032588,
Jahmyr Gibbs,RB,DET,ARI,player_receptions,4.5,5.02480341345647,17,,,6,True,00-0039139,2026-10-11T20:25:00Z,"[{""w"": ""W4"", ""opp"": ""CAR"", ""v"": 4.0}, {""w"": ""W3"", ""opp"": ""NYJ"", ""v"": 7.0}, {""w"": ""W2"", ""opp"": ""BUF"", ""v"": 6.0}, {""w"": ""W1"", ""opp"": ""NO"", ""v"": 5.0}, {""w"": ""25W18"", ""opp"": ""CHI"", ""v"": 3.0}, {""w"": ""25W17"", ""opp"": ""MIN"", ""v"": 2.0}]",Under,0.45864432458803694,0.4666844510999074,0.4638682215914875,2.05,bovada,-0.049070145737450666,0.0,-0.008040126511870471,
RJ Harvey,RB,DEN,LAC,player_reception_yds,27.5,32.97138283486797,17,,,2,True,00-0040730,2026-10-11T20:05:00Z,"[{""w"": ""W4"", ""opp"": ""SF"", ""v"": 68.0}, {""w"": ""W3"", ""opp"": ""LA"", ""v"": 41.0}, {""w"": ""W1"", ""opp"": ""KC"", ""v"": 23.0}, {""w"": ""25W18"", ""opp"": ""LAC"", ""v"": 5.0}, {""w"": ""25W17"", ""opp"": ""KC"", ""v"": 33.0}, {""w"": ""25W16"", ""opp"": ""JAX"", ""v"": 71.0}]",Under,0.520228007175172,0.49798927613941024,0.5057764342205997,1.88,betrivers,-0.04914030366527261,0.0,0.022238731035761794,
Courtland Sutton,WR,DEN,LAC,player_reception_yds,35.5,41.25402963992632,17,,,1,True,00-0034348,2026-10-11T20:05:00Z,"[{""w"": ""W4"", ""opp"": ""SF"", ""v"": 4.0}, {""w"": ""W3"", ""opp"": ""LA"", ""v"": 46.0}, {""w"": ""W2"", ""opp"": ""JAX"", ""v"": 25.0}, {""w"": ""W1"", ""opp"": ""KC"", ""v"": 11.0}, {""w"": ""25W18"", ""opp"": ""LAC"", ""v"": 5.0}, {""w"": ""25W17"", ""opp"": ""KC"", ""v"": 40.0}]",Under,0.5323759809926879,0.5040214477211795,0.5139578403813233,1.85,betrivers,-0.04917799529455186,0.0,0.028354533271508386,
Cooper Kupp,WR,SEA,SF,player_reception_yds,24.5,27.658614574736404,17,,,4,True,00-0033908,2026-10-11T20:25:00Z,"[{""w"": ""W4"", ""opp"": ""LAC"", ""v"": 13.0}, {""w"": ""W3"", ""opp"": ""WAS"", ""v"": 46.0}, {""w"": ""W2"", ""opp"": ""ARI"", ""v"": 20.0}, {""w"": ""W1"", ""opp"": ""NE"", ""v"": 35.0}, {""w"": ""25W18"", ""opp"": ""SF"", ""v"": 29.0}, {""w"": ""25W17"", ""opp"": ""CAR"", ""v"": 6.0}]",Under,0.5163854870353192,0.5,0.5057367230196166,1.88,betonlineag,-0.04921496072312087,0.0,0.01638548703531917,
Amon-Ra St. Brown,WR,DET,ARI,player_reception_yds,79.5,93.28553010358591,17,,,3,True,00-0036963,2026-10-11T20:25:00Z,"[{""w"": ""W4"", ""opp"": ""CAR"", ""v"": 75.0}, {""w"": ""W3"", ""opp"": ""NYJ"", ""v"": 19.0}, {""w"": ""W2"", ""opp"": ""BUF"", ""v"": 142.0}, {""w"": ""W1"", ""opp"": ""NO"", ""v"": 67.0}, {""w"": ""25W18"", ""opp"": ""CHI"", ""v"": 139.0}, {""w"": ""25W17"", ""opp"": ""MIN"", ""v"": 68.0}]",Over,0.5010004901313538,0.5,0.5003501719560772,1.9,draftkings,-0.049334673283453256,0.0,0.0010004901313538372,
Bijan Robinson,RB,ATL,BAL,player_rush_yds,87.5,103.58759363740505,17,,,1,True,00-0038542,2026-10-12T00:20:00Z,"[{""w"": ""W4"", ""opp"": ""NO"", ""v"": 145.0}, {""w"": ""W3"", ""opp"": ""GB"", ""v"": 194.0}, {""w"": ""W2"", ""opp"": ""CAR"", ""v"": 72.0}, {""w"": ""W1"", ""opp"": ""PIT"", ""v"": 83.0}, {""w"": ""25W18"", ""opp"": ""NO"", ""v"": 33.0}, {""w"": ""25W17"", ""opp"": ""LA"", ""v"": 195.0}]",Over,0.5237712598463056,0.5,0.5083254484127353,1.87,betmgm,-0.04943141146818486,0.0,0.02377125984630557,
AJ Barner,TE,SEA,SF,player_receptions,2.5,2.854292599892708,17,,,5,True,00-0039793,2026-10-11T20:25:00Z,"[{""w"": ""W4"", ""opp"": ""LAC"", ""v"": 1.0}, {""w"": ""W3"", ""opp"": ""WAS"", ""v"": 5.0}, {""w"": ""W2"", ""opp"": ""ARI"", ""v"": 1.0}, {""w"": ""W1"", ""opp"": ""NE"", ""v"": 2.0}, {""w"": ""25W18"", ""opp"": ""SF"", ""v"": 2.0}, {""w"": ""25W17"", ""opp"": ""CAR"", ""v"": 3.0}]",Under,0.48528285778858343,0.4694960212201592,0.47501609568723335,2.0,betonlineag,-0.049967808625533294,0.0,0.015786836568424223,
Pat Freiermuth,TE,PIT,IND,player_receptions,3.5,3.1772616313558157,17,,,5,True,00-0036894,2026-10-11T17:00:00Z,"[{""w"": ""W4"", ""opp"": ""CLE"", ""v"": 3.0}, {""w"": ""W3"", ""opp"": ""CIN"", ""v"": 2.0}, {""w"": ""W2"", ""opp"": ""NE"", ""v"": 4.0}, {""w"": ""W1"", ""opp"": ""ATL"", ""v"": 5.0}, {""w"": ""25W18"", ""opp"": ""BAL"", ""v"": 3.0}, {""w"": ""25W17"", ""opp"": ""CLE"", ""v"": 3.0}]",Over,0.3924129053577427,0.46266308873878037,0.4377569619731424,2.17,betonlineag,-0.05006739251828107,0.0,-0.07025018338103767,
Rashod Bateman,WR,BAL,ATL,player_reception_yds,21.5,28.06235063984778,17,,,1,True,00-0036550,2026-10-12T00:20:00Z,"[{""w"": ""W4"", ""opp"": ""TEN"", ""v"": 46.0}, {""w"": ""W3"", ""opp"": ""DAL"", ""v"": 37.0}, {""w"": ""W2"", ""opp"": ""NO"", ""v"": 88.0}, {""w"": ""W1"", ""opp"": ""IND"", ""v"": 0.0}, {""w"": ""25W17"", ""opp"": ""GB"", ""v"": 7.0}, {""w"": ""25W16"", ""opp"": ""NE"", ""v"": 0.0}]",Under,0.5343770385897614,0.5106951871657754,0.5189947628459326,1.83,betmgm,-0.05023958399194328,0.0,0.023681851423985933,
Evan Engram,TE,DEN,LAC,player_reception_yds,19.5,23.836213725985726,17,,,1,True,00-0033881,2026-10-11T20:05:00Z,"[{""w"": ""W4"", ""opp"": ""SF"", ""v"": 6.0}, {""w"": ""W3"", ""opp"": ""LA"", ""v"": 0.0}, {""w"": ""W2"", ""opp"": ""JAX"", ""v"": 17.0}, {""w"": ""W1"", ""opp"": ""KC"", ""v"": 43.0}, {""w"": ""25W18"", ""opp"": ""LAC"", ""v"": 45.0}, {""w"": ""25W17"", ""opp"": ""KC"", ""v"": 21.0}]",Under,0.5166631838322813,0.4906166219839143,0.4997343630565845,1.9,betmgm,-0.05050471019248953,0.0,0.026046561848366956,
Rashid Shaheed,WR,SEA,SF,player_reception_yds,18.5,25.655379043122103,17,,,1,True,00-0037545,2026-10-11T20:25:00Z,"[{""w"": ""W4"", ""opp"": ""LAC"", ""v"": 20.0}, {""w"": ""W3"", ""opp"": ""WAS"", ""v"": 14.0}, {""w"": ""W2"", ""opp"": ""ARI"", ""v"": 35.0}, {""w"": ""W1"", ""opp"": ""NE"", ""v"": 4.0}, {""w"": ""25W18"", ""opp"": ""SF"", ""v"": 2.0}, {""w"": ""25W17"", ""opp"": ""CAR"", ""v"": 8.0}]",Over,0.5303285437003482,0.5040214477211796,0.5132389398641781,1.85,betrivers,-0.050507961251270383,0.0,0.026307095979168582,
Kyler Murray,QB,MIN,NO,player_rush_yds,15.5,18.16582401732477,8,,,2,True,00-0035228,2026-10-11T17:00:00Z,"[{""w"": ""W4"", ""opp"": ""MIA"", ""v"": 16.0}, {""w"": ""W3"", ""opp"": ""TB"", ""v"": 17.0}, {""w"": ""W1"", ""opp"": ""GB"", ""v"": 9.0}, {""w"": ""25W5"", ""opp"": ""TEN"", ""v"": 25.0}, {""w"": ""25W4"", ""opp"": ""SEA"", ""v"": 41.0}, {""w"": ""25W3"", ""opp"": ""SF"", ""v"": 37.0}]",Under,0.5180663737656038,0.49798927613941024,0.5050188386711486,1.88,betrivers,-0.05056458329824065,0.0,0.020077097626193585,
Tyler Allgeier,RB,ARI,DET,player_rush_yds,25.5,30.816811306848226,17,,,2,True,00-0037263,2026-10-11T20:25:00Z,"[{""w"": ""W4"", ""opp"": ""NYG"", ""v"": 42.0}, {""w"": ""W3"", ""opp"": ""SF"", ""v"": -1.0}, {""w"": ""W2"", ""opp"": ""SEA"", ""v"": 10.0}, {""w"": ""W1"", ""opp"": ""LAC"", ""v"": 61.0}, {""w"": ""25W18"", ""opp"": ""NO"", ""v"": 16.0}, {""w"": ""25W17"", ""opp"": ""LA"", ""v"": 23.0}]",Under,0.5056106721505057,0.504691689008043,0.5050133370318163,1.88,fanduel,-0.05057492638018546,0.0,0.0009189831424627481,
Deshaun Watson,QB,CLE,NYJ,player_rush_yds,24.5,30.26235393090275,4,,,1,True,00-0033537,2026-10-11T17:00:00Z,"[{""w"": ""W4"", ""opp"": ""PIT"", ""v"": 22.0}, {""w"": ""W3"", ""opp"": ""CAR"", ""v"": 45.0}, {""w"": ""W2"", ""opp"": ""TB"", ""v"": 22.0}, {""w"": ""W1"", ""opp"": ""JAX"", ""v"": 38.0}]",Over,0.517538433193427,0.5105820105820106,0.5130173628728135,1.85,draftkings,-0.05091787868529496,0.0,0.00695642261141638,
Tyjae Spears,RB,TEN,HOU,player_rush_yds,13.5,17.545577318002078,17,,,1,True,00-0039032,2026-10-11T17:00:00Z,"[{""w"": ""W4"", ""opp"": ""BAL"", ""v"": 7.0}, {""w"": ""W3"", ""opp"": ""NYG"", ""v"": 5.0}, {""w"": ""W2"", ""opp"": ""PHI"", ""v"": 41.0}, {""w"": ""W1"", ""opp"": ""NYJ"", ""v"": 12.0}, {""w"": ""25W18"", ""opp"": ""JAX"", ""v"": 18.0}, {""w"": ""25W17"", ""opp"": ""NO"", ""v"": 2.0}]",Over,0.5059661724291553,0.5,0.5020882473213882,1.89,draftkings,-0.05105321256257628,0.0,0.005966172429155314,
AJ Barner,TE,SEA,SF,player_reception_yds,22.5,28.885897510308066,17,,,2,True,00-0039793,2026-10-11T20:25:00Z,"[{""w"": ""W4"", ""opp"": ""LAC"", ""v"": 12.0}, {""w"": ""W3"", ""opp"": ""WAS"", ""v"": 69.0}, {""w"": ""W2"", ""opp"": ""ARI"", ""v"": 8.0}, {""w"": ""W1"", ""opp"": ""NE"", ""v"": 13.0}, {""w"": ""25W18"", ""opp"": ""SF"", ""v"": 14.0}, {""w"": ""25W17"", ""opp"": ""CAR"", ""v"": 43.0}]",Over,0.5051670083104869,0.5086457466171884,0.5074282661966505,1.87,draftkings,-0.05110914221226348,0.0,-0.0034787383067015343,
Rashid Shaheed,WR,SEA,SF,player_reception_yds,20.5,25.655379043122103,17,,,2,True,00-0037545,2026-10-11T20:25:00Z,"[{""w"": ""W4"", ""opp"": ""LAC"", ""v"": 20.0}, {""w"": ""W3"", ""opp"": ""WAS"", ""v"": 14.0}, {""w"": ""W2"", ""opp"": ""ARI"", ""v"": 35.0}, {""w"": ""W1"", ""opp"": ""NE"", ""v"": 4.0}, {""w"": ""25W18"", ""opp"": ""SF"", ""v"": 2.0}, {""w"": ""25W17"", ""opp"": ""CAR"", ""v"": 8.0}]",Under,0.5132112895905402,0.5,0.504624895975641,1.88,betonlineag,-0.05130519556579505,0.0,0.013211289590540187,
Woody Marks,RB,HOU,TEN,player_reception_yds,6.5,10.42294458936893,17,,,1,True,00-0040583,2026-10-11T17:00:00Z,"[{""w"": ""W4"", ""opp"": ""DAL"", ""v"": 0.0}, {""w"": ""W3"", ""opp"": ""IND"", ""v"": 6.0}, {""w"": ""W2"", ""opp"": ""CIN"", ""v"": 27.0}, {""w"": ""W1"", ""opp"": ""BUF"", ""v"": -2.0}, {""w"": ""25W18"", ""opp"": ""IND"", ""v"": 0.0}, {""w"": ""25W17"", ""opp"": ""LAC"", ""v"": 4.0}]",Over,0.5124022254221676,0.5,0.5043415603456683,1.88,fanduel,-0.05183786655014355,0.0,0.012402225422167623,
Harold Fannin Jr.,TE,CLE,NYJ,player_reception_yds,35.5,39.98415624705574,17,,,2,True,00-0040663,2026-10-11T17:00:00Z,"[{""w"": ""W4"", ""opp"": ""PIT"", ""v"": 27.0}, {""w"": ""W3"", ""opp"": ""CAR"", ""v"": 51.0}, {""w"": ""W2"", ""opp"": ""TB"", ""v"": 54.0}, {""w"": ""W1"", ""opp"": ""JAX"", ""v"": 21.0}, {""w"": ""25W17"", ""opp"": ""PIT"", ""v"": 30.0}, {""w"": ""25W16"", ""opp"": ""BUF"", ""v"": 34.0}]",Under,0.5070068305959848,0.49867021276595747,0.5015881821818634,1.89,betonlineag,-0.05199833567627821,0.0,0.00833661783002737,
Harold Fannin Jr.,TE,CLE,NYJ,player_receptions,3.5,4.245661078725981,17,,,1,True,00-0040663,2026-10-11T17:00:00Z,"[{""w"": ""W4"", ""opp"": ""PIT"", ""v"": 3.0}, {""w"": ""W3"", ""opp"": ""CAR"", ""v"": 7.0}, {""w"": ""W2"", ""opp"": ""TB"", ""v"": 5.0}, {""w"": ""W1"", ""opp"": ""JAX"", ""v"": 2.0}, {""w"": ""25W17"", ""opp"": ""PIT"", ""v"": 2.0}, {""w"": ""25W16"", ""opp"": ""BUF"", ""v"": 4.0}]",Over,0.5997393457033527,0.582901554404145,0.5888189523900617,1.61,betmgm,-0.05200148665200066,0.0,0.016837791299207705,
Harold Fannin Jr.,TE,CLE,NYJ,player_receptions,4.5,4.245661078725981,17,,,5,True,00-0040663,2026-10-11T17:00:00Z,"[{""w"": ""W4"", ""opp"": ""PIT"", ""v"": 3.0}, {""w"": ""W3"", ""opp"": ""CAR"", ""v"": 7.0}, {""w"": ""W2"", ""opp"": ""TB"", ""v"": 5.0}, {""w"": ""W1"", ""opp"": ""JAX"", ""v"": 2.0}, {""w"": ""25W17"", ""opp"": ""PIT"", ""v"": 2.0}, {""w"": ""25W16"", ""opp"": ""BUF"", ""v"": 4.0}]",Under,0.5838793019671609,0.5803108808290155,0.5815608038736869,1.63,fanduel,-0.052055889685890366,0.0,0.0035684211381453723,
Mark Andrews,TE,BAL,ATL,player_reception_yds,29.5,32.88434881761315,17,,,3,True,00-0034753,2026-10-12T00:20:00Z,"[{""w"": ""W4"", ""opp"": ""TEN"", ""v"": 27.0}, {""w"": ""W3"", ""opp"": ""DAL"", ""v"": 24.0}, {""w"": ""W2"", ""opp"": ""NO"", ""v"": 49.0}, {""w"": ""W1"", ""opp"": ""IND"", ""v"": 49.0}, {""w"": ""25W18"", ""opp"": ""PIT"", ""v"": 14.0}, {""w"": ""25W17"", ""opp"": ""GB"", ""v"": 28.0}]",Over,0.49643712469141155,0.49206349206349204,0.4935941595767222,1.92,draftkings,-0.05229921361269346,0.0,0.00437363262791951,
Carnell Tate,WR,TEN,HOU,player_receptions,4.5,5.326720369701294,4,,,5,True,00-0041438,2026-10-11T17:00:00Z,"[{""w"": ""W4"", ""opp"": ""BAL"", ""v"": 9.0}, {""w"": ""W3"", ""opp"": ""NYG"", ""v"": 6.0}, {""w"": ""W2"", ""opp"": ""PHI"", ""v"": 3.0}, {""w"": ""W1"", ""opp"": ""NYJ"", ""v"": 4.0}]",Under,0.4154268865636997,0.4330708661417323,0.4268737465212776,2.22,draftkings,-0.05234028272276381,0.0,-0.017643979578032598,
Michael Mayer,TE,LV,NE,player_reception_yds,28.5,35.74114866652113,17,,,1,True,00-0039066,2026-10-11T17:00:00Z,"[{""w"": ""W4"", ""opp"": ""KC"", ""v"": 82.0}, {""w"": ""W3"", ""opp"": ""NO"", ""v"": 32.0}, {""w"": ""W2"", ""opp"": ""LAC"", ""v"": 23.0}, {""w"": ""W1"", ""opp"": ""MIA"", ""v"": 32.0}, {""w"": ""25W18"", ""opp"": ""KC"", ""v"": 47.0}, {""w"": ""25W17"", ""opp"": ""NYG"", ""v"": 89.0}]",Over,0.5112225023859385,0.5,0.5039284547884689,1.88,fanduel,-0.05261450499767839,0.0,0.011222502385938471,
Zay Flowers,WR,BAL,ATL,player_reception_yds,68.5,78.61246892644257,17,,,1,True,00-0039064,2026-10-12T00:20:00Z,"[{""w"": ""W4"", ""opp"": ""TEN"", ""v"": 118.0}, {""w"": ""W3"", ""opp"": ""DAL"", ""v"": 84.0}, {""w"": ""W1"", ""opp"": ""IND"", ""v"": 150.0}, {""w"": ""25W18"", ""opp"": ""PIT"", ""v"": 138.0}, {""w"": ""25W17"", ""opp"": ""GB"", ""v"": 30.0}, {""w"": ""25W16"", ""opp"": ""NE"", ""v"": 84.0}]",Under,0.5111851057138015,0.5,0.503915360183699,1.88,fanduel,-0.05263912285464595,0.0,0.011185105713801491,
Amon-Ra St. Brown,WR,DET,ARI,player_receptions,6.5,7.489222037081815,17,,,2,True,00-0036963,2026-10-11T20:25:00Z,"[{""w"": ""W4"", ""opp"": ""CAR"", ""v"": 8.0}, {""w"": ""W3"", ""opp"": ""NYJ"", ""v"": 4.0}, {""w"": ""W2"", ""opp"": ""BUF"", ""v"": 9.0}, {""w"": ""W1"", ""opp"": ""NO"", ""v"": 10.0}, {""w"": ""25W18"", ""opp"": ""CHI"", ""v"": 11.0}, {""w"": ""25W17"", ""opp"": ""MIN"", ""v"": 8.0}]",Under,0.4244480140715156,0.43389324218213,0.4305815814448353,2.2,fanduel,-0.05272052082136225,0.0,-0.009445228110614379,
Carnell Tate,WR,TEN,HOU,player_reception_yds,52.5,64.19641019958024,4,,,1,True,00-0041438,2026-10-11T17:00:00Z,"[{""w"": ""W4"", ""opp"": ""BAL"", ""v"": 145.0}, {""w"": ""W3"", ""opp"": ""NYG"", ""v"": 58.0}, {""w"": ""W2"", ""opp"": ""PHI"", ""v"": 27.0}, {""w"": ""W1"", ""opp"": ""NYJ"", ""v"": 38.0}]",Under,0.5110223022839373,0.5,0.5038583543126872,1.88,fanduel,-0.05274629389214808,0.0,0.011022302283937302,
Tony Pollard,RB,TEN,HOU,player_reception_yds,7.5,10.123032525086764,17,,,1,True,00-0035261,2026-10-11T17:00:00Z,"[{""w"": ""W4"", ""opp"": ""BAL"", ""v"": 2.0}, {""w"": ""W3"", ""opp"": ""NYG"", ""v"": 22.0}, {""w"": ""W2"", ""opp"": ""PHI"", ""v"": 1.0}, {""w"": ""W1"", ""opp"": ""NYJ"", ""v"": -1.0}, {""w"": ""25W18"", ""opp"": ""JAX"", ""v"": 17.0}, {""w"": ""25W17"", ""opp"": ""NO"", ""v"": 10.0}]",Under,0.4962110133570888,0.4800000000000001,0.485670814090804,1.95,betmgm,-0.05294191252293229,0.0,0.01621101335708869,
J.K. Dobbins,RB,DEN,LAC,player_rush_yds,50.5,57.39962511605442,14,,,1,True,00-0036158,2026-10-11T20:05:00Z,"[{""w"": ""W4"", ""opp"": ""SF"", ""v"": 40.0}, {""w"": ""W3"", ""opp"": ""LA"", ""v"": 49.0}, {""w"": ""W2"", ""opp"": ""JAX"", ""v"": 36.0}, {""w"": ""W1"", ""opp"": ""KC"", ""v"": 36.0}, {""w"": ""25W10"", ""opp"": ""LV"", ""v"": 77.0}, {""w"": ""25W9"", ""opp"": ""HOU"", ""v"": 61.0}]",Over,0.5181617667340737,0.4959785522788205,0.5037453487727731,1.88,betrivers,-0.05295874430718661,0.0,0.022183214455253175,
RJ Harvey,RB,DEN,LAC,player_reception_yds,26.5,32.97138283486797,17,,,4,True,00-0040730,2026-10-11T20:05:00Z,"[{""w"": ""W4"", ""opp"": ""SF"", ""v"": 68.0}, {""w"": ""W3"", ""opp"": ""LA"", ""v"": 41.0}, {""w"": ""W1"", ""opp"": ""KC"", ""v"": 23.0}, {""w"": ""25W18"", ""opp"": ""LAC"", ""v"": 5.0}, {""w"": ""25W17"", ""opp"": ""KC"", ""v"": 33.0}, {""w"": ""25W16"", ""opp"": ""JAX"", ""v"": 71.0}]",Over,0.49686527103710865,0.5072769887161062,0.5036331432213689,1.88,fanduel,-0.05316969074382655,0.0,-0.010411717678997512,
Troy Franklin,WR,DEN,LAC,player_receptions,1.5,1.9553636521905817,17,,,5,True,00-0039868,2026-10-11T20:05:00Z,"[{""w"": ""W3"", ""opp"": ""LA"", ""v"": 1.0}, {""w"": ""W2"", ""opp"": ""JAX"", ""v"": 1.0}, {""w"": ""W1"", ""opp"": ""KC"", ""v"": 0.0}, {""w"": ""25W18"", ""opp"": ""LAC"", ""v"": 0.0}, {""w"": ""25W17"", ""opp"": ""KC"", ""v"": 4.0}, {""w"": ""25W16"", ""opp"": ""JAX"", ""v"": 4.0}]",Under,0.4809506369656881,0.5157619485739189,0.5035780955281549,1.88,betonlineag,-0.0532731804070688,0.0,-0.034811311608230755,
DK Metcalf,WR,PIT,IND,player_reception_yds,49.5,60.55407058618882,17,,,2,True,00-0035640,2026-10-11T17:00:00Z,"[{""w"": ""W4"", ""opp"": ""CLE"", ""v"": 115.0}, {""w"": ""W3"", ""opp"": ""CIN"", ""v"": 31.0}, {""w"": ""W2"", ""opp"": ""NE"", ""v"": 27.0}, {""w"": ""W1"", ""opp"": ""ATL"", ""v"": 40.0}, {""w"": ""25W16"", ""opp"": ""DET"", ""v"": 42.0}, {""w"": ""25W15"", ""opp"": ""MIA"", ""v"": 55.0}]",Under,0.49732415701171007,0.4986772486772486,0.49820366337597854,1.9,draftkings,-0.05341303958564081,0.0,-0.0013530916655385417,
CeeDee Lamb,WR,DAL,TB,player_reception_yds,82.5,98.99979445366223,17,Full,,3,True,00-0036358,2026-10-09T00:15:00Z,"[{""w"": ""W4"", ""opp"": ""HOU"", ""v"": 189.0}, {""w"": ""W3"", ""opp"": ""BAL"", ""v"": 112.0}, {""w"": ""W2"", ""opp"": ""WAS"", ""v"": 153.0}, {""w"": ""W1"", ""opp"": ""NYG"", ""v"": 44.0}, {""w"": ""25W18"", ""opp"": ""NYG"", ""v"": 4.0}, {""w"": ""25W17"", ""opp"": ""WAS"", ""v"": 46.0}]",Over,0.5099385502455425,0.5,0.5034788946706693,1.88,draftkings,-0.0534596780191417,0.0,0.009938550245542466,
Pat Freiermuth,TE,PIT,IND,player_reception_yds,26.5,32.27748040993976,17,,,1,True,00-0036894,2026-10-11T17:00:00Z,"[{""w"": ""W4"", ""opp"": ""CLE"", ""v"": 17.0}, {""w"": ""W3"", ""opp"": ""CIN"", ""v"": 30.0}, {""w"": ""W2"", ""opp"": ""NE"", ""v"": 32.0}, {""w"": ""W1"", ""opp"": ""ATL"", ""v"": 46.0}, {""w"": ""25W18"", ""opp"": ""BAL"", ""v"": 51.0}, {""w"": ""25W17"", ""opp"": ""CLE"", ""v"": 63.0}]",Over,0.5256266925727524,0.5040214477211796,0.5115891300520659,1.85,betrivers,-0.05356010940367806,0.0,0.02160524485157278,
Troy Franklin,WR,DEN,LAC,player_reception_yds,18.5,25.69321650957791,17,,,3,True,00-0039868,2026-10-11T20:05:00Z,"[{""w"": ""W3"", ""opp"": ""LA"", ""v"": 21.0}, {""w"": ""W2"", ""opp"": ""JAX"", ""v"": 27.0}, {""w"": ""W1"", ""opp"": ""KC"", ""v"": 0.0}, {""w"": ""25W18"", ""opp"": ""LAC"", ""v"": 0.0}, {""w"": ""25W17"", ""opp"": ""KC"", ""v"": 17.0}, {""w"": ""25W16"", ""opp"": ""JAX"", ""v"": 66.0}]",Over,0.502130473399435,0.5,0.500745669649724,1.89,betrivers,-0.053590684362021634,0.0,0.002130473399434951,
Bo Nix,QB,DEN,LAC,player_pass_yds,217.5,224.84996172312015,17,,,1,True,00-0039732,2026-10-11T20:05:00Z,"[{""w"": ""W4"", ""opp"": ""SF"", ""v"": 214.0}, {""w"": ""W3"", ""opp"": ""LA"", ""v"": 186.0}, {""w"": ""W2"", ""opp"": ""JAX"", ""v"": 288.0}, {""w"": ""W1"", ""opp"": ""KC"", ""v"": 131.0}, {""w"": ""25W18"", ""opp"": ""LAC"", ""v"": 141.0}, {""w"": ""25W17"", ""opp"": ""KC"", ""v"": 182.0}]",Under,0.5173264334007778,0.5,0.5060663831096756,1.87,betrivers,-0.05365586358490665,0.0,0.017326433400777774,
Ashton Jeanty,RB,LV,NE,player_rush_yds,59.5,66.51560988243777,17,,,2,True,00-0040122,2026-10-11T17:00:00Z,"[{""w"": ""W4"", ""opp"": ""KC"", ""v"": 58.0}, {""w"": ""W3"", ""opp"": ""NO"", ""v"": 56.0}, {""w"": ""W2"", ""opp"": ""LAC"", ""v"": 48.0}, {""w"": ""W1"", ""opp"": ""MIA"", ""v"": 102.0}, {""w"": ""25W18"", ""opp"": ""KC"", ""v"": 87.0}, {""w"": ""25W17"", ""opp"": ""NYG"", ""v"": 60.0}]",Over,0.5094705717972274,0.5,0.5033150480401997,1.88,betonlineag,-0.05376770968442468,0.0,0.009470571797227434,
Michael Mayer,TE,LV,NE,player_receptions,3.5,3.8196041797740676,17,,,6,True,00-0039066,2026-10-11T17:00:00Z,"[{""w"": ""W4"", ""opp"": ""KC"", ""v"": 8.0}, {""w"": ""W3"", ""opp"": ""NO"", ""v"": 3.0}, {""w"": ""W2"", ""opp"": ""LAC"", ""v"": 3.0}, {""w"": ""W1"", ""opp"": ""MIA"", ""v"": 6.0}, {""w"": ""25W18"", ""opp"": ""KC"", ""v"": 3.0}, {""w"": ""25W17"", ""opp"": ""NYG"", ""v"": 9.0}]",Over,0.4868871156223279,0.5,0.49540956680548454,1.91,betrivers,-0.05376772740152458,0.0,-0.013112884377672107,
Marvin Mims Jr.,WR,DEN,LAC,player_reception_yds,13.5,18.26967062331102,17,,,2,True,00-0038976,2026-10-11T20:05:00Z,"[{""w"": ""W4"", ""opp"": ""SF"", ""v"": 10.0}, {""w"": ""W1"", ""opp"": ""KC"", ""v"": 0.0}, {""w"": ""25W18"", ""opp"": ""LAC"", ""v"": 10.0}, {""w"": ""25W17"", ""opp"": ""KC"", ""v"": 10.0}, {""w"": ""25W16"", ""opp"": ""JAX"", ""v"": 26.0}, {""w"": ""25W15"", ""opp"": ""GB"", ""v"": 29.0}]",Under,0.509459327060258,0.5,0.5033111111443076,1.88,betonlineag,-0.05377511104870175,0.0,0.009459327060257983,
Bucky Irving,RB,TB,DAL,player_receptions,2.5,2.542691918459357,14,,,6,True,00-0039361,2026-10-09T00:15:00Z,"[{""w"": ""W4"", ""opp"": ""GB"", ""v"": 0.0}, {""w"": ""W3"", ""opp"": ""MIN"", ""v"": 2.0}, {""w"": ""W2"", ""opp"": ""CLE"", ""v"": 4.0}, {""w"": ""W1"", ""opp"": ""CIN"", ""v"": 7.0}, {""w"": ""25W18"", ""opp"": ""CAR"", ""v"": 1.0}, {""w"": ""25W17"", ""opp"": ""MIA"", ""v"": 5.0}]",Under,0.5785038767243654,0.5760718102736854,0.5769234590891807,1.64,draftkings,-0.05384552709374352,0.0,0.0024320664506800593,
James Cook,RB,BUF,LA,player_rush_yds,76.5,86.20660840266635,17,,,2,True,00-0037248,2026-10-13T00:15:00Z,"[{""w"": ""W4"", ""opp"": ""NE"", ""v"": 75.0}, {""w"": ""W3"", ""opp"": ""LAC"", ""v"": 154.0}, {""w"": ""W2"", ""opp"": ""DET"", ""v"": 135.0}, {""w"": ""W1"", ""opp"": ""HOU"", ""v"": 57.0}, {""w"": ""25W18"", ""opp"": ""NYJ"", ""v"": 15.0}, {""w"": ""25W17"", ""opp"": ""PHI"", ""v"": 74.0}]",Over,0.4965636358889166,0.4986772486772487,0.4979374749570791,1.9,draftkings,-0.05391879758154983,0.0,-0.0021136127883321087,
CeeDee Lamb,WR,DAL,TB,player_receptions,5.5,7.306643476526636,17,Full,,1,True,00-0036358,2026-10-09T00:15:00Z,"[{""w"": ""W4"", ""opp"": ""HOU"", ""v"": 17.0}, {""w"": ""W3"", ""opp"": ""BAL"", ""v"": 7.0}, {""w"": ""W2"", ""opp"": ""WAS"", ""v"": 8.0}, {""w"": ""W1"", ""opp"": ""NYG"", ""v"": 5.0}, {""w"": ""25W18"", ""opp"": ""NYG"", ""v"": 1.0}, {""w"": ""25W17"", ""opp"": ""WAS"", ""v"": 5.0}]",Over,0.6058518333236707,0.5833333333333334,0.5912596022311274,1.6,fanduel,-0.05398463643019602,0.0,0.022518499990337282,
Amon-Ra St. Brown,WR,DET,ARI,player_reception_yds,81.5,93.28553010358591,17,,,2,True,00-0036963,2026-10-11T20:25:00Z,"[{""w"": ""W4"", ""opp"": ""CAR"", ""v"": 75.0}, {""w"": ""W3"", ""opp"": ""NYJ"", ""v"": 19.0}, {""w"": ""W2"", ""opp"": ""BUF"", ""v"": 142.0}, {""w"": ""W1"", ""opp"": ""NO"", ""v"": 67.0}, {""w"": ""25W18"", ""opp"": ""CHI"", ""v"": 139.0}, {""w"": ""25W17"", ""opp"": ""MIN"", ""v"": 68.0}]",Under,0.5128646563364326,0.5020107238605898,0.5058103396797666,1.87,betmgm,-0.05413466479883633,0.0,0.010853932475842876,
AJ Barner,TE,SEA,SF,player_reception_yds,22.5,28.885897510308066,17,,,2,True,00-0039793,2026-10-11T20:25:00Z,"[{""w"": ""W4"", ""opp"": ""LAC"", ""v"": 12.0}, {""w"": ""W3"", ""opp"": ""WAS"", ""v"": 69.0}, {""w"": ""W2"", ""opp"": ""ARI"", ""v"": 8.0}, {""w"": ""W1"", ""opp"": ""NE"", ""v"": 13.0}, {""w"": ""25W18"", ""opp"": ""SF"", ""v"": 14.0}, {""w"": ""25W17"", ""opp"": ""CAR"", ""v"": 43.0}]",Under,0.49483299168951306,0.4913542533828116,0.4925717338033495,1.92,draftkings,-0.05426227109756898,0.0,0.0034787383067014788,
Amon-Ra St. Brown,WR,DET,ARI,player_reception_yds,78.5,93.28553010358591,17,,,1,True,00-0036963,2026-10-11T20:25:00Z,"[{""w"": ""W4"", ""opp"": ""CAR"", ""v"": 75.0}, {""w"": ""W3"", ""opp"": ""NYJ"", ""v"": 19.0}, {""w"": ""W2"", ""opp"": ""BUF"", ""v"": 142.0}, {""w"": ""W1"", ""opp"": ""NO"", ""v"": 67.0}, {""w"": ""25W18"", ""opp"": ""CHI"", ""v"": 139.0}, {""w"": ""25W17"", ""opp"": ""MIN"", ""v"": 68.0}]",Over,0.5080223404512957,0.5,0.5028080306133536,1.88,fanduel,-0.05472090244689537,0.0,0.008022340451295684,
KC Concepcion,WR,CLE,NYJ,player_reception_yds,39.5,44.09480559680307,4,,,1,True,00-0041547,2026-10-11T17:00:00Z,"[{""w"": ""W4"", ""opp"": ""PIT"", ""v"": 64.0}, {""w"": ""W3"", ""opp"": ""CAR"", ""v"": 9.0}, {""w"": ""W2"", ""opp"": ""TB"", ""v"": 28.0}, {""w"": ""W1"", ""opp"": ""JAX"", ""v"": 43.0}]",Under,0.5405469184047059,0.5305039787798409,0.5340222392901846,1.77,betonlineag,-0.05478063645637332,0.0,0.010042939624865022,
Jahan Dotson,WR,ATL,BAL,player_reception_yds,18.5,24.44607261250215,17,,,1,True,00-0037741,2026-10-12T00:20:00Z,"[{""w"": ""W4"", ""opp"": ""NO"", ""v"": 54.0}, {""w"": ""W3"", ""opp"": ""GB"", ""v"": 11.0}, {""w"": ""W2"", ""opp"": ""CAR"", ""v"": 11.0}, {""w"": ""W1"", ""opp"": ""PIT"", ""v"": 19.0}, {""w"": ""25W18"", ""opp"": ""WAS"", ""v"": 40.0}, {""w"": ""25W17"", ""opp"": ""BUF"", ""v"": 0.0}]",Over,0.5153928885464041,0.5,0.5053890053028209,1.87,betmgm,-0.05492256008372476,0.0,0.015392888546404082,
Brock Purdy,QB,SF,SEA,player_rush_yds,20.5,23.708218380664913,13,,,1,True,00-0037834,2026-10-11T20:25:00Z,"[{""w"": ""W4"", ""opp"": ""DEN"", ""v"": 29.0}, {""w"": ""W3"", ""opp"": ""ARI"", ""v"": 34.0}, {""w"": ""W2"", ""opp"": ""MIA"", ""v"": 30.0}, {""w"": ""W1"", ""opp"": ""LA"", ""v"": 29.0}, {""w"": ""25W18"", ""opp"": ""SEA"", ""v"": 21.0}, {""w"": ""25W17"", ""opp"": ""CHI"", ""v"": 28.0}]",Under,0.5072770054708826,0.5,0.5025471097350499,1.88,betonlineag,-0.055211433698106216,0.0,0.007277005470882614,
Amon-Ra St. Brown,WR,DET,ARI,player_receptions,7.5,7.489222037081815,17,,,4,True,00-0036963,2026-10-11T20:25:00Z,"[{""w"": ""W4"", ""opp"": ""CAR"", ""v"": 8.0}, {""w"": ""W3"", ""opp"": ""NYJ"", ""v"": 4.0}, {""w"": ""W2"", ""opp"": ""BUF"", ""v"": 9.0}, {""w"": ""W1"", ""opp"": ""NO"", ""v"": 10.0}, {""w"": ""25W18"", ""opp"": ""CHI"", ""v"": 11.0}, {""w"": ""25W17"", ""opp"": ""MIN"", ""v"": 8.0}]",Under,0.5432006687924307,0.5428204416053326,0.5429535268190375,1.74,bovada,-0.05526086333487473,0.0,0.00038022718709807,
Cooper Kupp,WR,SEA,SF,player_reception_yds,24.5,27.658614574736404,17,,,4,True,00-0033908,2026-10-11T20:25:00Z,"[{""w"": ""W4"", ""opp"": ""LAC"", ""v"": 13.0}, {""w"": ""W3"", ""opp"": ""WAS"", ""v"": 46.0}, {""w"": ""W2"", ""opp"": ""ARI"", ""v"": 20.0}, {""w"": ""W1"", ""opp"": ""NE"", ""v"": 35.0}, {""w"": ""25W18"", ""opp"": ""SF"", ""v"": 29.0}, {""w"": ""25W17"", ""opp"": ""CAR"", ""v"": 6.0}]",Over,0.48361451296468083,0.5,0.4942632769803833,1.91,draftkings,-0.055957140967467955,0.0,-0.01638548703531917,
James Cook,RB,BUF,LA,player_rush_yds,76.5,86.20660840266635,17,,,2,True,00-0037248,2026-10-13T00:15:00Z,"[{""w"": ""W4"", ""opp"": ""NE"", ""v"": 75.0}, {""w"": ""W3"", ""opp"": ""LAC"", ""v"": 154.0}, {""w"": ""W2"", ""opp"": ""DET"", ""v"": 135.0}, {""w"": ""W1"", ""opp"": ""HOU"", ""v"": 57.0}, {""w"": ""25W18"", ""opp"": ""NYJ"", ""v"": 15.0}, {""w"": ""25W17"", ""opp"": ""PHI"", ""v"": 74.0}]",Under,0.5034363641110834,0.5013227513227513,0.5020625250429209,1.88,draftkings,-0.05612245291930873,0.0,0.0021136127883321087,
Michael Mayer,TE,LV,NE,player_reception_yds,29.5,35.74114866652113,17,,,4,True,00-0039066,2026-10-11T17:00:00Z,"[{""w"": ""W4"", ""opp"": ""KC"", ""v"": 82.0}, {""w"": ""W3"", ""opp"": ""NO"", ""v"": 32.0}, {""w"": ""W2"", ""opp"": ""LAC"", ""v"": 23.0}, {""w"": ""W1"", ""opp"": ""MIA"", ""v"": 32.0}, {""w"": ""25W18"", ""opp"": ""KC"", ""v"": 47.0}, {""w"": ""25W17"", ""opp"": ""NYG"", ""v"": 89.0}]",Over,0.4945287050643078,0.5020107238605898,0.49939194818933863,1.89,draftkings,-0.05614921792215005,0.0,-0.007482018796281964,
James Cook,RB,BUF,LA,player_rush_yds,74.5,86.20660840266635,17,,,1,True,00-0037248,2026-10-13T00:15:00Z,"[{""w"": ""W4"", ""opp"": ""NE"", ""v"": 75.0}, {""w"": ""W3"", ""opp"": ""LAC"", ""v"": 154.0}, {""w"": ""W2"", ""opp"": ""DET"", ""v"": 135.0}, {""w"": ""W1"", ""opp"": ""HOU"", ""v"": 57.0}, {""w"": ""25W18"", ""opp"": ""NYJ"", ""v"": 15.0}, {""w"": ""25W17"", ""opp"": ""PHI"", ""v"": 74.0}]",Over,0.5132398411525028,0.4959785522788205,0.5020210195344365,1.88,betrivers,-0.056200483275259505,0.0,0.01726128887368228,
Kendrick Bourne,WR,ARI,DET,player_receptions,2.5,2.7997947337438913,17,,,5,True,00-0033307,2026-10-11T20:25:00Z,"[{""w"": ""W3"", ""opp"": ""SF"", ""v"": 2.0}, {""w"": ""W2"", ""opp"": ""SEA"", ""v"": 2.0}, {""w"": ""W1"", ""opp"": ""LAC"", ""v"": 8.0}, {""w"": ""25W18"", ""opp"": ""SEA"", ""v"": 0.0}, {""w"": ""25W17"", ""opp"": ""CHI"", ""v"": 1.0}, {""w"": ""25W16"", ""opp"": ""IND"", ""v"": 3.0}]",Under,0.549567109601269,0.5578947368421053,0.5549835239633159,1.7,draftkings,-0.056528009262363066,0.0,-0.008327627240836355,
CeeDee Lamb,WR,DAL,TB,player_reception_yds,82.5,98.99979445366223,17,Full,,3,True,00-0036358,2026-10-09T00:15:00Z,"[{""w"": ""W4"", ""opp"": ""HOU"", ""v"": 189.0}, {""w"": ""W3"", ""opp"": ""BAL"", ""v"": 112.0}, {""w"": ""W2"", ""opp"": ""WAS"", ""v"": 153.0}, {""w"": ""W1"", ""opp"": ""NYG"", ""v"": 44.0}, {""w"": ""25W18"", ""opp"": ""NYG"", ""v"": 4.0}, {""w"": ""25W17"", ""opp"": ""WAS"", ""v"": 46.0}]",Under,0.4900614497544575,0.5,0.4965211053293306,1.9,draftkings,-0.05660989987427195,0.0,-0.009938550245542521,
DK Metcalf,WR,PIT,IND,player_reception_yds,49.5,60.55407058618882,17,,,2,True,00-0035640,2026-10-11T17:00:00Z,"[{""w"": ""W4"", ""opp"": ""CLE"", ""v"": 115.0}, {""w"": ""W3"", ""opp"": ""CIN"", ""v"": 31.0}, {""w"": ""W2"", ""opp"": ""NE"", ""v"": 27.0}, {""w"": ""W1"", ""opp"": ""ATL"", ""v"": 40.0}, {""w"": ""25W16"", ""opp"": ""DET"", ""v"": 42.0}, {""w"": ""25W15"", ""opp"": ""MIA"", ""v"": 55.0}]",Over,0.5026758429882899,0.5013227513227514,0.5017963366240215,1.88,draftkings,-0.05662288714683972,0.0,0.0013530916655385417,
James Cook,RB,BUF,LA,player_rush_yds,75.5,86.20660840266635,17,,,3,True,00-0037248,2026-10-13T00:15:00Z,"[{""w"": ""W4"", ""opp"": ""NE"", ""v"": 75.0}, {""w"": ""W3"", ""opp"": ""LAC"", ""v"": 154.0}, {""w"": ""W2"", ""opp"": ""DET"", ""v"": 135.0}, {""w"": ""W1"", ""opp"": ""HOU"", ""v"": 57.0}, {""w"": ""25W18"", ""opp"": ""NYJ"", ""v"": 15.0}, {""w"": ""25W17"", ""opp"": ""PHI"", ""v"": 74.0}]",Over,0.5048655216835641,0.5,0.5017029797591309,1.88,betonlineag,-0.05679839805283393,0.0,0.0048655216835641335,
Pat Freiermuth,TE,PIT,IND,player_reception_yds,27.5,32.27748040993976,17,,,2,True,00-0036894,2026-10-11T17:00:00Z,"[{""w"": ""W4"", ""opp"": ""CLE"", ""v"": 17.0}, {""w"": ""W3"", ""opp"": ""CIN"", ""v"": 30.0}, {""w"": ""W2"", ""opp"": ""NE"", ""v"": 32.0}, {""w"": ""W1"", ""opp"": ""ATL"", ""v"": 46.0}, {""w"": ""25W18"", ""opp"": ""BAL"", ""v"": 51.0}, {""w"": ""25W17"", ""opp"": ""CLE"", ""v"": 63.0}]",Over,0.5047646675563637,0.5,0.501667677941639,1.88,betonlineag,-0.05686476546971869,0.0,0.004764667556363733,
Trevor Lawrence,QB,JAX,PHI,player_rush_yds,12.5,15.823731857512445,17,,,1,True,00-0036971,2026-10-11T13:30:00Z,"[{""w"": ""W4"", ""opp"": ""CIN"", ""v"": 0.0}, {""w"": ""W3"", ""opp"": ""NE"", ""v"": 25.0}, {""w"": ""W2"", ""opp"": ""DEN"", ""v"": 6.0}, {""w"": ""W1"", ""opp"": ""CLE"", ""v"": 3.0}, {""w"": ""25W18"", ""opp"": ""TEN"", ""v"": 11.0}, {""w"": ""25W17"", ""opp"": ""IND"", ""v"": 26.0}]",Under,0.5205105335334275,0.5040214477211795,0.5097954613153254,1.85,betrivers,-0.056878396566648004,0.0,0.01648908581224795,
Tony Pollard,RB,TEN,HOU,player_receptions,1.5,1.8323728095122176,17,,,3,True,00-0035261,2026-10-11T17:00:00Z,"[{""w"": ""W4"", ""opp"": ""BAL"", ""v"": 2.0}, {""w"": ""W3"", ""opp"": ""NYG"", ""v"": 4.0}, {""w"": ""W2"", ""opp"": ""PHI"", ""v"": 1.0}, {""w"": ""W1"", ""opp"": ""NYJ"", ""v"": 1.0}, {""w"": ""25W18"", ""opp"": ""JAX"", ""v"": 3.0}, {""w"": ""25W17"", ""opp"": ""NO"", ""v"": 2.0}]",Under,0.46245930196622964,0.4800000000000001,0.47385291607928354,1.99,draftkings,-0.057032697002225796,0.0,-0.017540698033770452,
Chris Godwin,WR,TB,DAL,player_reception_yds,31.5,38.40400706025377,13,,,1,True,00-0033921,2026-10-09T00:15:00Z,"[{""w"": ""W4"", ""opp"": ""GB"", ""v"": 31.0}, {""w"": ""W3"", ""opp"": ""MIN"", ""v"": 25.0}, {""w"": ""W2"", ""opp"": ""CLE"", ""v"": 46.0}, {""w"": ""W1"", ""opp"": ""CIN"", ""v"": 40.0}, {""w"": ""25W18"", ""opp"": ""CAR"", ""v"": 8.0}, {""w"": ""25W17"", ""opp"": ""MIA"", ""v"": 108.0}]",Over,0.5119575720497181,0.4959785522788205,0.5015719458043092,1.88,betrivers,-0.057044741887898764,0.0,0.015979019770897662,
CeeDee Lamb,WR,DAL,TB,player_receptions,6.5,7.306643476526636,17,Full,,5,True,00-0036358,2026-10-09T00:15:00Z,"[{""w"": ""W4"", ""opp"": ""HOU"", ""v"": 17.0}, {""w"": ""W3"", ""opp"": ""BAL"", ""v"": 7.0}, {""w"": ""W2"", ""opp"": ""WAS"", ""v"": 8.0}, {""w"": ""W1"", ""opp"": ""NYG"", ""v"": 5.0}, {""w"": ""25W18"", ""opp"": ""NYG"", ""v"": 1.0}, {""w"": ""25W17"", ""opp"": ""WAS"", ""v"": 5.0}]",Under,0.49212604104674834,0.5106951871657754,0.5041967201793329,1.87,draftkings,-0.0571521332646473,0.0,-0.018569146119027102,
Denzel Boston,WR,CLE,NYJ,player_receptions,3.5,3.2753956400538717,4,,,6,True,00-0041037,2026-10-11T17:00:00Z,"[{""w"": ""W4"", ""opp"": ""PIT"", ""v"": 4.0}, {""w"": ""W3"", ""opp"": ""CAR"", ""v"": 2.0}, {""w"": ""W2"", ""opp"": ""TB"", ""v"": 5.0}, {""w"": ""W1"", ""opp"": ""JAX"", ""v"": 2.0}]",Over,0.41380366999492413,0.44879645008552516,0.4364727706701059,2.16,draftkings,-0.05721881535257112,0.0,-0.03499278009060103,
Michael Wilson,WR,ARI,DET,player_reception_yds,74.5,86.91911894267737,17,,,1,True,00-0038559,2026-10-11T20:25:00Z,"[{""w"": ""W4"", ""opp"": ""NYG"", ""v"": 95.0}, {""w"": ""W3"", ""opp"": ""SF"", ""v"": 89.0}, {""w"": ""W2"", ""opp"": ""SEA"", ""v"": 18.0}, {""w"": ""W1"", ""opp"": ""LAC"", ""v"": 56.0}, {""w"": ""25W18"", ""opp"": ""LA"", ""v"": 99.0}, {""w"": ""25W17"", ""opp"": ""CIN"", ""v"": 89.0}]",Under,0.4897744731172995,0.4800000000000001,0.4834197078881322,1.95,betmgm,-0.057331569618142286,0.0,0.009774473117299398,
Isaac TeSlaa,WR,DET,ARI,player_reception_yds,26.5,37.70295060749332,17,,,2,True,00-0040669,2026-10-11T20:25:00Z,"[{""w"": ""W4"", ""opp"": ""CAR"", ""v"": 95.0}, {""w"": ""W3"", ""opp"": ""NYJ"", ""v"": 66.0}, {""w"": ""W2"", ""opp"": ""BUF"", ""v"": 26.0}, {""w"": ""W1"", ""opp"": ""NO"", ""v"": 0.0}, {""w"": ""25W18"", ""opp"": ""CHI"", ""v"": 18.0}, {""w"": ""25W17"", ""opp"": ""MIN"", ""v"": 49.0}]",Over,0.5002757817992454,0.5060214762420854,0.5040105864147478,1.87,betonlineag,-0.057500203404421524,0.0,-0.00574569444284001,
Isaac TeSlaa,WR,DET,ARI,player_reception_yds,26.5,37.70295060749332,17,,,2,True,00-0040669,2026-10-11T20:25:00Z,"[{""w"": ""W4"", ""opp"": ""CAR"", ""v"": 95.0}, {""w"": ""W3"", ""opp"": ""NYJ"", ""v"": 66.0}, {""w"": ""W2"", ""opp"": ""BUF"", ""v"": 26.0}, {""w"": ""W1"", ""opp"": ""NO"", ""v"": 0.0}, {""w"": ""25W18"", ""opp"": ""CHI"", ""v"": 18.0}, {""w"": ""25W17"", ""opp"": ""MIN"", ""v"": 49.0}]",Under,0.4997242182007547,0.4939785237579146,0.4959894135852522,1.9,betmgm,-0.057620114188020766,0.0,0.005745694442840066,
Ashton Jeanty,RB,LV,NE,player_rush_yds,61.5,66.51560988243777,17,,,1,True,00-0040122,2026-10-11T17:00:00Z,"[{""w"": ""W4"", ""opp"": ""KC"", ""v"": 58.0}, {""w"": ""W3"", ""opp"": ""NO"", ""v"": 56.0}, {""w"": ""W2"", ""opp"": ""LAC"", ""v"": 48.0}, {""w"": ""W1"", ""opp"": ""MIA"", ""v"": 102.0}, {""w"": ""25W18"", ""opp"": ""KC"", ""v"": 87.0}, {""w"": ""25W17"", ""opp"": ""NYG"", ""v"": 60.0}]",Over,0.485755328325574,0.49340369393139843,0.49072623133577153,1.92,draftkings,-0.05780563583531867,0.0,-0.0076483656058244365,
Bijan Robinson,RB,ATL,BAL,player_rush_yds,88.5,103.58759363740505,17,,,4,True,00-0038542,2026-10-12T00:20:00Z,"[{""w"": ""W4"", ""opp"": ""NO"", ""v"": 145.0}, {""w"": ""W3"", ""opp"": ""GB"", ""v"": 194.0}, {""w"": ""W2"", ""opp"": ""CAR"", ""v"": 72.0}, {""w"": ""W1"", ""opp"": ""PIT"", ""v"": 83.0}, {""w"": ""25W18"", ""opp"": ""NO"", ""v"": 33.0}, {""w"": ""25W17"", ""opp"": ""LA"", ""v"": 195.0}]",Under,0.48316502552241125,0.49867021276595747,0.4932415787112248,1.91,draftkings,-0.05790858466156068,0.0,-0.015505187243546215,
Amon-Ra St. Brown,WR,DET,ARI,player_receptions,7.5,7.489222037081815,17,,,4,True,00-0036963,2026-10-11T20:25:00Z,"[{""w"": ""W4"", ""opp"": ""CAR"", ""v"": 8.0}, {""w"": ""W3"", ""opp"": ""NYJ"", ""v"": 4.0}, {""w"": ""W2"", ""opp"": ""BUF"", ""v"": 9.0}, {""w"": ""W1"", ""opp"": ""NO"", ""v"": 10.0}, {""w"": ""25W18"", ""opp"": ""CHI"", ""v"": 11.0}, {""w"": ""25W17"", ""opp"": ""MIN"", ""v"": 8.0}]",Over,0.4567993312075693,0.4571795583946674,0.4570464731809625,2.06,betonlineag,-0.05848426524721728,0.0,-0.00038022718709807,
Jahan Dotson,WR,ATL,BAL,player_reception_yds,19.5,24.44607261250215,17,,,5,True,00-0037741,2026-10-12T00:20:00Z,"[{""w"": ""W4"", ""opp"": ""NO"", ""v"": 54.0}, {""w"": ""W3"", ""opp"": ""GB"", ""v"": 11.0}, {""w"": ""W2"", ""opp"": ""CAR"", ""v"": 11.0}, {""w"": ""W1"", ""opp"": ""PIT"", ""v"": 19.0}, {""w"": ""25W18"", ""opp"": ""WAS"", ""v"": 40.0}, {""w"": ""25W17"", ""opp"": ""BUF"", ""v"": 0.0}]",Over,0.4923709906955448,0.5053191489361702,0.5007872161014741,1.88,fanduel,-0.05852003372922865,0.0,-0.012948158240625451,
Michael Wilson,WR,ARI,DET,player_reception_yds,75.5,86.91911894267737,17,,,3,True,00-0038559,2026-10-11T20:25:00Z,"[{""w"": ""W4"", ""opp"": ""NYG"", ""v"": 95.0}, {""w"": ""W3"", ""opp"": ""SF"", ""v"": 89.0}, {""w"": ""W2"", ""opp"": ""SEA"", ""v"": 18.0}, {""w"": ""W1"", ""opp"": ""LAC"", ""v"": 56.0}, {""w"": ""25W18"", ""opp"": ""LA"", ""v"": 99.0}, {""w"": ""25W17"", ""opp"": ""CIN"", ""v"": 89.0}]",Over,0.5022462781216358,0.5,0.5007862019839759,1.88,betonlineag,-0.058521940270125306,0.0,0.002246278121635803,
Zay Flowers,WR,BAL,ATL,player_reception_yds,67.5,78.61246892644257,17,,,2,True,00-0039064,2026-10-12T00:20:00Z,"[{""w"": ""W4"", ""opp"": ""TEN"", ""v"": 118.0}, {""w"": ""W3"", ""opp"": ""DAL"", ""v"": 84.0}, {""w"": ""W1"", ""opp"": ""IND"", ""v"": 150.0}, {""w"": ""25W18"", ""opp"": ""PIT"", ""v"": 138.0}, {""w"": ""25W17"", ""opp"": ""GB"", ""v"": 30.0}, {""w"": ""25W16"", ""opp"": ""NE"", ""v"": 84.0}]",Over,0.4970378877854579,0.49867021276595747,0.49809889401731977,1.89,betonlineag,-0.05859309030726567,0.0,-0.0016323249804995887,
Tyjae Spears,RB,TEN,HOU,player_rush_yds,13.5,17.545577318002078,17,,,1,True,00-0039032,2026-10-11T17:00:00Z,"[{""w"": ""W4"", ""opp"": ""BAL"", ""v"": 7.0}, {""w"": ""W3"", ""opp"": ""NYG"", ""v"": 5.0}, {""w"": ""W2"", ""opp"": ""PHI"", ""v"": 41.0}, {""w"": ""W1"", ""opp"": ""NYJ"", ""v"": 12.0}, {""w"": ""25W18"", ""opp"": ""JAX"", ""v"": 18.0}, {""w"": ""25W17"", ""opp"": ""NO"", ""v"": 2.0}]",Under,0.4940338275708447,0.5,0.49791175267861176,1.89,draftkings,-0.05894678743742382,0.0,-0.005966172429155314,
C.J. Stroud,QB,HOU,TEN,player_rush_yds,9.5,12.52477542491754,17,,,2,True,00-0039163,2026-10-11T17:00:00Z,"[{""w"": ""W4"", ""opp"": ""DAL"", ""v"": 12.0}, {""w"": ""W3"", ""opp"": ""IND"", ""v"": 10.0}, {""w"": ""W2"", ""opp"": ""CIN"", ""v"": 29.0}, {""w"": ""W1"", ""opp"": ""BUF"", ""v"": 15.0}, {""w"": ""25W18"", ""opp"": ""IND"", ""v"": 5.0}, {""w"": ""25W17"", ""opp"": ""LAC"", ""v"": 0.0}]",Under,0.48898778338784815,0.4946524064171123,0.4926695577004678,1.91,betmgm,-0.05900114479210655,0.0,-0.005664623029264126,
J.K. Dobbins,RB,DEN,LAC,player_rush_yds,52.5,57.39962511605442,14,,,1,True,00-0036158,2026-10-11T20:05:00Z,"[{""w"": ""W4"", ""opp"": ""SF"", ""v"": 40.0}, {""w"": ""W3"", ""opp"": ""LA"", ""v"": 49.0}, {""w"": ""W2"", ""opp"": ""JAX"", ""v"": 36.0}, {""w"": ""W1"", ""opp"": ""KC"", ""v"": 36.0}, {""w"": ""25W10"", ""opp"": ""LV"", ""v"": 77.0}, {""w"": ""25W9"", ""opp"": ""HOU"", ""v"": 61.0}]",Under,0.5090485747055465,0.5,0.5031673045869319,1.87,betmgm,-0.059077140422437224,0.0,0.009048574705546542,
Brian Robinson Jr.,RB,ATL,BAL,player_rush_yds,35.5,38.34490124443671,17,,,4,True,00-0037746,2026-10-12T00:20:00Z,"[{""w"": ""W4"", ""opp"": ""NO"", ""v"": 62.0}, {""w"": ""W3"", ""opp"": ""GB"", ""v"": 50.0}, {""w"": ""W2"", ""opp"": ""CAR"", ""v"": 51.0}, {""w"": ""W1"", ""opp"": ""PIT"", ""v"": 31.0}, {""w"": ""25W18"", ""opp"": ""SEA"", ""v"": 9.0}, {""w"": ""25W17"", ""opp"": ""CHI"", ""v"": 22.0}]",Over,0.47500231187846575,0.4940527985179364,0.48738032598724934,1.93,draftkings,-0.05935597084460881,0.0,-0.01905048663947062,
Emeka Egbuka,WR,TB,DAL,player_reception_yds,34.5,43.1480379800524,17,,,3,True,00-0040129,2026-10-09T00:15:00Z,"[{""w"": ""W4"", ""opp"": ""GB"", ""v"": 13.0}, {""w"": ""W3"", ""opp"": ""MIN"", ""v"": 62.0}, {""w"": ""W2"", ""opp"": ""CLE"", ""v"": 16.0}, {""w"": ""W1"", ""opp"": ""CIN"", ""v"": 63.0}, {""w"": ""25W18"", ""opp"": ""CAR"", ""v"": 8.0}, {""w"": ""25W17"", ""opp"": ""MIA"", ""v"": 20.0}]",Under,0.4859311052745492,0.5,0.49507474600970586,1.9,betonlineag,-0.05935798258155894,0.0,-0.014068894725450809,
Sam LaPorta,TE,DET,ARI,player_reception_yds,55.5,63.3999791483144,13,,,1,True,00-0039065,2026-10-11T20:25:00Z,"[{""w"": ""W4"", ""opp"": ""CAR"", ""v"": 84.0}, {""w"": ""W3"", ""opp"": ""NYJ"", ""v"": 44.0}, {""w"": ""W2"", ""opp"": ""BUF"", ""v"": 52.0}, {""w"": ""W1"", ""opp"": ""NO"", ""v"": 48.0}, {""w"": ""25W10"", ""opp"": ""WAS"", ""v"": 53.0}, {""w"": ""25W9"", ""opp"": ""MIN"", ""v"": 97.0}]",Over,0.5081904234824723,0.4959785522788205,0.5002529072585707,1.88,betrivers,-0.05952453435388705,0.0,0.012211871203651858,
Tyler Allgeier,RB,ARI,DET,player_rush_yds,25.5,30.816811306848226,17,,,2,True,00-0037263,2026-10-11T20:25:00Z,"[{""w"": ""W4"", ""opp"": ""NYG"", ""v"": 42.0}, {""w"": ""W3"", ""opp"": ""SF"", ""v"": -1.0}, {""w"": ""W2"", ""opp"": ""SEA"", ""v"": 10.0}, {""w"": ""W1"", ""opp"": ""LAC"", ""v"": 61.0}, {""w"": ""25W18"", ""opp"": ""NO"", ""v"": 16.0}, {""w"": ""25W17"", ""opp"": ""LA"", ""v"": 23.0}]",Over,0.4943893278494943,0.49530831099195705,0.4949866629681837,1.9,betmgm,-0.059525340360450985,0.0,-0.0009189831424627481,
RJ Harvey,RB,DEN,LAC,player_receptions,3.5,4.509076737841415,17,,,3,True,00-0040730,2026-10-11T20:05:00Z,"[{""w"": ""W4"", ""opp"": ""SF"", ""v"": 10.0}, {""w"": ""W3"", ""opp"": ""LA"", ""v"": 6.0}, {""w"": ""W1"", ""opp"": ""KC"", ""v"": 4.0}, {""w"": ""25W18"", ""opp"": ""LAC"", ""v"": 1.0}, {""w"": ""25W17"", ""opp"": ""KC"", ""v"": 5.0}, {""w"": ""25W16"", ""opp"": ""JAX"", ""v"": 4.0}]",Over,0.5758333002279069,0.582901554404145,0.580431382870237,1.62,betonlineag,-0.059701159750216004,0.0,-0.007068254176238131,
Emeka Egbuka,WR,TB,DAL,player_reception_yds,35.5,43.1480379800524,17,,,2,True,00-0040129,2026-10-09T00:15:00Z,"[{""w"": ""W4"", ""opp"": ""GB"", ""v"": 13.0}, {""w"": ""W3"", ""opp"": ""MIN"", ""v"": 62.0}, {""w"": ""W2"", ""opp"": ""CLE"", ""v"": 16.0}, {""w"": ""W1"", ""opp"": ""CIN"", ""v"": 63.0}, {""w"": ""25W18"", ""opp"": ""CAR"", ""v"": 8.0}, {""w"": ""25W17"", ""opp"": ""MIA"", ""v"": 20.0}]",Under,0.5000334364334036,0.5,0.5000117027517066,1.88,fanduel,-0.05997799882679167,0.0,3.3436433403588595e-05,
Emeka Egbuka,WR,TB,DAL,player_reception_yds,35.5,43.1480379800524,17,,,2,True,00-0040129,2026-10-09T00:15:00Z,"[{""w"": ""W4"", ""opp"": ""GB"", ""v"": 13.0}, {""w"": ""W3"", ""opp"": ""MIN"", ""v"": 62.0}, {""w"": ""W2"", ""opp"": ""CLE"", ""v"": 16.0}, {""w"": ""W1"", ""opp"": ""CIN"", ""v"": 63.0}, {""w"": ""25W18"", ""opp"": ""CAR"", ""v"": 8.0}, {""w"": ""25W17"", ""opp"": ""MIA"", ""v"": 20.0}]",Over,0.4999665635665964,0.5,0.4999882972482935,1.88,fanduel,-0.06002200117320822,0.0,-3.3436433403588595e-05,
Ryan Flournoy,WR,DAL,TB,player_receptions,3.5,3.220003245880759,17,,,6,True,00-0039410,2026-10-09T00:15:00Z,"[{""w"": ""W4"", ""opp"": ""HOU"", ""v"": 4.0}, {""w"": ""W3"", ""opp"": ""BAL"", ""v"": 2.0}, {""w"": ""W2"", ""opp"": ""WAS"", ""v"": 5.0}, {""w"": ""W1"", ""opp"": ""NYG"", ""v"": 2.0}, {""w"": ""25W18"", ""opp"": ""NYG"", ""v"": 5.0}, {""w"": ""25W16"", ""opp"": ""LAC"", ""v"": 2.0}]",Over,0.39600304143921683,0.41550008657778015,0.40864262793658784,2.3,betrivers,-0.06012195574584811,0.0,-0.019497045138563318,
Deshaun Watson,QB,CLE,NYJ,player_rush_yds,24.5,30.26235393090275,4,,,1,True,00-0033537,2026-10-11T17:00:00Z,"[{""w"": ""W4"", ""opp"": ""PIT"", ""v"": 22.0}, {""w"": ""W3"", ""opp"": ""CAR"", ""v"": 45.0}, {""w"": ""W2"", ""opp"": ""TB"", ""v"": 22.0}, {""w"": ""W1"", ""opp"": ""JAX"", ""v"": 38.0}]",Under,0.48246156680657304,0.4894179894179894,0.4869826371271866,1.93,draftkings,-0.060123510344529896,0.0,-0.00695642261141638,
DK Metcalf,WR,PIT,IND,player_reception_yds,50.5,60.55407058618882,17,,,1,True,00-0035640,2026-10-11T17:00:00Z,"[{""w"": ""W4"", ""opp"": ""CLE"", ""v"": 115.0}, {""w"": ""W3"", ""opp"": ""CIN"", ""v"": 31.0}, {""w"": ""W2"", ""opp"": ""NE"", ""v"": 27.0}, {""w"": ""W1"", ""opp"": ""ATL"", ""v"": 40.0}, {""w"": ""25W16"", ""opp"": ""DET"", ""v"": 42.0}, {""w"": ""25W15"", ""opp"": ""MIA"", ""v"": 55.0}]",Under,0.5072293765235129,0.4959785522788204,0.4999164607446292,1.88,betrivers,-0.06015705380009723,0.0,0.011250824244692481,
Ryan Flournoy,WR,DAL,TB,player_reception_yds,30.5,36.960517813854324,17,,,3,True,00-0039410,2026-10-09T00:15:00Z,"[{""w"": ""W4"", ""opp"": ""HOU"", ""v"": 37.0}, {""w"": ""W3"", ""opp"": ""BAL"", ""v"": 22.0}, {""w"": ""W2"", ""opp"": ""WAS"", ""v"": 23.0}, {""w"": ""W1"", ""opp"": ""NYG"", ""v"": 22.0}, {""w"": ""25W18"", ""opp"": ""NYG"", ""v"": 68.0}, {""w"": ""25W16"", ""opp"": ""LAC"", ""v"": 18.0}]",Over,0.4943970469808783,0.5065963060686015,0.5023267152741439,1.87,betrivers,-0.06064904243735092,0.0,-0.012199259087723235,
Tez Johnson,WR,TB,DAL,player_reception_yds,14.5,19.02059082353224,17,,,1,True,00-0040237,2026-10-09T00:15:00Z,"[{""w"": ""W4"", ""opp"": ""GB"", ""v"": 17.0}, {""w"": ""W3"", ""opp"": ""MIN"", ""v"": 8.0}, {""w"": ""W2"", ""opp"": ""CLE"", ""v"": 49.0}, {""w"": ""W1"", ""opp"": ""CIN"", ""v"": 0.0}, {""w"": ""25W18"", ""opp"": ""CAR"", ""v"": 17.0}, {""w"": ""25W17"", ""opp"": ""MIA"", ""v"": 19.0}]",Under,0.5145623465431047,0.5040214477211795,0.507711648966214,1.85,betrivers,-0.060733449412504026,0.0,0.010540898821925215,
Blake Corum,RB,LA,BUF,player_rush_yds,32.5,40.67085056034483,17,,,2,True,00-0039738,2026-10-13T00:15:00Z,"[{""w"": ""W4"", ""opp"": ""PHI"", ""v"": 14.0}, {""w"": ""W3"", ""opp"": ""DEN"", ""v"": 15.0}, {""w"": ""W2"", ""opp"": ""NYG"", ""v"": 79.0}, {""w"": ""W1"", ""opp"": ""SF"", ""v"": 54.0}, {""w"": ""25W18"", ""opp"": ""ARI"", ""v"": 59.0}, {""w"": ""25W17"", ""opp"": ""ATL"", ""v"": 18.0}]",Under,0.4909042021796742,0.5,0.49681616254665667,1.89,draftkings,-0.06101745278681886,0.0,-0.009095797820325824,
Emeka Egbuka,WR,TB,DAL,player_reception_yds,36.5,43.1480379800524,17,,,1,True,00-0040129,2026-10-09T00:15:00Z,"[{""w"": ""W4"", ""opp"": ""GB"", ""v"": 13.0}, {""w"": ""W3"", ""opp"": ""MIN"", ""v"": 62.0}, {""w"": ""W2"", ""opp"": ""CLE"", ""v"": 16.0}, {""w"": ""W1"", ""opp"": ""CIN"", ""v"": 63.0}, {""w"": ""25W18"", ""opp"": ""CAR"", ""v"": 8.0}, {""w"": ""25W17"", ""opp"": ""MIA"", ""v"": 20.0}]",Under,0.5138683010910541,0.5040214477211795,0.507468592538178,1.85,betrivers,-0.06118310380437064,0.0,0.009846853369874564,
Michael Wilson,WR,ARI,DET,player_reception_yds,76.5,86.91911894267737,17,,,1,True,00-0038559,2026-10-11T20:25:00Z,"[{""w"": ""W4"", ""opp"": ""NYG"", ""v"": 95.0}, {""w"": ""W3"", ""opp"": ""SF"", ""v"": 89.0}, {""w"": ""W2"", ""opp"": ""SEA"", ""v"": 18.0}, {""w"": ""W1"", ""opp"": ""LAC"", ""v"": 56.0}, {""w"": ""25W18"", ""opp"": ""LA"", ""v"": 99.0}, {""w"": ""25W17"", ""opp"": ""CIN"", ""v"": 89.0}]",Under,0.5056627580758847,0.5,0.5019820396915671,1.87,betrivers,-0.06129358577676952,0.0,0.005662758075884677,
Troy Franklin,WR,DEN,LAC,player_reception_yds,18.5,25.69321650957791,17,,,3,True,00-0039868,2026-10-11T20:05:00Z,"[{""w"": ""W3"", ""opp"": ""LA"", ""v"": 21.0}, {""w"": ""W2"", ""opp"": ""JAX"", ""v"": 27.0}, {""w"": ""W1"", ""opp"": ""KC"", ""v"": 0.0}, {""w"": ""25W18"", ""opp"": ""LAC"", ""v"": 0.0}, {""w"": ""25W17"", ""opp"": ""KC"", ""v"": 17.0}, {""w"": ""25W16"", ""opp"": ""JAX"", ""v"": 66.0}]",Under,0.497869526600565,0.5,0.49925433035027605,1.88,betonlineag,-0.061401858941481036,0.0,-0.0021304733994350067,
Zay Flowers,WR,BAL,ATL,player_reception_yds,67.5,78.61246892644257,17,,,2,True,00-0039064,2026-10-12T00:20:00Z,"[{""w"": ""W4"", ""opp"": ""TEN"", ""v"": 118.0}, {""w"": ""W3"", ""opp"": ""DAL"", ""v"": 84.0}, {""w"": ""W1"", ""opp"": ""IND"", ""v"": 150.0}, {""w"": ""25W18"", ""opp"": ""PIT"", ""v"": 138.0}, {""w"": ""25W17"", ""opp"": ""GB"", ""v"": 30.0}, {""w"": ""25W16"", ""opp"": ""NE"", ""v"": 84.0}]",Under,0.5029621122145421,0.5013297872340425,0.5019011059826802,1.87,betmgm,-0.061444931812387915,0.0,0.0016323249804995887,
Kendrick Bourne,WR,ARI,DET,player_reception_yds,23.5,34.1804039945867,17,,,5,True,00-0033307,2026-10-11T20:25:00Z,"[{""w"": ""W3"", ""opp"": ""SF"", ""v"": 22.0}, {""w"": ""W2"", ""opp"": ""SEA"", ""v"": 11.0}, {""w"": ""W1"", ""opp"": ""LAC"", ""v"": 75.0}, {""w"": ""25W18"", ""opp"": ""SEA"", ""v"": 0.0}, {""w"": ""25W17"", ""opp"": ""CHI"", ""v"": 25.0}, {""w"": ""25W16"", ""opp"": ""IND"", ""v"": 27.0}]",Under,0.4968491442683542,0.5,0.4988971876839288,1.88,betonlineag,-0.062073287154213896,0.0,-0.0031508557316458075,
DK Metcalf,WR,PIT,IND,player_receptions,3.5,4.323064766137992,17,,,5,True,00-0035640,2026-10-11T17:00:00Z,"[{""w"": ""W4"", ""opp"": ""CLE"", ""v"": 5.0}, {""w"": ""W3"", ""opp"": ""CIN"", ""v"": 3.0}, {""w"": ""W2"", ""opp"": ""NE"", ""v"": 4.0}, {""w"": ""W1"", ""opp"": ""ATL"", ""v"": 4.0}, {""w"": ""25W16"", ""opp"": ""DET"", ""v"": 4.0}, {""w"": ""25W15"", ""opp"": ""MIA"", ""v"": 3.0}]",Under,0.37303319528070156,0.4158878504672897,0.4007071648494745,2.34,fanduel,-0.06234523425222982,0.0,-0.04285465518658815,
Deshaun Watson,QB,CLE,NYJ,player_rush_yds,25.5,30.26235393090275,4,,,1,True,00-0033537,2026-10-11T17:00:00Z,"[{""w"": ""W4"", ""opp"": ""PIT"", ""v"": 22.0}, {""w"": ""W3"", ""opp"": ""CAR"", ""v"": 45.0}, {""w"": ""W2"", ""opp"": ""TB"", ""v"": 22.0}, {""w"": ""W1"", ""opp"": ""JAX"", ""v"": 38.0}]",Under,0.5032630693494985,0.49193548387096775,0.49589979228845316,1.89,betrivers,-0.06274939257482359,0.0,0.011327585478530744,
J.K. Dobbins,RB,DEN,LAC,player_rush_yds,51.5,57.39962511605442,14,,,4,True,00-0036158,2026-10-11T20:05:00Z,"[{""w"": ""W4"", ""opp"": ""SF"", ""v"": 40.0}, {""w"": ""W3"", ""opp"": ""LA"", ""v"": 49.0}, {""w"": ""W2"", ""opp"": ""JAX"", ""v"": 36.0}, {""w"": ""W1"", ""opp"": ""KC"", ""v"": 36.0}, {""w"": ""25W10"", ""opp"": ""LV"", ""v"": 77.0}, {""w"": ""25W9"", ""opp"": ""HOU"", ""v"": 61.0}]",Under,0.49552974431826935,0.5,0.49843537392916853,1.88,betonlineag,-0.06294149701316326,0.0,-0.0044702556817306505,
Harold Fannin Jr.,TE,CLE,NYJ,player_reception_yds,35.5,39.98415624705574,17,,,2,True,00-0040663,2026-10-11T17:00:00Z,"[{""w"": ""W4"", ""opp"": ""PIT"", ""v"": 27.0}, {""w"": ""W3"", ""opp"": ""CAR"", ""v"": 51.0}, {""w"": ""W2"", ""opp"": ""TB"", ""v"": 54.0}, {""w"": ""W1"", ""opp"": ""JAX"", ""v"": 21.0}, {""w"": ""25W17"", ""opp"": ""PIT"", ""v"": 30.0}, {""w"": ""25W16"", ""opp"": ""BUF"", ""v"": 34.0}]",Over,0.49299316940401516,0.5013297872340425,0.4984118178181367,1.88,fanduel,-0.06298578250190306,0.0,-0.00833661783002737,
Mark Andrews,TE,BAL,ATL,player_reception_yds,28.5,32.88434881761315,17,,,1,True,00-0034753,2026-10-12T00:20:00Z,"[{""w"": ""W4"", ""opp"": ""TEN"", ""v"": 27.0}, {""w"": ""W3"", ""opp"": ""DAL"", ""v"": 24.0}, {""w"": ""W2"", ""opp"": ""NO"", ""v"": 49.0}, {""w"": ""W1"", ""opp"": ""IND"", ""v"": 49.0}, {""w"": ""25W18"", ""opp"": ""PIT"", ""v"": 14.0}, {""w"": ""25W17"", ""opp"": ""GB"", ""v"": 28.0}]",Over,0.5191912323309342,0.5080645161290323,0.5119603408212582,1.83,betrivers,-0.06311257629709743,0.0,0.011126716201901976,
Pat Freiermuth,TE,PIT,IND,player_reception_yds,27.5,32.27748040993976,17,,,2,True,00-0036894,2026-10-11T17:00:00Z,"[{""w"": ""W4"", ""opp"": ""CLE"", ""v"": 17.0}, {""w"": ""W3"", ""opp"": ""CIN"", ""v"": 30.0}, {""w"": ""W2"", ""opp"": ""NE"", ""v"": 32.0}, {""w"": ""W1"", ""opp"": ""ATL"", ""v"": 46.0}, {""w"": ""25W18"", ""opp"": ""BAL"", ""v"": 51.0}, {""w"": ""25W17"", ""opp"": ""CLE"", ""v"": 63.0}]",Under,0.4952353324436363,0.5,0.4983323220583609,1.88,betonlineag,-0.06313523453028158,0.0,-0.0047646675563636776,
James Cook,RB,BUF,LA,player_rush_yds,75.5,86.20660840266635,17,,,3,True,00-0037248,2026-10-13T00:15:00Z,"[{""w"": ""W4"", ""opp"": ""NE"", ""v"": 75.0}, {""w"": ""W3"", ""opp"": ""LAC"", ""v"": 154.0}, {""w"": ""W2"", ""opp"": ""DET"", ""v"": 135.0}, {""w"": ""W1"", ""opp"": ""HOU"", ""v"": 57.0}, {""w"": ""25W18"", ""opp"": ""NYJ"", ""v"": 15.0}, {""w"": ""25W17"", ""opp"": ""PHI"", ""v"": 74.0}]",Under,0.49513447831643587,0.5,0.4982970202408691,1.88,betonlineag,-0.06320160194716617,0.0,-0.0048655216835641335,
Kenny Gainwell,RB,TB,DAL,player_rush_yds,11.5,18.11055190823905,17,,,3,True,00-0036919,2026-10-09T00:15:00Z,"[{""w"": ""W4"", ""opp"": ""GB"", ""v"": 5.0}, {""w"": ""W3"", ""opp"": ""MIN"", ""v"": -4.0}, {""w"": ""W2"", ""opp"": ""CLE"", ""v"": 10.0}, {""w"": ""W1"", ""opp"": ""CIN"", ""v"": 15.0}, {""w"": ""25W18"", ""opp"": ""BAL"", ""v"": 10.0}, {""w"": ""25W17"", ""opp"": ""CLE"", ""v"": 26.0}]",Under,0.48497481873077214,0.4973544973544973,0.49302046337315225,1.9,draftkings,-0.06326111959101072,0.0,-0.012379678623725188,
Deebo Samuel,WR,SF,SEA,player_reception_yds,33.5,38.50972837433209,17,,,1,True,00-0035719,2026-10-11T20:25:00Z,"[{""w"": ""W4"", ""opp"": ""DEN"", ""v"": 26.0}, {""w"": ""W3"", ""opp"": ""ARI"", ""v"": 80.0}, {""w"": ""W2"", ""opp"": ""MIA"", ""v"": 31.0}, {""w"": ""W1"", ""opp"": ""LA"", ""v"": 48.0}, {""w"": ""25W18"", ""opp"": ""PHI"", ""v"": 20.0}, {""w"": ""25W17"", ""opp"": ""DAL"", ""v"": 68.0}]",Under,0.5106173617722707,0.5040214477211795,0.5063302944378716,1.85,betrivers,-0.0632889552899375,0.0,0.006595914051091167,
Ashton Jeanty,RB,LV,NE,player_rush_yds,60.5,66.51560988243777,17,,,1,True,00-0040122,2026-10-11T17:00:00Z,"[{""w"": ""W4"", ""opp"": ""KC"", ""v"": 58.0}, {""w"": ""W3"", ""opp"": ""NO"", ""v"": 56.0}, {""w"": ""W2"", ""opp"": ""LAC"", ""v"": 48.0}, {""w"": ""W1"", ""opp"": ""MIA"", ""v"": 102.0}, {""w"": ""25W18"", ""opp"": ""KC"", ""v"": 87.0}, {""w"": ""25W17"", ""opp"": ""NYG"", ""v"": 60.0}]",Under,0.5024540423776886,0.5,0.5008589208842875,1.87,betmgm,-0.06339381794638227,0.0,0.0024540423776886477,
Isaac TeSlaa,WR,DET,ARI,player_reception_yds,25.5,37.70295060749332,17,,,4,True,00-0040669,2026-10-11T20:25:00Z,"[{""w"": ""W4"", ""opp"": ""CAR"", ""v"": 95.0}, {""w"": ""W3"", ""opp"": ""NYJ"", ""v"": 66.0}, {""w"": ""W2"", ""opp"": ""BUF"", ""v"": 26.0}, {""w"": ""W1"", ""opp"": ""NO"", ""v"": 0.0}, {""w"": ""25W18"", ""opp"": ""CHI"", ""v"": 18.0}, {""w"": ""25W17"", ""opp"": ""MIN"", ""v"": 49.0}]",Under,0.48615392947925934,0.5,0.49515278784824196,1.89,draftkings,-0.06416123096682269,0.0,-0.013846070520740661,
Jonathan Taylor,RB,IND,PIT,player_reception_yds,15.5,19.387257083744238,17,,,4,True,00-0036223,2026-10-11T17:00:00Z,"[{""w"": ""W4"", ""opp"": ""WAS"", ""v"": 2.0}, {""w"": ""W3"", ""opp"": ""HOU"", ""v"": 4.0}, {""w"": ""W2"", ""opp"": ""KC"", ""v"": 40.0}, {""w"": ""W1"", ""opp"": ""BAL"", ""v"": 23.0}, {""w"": ""25W18"", ""opp"": ""HOU"", ""v"": 13.0}, {""w"": ""25W17"", ""opp"": ""JAX"", ""v"": 14.0}]",Over,0.4849746305034609,0.5046174142480211,0.4977409567697171,1.88,betonlineag,-0.06424700127293193,0.0,-0.01964278374456019,
Isaac TeSlaa,WR,DET,ARI,player_receptions,2.5,2.259296509278623,17,,,6,True,00-0040669,2026-10-11T20:25:00Z,"[{""w"": ""W4"", ""opp"": ""CAR"", ""v"": 4.0}, {""w"": ""W3"", ""opp"": ""NYJ"", ""v"": 3.0}, {""w"": ""W2"", ""opp"": ""BUF"", ""v"": 2.0}, {""w"": ""W1"", ""opp"": ""NO"", ""v"": 0.0}, {""w"": ""25W18"", ""opp"": ""CHI"", ""v"": 1.0}, {""w"": ""25W17"", ""opp"": ""MIN"", ""v"": 3.0}]",Over,0.3884305919005244,0.40601182057670726,0.399828431236926,2.34,betonlineag,-0.06440147090559323,0.0,-0.017581228676182836,
Brock Purdy,QB,SF,SEA,player_rush_yds,19.5,23.708218380664913,13,,,4,True,00-0037834,2026-10-11T20:25:00Z,"[{""w"": ""W4"", ""opp"": ""DEN"", ""v"": 29.0}, {""w"": ""W3"", ""opp"": ""ARI"", ""v"": 34.0}, {""w"": ""W2"", ""opp"": ""MIA"", ""v"": 30.0}, {""w"": ""W1"", ""opp"": ""LA"", ""v"": 29.0}, {""w"": ""25W18"", ""opp"": ""SEA"", ""v"": 21.0}, {""w"": ""25W17"", ""opp"": ""CHI"", ""v"": 28.0}]",Under,0.47961007799634703,0.4913542533828116,0.48724204170106405,1.92,draftkings,-0.06449527993395698,0.0,-0.01174417538646455,
KC Concepcion,WR,CLE,NYJ,player_reception_yds,36.5,44.09480559680307,4,,,1,True,00-0041547,2026-10-11T17:00:00Z,"[{""w"": ""W4"", ""opp"": ""PIT"", ""v"": 64.0}, {""w"": ""W3"", ""opp"": ""CAR"", ""v"": 9.0}, {""w"": ""W2"", ""opp"": ""TB"", ""v"": 28.0}, {""w"": ""W1"", ""opp"": ""JAX"", ""v"": 43.0}]",Under,0.5003041471826515,0.4959785522788204,0.49749247516475714,1.88,betrivers,-0.0647141466902566,0.0,0.004325594903831109,
Brock Purdy,QB,SF,SEA,player_rush_yds,20.5,23.708218380664913,13,,,1,True,00-0037834,2026-10-11T20:25:00Z,"[{""w"": ""W4"", ""opp"": ""DEN"", ""v"": 29.0}, {""w"": ""W3"", ""opp"": ""ARI"", ""v"": 34.0}, {""w"": ""W2"", ""opp"": ""MIA"", ""v"": 30.0}, {""w"": ""W1"", ""opp"": ""LA"", ""v"": 29.0}, {""w"": ""25W18"", ""opp"": ""SEA"", ""v"": 21.0}, {""w"": ""25W17"", ""opp"": ""CHI"", ""v"": 28.0}]",Over,0.4927229945291174,0.5,0.49745289026495015,1.88,betonlineag,-0.06478856630189372,0.0,-0.007277005470882614,
Christian McCaffrey,RB,SF,SEA,player_rush_yds,53.5,61.78519162506573,17,,,5,True,00-0033280,2026-10-11T20:25:00Z,"[{""w"": ""W4"", ""opp"": ""DEN"", ""v"": 52.0}, {""w"": ""W3"", ""opp"": ""ARI"", ""v"": 75.0}, {""w"": ""W2"", ""opp"": ""MIA"", ""v"": 23.0}, {""w"": ""W1"", ""opp"": ""LA"", ""v"": 68.0}, {""w"": ""25W18"", ""opp"": ""SEA"", ""v"": 23.0}, {""w"": ""25W17"", ""opp"": ""CHI"", ""v"": 140.0}]",Under,0.4874757412679469,0.5026595744680851,0.49734435700369123,1.88,draftkings,-0.06499260883306046,0.0,-0.015183833200138164,
Amon-Ra St. Brown,WR,DET,ARI,player_reception_yds,78.5,93.28553010358591,17,,,1,True,00-0036963,2026-10-11T20:25:00Z,"[{""w"": ""W4"", ""opp"": ""CAR"", ""v"": 75.0}, {""w"": ""W3"", ""opp"": ""NYJ"", ""v"": 19.0}, {""w"": ""W2"", ""opp"": ""BUF"", ""v"": 142.0}, {""w"": ""W1"", ""opp"": ""NO"", ""v"": 67.0}, {""w"": ""25W18"", ""opp"": ""CHI"", ""v"": 139.0}, {""w"": ""25W17"", ""opp"": ""MIN"", ""v"": 68.0}]",Under,0.4919776595487043,0.5,0.49719196938664634,1.88,fanduel,-0.06527909755310496,0.0,-0.008022340451295684,
C.J. Stroud,QB,HOU,TEN,player_rush_yds,10.5,12.52477542491754,17,,,1,True,00-0039163,2026-10-11T17:00:00Z,"[{""w"": ""W4"", ""opp"": ""DAL"", ""v"": 12.0}, {""w"": ""W3"", ""opp"": ""IND"", ""v"": 10.0}, {""w"": ""W2"", ""opp"": ""CIN"", ""v"": 29.0}, {""w"": ""W1"", ""opp"": ""BUF"", ""v"": 15.0}, {""w"": ""25W18"", ""opp"": ""IND"", ""v"": 5.0}, {""w"": ""25W17"", ""opp"": ""LAC"", ""v"": 0.0}]",Over,0.46754333140659476,0.48548812664907653,0.4792008116906514,1.95,draftkings,-0.0655584172032298,0.0,-0.01794479524248177,
Malachi Fields,WR,NYG,WAS,player_receptions,2.5,2.2187529144611844,4,,,5,True,00-0041042,2026-10-11T17:00:00Z,"[{""w"": ""W4"", ""opp"": ""ARI"", ""v"": 2.0}, {""w"": ""W3"", ""opp"": ""TEN"", ""v"": 2.0}, {""w"": ""W2"", ""opp"": ""LA"", ""v"": 2.0}, {""w"": ""W1"", ""opp"": ""DAL"", ""v"": 2.0}]",Over,0.38230739219184057,0.4190939189472361,0.40609332007909155,2.3,bovada,-0.06598536381808962,0.0,-0.03678652675539551,
Marvin Mims Jr.,WR,DEN,LAC,player_reception_yds,13.5,18.26967062331102,17,,,2,True,00-0038976,2026-10-11T20:05:00Z,"[{""w"": ""W4"", ""opp"": ""SF"", ""v"": 10.0}, {""w"": ""W1"", ""opp"": ""KC"", ""v"": 0.0}, {""w"": ""25W18"", ""opp"": ""LAC"", ""v"": 10.0}, {""w"": ""25W17"", ""opp"": ""KC"", ""v"": 10.0}, {""w"": ""25W16"", ""opp"": ""JAX"", ""v"": 26.0}, {""w"": ""25W15"", ""opp"": ""GB"", ""v"": 29.0}]",Over,0.490540672939742,0.5,0.49668888885569235,1.88,betonlineag,-0.06622488895129841,0.0,-0.009459327060257983,
Ashton Jeanty,RB,LV,NE,player_rush_yds,59.5,66.51560988243777,17,,,2,True,00-0040122,2026-10-11T17:00:00Z,"[{""w"": ""W4"", ""opp"": ""KC"", ""v"": 58.0}, {""w"": ""W3"", ""opp"": ""NO"", ""v"": 56.0}, {""w"": ""W2"", ""opp"": ""LAC"", ""v"": 48.0}, {""w"": ""W1"", ""opp"": ""MIA"", ""v"": 102.0}, {""w"": ""25W18"", ""opp"": ""KC"", ""v"": 87.0}, {""w"": ""25W17"", ""opp"": ""NYG"", ""v"": 60.0}]",Under,0.4905294282027726,0.5,0.49668495195980034,1.88,betonlineag,-0.06623229031557543,0.0,-0.009470571797227378,
Jonathan Taylor,RB,IND,PIT,player_receptions,2.5,2.6661588666497367,17,,,5,True,00-0036223,2026-10-11T17:00:00Z,"[{""w"": ""W4"", ""opp"": ""WAS"", ""v"": 1.0}, {""w"": ""W3"", ""opp"": ""HOU"", ""v"": 2.0}, {""w"": ""W2"", ""opp"": ""KC"", ""v"": 4.0}, {""w"": ""W1"", ""opp"": ""BAL"", ""v"": 3.0}, {""w"": ""25W18"", ""opp"": ""HOU"", ""v"": 2.0}, {""w"": ""25W17"", ""opp"": ""JAX"", ""v"": 3.0}]",Under,0.5019586160436644,0.5145888594164456,0.5101695674676044,1.83,bovada,-0.06638969153428381,0.0,-0.01263024337278118,
Tony Pollard,RB,TEN,HOU,player_rush_yds,50.5,58.36386892253474,17,,,4,True,00-0035261,2026-10-11T17:00:00Z,"[{""w"": ""W4"", ""opp"": ""BAL"", ""v"": 48.0}, {""w"": ""W3"", ""opp"": ""NYG"", ""v"": 74.0}, {""w"": ""W2"", ""opp"": ""PHI"", ""v"": 64.0}, {""w"": ""W1"", ""opp"": ""NYJ"", ""v"": 35.0}, {""w"": ""25W18"", ""opp"": ""JAX"", ""v"": 48.0}, {""w"": ""25W17"", ""opp"": ""NO"", ""v"": 85.0}]",Under,0.4801920864881959,0.4933651356523696,0.488752582778223,1.91,betonlineag,-0.06648256689359416,0.0,-0.013173049164173722,
Ashton Jeanty,RB,LV,NE,player_rush_yds,60.5,66.51560988243777,17,,,1,True,00-0040122,2026-10-11T17:00:00Z,"[{""w"": ""W4"", ""opp"": ""KC"", ""v"": 58.0}, {""w"": ""W3"", ""opp"": ""NO"", ""v"": 56.0}, {""w"": ""W2"", ""opp"": ""LAC"", ""v"": 48.0}, {""w"": ""W1"", ""opp"": ""MIA"", ""v"": 102.0}, {""w"": ""25W18"", ""opp"": ""KC"", ""v"": 87.0}, {""w"": ""25W17"", ""opp"": ""NYG"", ""v"": 60.0}]",Over,0.49754595762231135,0.5,0.4991410791157124,1.87,betmgm,-0.06660618205361768,0.0,-0.0024540423776886477,
Zay Flowers,WR,BAL,ATL,player_reception_yds,66.5,78.61246892644257,17,,,1,True,00-0039064,2026-10-12T00:20:00Z,"[{""w"": ""W4"", ""opp"": ""TEN"", ""v"": 118.0}, {""w"": ""W3"", ""opp"": ""DAL"", ""v"": 84.0}, {""w"": ""W1"", ""opp"": ""IND"", ""v"": 150.0}, {""w"": ""25W18"", ""opp"": ""PIT"", ""v"": 138.0}, {""w"": ""25W17"", ""opp"": ""GB"", ""v"": 30.0}, {""w"": ""25W16"", ""opp"": ""NE"", ""v"": 84.0}]",Over,0.5053450104901316,0.5040214477211796,0.504484702051283,1.85,betrivers,-0.06670330120512635,0.0,0.001323562768951958,
Carnell Tate,WR,TEN,HOU,player_reception_yds,52.5,64.19641019958024,4,,,1,True,00-0041438,2026-10-11T17:00:00Z,"[{""w"": ""W4"", ""opp"": ""BAL"", ""v"": 145.0}, {""w"": ""W3"", ""opp"": ""NYG"", ""v"": 58.0}, {""w"": ""W2"", ""opp"": ""PHI"", ""v"": 27.0}, {""w"": ""W1"", ""opp"": ""NYJ"", ""v"": 38.0}]",Over,0.4889776977160627,0.5,0.4961416456873129,1.88,fanduel,-0.06725370610785181,0.0,-0.011022302283937302,
Roman Wilson,WR,PIT,IND,player_receptions,2.5,2.741031636971143,13,,,4,True,00-0039739,2026-10-11T17:00:00Z,"[{""w"": ""W4"", ""opp"": ""CLE"", ""v"": 3.0}, {""w"": ""W3"", ""opp"": ""CIN"", ""v"": 3.0}, {""w"": ""W2"", ""opp"": ""NE"", ""v"": 5.0}, {""w"": ""W1"", ""opp"": ""ATL"", ""v"": 3.0}, {""w"": ""25W13"", ""opp"": ""BUF"", ""v"": 0.0}, {""w"": ""25W12"", ""opp"": ""CHI"", ""v"": 0.0}]",Over,0.5127264116102076,0.5677723185522091,0.5486258314383566,1.7,betonlineag,-0.06733608655479373,0.0,-0.05504590694200151,
Bijan Robinson,RB,ATL,BAL,player_rush_yds,91.5,103.58759363740505,17,,,1,True,00-0038542,2026-10-12T00:20:00Z,"[{""w"": ""W4"", ""opp"": ""NO"", ""v"": 145.0}, {""w"": ""W3"", ""opp"": ""GB"", ""v"": 194.0}, {""w"": ""W2"", ""opp"": ""CAR"", ""v"": 72.0}, {""w"": ""W1"", ""opp"": ""PIT"", ""v"": 83.0}, {""w"": ""25W18"", ""opp"": ""NO"", ""v"": 33.0}, {""w"": ""25W17"", ""opp"": ""LA"", ""v"": 195.0}]",Over,0.49631723377314296,0.4959785522788205,0.4960970903979526,1.88,betrivers,-0.0673374700518492,0.0,0.0003386814943224792,
Zay Flowers,WR,BAL,ATL,player_reception_yds,68.5,78.61246892644257,17,,,1,True,00-0039064,2026-10-12T00:20:00Z,"[{""w"": ""W4"", ""opp"": ""TEN"", ""v"": 118.0}, {""w"": ""W3"", ""opp"": ""DAL"", ""v"": 84.0}, {""w"": ""W1"", ""opp"": ""IND"", ""v"": 150.0}, {""w"": ""25W18"", ""opp"": ""PIT"", ""v"": 138.0}, {""w"": ""25W17"", ""opp"": ""GB"", ""v"": 30.0}, {""w"": ""25W16"", ""opp"": ""NE"", ""v"": 84.0}]",Over,0.4888148942861985,0.5,0.496084639816301,1.88,fanduel,-0.06736087714535416,0.0,-0.011185105713801491,
Michael Mayer,TE,LV,NE,player_reception_yds,28.5,35.74114866652113,17,,,1,True,00-0039066,2026-10-11T17:00:00Z,"[{""w"": ""W4"", ""opp"": ""KC"", ""v"": 82.0}, {""w"": ""W3"", ""opp"": ""NO"", ""v"": 32.0}, {""w"": ""W2"", ""opp"": ""LAC"", ""v"": 23.0}, {""w"": ""W1"", ""opp"": ""MIA"", ""v"": 32.0}, {""w"": ""25W18"", ""opp"": ""KC"", ""v"": 47.0}, {""w"": ""25W17"", ""opp"": ""NYG"", ""v"": 89.0}]",Under,0.4887774976140615,0.5,0.49607154521153113,1.88,fanduel,-0.0673854950023215,0.0,-0.011222502385938526,
Evan Engram,TE,DEN,LAC,player_reception_yds,17.5,23.836213725985726,17,,,4,True,00-0033881,2026-10-11T20:05:00Z,"[{""w"": ""W4"", ""opp"": ""SF"", ""v"": 6.0}, {""w"": ""W3"", ""opp"": ""LA"", ""v"": 0.0}, {""w"": ""W2"", ""opp"": ""JAX"", ""v"": 17.0}, {""w"": ""W1"", ""opp"": ""KC"", ""v"": 43.0}, {""w"": ""25W18"", ""opp"": ""LAC"", ""v"": 45.0}, {""w"": ""25W17"", ""opp"": ""KC"", ""v"": 21.0}]",Under,0.46889487228356563,0.49867021276595747,0.4882369353940877,1.91,draftkings,-0.0674674533972926,0.0,-0.029775340482391832,
Bijan Robinson,RB,ATL,BAL,player_rush_yds,91.5,103.58759363740505,17,,,1,True,00-0038542,2026-10-12T00:20:00Z,"[{""w"": ""W4"", ""opp"": ""NO"", ""v"": 145.0}, {""w"": ""W3"", ""opp"": ""GB"", ""v"": 194.0}, {""w"": ""W2"", ""opp"": ""CAR"", ""v"": 72.0}, {""w"": ""W1"", ""opp"": ""PIT"", ""v"": 83.0}, {""w"": ""25W18"", ""opp"": ""NO"", ""v"": 33.0}, {""w"": ""25W17"", ""opp"": ""LA"", ""v"": 195.0}]",Under,0.503682766226857,0.5040214477211795,0.5039029096020474,1.85,betrivers,-0.06777961723621223,0.0,-0.0003386814943224792,
Zay Flowers,WR,BAL,ATL,player_reception_yds,69.5,78.61246892644257,17,,,2,True,00-0039064,2026-10-12T00:20:00Z,"[{""w"": ""W4"", ""opp"": ""TEN"", ""v"": 118.0}, {""w"": ""W3"", ""opp"": ""DAL"", ""v"": 84.0}, {""w"": ""W1"", ""opp"": ""IND"", ""v"": 150.0}, {""w"": ""25W18"", ""opp"": ""PIT"", ""v"": 138.0}, {""w"": ""25W17"", ""opp"": ""GB"", ""v"": 30.0}, {""w"": ""25W16"", ""opp"": ""NE"", ""v"": 84.0}]",Over,0.48067731375369627,0.5,0.4932341030678921,1.89,draftkings,-0.0677875452016839,0.0,-0.019322686246303733,
Pat Freiermuth,TE,PIT,IND,player_reception_yds,28.5,32.27748040993976,17,,,2,True,00-0036894,2026-10-11T17:00:00Z,"[{""w"": ""W4"", ""opp"": ""CLE"", ""v"": 17.0}, {""w"": ""W3"", ""opp"": ""CIN"", ""v"": 30.0}, {""w"": ""W2"", ""opp"": ""NE"", ""v"": 32.0}, {""w"": ""W1"", ""opp"": ""ATL"", ""v"": 46.0}, {""w"": ""25W18"", ""opp"": ""BAL"", ""v"": 51.0}, {""w"": ""25W17"", ""opp"": ""CLE"", ""v"": 63.0}]",Over,0.48439720847418477,0.5019788918205805,0.49582363284695524,1.88,draftkings,-0.06785157024772426,0.0,-0.01758168334639576,
Kenny Gainwell,RB,TB,DAL,player_rush_yds,12.5,18.11055190823905,17,,,3,True,00-0036919,2026-10-09T00:15:00Z,"[{""w"": ""W4"", ""opp"": ""GB"", ""v"": 5.0}, {""w"": ""W3"", ""opp"": ""MIN"", ""v"": -4.0}, {""w"": ""W2"", ""opp"": ""CLE"", ""v"": 10.0}, {""w"": ""W1"", ""opp"": ""CIN"", ""v"": 15.0}, {""w"": ""25W18"", ""opp"": ""BAL"", ""v"": 10.0}, {""w"": ""25W17"", ""opp"": ""CLE"", ""v"": 26.0}]",Over,0.4879433906236462,0.5,0.49577946881051693,1.88,fanduel,-0.0679345986362282,0.0,-0.012056609376353777,
Luther Burden III,WR,CHI,GB,player_reception_yds,48.5,54.19517157631282,17,,,3,True,00-0040735,2026-10-11T17:00:00Z,"[{""w"": ""W4"", ""opp"": ""NYJ"", ""v"": 63.0}, {""w"": ""W3"", ""opp"": ""PHI"", ""v"": 61.0}, {""w"": ""W2"", ""opp"": ""MIN"", ""v"": 32.0}, {""w"": ""W1"", ""opp"": ""CAR"", ""v"": 63.0}, {""w"": ""25W18"", ""opp"": ""DET"", ""v"": 35.0}, {""w"": ""25W17"", ""opp"": ""SF"", ""v"": 138.0}]",Over,0.4803468442416491,0.5,0.49311828433616184,1.89,draftkings,-0.0680064426046541,0.0,-0.019653155758350915,
KC Concepcion,WR,CLE,NYJ,player_reception_yds,39.5,44.09480559680307,4,,,1,True,00-0041547,2026-10-11T17:00:00Z,"[{""w"": ""W4"", ""opp"": ""PIT"", ""v"": 64.0}, {""w"": ""W3"", ""opp"": ""CAR"", ""v"": 9.0}, {""w"": ""W2"", ""opp"": ""TB"", ""v"": 28.0}, {""w"": ""W1"", ""opp"": ""JAX"", ""v"": 43.0}]",Over,0.4594530815952941,0.4694960212201591,0.4659777607098155,2.0,betonlineag,-0.06804447858036905,0.0,-0.010042939624865022,
Woody Marks,RB,HOU,TEN,player_reception_yds,6.5,10.42294458936893,17,,,1,True,00-0040583,2026-10-11T17:00:00Z,"[{""w"": ""W4"", ""opp"": ""DAL"", ""v"": 0.0}, {""w"": ""W3"", ""opp"": ""IND"", ""v"": 6.0}, {""w"": ""W2"", ""opp"": ""CIN"", ""v"": 27.0}, {""w"": ""W1"", ""opp"": ""BUF"", ""v"": -2.0}, {""w"": ""25W18"", ""opp"": ""IND"", ""v"": 0.0}, {""w"": ""25W17"", ""opp"": ""LAC"", ""v"": 4.0}]",Under,0.48759777457783243,0.5,0.4956584396543316,1.88,fanduel,-0.06816213344985672,0.0,-0.012402225422167568,
Dalton Schultz,TE,HOU,TEN,player_receptions,4.5,4.365914161206733,17,,,2,True,00-0034383,2026-10-11T17:00:00Z,"[{""w"": ""W4"", ""opp"": ""DAL"", ""v"": 2.0}, {""w"": ""W3"", ""opp"": ""IND"", ""v"": 3.0}, {""w"": ""W2"", ""opp"": ""CIN"", ""v"": 12.0}, {""w"": ""W1"", ""opp"": ""BUF"", ""v"": 4.0}, {""w"": ""25W18"", ""opp"": ""IND"", ""v"": 4.0}, {""w"": ""25W17"", ""opp"": ""LAC"", ""v"": 3.0}]",Over,0.4109946250760506,0.42447711797737564,0.4197443646302961,2.22,draftkings,-0.06816751052074266,0.0,-0.013482492901325027,
Kyle Pitts,TE,ATL,BAL,player_reception_yds,24.5,32.14062993410802,17,,,6,True,00-0036970,2026-10-12T00:20:00Z,"[{""w"": ""W4"", ""opp"": ""NO"", ""v"": 47.0}, {""w"": ""W3"", ""opp"": ""GB"", ""v"": 5.0}, {""w"": ""W2"", ""opp"": ""CAR"", ""v"": 15.0}, {""w"": ""W1"", ""opp"": ""PIT"", ""v"": 0.0}, {""w"": ""25W18"", ""opp"": ""NO"", ""v"": 58.0}, {""w"": ""25W17"", ""opp"": ""LA"", ""v"": 16.0}]",Over,0.46182769081971586,0.49798927613941024,0.4853108943672056,1.92,draftkings,-0.06820308281496534,0.0,-0.03616158531969438,
Zay Flowers,WR,BAL,ATL,player_receptions,5.5,5.096862545885588,17,,,6,True,00-0039064,2026-10-12T00:20:00Z,"[{""w"": ""W4"", ""opp"": ""TEN"", ""v"": 8.0}, {""w"": ""W3"", ""opp"": ""DAL"", ""v"": 5.0}, {""w"": ""W1"", ""opp"": ""IND"", ""v"": 5.0}, {""w"": ""25W18"", ""opp"": ""PIT"", ""v"": 4.0}, {""w"": ""25W17"", ""opp"": ""GB"", ""v"": 4.0}, {""w"": ""25W16"", ""opp"": ""NE"", ""v"": 7.0}]",Over,0.4002545515134915,0.4774005305039788,0.4500817768138124,2.07,betrivers,-0.06833072199540846,0.0,-0.07714597899048731,
Zay Flowers,WR,BAL,ATL,player_reception_yds,66.5,78.61246892644257,17,,,1,True,00-0039064,2026-10-12T00:20:00Z,"[{""w"": ""W4"", ""opp"": ""TEN"", ""v"": 118.0}, {""w"": ""W3"", ""opp"": ""DAL"", ""v"": 84.0}, {""w"": ""W1"", ""opp"": ""IND"", ""v"": 150.0}, {""w"": ""25W18"", ""opp"": ""PIT"", ""v"": 138.0}, {""w"": ""25W17"", ""opp"": ""GB"", ""v"": 30.0}, {""w"": ""25W16"", ""opp"": ""NE"", ""v"": 84.0}]",Under,0.49465498950986847,0.4959785522788204,0.495515297948717,1.88,betrivers,-0.06843123985641214,0.0,-0.0013235627689519025,
Blake Corum,RB,LA,BUF,player_rush_yds,33.5,40.67085056034483,17,,,1,True,00-0039738,2026-10-13T00:15:00Z,"[{""w"": ""W4"", ""opp"": ""PHI"", ""v"": 14.0}, {""w"": ""W3"", ""opp"": ""DEN"", ""v"": 15.0}, {""w"": ""W2"", ""opp"": ""NYG"", ""v"": 79.0}, {""w"": ""W1"", ""opp"": ""SF"", ""v"": 54.0}, {""w"": ""25W18"", ""opp"": ""ARI"", ""v"": 59.0}, {""w"": ""25W17"", ""opp"": ""ATL"", ""v"": 18.0}]",Over,0.494501130432053,0.49193548387096786,0.4928334187682248,1.89,betrivers,-0.06854483852805515,0.0,0.0025656465610851553,
Rashid Shaheed,WR,SEA,SF,player_reception_yds,20.5,25.655379043122103,17,,,2,True,00-0037545,2026-10-11T20:25:00Z,"[{""w"": ""W4"", ""opp"": ""LAC"", ""v"": 20.0}, {""w"": ""W3"", ""opp"": ""WAS"", ""v"": 14.0}, {""w"": ""W2"", ""opp"": ""ARI"", ""v"": 35.0}, {""w"": ""W1"", ""opp"": ""NE"", ""v"": 4.0}, {""w"": ""25W18"", ""opp"": ""SF"", ""v"": 2.0}, {""w"": ""25W17"", ""opp"": ""CAR"", ""v"": 8.0}]",Over,0.4867887104094598,0.5,0.49537510402435914,1.88,betonlineag,-0.06869480443420489,0.0,-0.013211289590540187,
Michael Wilson,WR,ARI,DET,player_reception_yds,76.5,86.91911894267737,17,,,1,True,00-0038559,2026-10-11T20:25:00Z,"[{""w"": ""W4"", ""opp"": ""NYG"", ""v"": 95.0}, {""w"": ""W3"", ""opp"": ""SF"", ""v"": 89.0}, {""w"": ""W2"", ""opp"": ""SEA"", ""v"": 18.0}, {""w"": ""W1"", ""opp"": ""LAC"", ""v"": 56.0}, {""w"": ""25W18"", ""opp"": ""LA"", ""v"": 99.0}, {""w"": ""25W17"", ""opp"": ""CIN"", ""v"": 89.0}]",Over,0.4943372419241153,0.5,0.4980179603084329,1.87,betrivers,-0.06870641422323037,0.0,-0.005662758075884677,
Puka Nacua,WR,LA,BUF,player_reception_yds,94.5,112.10675910673201,17,,,3,True,00-0039075,2026-10-13T00:15:00Z,"[{""w"": ""W4"", ""opp"": ""PHI"", ""v"": 125.0}, {""w"": ""W1"", ""opp"": ""SF"", ""v"": 74.0}, {""w"": ""25W18"", ""opp"": ""ARI"", ""v"": 76.0}, {""w"": ""25W17"", ""opp"": ""ATL"", ""v"": 47.0}, {""w"": ""25W16"", ""opp"": ""SEA"", ""v"": 225.0}, {""w"": ""25W15"", ""opp"": ""DET"", ""v"": 181.0}]",Under,0.48632170813327924,0.5,0.4952115494427098,1.88,betonlineag,-0.06900228704770561,0.0,-0.01367829186672076,
Cam Skattebo,RB,NYG,WAS,player_reception_yds,12.5,16.670039960322516,12,,,3,True,00-0040715,2026-10-11T17:00:00Z,"[{""w"": ""W4"", ""opp"": ""ARI"", ""v"": 8.0}, {""w"": ""W3"", ""opp"": ""TEN"", ""v"": 40.0}, {""w"": ""W2"", ""opp"": ""LA"", ""v"": 19.0}, {""w"": ""W1"", ""opp"": ""DAL"", ""v"": 0.0}, {""w"": ""25W8"", ""opp"": ""PHI"", ""v"": 18.0}, {""w"": ""25W7"", ""opp"": ""DEN"", ""v"": 34.0}]",Over,0.4857709772623243,0.5,0.4950186617945975,1.88,betrivers,-0.06936491582615673,0.0,-0.014229022737675678,
Kyler Murray,QB,MIN,NO,player_rush_yds,15.5,18.16582401732477,8,,,2,True,00-0035228,2026-10-11T17:00:00Z,"[{""w"": ""W4"", ""opp"": ""MIA"", ""v"": 16.0}, {""w"": ""W3"", ""opp"": ""TB"", ""v"": 17.0}, {""w"": ""W1"", ""opp"": ""GB"", ""v"": 9.0}, {""w"": ""25W5"", ""opp"": ""TEN"", ""v"": 25.0}, {""w"": ""25W4"", ""opp"": ""SEA"", ""v"": 41.0}, {""w"": ""25W3"", ""opp"": ""SF"", ""v"": 37.0}]",Over,0.4819336262343962,0.5020107238605898,0.49498116132885145,1.88,fanduel,-0.06943541670175929,0.0,-0.020077097626193585,
Emeka Egbuka,WR,TB,DAL,player_receptions,3.5,3.6218115721972555,17,,,5,True,00-0040129,2026-10-09T00:15:00Z,"[{""w"": ""W4"", ""opp"": ""GB"", ""v"": 2.0}, {""w"": ""W3"", ""opp"": ""MIN"", ""v"": 5.0}, {""w"": ""W2"", ""opp"": ""CLE"", ""v"": 3.0}, {""w"": ""W1"", ""opp"": ""CIN"", ""v"": 5.0}, {""w"": ""25W18"", ""opp"": ""CAR"", ""v"": 1.0}, {""w"": ""25W17"", ""opp"": ""MIA"", ""v"": 3.0}]",Under,0.5105969006761067,0.596938775510204,0.5671198694282218,1.64,betonlineag,-0.0699234141377163,0.0,-0.08634187483409728,
Troy Franklin,WR,DEN,LAC,player_reception_yds,17.5,25.69321650957791,17,,,2,True,00-0039868,2026-10-11T20:05:00Z,"[{""w"": ""W3"", ""opp"": ""LA"", ""v"": 21.0}, {""w"": ""W2"", ""opp"": ""JAX"", ""v"": 27.0}, {""w"": ""W1"", ""opp"": ""KC"", ""v"": 0.0}, {""w"": ""25W18"", ""opp"": ""LAC"", ""v"": 0.0}, {""w"": ""25W17"", ""opp"": ""KC"", ""v"": 17.0}, {""w"": ""25W16"", ""opp"": ""JAX"", ""v"": 66.0}]",Under,0.47734692436028814,0.5,0.492066657822585,1.89,draftkings,-0.06999401671531441,0.0,-0.02265307563971186,
Michael Wilson,WR,ARI,DET,player_reception_yds,74.5,86.91911894267737,17,,,1,True,00-0038559,2026-10-11T20:25:00Z,"[{""w"": ""W4"", ""opp"": ""NYG"", ""v"": 95.0}, {""w"": ""W3"", ""opp"": ""SF"", ""v"": 89.0}, {""w"": ""W2"", ""opp"": ""SEA"", ""v"": 18.0}, {""w"": ""W1"", ""opp"": ""LAC"", ""v"": 56.0}, {""w"": ""25W18"", ""opp"": ""LA"", ""v"": 99.0}, {""w"": ""25W17"", ""opp"": ""CIN"", ""v"": 89.0}]",Over,0.5102255268827005,0.5199999999999999,0.5165802921118678,1.8,betmgm,-0.07015547419863788,0.0,-0.009774473117299398,
D'Andre Swift,RB,CHI,GB,player_receptions,1.5,1.9976627388698869,17,,,1,False,00-0036275,2026-10-11T17:00:00Z,"[{""w"": ""W4"", ""opp"": ""NYJ"", ""v"": 2.0}, {""w"": ""W3"", ""opp"": ""PHI"", ""v"": 2.0}, {""w"": ""W2"", ""opp"": ""MIN"", ""v"": 5.0}, {""w"": ""W1"", ""opp"": ""CAR"", ""v"": 1.0}, {""w"": ""25W18"", ""opp"": ""DET"", ""v"": 1.0}, {""w"": ""25W17"", ""opp"": ""SF"", ""v"": 2.0}]",Over,0.5817028842007147,0.6029544769369912,0.5997893118919,1.55,betrivers,-0.07032656656755498,0.0,-0.021251592736276526,one-sided-mkt 
CeeDee Lamb,WR,DAL,TB,player_reception_yds,80.5,98.99979445366223,17,Full,,3,True,00-0036358,2026-10-09T00:15:00Z,"[{""w"": ""W4"", ""opp"": ""HOU"", ""v"": 189.0}, {""w"": ""W3"", ""opp"": ""BAL"", ""v"": 112.0}, {""w"": ""W2"", ""opp"": ""WAS"", ""v"": 153.0}, {""w"": ""W1"", ""opp"": ""NYG"", ""v"": 44.0}, {""w"": ""25W18"", ""opp"": ""NYG"", ""v"": 4.0}, {""w"": ""25W17"", ""opp"": ""WAS"", ""v"": 46.0}]",Under,0.47682330413305596,0.5,0.49188305230080237,1.89,betonlineag,-0.07034103115148349,0.0,-0.02317669586694404,
RJ Harvey,RB,DEN,LAC,player_receptions,4.5,4.509076737841415,17,,,3,True,00-0040730,2026-10-11T20:05:00Z,"[{""w"": ""W4"", ""opp"": ""SF"", ""v"": 10.0}, {""w"": ""W3"", ""opp"": ""LA"", ""v"": 6.0}, {""w"": ""W1"", ""opp"": ""KC"", ""v"": 4.0}, {""w"": ""25W18"", ""opp"": ""LAC"", ""v"": 1.0}, {""w"": ""25W17"", ""opp"": ""KC"", ""v"": 5.0}, {""w"": ""25W16"", ""opp"": ""JAX"", ""v"": 4.0}]",Under,0.5647020892981713,0.5897435897435898,0.581024932241298,1.6,draftkings,-0.0703601084139231,0.0,-0.02504150044541842,
KC Concepcion,WR,CLE,NYJ,player_reception_yds,36.5,44.09480559680307,4,,,1,True,00-0041547,2026-10-11T17:00:00Z,"[{""w"": ""W4"", ""opp"": ""PIT"", ""v"": 64.0}, {""w"": ""W3"", ""opp"": ""CAR"", ""v"": 9.0}, {""w"": ""W2"", ""opp"": ""TB"", ""v"": 28.0}, {""w"": ""W1"", ""opp"": ""JAX"", ""v"": 43.0}]",Over,0.4996958528173485,0.5040214477211796,0.5025075248352429,1.85,betrivers,-0.07036107905480066,0.0,-0.004325594903831109,
George Kittle,TE,SF,SEA,player_receptions,4.5,4.4911714623361725,15,,,5,True,00-0033288,2026-10-11T20:25:00Z,"[{""w"": ""W4"", ""opp"": ""DEN"", ""v"": 4.0}, {""w"": ""W3"", ""opp"": ""ARI"", ""v"": 6.0}, {""w"": ""W2"", ""opp"": ""MIA"", ""v"": 4.0}, {""w"": ""W1"", ""opp"": ""LA"", ""v"": 2.0}, {""w"": ""25W18"", ""opp"": ""SEA"", ""v"": 5.0}, {""w"": ""25W16"", ""opp"": ""IND"", ""v"": 7.0}]",Over,0.4644104967541853,0.5106951871657753,0.4944757302485973,1.88,betonlineag,-0.07038562713263707,0.0,-0.04628469041159006,
Bo Nix,QB,DEN,LAC,player_pass_yds,220.5,224.84996172312015,17,,,3,True,00-0039732,2026-10-11T20:05:00Z,"[{""w"": ""W4"", ""opp"": ""SF"", ""v"": 214.0}, {""w"": ""W3"", ""opp"": ""LA"", ""v"": 186.0}, {""w"": ""W2"", ""opp"": ""JAX"", ""v"": 288.0}, {""w"": ""W1"", ""opp"": ""KC"", ""v"": 131.0}, {""w"": ""25W18"", ""opp"": ""LAC"", ""v"": 141.0}, {""w"": ""25W17"", ""opp"": ""KC"", ""v"": 182.0}]",Over,0.4686984579540652,0.5,0.4890318742065827,1.9,draftkings,-0.07083943900749295,0.0,-0.03130154204593483,
J.K. Dobbins,RB,DEN,LAC,player_rush_yds,52.5,57.39962511605442,14,,,1,True,00-0036158,2026-10-11T20:05:00Z,"[{""w"": ""W4"", ""opp"": ""SF"", ""v"": 40.0}, {""w"": ""W3"", ""opp"": ""LA"", ""v"": 49.0}, {""w"": ""W2"", ""opp"": ""JAX"", ""v"": 36.0}, {""w"": ""W1"", ""opp"": ""KC"", ""v"": 36.0}, {""w"": ""25W10"", ""opp"": ""LV"", ""v"": 77.0}, {""w"": ""25W9"", ""opp"": ""HOU"", ""v"": 61.0}]",Over,0.49095142529445346,0.5,0.496832695413068,1.87,betmgm,-0.07092285957756284,0.0,-0.009048574705546542,
Amon-Ra St. Brown,WR,DET,ARI,player_reception_yds,81.5,93.28553010358591,17,,,2,True,00-0036963,2026-10-11T20:25:00Z,"[{""w"": ""W4"", ""opp"": ""CAR"", ""v"": 75.0}, {""w"": ""W3"", ""opp"": ""NYJ"", ""v"": 19.0}, {""w"": ""W2"", ""opp"": ""BUF"", ""v"": 142.0}, {""w"": ""W1"", ""opp"": ""NO"", ""v"": 67.0}, {""w"": ""25W18"", ""opp"": ""CHI"", ""v"": 139.0}, {""w"": ""25W17"", ""opp"": ""MIN"", ""v"": 68.0}]",Over,0.48713534366356737,0.49798927613941024,0.49418966032023337,1.88,betrivers,-0.0709234385979613,0.0,-0.010853932475842876,
DK Metcalf,WR,PIT,IND,player_reception_yds,51.5,60.55407058618882,17,,,1,True,00-0035640,2026-10-11T17:00:00Z,"[{""w"": ""W4"", ""opp"": ""CLE"", ""v"": 115.0}, {""w"": ""W3"", ""opp"": ""CIN"", ""v"": 31.0}, {""w"": ""W2"", ""opp"": ""NE"", ""v"": 27.0}, {""w"": ""W1"", ""opp"": ""ATL"", ""v"": 40.0}, {""w"": ""25W16"", ""opp"": ""DET"", ""v"": 42.0}, {""w"": ""25W15"", ""opp"": ""MIA"", ""v"": 55.0}]",Over,0.48300204929213153,0.5,0.4940487048245366,1.88,fanduel,-0.07118843492987126,0.0,-0.01699795070786847,
Davante Adams,WR,LA,BUF,player_reception_yds,63.5,85.95271091610613,17,,,3,True,00-0031381,2026-10-13T00:15:00Z,"[{""w"": ""W4"", ""opp"": ""PHI"", ""v"": 32.0}, {""w"": ""W3"", ""opp"": ""DEN"", ""v"": 137.0}, {""w"": ""W2"", ""opp"": ""NYG"", ""v"": 195.0}, {""w"": ""W1"", ""opp"": ""SF"", ""v"": 26.0}, {""w"": ""25W15"", ""opp"": ""DET"", ""v"": 71.0}, {""w"": ""25W14"", ""opp"": ""ARI"", ""v"": 29.0}]",Under,0.4755108763023314,0.5,0.49142278460218036,1.89,draftkings,-0.07121093710187915,0.0,-0.02448912369766859,
Derrick Henry,RB,BAL,ATL,player_rush_yds,84.5,89.25062818598006,17,,,3,True,00-0032764,2026-10-12T00:20:00Z,"[{""w"": ""W4"", ""opp"": ""TEN"", ""v"": 73.0}, {""w"": ""W3"", ""opp"": ""DAL"", ""v"": 89.0}, {""w"": ""W2"", ""opp"": ""NO"", ""v"": 68.0}, {""w"": ""W1"", ""opp"": ""IND"", ""v"": 144.0}, {""w"": ""25W18"", ""opp"": ""PIT"", ""v"": 126.0}, {""w"": ""25W17"", ""opp"": ""GB"", ""v"": 216.0}]",Over,0.467961168423919,0.5,0.4887729109911521,1.9,draftkings,-0.0713314691168111,0.0,-0.032038831576081006,
Jahmyr Gibbs,RB,DET,ARI,player_reception_yds,37.5,42.45122018993049,17,,,5,True,00-0039139,2026-10-11T20:25:00Z,"[{""w"": ""W4"", ""opp"": ""CAR"", ""v"": 31.0}, {""w"": ""W3"", ""opp"": ""NYJ"", ""v"": 65.0}, {""w"": ""W2"", ""opp"": ""BUF"", ""v"": 61.0}, {""w"": ""W1"", ""opp"": ""NO"", ""v"": 30.0}, {""w"": ""25W18"", ""opp"": ""CHI"", ""v"": 33.0}, {""w"": ""25W17"", ""opp"": ""MIN"", ""v"": 23.0}]",Over,0.47505591508151,0.5,0.4912632059470936,1.89,draftkings,-0.07151254075999314,0.0,-0.024944084918489984,
Blake Corum,RB,LA,BUF,player_rush_yds,33.5,40.67085056034483,17,,,1,True,00-0039738,2026-10-13T00:15:00Z,"[{""w"": ""W4"", ""opp"": ""PHI"", ""v"": 14.0}, {""w"": ""W3"", ""opp"": ""DEN"", ""v"": 15.0}, {""w"": ""W2"", ""opp"": ""NYG"", ""v"": 79.0}, {""w"": ""W1"", ""opp"": ""SF"", ""v"": 54.0}, {""w"": ""25W18"", ""opp"": ""ARI"", ""v"": 59.0}, {""w"": ""25W17"", ""opp"": ""ATL"", ""v"": 18.0}]",Under,0.505498869567947,0.5080645161290321,0.5071665812317753,1.83,betrivers,-0.07188515634585124,0.0,-0.0025656465610851553,
Deebo Samuel,WR,SF,SEA,player_reception_yds,33.5,38.50972837433209,17,,,1,True,00-0035719,2026-10-11T20:25:00Z,"[{""w"": ""W4"", ""opp"": ""DEN"", ""v"": 26.0}, {""w"": ""W3"", ""opp"": ""ARI"", ""v"": 80.0}, {""w"": ""W2"", ""opp"": ""MIA"", ""v"": 31.0}, {""w"": ""W1"", ""opp"": ""LA"", ""v"": 48.0}, {""w"": ""25W18"", ""opp"": ""PHI"", ""v"": 20.0}, {""w"": ""25W17"", ""opp"": ""DAL"", ""v"": 68.0}]",Over,0.4893826382277293,0.4959785522788205,0.49366970556212836,1.88,betrivers,-0.0719009535431987,0.0,-0.006595914051091167,
Jaxon Smith-Njigba,WR,SEA,SF,player_reception_yds,91.5,97.75097940129855,17,,,2,True,00-0038543,2026-10-11T20:25:00Z,"[{""w"": ""W4"", ""opp"": ""LAC"", ""v"": 76.0}, {""w"": ""W3"", ""opp"": ""WAS"", ""v"": 128.0}, {""w"": ""W2"", ""opp"": ""ARI"", ""v"": 155.0}, {""w"": ""W1"", ""opp"": ""NE"", ""v"": 122.0}, {""w"": ""25W18"", ""opp"": ""SF"", ""v"": 84.0}, {""w"": ""25W17"", ""opp"": ""CAR"", ""v"": 72.0}]",Over,0.47401368003104616,0.5,0.49089759127908367,1.89,draftkings,-0.07220355248253196,0.0,-0.02598631996895384,
Evan Engram,TE,DEN,LAC,player_receptions,2.5,2.3057855382922905,17,,,5,True,00-0033881,2026-10-11T20:05:00Z,"[{""w"": ""W4"", ""opp"": ""SF"", ""v"": 1.0}, {""w"": ""W3"", ""opp"": ""LA"", ""v"": 0.0}, {""w"": ""W2"", ""opp"": ""JAX"", ""v"": 1.0}, {""w"": ""W1"", ""opp"": ""KC"", ""v"": 4.0}, {""w"": ""25W18"", ""opp"": ""LAC"", ""v"": 3.0}, {""w"": ""25W17"", ""opp"": ""KC"", ""v"": 4.0}]",Over,0.3959842053271462,0.42408376963350786,0.41418303730907574,2.24,fanduel,-0.07222999642767025,0.0,-0.02809956430636168,
Christian Watson,WR,GB,CHI,player_receptions,4.5,4.196299289843409,14,,,6,True,00-0038124,2026-10-11T17:00:00Z,"[{""w"": ""W4"", ""opp"": ""TB"", ""v"": 3.0}, {""w"": ""W3"", ""opp"": ""ATL"", ""v"": 7.0}, {""w"": ""W2"", ""opp"": ""NYJ"", ""v"": 4.0}, {""w"": ""W1"", ""opp"": ""MIN"", ""v"": 6.0}, {""w"": ""25W17"", ""opp"": ""BAL"", ""v"": 5.0}, {""w"": ""25W16"", ""opp"": ""CHI"", ""v"": 2.0}]",Over,0.40945150147135984,0.4466393556450493,0.43353330314904187,2.14,betrivers,-0.0722387312610504,0.0,-0.03718785417368947,
Darnell Mooney,WR,NYG,WAS,player_receptions,1.5,1.9605741057711057,17,,,5,True,00-0036309,2026-10-11T17:00:00Z,"[{""w"": ""W4"", ""opp"": ""ARI"", ""v"": 0.0}, {""w"": ""W3"", ""opp"": ""TEN"", ""v"": 2.0}, {""w"": ""W2"", ""opp"": ""LA"", ""v"": 2.0}, {""w"": ""W1"", ""opp"": ""DAL"", ""v"": 2.0}, {""w"": ""25W18"", ""opp"": ""NO"", ""v"": 3.0}, {""w"": ""25W17"", ""opp"": ""LA"", ""v"": 2.0}]",Under,0.4167957031413819,0.48930085286757574,0.46371352997831405,2.0,fanduel,-0.07257294004337189,0.0,-0.07250514972619382,
Jaxon Smith-Njigba,WR,SEA,SF,player_receptions,6.5,7.0359704210985505,17,,,5,True,00-0038543,2026-10-11T20:25:00Z,"[{""w"": ""W4"", ""opp"": ""LAC"", ""v"": 5.0}, {""w"": ""W3"", ""opp"": ""WAS"", ""v"": 10.0}, {""w"": ""W2"", ""opp"": ""ARI"", ""v"": 9.0}, {""w"": ""W1"", ""opp"": ""NE"", ""v"": 8.0}, {""w"": ""25W18"", ""opp"": ""SF"", ""v"": 6.0}, {""w"": ""25W17"", ""opp"": ""CAR"", ""v"": 9.0}]",Under,0.4546967080890569,0.47214854111405835,0.46603044500731083,1.99,betonlineag,-0.07259941443545131,0.0,-0.017451833025001473,
Courtland Sutton,WR,DEN,LAC,player_receptions,3.5,3.3268834714469033,17,,,6,True,00-0034348,2026-10-11T20:05:00Z,"[{""w"": ""W4"", ""opp"": ""SF"", ""v"": 1.0}, {""w"": ""W3"", ""opp"": ""LA"", ""v"": 3.0}, {""w"": ""W2"", ""opp"": ""JAX"", ""v"": 3.0}, {""w"": ""W1"", ""opp"": ""KC"", ""v"": 2.0}, {""w"": ""25W18"", ""opp"": ""LAC"", ""v"": 1.0}, {""w"": ""25W17"", ""opp"": ""KC"", ""v"": 4.0}]",Over,0.4184063738523514,0.46400329957901926,0.4479356061191103,2.07,betrivers,-0.07277329533344173,0.0,-0.04559692572666785,
Carnell Tate,WR,TEN,HOU,player_reception_yds,53.5,64.19641019958024,4,,,3,True,00-0041438,2026-10-11T17:00:00Z,"[{""w"": ""W4"", ""opp"": ""BAL"", ""v"": 145.0}, {""w"": ""W3"", ""opp"": ""NYG"", ""v"": 58.0}, {""w"": ""W2"", ""opp"": ""PHI"", ""v"": 27.0}, {""w"": ""W1"", ""opp"": ""NYJ"", ""v"": 38.0}]",Over,0.48024539127513866,0.5,0.49308272734001407,1.88,draftkings,-0.07300447260077364,0.0,-0.019754608724861344,
Kyle Monangai,RB,CHI,GB,player_rush_yds,53.5,68.82843363627678,17,,,2,True,00-0040236,2026-10-11T17:00:00Z,"[{""w"": ""W4"", ""opp"": ""NYJ"", ""v"": 146.0}, {""w"": ""W3"", ""opp"": ""PHI"", ""v"": 31.0}, {""w"": ""W2"", ""opp"": ""MIN"", ""v"": 47.0}, {""w"": ""W1"", ""opp"": ""CAR"", ""v"": 100.0}, {""w"": ""25W18"", ""opp"": ""DET"", ""v"": 14.0}, {""w"": ""25W17"", ""opp"": ""SF"", ""v"": 38.0}]",Under,0.4722309017303058,0.5,0.49027203189042184,1.89,draftkings,-0.07338585972710271,0.0,-0.027769098269694203,
Kalif Raymond,WR,CHI,GB,player_reception_yds,28.5,36.646262001644814,17,,,3,True,00-0032464,2026-10-11T17:00:00Z,"[{""w"": ""W4"", ""opp"": ""NYJ"", ""v"": 6.0}, {""w"": ""W3"", ""opp"": ""PHI"", ""v"": 90.0}, {""w"": ""W2"", ""opp"": ""MIN"", ""v"": 40.0}, {""w"": ""W1"", ""opp"": ""CAR"", ""v"": 84.0}, {""w"": ""25W18"", ""opp"": ""CHI"", ""v"": 52.0}, {""w"": ""25W17"", ""opp"": ""MIN"", ""v"": 5.0}]",Over,0.4795317057235361,0.5,0.4928325822070878,1.88,draftkings,-0.07347474545067495,0.0,-0.020468294276463905,
Jaylin Noel,WR,HOU,TEN,player_reception_yds,17.5,24.633066456452852,17,,,1,True,00-0040138,2026-10-11T17:00:00Z,"[{""w"": ""W4"", ""opp"": ""DAL"", ""v"": 85.0}, {""w"": ""W3"", ""opp"": ""IND"", ""v"": 17.0}, {""w"": ""W2"", ""opp"": ""CIN"", ""v"": 31.0}, {""w"": ""W1"", ""opp"": ""BUF"", ""v"": 53.0}, {""w"": ""25W18"", ""opp"": ""IND"", ""v"": 13.0}, {""w"": ""25W17"", ""opp"": ""LAC"", ""v"": 54.0}]",Over,0.4621057924958397,0.49340369393139843,0.4824309342588023,1.92,draftkings,-0.07373260622309968,0.0,-0.03129790143555872,
Jacoby Brissett,QB,ARI,DET,player_pass_yds,269.5,275.7612746316478,17,,,2,True,00-0033119,2026-10-11T20:25:00Z,"[{""w"": ""W4"", ""opp"": ""NYG"", ""v"": 166.0}, {""w"": ""W3"", ""opp"": ""SF"", ""v"": 280.0}, {""w"": ""W2"", ""opp"": ""SEA"", ""v"": 95.0}, {""w"": ""W1"", ""opp"": ""LAC"", ""v"": 277.0}, {""w"": ""25W18"", ""opp"": ""LA"", ""v"": 243.0}, {""w"": ""25W17"", ""opp"": ""CIN"", ""v"": 212.0}]",Over,0.46662995855244094,0.4986772486772487,0.4874459466145268,1.9,draftkings,-0.07385270143239914,0.0,-0.03204729012480778,
Emeka Egbuka,WR,TB,DAL,player_reception_yds,36.5,43.1480379800524,17,,,1,True,00-0040129,2026-10-09T00:15:00Z,"[{""w"": ""W4"", ""opp"": ""GB"", ""v"": 13.0}, {""w"": ""W3"", ""opp"": ""MIN"", ""v"": 62.0}, {""w"": ""W2"", ""opp"": ""CLE"", ""v"": 16.0}, {""w"": ""W1"", ""opp"": ""CIN"", ""v"": 63.0}, {""w"": ""25W18"", ""opp"": ""CAR"", ""v"": 8.0}, {""w"": ""25W17"", ""opp"": ""MIA"", ""v"": 20.0}]",Over,0.4861316989089459,0.4959785522788205,0.49253140746182195,1.88,betrivers,-0.07404095397177485,0.0,-0.009846853369874564,
Ryan Flournoy,WR,DAL,TB,player_reception_yds,31.5,36.960517813854324,17,,,3,True,00-0039410,2026-10-09T00:15:00Z,"[{""w"": ""W4"", ""opp"": ""HOU"", ""v"": 37.0}, {""w"": ""W3"", ""opp"": ""BAL"", ""v"": 22.0}, {""w"": ""W2"", ""opp"": ""WAS"", ""v"": 23.0}, {""w"": ""W1"", ""opp"": ""NYG"", ""v"": 22.0}, {""w"": ""25W18"", ""opp"": ""NYG"", ""v"": 68.0}, {""w"": ""25W16"", ""opp"": ""LAC"", ""v"": 18.0}]",Over,0.4786409994639085,0.5,0.49252035557679574,1.88,betonlineag,-0.07406173151562406,0.0,-0.02135900053609152,
Tony Pollard,RB,TEN,HOU,player_reception_yds,7.5,10.123032525086764,17,,,1,True,00-0035261,2026-10-11T17:00:00Z,"[{""w"": ""W4"", ""opp"": ""BAL"", ""v"": 2.0}, {""w"": ""W3"", ""opp"": ""NYG"", ""v"": 22.0}, {""w"": ""W2"", ""opp"": ""PHI"", ""v"": 1.0}, {""w"": ""W1"", ""opp"": ""NYJ"", ""v"": -1.0}, {""w"": ""25W18"", ""opp"": ""JAX"", ""v"": 17.0}, {""w"": ""25W17"", ""opp"": ""NO"", ""v"": 10.0}]",Over,0.5037889866429113,0.5199999999999999,0.514329185909196,1.8,betmgm,-0.07420746536344724,0.0,-0.016211013357088633,
Harold Fannin Jr.,TE,CLE,NYJ,player_reception_yds,36.5,39.98415624705574,17,,,2,True,00-0040663,2026-10-11T17:00:00Z,"[{""w"": ""W4"", ""opp"": ""PIT"", ""v"": 27.0}, {""w"": ""W3"", ""opp"": ""CAR"", ""v"": 51.0}, {""w"": ""W2"", ""opp"": ""TB"", ""v"": 54.0}, {""w"": ""W1"", ""opp"": ""JAX"", ""v"": 21.0}, {""w"": ""25W17"", ""opp"": ""PIT"", ""v"": 30.0}, {""w"": ""25W16"", ""opp"": ""BUF"", ""v"": 34.0}]",Over,0.47572261455238796,0.5013227513227514,0.49235661398464026,1.88,draftkings,-0.07436956570887637,0.0,-0.025600136770363435,
Tez Johnson,WR,TB,DAL,player_reception_yds,14.5,19.02059082353224,17,,,1,True,00-0040237,2026-10-09T00:15:00Z,"[{""w"": ""W4"", ""opp"": ""GB"", ""v"": 17.0}, {""w"": ""W3"", ""opp"": ""MIN"", ""v"": 8.0}, {""w"": ""W2"", ""opp"": ""CLE"", ""v"": 49.0}, {""w"": ""W1"", ""opp"": ""CIN"", ""v"": 0.0}, {""w"": ""25W18"", ""opp"": ""CAR"", ""v"": 17.0}, {""w"": ""25W17"", ""opp"": ""MIA"", ""v"": 19.0}]",Over,0.48543765345689527,0.4959785522788205,0.49228835103378593,1.88,betrivers,-0.07449790005648255,0.0,-0.010540898821925215,
Harold Fannin Jr.,TE,CLE,NYJ,player_receptions,3.5,4.245661078725981,17,,,1,True,00-0040663,2026-10-11T17:00:00Z,"[{""w"": ""W4"", ""opp"": ""PIT"", ""v"": 3.0}, {""w"": ""W3"", ""opp"": ""CAR"", ""v"": 7.0}, {""w"": ""W2"", ""opp"": ""TB"", ""v"": 5.0}, {""w"": ""W1"", ""opp"": ""JAX"", ""v"": 2.0}, {""w"": ""25W17"", ""opp"": ""PIT"", ""v"": 2.0}, {""w"": ""25W16"", ""opp"": ""BUF"", ""v"": 4.0}]",Under,0.40026065429664726,0.41709844559585496,0.4111810476099383,2.25,betmgm,-0.07484264287763887,0.0,-0.016837791299207705,
DK Metcalf,WR,PIT,IND,player_reception_yds,50.5,60.55407058618882,17,,,1,True,00-0035640,2026-10-11T17:00:00Z,"[{""w"": ""W4"", ""opp"": ""CLE"", ""v"": 115.0}, {""w"": ""W3"", ""opp"": ""CIN"", ""v"": 31.0}, {""w"": ""W2"", ""opp"": ""NE"", ""v"": 27.0}, {""w"": ""W1"", ""opp"": ""ATL"", ""v"": 40.0}, {""w"": ""25W16"", ""opp"": ""DET"", ""v"": 42.0}, {""w"": ""25W15"", ""opp"": ""MIA"", ""v"": 55.0}]",Over,0.49277062347648715,0.5040214477211796,0.5000835392553707,1.85,betrivers,-0.07484545237756407,0.0,-0.011250824244692481,
Jacoby Brissett,QB,ARI,DET,player_pass_yds,266.5,275.7612746316478,17,,,1,True,00-0033119,2026-10-11T20:25:00Z,"[{""w"": ""W4"", ""opp"": ""NYG"", ""v"": 166.0}, {""w"": ""W3"", ""opp"": ""SF"", ""v"": 280.0}, {""w"": ""W2"", ""opp"": ""SEA"", ""v"": 95.0}, {""w"": ""W1"", ""opp"": ""LAC"", ""v"": 277.0}, {""w"": ""25W18"", ""opp"": ""LA"", ""v"": 243.0}, {""w"": ""25W17"", ""opp"": ""CIN"", ""v"": 212.0}]",Over,0.47722601178166313,0.5,0.4920242616413468,1.88,fanduel,-0.074994388114268,0.0,-0.02277398821833687,
Jahan Dotson,WR,ATL,BAL,player_reception_yds,18.5,24.44607261250215,17,,,1,True,00-0037741,2026-10-12T00:20:00Z,"[{""w"": ""W4"", ""opp"": ""NO"", ""v"": 54.0}, {""w"": ""W3"", ""opp"": ""GB"", ""v"": 11.0}, {""w"": ""W2"", ""opp"": ""CAR"", ""v"": 11.0}, {""w"": ""W1"", ""opp"": ""PIT"", ""v"": 19.0}, {""w"": ""25W18"", ""opp"": ""WAS"", ""v"": 40.0}, {""w"": ""25W17"", ""opp"": ""BUF"", ""v"": 0.0}]",Under,0.48460711145359586,0.5,0.49461099469717895,1.87,betmgm,-0.07507743991627519,0.0,-0.015392888546404138,
Jameson Williams,WR,DET,ARI,player_reception_yds,53.5,66.61362455197947,17,,,4,True,00-0037240,2026-10-11T20:25:00Z,"[{""w"": ""W4"", ""opp"": ""CAR"", ""v"": 102.0}, {""w"": ""W3"", ""opp"": ""NYJ"", ""v"": 49.0}, {""w"": ""W2"", ""opp"": ""BUF"", ""v"": 33.0}, {""w"": ""W1"", ""opp"": ""NO"", ""v"": 45.0}, {""w"": ""25W18"", ""opp"": ""CHI"", ""v"": 74.0}, {""w"": ""25W17"", ""opp"": ""MIN"", ""v"": 37.0}]",Under,0.4767161319706728,0.5,0.4918454708523792,1.88,betonlineag,-0.07533051479752723,0.0,-0.023283868029327193,
Derrick Henry,RB,BAL,ATL,player_rush_yds,83.5,89.25062818598006,17,,,1,True,00-0032764,2026-10-12T00:20:00Z,"[{""w"": ""W4"", ""opp"": ""TEN"", ""v"": 73.0}, {""w"": ""W3"", ""opp"": ""DAL"", ""v"": 89.0}, {""w"": ""W2"", ""opp"": ""NO"", ""v"": 68.0}, {""w"": ""W1"", ""opp"": ""IND"", ""v"": 144.0}, {""w"": ""25W18"", ""opp"": ""PIT"", ""v"": 126.0}, {""w"": ""25W17"", ""opp"": ""GB"", ""v"": 216.0}]",Over,0.47652672063543156,0.5,0.4917790494489683,1.88,fanduel,-0.07545538703593974,0.0,-0.023473279364568445,
Sam LaPorta,TE,DET,ARI,player_reception_yds,55.5,63.3999791483144,13,,,1,True,00-0039065,2026-10-11T20:25:00Z,"[{""w"": ""W4"", ""opp"": ""CAR"", ""v"": 84.0}, {""w"": ""W3"", ""opp"": ""NYJ"", ""v"": 44.0}, {""w"": ""W2"", ""opp"": ""BUF"", ""v"": 52.0}, {""w"": ""W1"", ""opp"": ""NO"", ""v"": 48.0}, {""w"": ""25W10"", ""opp"": ""WAS"", ""v"": 53.0}, {""w"": ""25W9"", ""opp"": ""MIN"", ""v"": 97.0}]",Under,0.4918095765175277,0.5040214477211795,0.4997470927414294,1.85,betrivers,-0.07546787842835556,0.0,-0.012211871203651803,
Deshaun Watson,QB,CLE,NYJ,player_rush_yds,26.5,30.26235393090275,4,,,2,True,00-0033537,2026-10-11T17:00:00Z,"[{""w"": ""W4"", ""opp"": ""PIT"", ""v"": 22.0}, {""w"": ""W3"", ""opp"": ""CAR"", ""v"": 45.0}, {""w"": ""W2"", ""opp"": ""TB"", ""v"": 22.0}, {""w"": ""W1"", ""opp"": ""JAX"", ""v"": 38.0}]",Over,0.4764895773029504,0.5,0.4917660240494234,1.88,betonlineag,-0.07547987478708412,0.0,-0.023510422697049616,
Mike Washington Jr.,RB,LV,NE,player_rush_yds,23.5,26.71200554896296,4,,,1,True,00-0040878,2026-10-11T17:00:00Z,"[{""w"": ""W4"", ""opp"": ""KC"", ""v"": 18.0}, {""w"": ""W3"", ""opp"": ""NO"", ""v"": 54.0}, {""w"": ""W2"", ""opp"": ""LAC"", ""v"": 7.0}, {""w"": ""W1"", ""opp"": ""MIA"", ""v"": 41.0}]",Over,0.47641728604259503,0.5,0.49174067276797584,1.88,fanduel,-0.07552753519620548,0.0,-0.023582713957404966,
Blake Corum,RB,LA,BUF,player_rush_yds,31.5,40.67085056034483,17,,,2,True,00-0039738,2026-10-13T00:15:00Z,"[{""w"": ""W4"", ""opp"": ""PHI"", ""v"": 14.0}, {""w"": ""W3"", ""opp"": ""DEN"", ""v"": 15.0}, {""w"": ""W2"", ""opp"": ""NYG"", ""v"": 79.0}, {""w"": ""W1"", ""opp"": ""SF"", ""v"": 54.0}, {""w"": ""25W18"", ""opp"": ""ARI"", ""v"": 59.0}, {""w"": ""25W17"", ""opp"": ""ATL"", ""v"": 18.0}]",Under,0.4760128028547757,0.5,0.49159882194735055,1.88,betonlineag,-0.07579421473898096,0.0,-0.023987197145224293,
RJ Harvey,RB,DEN,LAC,player_reception_yds,27.5,32.97138283486797,17,,,2,True,00-0040730,2026-10-11T20:05:00Z,"[{""w"": ""W4"", ""opp"": ""SF"", ""v"": 68.0}, {""w"": ""W3"", ""opp"": ""LA"", ""v"": 41.0}, {""w"": ""W1"", ""opp"": ""KC"", ""v"": 23.0}, {""w"": ""25W18"", ""opp"": ""LAC"", ""v"": 5.0}, {""w"": ""25W17"", ""opp"": ""KC"", ""v"": 33.0}, {""w"": ""25W16"", ""opp"": ""JAX"", ""v"": 71.0}]",Over,0.47977199282482796,0.5020107238605898,0.49422356577940035,1.87,betmgm,-0.07580193199252133,0.0,-0.022238731035761794,
Christian McCaffrey,RB,SF,SEA,player_receptions,4.5,4.627683765089073,17,,,6,True,00-0033280,2026-10-11T20:25:00Z,"[{""w"": ""W4"", ""opp"": ""DEN"", ""v"": 3.0}, {""w"": ""W3"", ""opp"": ""ARI"", ""v"": 4.0}, {""w"": ""W2"", ""opp"": ""MIA"", ""v"": 4.0}, {""w"": ""W1"", ""opp"": ""LA"", ""v"": 5.0}, {""w"": ""25W18"", ""opp"": ""SEA"", ""v"": 6.0}, {""w"": ""25W17"", ""opp"": ""CHI"", ""v"": 4.0}]",Over,0.491942122630167,0.5205820105820105,0.51056379747827,1.81,draftkings,-0.07587952656433133,0.0,-0.028639887951843468,
Bo Nix,QB,DEN,LAC,player_pass_yds,217.5,224.84996172312015,17,,,1,True,00-0039732,2026-10-11T20:05:00Z,"[{""w"": ""W4"", ""opp"": ""SF"", ""v"": 214.0}, {""w"": ""W3"", ""opp"": ""LA"", ""v"": 186.0}, {""w"": ""W2"", ""opp"": ""JAX"", ""v"": 288.0}, {""w"": ""W1"", ""opp"": ""KC"", ""v"": 131.0}, {""w"": ""25W18"", ""opp"": ""LAC"", ""v"": 141.0}, {""w"": ""25W17"", ""opp"": ""KC"", ""v"": 182.0}]",Over,0.4826735665992222,0.5,0.4939336168903244,1.87,betrivers,-0.07634413641509341,0.0,-0.017326433400777774,
MarShawn Lloyd,RB,GB,CHI,player_reception_yds,12.5,16.18410245282985,4,,,1,True,00-0039811,2026-10-11T17:00:00Z,"[{""w"": ""W4"", ""opp"": ""TB"", ""v"": 36.0}, {""w"": ""W3"", ""opp"": ""ATL"", ""v"": 7.0}, {""w"": ""W2"", ""opp"": ""NYJ"", ""v"": 6.0}, {""w"": ""W1"", ""opp"": ""MIN"", ""v"": 0.0}]",Over,0.47513447077669857,0.5,0.4912907604347429,1.88,fanduel,-0.07637337038268333,0.0,-0.02486552922330143,
Tre Tucker,WR,LV,NE,player_reception_yds,39.5,45.889973369920995,17,,,2,True,00-0038563,2026-10-11T17:00:00Z,"[{""w"": ""W4"", ""opp"": ""KC"", ""v"": 44.0}, {""w"": ""W3"", ""opp"": ""NO"", ""v"": 43.0}, {""w"": ""W2"", ""opp"": ""LAC"", ""v"": 119.0}, {""w"": ""W1"", ""opp"": ""MIA"", ""v"": 27.0}, {""w"": ""25W18"", ""opp"": ""KC"", ""v"": 30.0}, {""w"": ""25W17"", ""opp"": ""NYG"", ""v"": 49.0}]",Over,0.47737399406202186,0.5026595744680851,0.49380454264806173,1.87,betmgm,-0.07658550524812452,0.0,-0.025285580406063213,
Tyjae Spears,RB,TEN,HOU,player_rush_yds,14.5,17.545577318002078,17,,,1,True,00-0039032,2026-10-11T17:00:00Z,"[{""w"": ""W4"", ""opp"": ""BAL"", ""v"": 7.0}, {""w"": ""W3"", ""opp"": ""NYG"", ""v"": 5.0}, {""w"": ""W2"", ""opp"": ""PHI"", ""v"": 41.0}, {""w"": ""W1"", ""opp"": ""NYJ"", ""v"": 12.0}, {""w"": ""25W18"", ""opp"": ""JAX"", ""v"": 18.0}, {""w"": ""25W17"", ""opp"": ""NO"", ""v"": 2.0}]",Over,0.4747728887144378,0.5,0.4911639274074455,1.88,fanduel,-0.07661181647400245,0.0,-0.02522711128556221,
Cam Skattebo,RB,NYG,WAS,player_reception_yds,13.5,16.670039960322516,12,,,2,True,00-0040715,2026-10-11T17:00:00Z,"[{""w"": ""W4"", ""opp"": ""ARI"", ""v"": 8.0}, {""w"": ""W3"", ""opp"": ""TEN"", ""v"": 40.0}, {""w"": ""W2"", ""opp"": ""LA"", ""v"": 19.0}, {""w"": ""W1"", ""opp"": ""DAL"", ""v"": 0.0}, {""w"": ""25W8"", ""opp"": ""PHI"", ""v"": 18.0}, {""w"": ""25W7"", ""opp"": ""DEN"", ""v"": 34.0}]",Over,0.45659275151585377,0.4900349921690912,0.4783046402003929,1.93,draftkings,-0.07687204441324164,0.0,-0.03344224065323742,
Mark Andrews,TE,BAL,ATL,player_reception_yds,30.5,32.88434881761315,17,,,1,True,00-0034753,2026-10-12T00:20:00Z,"[{""w"": ""W4"", ""opp"": ""TEN"", ""v"": 27.0}, {""w"": ""W3"", ""opp"": ""DAL"", ""v"": 24.0}, {""w"": ""W2"", ""opp"": ""NO"", ""v"": 49.0}, {""w"": ""W1"", ""opp"": ""IND"", ""v"": 49.0}, {""w"": ""25W18"", ""opp"": ""PIT"", ""v"": 14.0}, {""w"": ""25W17"", ""opp"": ""GB"", ""v"": 28.0}]",Over,0.4742075596890759,0.5,0.4909656091975034,1.88,betonlineag,-0.07698465470869359,0.0,-0.025792440310924092,
Michael Wilson,WR,ARI,DET,player_reception_yds,72.5,86.91911894267737,17,,,1,True,00-0038559,2026-10-11T20:25:00Z,"[{""w"": ""W4"", ""opp"": ""NYG"", ""v"": 95.0}, {""w"": ""W3"", ""opp"": ""SF"", ""v"": 89.0}, {""w"": ""W2"", ""opp"": ""SEA"", ""v"": 18.0}, {""w"": ""W1"", ""opp"": ""LAC"", ""v"": 56.0}, {""w"": ""25W18"", ""opp"": ""LA"", ""v"": 99.0}, {""w"": ""25W17"", ""opp"": ""CIN"", ""v"": 89.0}]",Under,0.4736117257724042,0.5,0.49075656779054216,1.88,fanduel,-0.07737765255378082,0.0,-0.02638827422759582,
Brenton Strange,TE,JAX,PHI,player_reception_yds,33.5,38.988810718745974,16,,,2,True,00-0038935,2026-10-11T13:30:00Z,"[{""w"": ""W4"", ""opp"": ""CIN"", ""v"": 95.0}, {""w"": ""W3"", ""opp"": ""NE"", ""v"": 32.0}, {""w"": ""W2"", ""opp"": ""DEN"", ""v"": 17.0}, {""w"": ""W1"", ""opp"": ""CLE"", ""v"": 23.0}, {""w"": ""25W18"", ""opp"": ""TEN"", ""v"": 52.0}, {""w"": ""25W17"", ""opp"": ""IND"", ""v"": 54.0}]",Over,0.4736011564637378,0.5,0.4907528594641132,1.88,betonlineag,-0.07738462420746728,0.0,-0.026398843536262206,
Deshaun Watson,QB,CLE,NYJ,player_rush_yds,25.5,30.26235393090275,4,,,1,True,00-0033537,2026-10-11T17:00:00Z,"[{""w"": ""W4"", ""opp"": ""PIT"", ""v"": 22.0}, {""w"": ""W3"", ""opp"": ""CAR"", ""v"": 45.0}, {""w"": ""W2"", ""opp"": ""TB"", ""v"": 22.0}, {""w"": ""W1"", ""opp"": ""JAX"", ""v"": 38.0}]",Over,0.4967369306505015,0.5080645161290323,0.5041002077115468,1.83,betrivers,-0.07749661988786927,0.0,-0.011327585478530744,
Mike Evans,WR,SF,SEA,player_receptions,3.5,3.8872114469936174,12,,,5,True,00-0031408,2026-10-11T20:25:00Z,"[{""w"": ""W4"", ""opp"": ""DEN"", ""v"": 5.0}, {""w"": ""W3"", ""opp"": ""ARI"", ""v"": 3.0}, {""w"": ""W2"", ""opp"": ""MIA"", ""v"": 3.0}, {""w"": ""W1"", ""opp"": ""LA"", ""v"": 6.0}, {""w"": ""25W18"", ""opp"": ""CAR"", ""v"": 2.0}, {""w"": ""25W17"", ""opp"": ""MIA"", ""v"": 3.0}]",Over,0.5441813039428307,0.582901554404145,0.5694403082385079,1.62,betonlineag,-0.07750670065361714,0.0,-0.03872025046131433,
Mark Andrews,TE,BAL,ATL,player_reception_yds,28.5,32.88434881761315,17,,,1,True,00-0034753,2026-10-12T00:20:00Z,"[{""w"": ""W4"", ""opp"": ""TEN"", ""v"": 27.0}, {""w"": ""W3"", ""opp"": ""DAL"", ""v"": 24.0}, {""w"": ""W2"", ""opp"": ""NO"", ""v"": 49.0}, {""w"": ""W1"", ""opp"": ""IND"", ""v"": 49.0}, {""w"": ""25W18"", ""opp"": ""PIT"", ""v"": 14.0}, {""w"": ""25W17"", ""opp"": ""GB"", ""v"": 28.0}]",Under,0.4808087676690657,0.49193548387096775,0.4880396591787419,1.89,betrivers,-0.07760504415217778,0.0,-0.011126716201902032,
Jeremiyah Love,RB,ARI,DET,player_rush_yds,48.5,58.342885957796156,4,,,4,True,00-0041027,2026-10-11T20:25:00Z,"[{""w"": ""W4"", ""opp"": ""NYG"", ""v"": 63.0}, {""w"": ""W3"", ""opp"": ""SF"", ""v"": 90.0}, {""w"": ""W2"", ""opp"": ""SEA"", ""v"": 29.0}, {""w"": ""W1"", ""opp"": ""LAC"", ""v"": 41.0}]",Under,0.46563031619465334,0.5,0.48795394152296767,1.89,draftkings,-0.07776705052159116,0.0,-0.03436968380534666,
Darnell Washington,TE,PIT,IND,player_reception_yds,22.5,26.56123432870109,17,,,5,True,00-0038558,2026-10-11T17:00:00Z,"[{""w"": ""W4"", ""opp"": ""CLE"", ""v"": 27.0}, {""w"": ""W3"", ""opp"": ""CIN"", ""v"": 67.0}, {""w"": ""W2"", ""opp"": ""NE"", ""v"": 7.0}, {""w"": ""W1"", ""opp"": ""ATL"", ""v"": 18.0}, {""w"": ""25W17"", ""opp"": ""CLE"", ""v"": 15.0}, {""w"": ""25W16"", ""opp"": ""DET"", ""v"": 36.0}]",Over,0.46556462079386196,0.5,0.48793085219628135,1.89,draftkings,-0.07781068934902835,0.0,-0.03443537920613804,
Chris Godwin,WR,TB,DAL,player_reception_yds,31.5,38.40400706025377,13,,,1,True,00-0033921,2026-10-09T00:15:00Z,"[{""w"": ""W4"", ""opp"": ""GB"", ""v"": 31.0}, {""w"": ""W3"", ""opp"": ""MIN"", ""v"": 25.0}, {""w"": ""W2"", ""opp"": ""CLE"", ""v"": 46.0}, {""w"": ""W1"", ""opp"": ""CIN"", ""v"": 40.0}, {""w"": ""25W18"", ""opp"": ""CAR"", ""v"": 8.0}, {""w"": ""25W17"", ""opp"": ""MIA"", ""v"": 108.0}]",Under,0.48804242795028185,0.5040214477211795,0.49842805419569086,1.85,betrivers,-0.0779080997379718,0.0,-0.015979019770897662,
KC Concepcion,WR,CLE,NYJ,player_reception_yds,38.5,44.09480559680307,4,,,1,True,00-0041547,2026-10-11T17:00:00Z,"[{""w"": ""W4"", ""opp"": ""PIT"", ""v"": 64.0}, {""w"": ""W3"", ""opp"": ""CAR"", ""v"": 9.0}, {""w"": ""W2"", ""opp"": ""TB"", ""v"": 28.0}, {""w"": ""W1"", ""opp"": ""JAX"", ""v"": 43.0}]",Over,0.47260456373473303,0.5,0.4904031638081565,1.88,fanduel,-0.07804205204066578,0.0,-0.02739543626526697,
Javonte Williams,RB,DAL,TB,player_reception_yds,14.5,19.104504243312178,17,,,2,True,00-0036997,2026-10-09T00:15:00Z,"[{""w"": ""W4"", ""opp"": ""HOU"", ""v"": 21.0}, {""w"": ""W3"", ""opp"": ""BAL"", ""v"": 5.0}, {""w"": ""W2"", ""opp"": ""WAS"", ""v"": 20.0}, {""w"": ""W1"", ""opp"": ""NYG"", ""v"": 31.0}, {""w"": ""25W17"", ""opp"": ""WAS"", ""v"": 0.0}, {""w"": ""25W16"", ""opp"": ""LAC"", ""v"": 9.0}]",Under,0.46979383888774534,0.49732620320855614,0.4876794638525836,1.89,betrivers,-0.078285813318617,0.0,-0.027532364320810798,
Roman Wilson,WR,PIT,IND,player_reception_yds,33.5,38.3921618334295,13,,,3,True,00-0039739,2026-10-11T17:00:00Z,"[{""w"": ""W4"", ""opp"": ""CLE"", ""v"": 74.0}, {""w"": ""W3"", ""opp"": ""CIN"", ""v"": 60.0}, {""w"": ""W2"", ""opp"": ""NE"", ""v"": 28.0}, {""w"": ""W1"", ""opp"": ""ATL"", ""v"": 26.0}, {""w"": ""25W13"", ""opp"": ""BUF"", ""v"": 0.0}, {""w"": ""25W12"", ""opp"": ""CHI"", ""v"": 0.0}]",Over,0.4622796652262702,0.4973544973544974,0.4850576092112213,1.9,draftkings,-0.07839054249867955,0.0,-0.03507483212822721,
Trevor Lawrence,QB,JAX,PHI,player_rush_yds,12.5,15.823731857512445,17,,,1,True,00-0036971,2026-10-11T13:30:00Z,"[{""w"": ""W4"", ""opp"": ""CIN"", ""v"": 0.0}, {""w"": ""W3"", ""opp"": ""NE"", ""v"": 25.0}, {""w"": ""W2"", ""opp"": ""DEN"", ""v"": 6.0}, {""w"": ""W1"", ""opp"": ""CLE"", ""v"": 3.0}, {""w"": ""25W18"", ""opp"": ""TEN"", ""v"": 11.0}, {""w"": ""25W17"", ""opp"": ""IND"", ""v"": 26.0}]",Over,0.47948946646657253,0.4959785522788205,0.4902045386846747,1.88,betrivers,-0.07841546727281162,0.0,-0.01648908581224795,
Carnell Tate,WR,TEN,HOU,player_reception_yds,54.5,64.19641019958024,4,,,1,True,00-0041438,2026-10-11T17:00:00Z,"[{""w"": ""W4"", ""opp"": ""BAL"", ""v"": 145.0}, {""w"": ""W3"", ""opp"": ""NYG"", ""v"": 58.0}, {""w"": ""W2"", ""opp"": ""PHI"", ""v"": 27.0}, {""w"": ""W1"", ""opp"": ""NYJ"", ""v"": 38.0}]",Over,0.47163257358314503,0.5,0.49006203624633293,1.88,betonlineag,-0.07868337185689411,0.0,-0.02836742641685497,
Tony Pollard,RB,TEN,HOU,player_reception_yds,8.5,10.123032525086764,17,,,2,True,00-0035261,2026-10-11T17:00:00Z,"[{""w"": ""W4"", ""opp"": ""BAL"", ""v"": 2.0}, {""w"": ""W3"", ""opp"": ""NYG"", ""v"": 22.0}, {""w"": ""W2"", ""opp"": ""PHI"", ""v"": 1.0}, {""w"": ""W1"", ""opp"": ""NYJ"", ""v"": -1.0}, {""w"": ""25W18"", ""opp"": ""JAX"", ""v"": 17.0}, {""w"": ""25W17"", ""opp"": ""NO"", ""v"": 10.0}]",Over,0.45338203694582313,0.4980211081794196,0.4823572272068485,1.91,draftkings,-0.07869769603491944,0.0,-0.04463907123359645,
James Cook,RB,BUF,LA,player_rush_yds,74.5,86.20660840266635,17,,,1,True,00-0037248,2026-10-13T00:15:00Z,"[{""w"": ""W4"", ""opp"": ""NE"", ""v"": 75.0}, {""w"": ""W3"", ""opp"": ""LAC"", ""v"": 154.0}, {""w"": ""W2"", ""opp"": ""DET"", ""v"": 135.0}, {""w"": ""W1"", ""opp"": ""HOU"", ""v"": 57.0}, {""w"": ""25W18"", ""opp"": ""NYJ"", ""v"": 15.0}, {""w"": ""25W17"", ""opp"": ""PHI"", ""v"": 74.0}]",Under,0.4867601588474973,0.5040214477211795,0.49797898046556366,1.85,betrivers,-0.07873888613870716,0.0,-0.017261288873682223,
Brenton Strange,TE,JAX,PHI,player_reception_yds,34.5,38.988810718745974,16,,,2,True,00-0038935,2026-10-11T13:30:00Z,"[{""w"": ""W4"", ""opp"": ""CIN"", ""v"": 95.0}, {""w"": ""W3"", ""opp"": ""NE"", ""v"": 32.0}, {""w"": ""W2"", ""opp"": ""DEN"", ""v"": 17.0}, {""w"": ""W1"", ""opp"": ""CLE"", ""v"": 23.0}, {""w"": ""25W18"", ""opp"": ""TEN"", ""v"": 52.0}, {""w"": ""25W17"", ""opp"": ""IND"", ""v"": 54.0}]",Over,0.45918272452196984,0.4986772486772487,0.4848269608075771,1.9,draftkings,-0.0788287744656036,0.0,-0.039494524155278876,
Dak Prescott,QB,DAL,TB,player_pass_yds,263.5,269.3252527238815,17,,,1,True,00-0033077,2026-10-09T00:15:00Z,"[{""w"": ""W4"", ""opp"": ""HOU"", ""v"": 335.0}, {""w"": ""W3"", ""opp"": ""BAL"", ""v"": 276.0}, {""w"": ""W2"", ""opp"": ""WAS"", ""v"": 279.0}, {""w"": ""W1"", ""opp"": ""NYG"", ""v"": 175.0}, {""w"": ""25W18"", ""opp"": ""NYG"", ""v"": 70.0}, {""w"": ""25W17"", ""opp"": ""WAS"", ""v"": 307.0}]",Over,0.47124862575697746,0.5,0.4899272686243795,1.88,fanduel,-0.07893673498616655,0.0,-0.028751374243022543,
Trey McBride,TE,ARI,DET,player_reception_yds,80.5,85.74116119360437,17,,,4,True,00-0037744,2026-10-11T20:25:00Z,"[{""w"": ""W4"", ""opp"": ""NYG"", ""v"": 31.0}, {""w"": ""W3"", ""opp"": ""SF"", ""v"": 75.0}, {""w"": ""W2"", ""opp"": ""SEA"", ""v"": 41.0}, {""w"": ""W1"", ""opp"": ""LAC"", ""v"": 95.0}, {""w"": ""25W18"", ""opp"": ""LA"", ""v"": 65.0}, {""w"": ""25W17"", ""opp"": ""CIN"", ""v"": 76.0}]",Over,0.46366767684420607,0.5,0.4872639899187621,1.89,draftkings,-0.07907105905353973,0.0,-0.03633232315579393,
Kalif Raymond,WR,CHI,GB,player_reception_yds,29.5,36.646262001644814,17,,,2,True,00-0032464,2026-10-11T17:00:00Z,"[{""w"": ""W4"", ""opp"": ""NYJ"", ""v"": 6.0}, {""w"": ""W3"", ""opp"": ""PHI"", ""v"": 90.0}, {""w"": ""W2"", ""opp"": ""MIN"", ""v"": 40.0}, {""w"": ""W1"", ""opp"": ""CAR"", ""v"": 84.0}, {""w"": ""25W18"", ""opp"": ""CHI"", ""v"": 52.0}, {""w"": ""25W17"", ""opp"": ""MIN"", ""v"": 5.0}]",Over,0.46593771438564024,0.49867021276595747,0.48719814043637794,1.89,betonlineag,-0.07919551457524582,0.0,-0.03273249838031722,
Tre Tucker,WR,LV,NE,player_reception_yds,41.5,45.889973369920995,17,,,2,True,00-0038563,2026-10-11T17:00:00Z,"[{""w"": ""W4"", ""opp"": ""KC"", ""v"": 44.0}, {""w"": ""W3"", ""opp"": ""NO"", ""v"": 43.0}, {""w"": ""W2"", ""opp"": ""LAC"", ""v"": 119.0}, {""w"": ""W1"", ""opp"": ""MIA"", ""v"": 27.0}, {""w"": ""25W18"", ""opp"": ""KC"", ""v"": 30.0}, {""w"": ""25W17"", ""opp"": ""NYG"", ""v"": 49.0}]",Over,0.45242952616472876,0.4980211081794196,0.48202129111768455,1.91,draftkings,-0.07933933396522258,0.0,-0.045591582014690823,
Puka Nacua,WR,LA,BUF,player_reception_yds,92.5,112.10675910673201,17,,,2,True,00-0039075,2026-10-13T00:15:00Z,"[{""w"": ""W4"", ""opp"": ""PHI"", ""v"": 125.0}, {""w"": ""W1"", ""opp"": ""SF"", ""v"": 74.0}, {""w"": ""25W18"", ""opp"": ""ARI"", ""v"": 76.0}, {""w"": ""25W17"", ""opp"": ""ATL"", ""v"": 47.0}, {""w"": ""25W16"", ""opp"": ""SEA"", ""v"": 225.0}, {""w"": ""25W15"", ""opp"": ""DET"", ""v"": 181.0}]",Under,0.47410381309960165,0.49798927613941024,0.48962273007634727,1.88,betrivers,-0.07950926745646719,0.0,-0.023885463039808597,
Rashod Bateman,WR,BAL,ATL,player_reception_yds,17.5,28.06235063984778,17,,,4,True,00-0036550,2026-10-12T00:20:00Z,"[{""w"": ""W4"", ""opp"": ""TEN"", ""v"": 46.0}, {""w"": ""W3"", ""opp"": ""DAL"", ""v"": 37.0}, {""w"": ""W2"", ""opp"": ""NO"", ""v"": 88.0}, {""w"": ""W1"", ""opp"": ""IND"", ""v"": 0.0}, {""w"": ""25W17"", ""opp"": ""GB"", ""v"": 7.0}, {""w"": ""25W16"", ""opp"": ""NE"", ""v"": 0.0}]",Under,0.4629151272098734,0.5,0.486999345510866,1.89,draftkings,-0.07957123698446333,0.0,-0.03708487279012662,
Michael Wilson,WR,ARI,DET,player_receptions,5.5,6.979940622583683,17,,,5,True,00-0038559,2026-10-11T20:25:00Z,"[{""w"": ""W4"", ""opp"": ""NYG"", ""v"": 7.0}, {""w"": ""W3"", ""opp"": ""SF"", ""v"": 11.0}, {""w"": ""W2"", ""opp"": ""SEA"", ""v"": 2.0}, {""w"": ""W1"", ""opp"": ""LAC"", ""v"": 5.0}, {""w"": ""25W18"", ""opp"": ""LA"", ""v"": 5.0}, {""w"": ""25W17"", ""opp"": ""CIN"", ""v"": 5.0}]",Under,0.3891872694022775,0.4371727748691099,0.4201947050189757,2.19,draftkings,-0.07977359600844325,0.0,-0.04798550546683239,
George Pickens,WR,DAL,TB,player_receptions,4.5,4.45561137871487,17,,,6,True,00-0037247,2026-10-09T00:15:00Z,"[{""w"": ""W4"", ""opp"": ""HOU"", ""v"": 2.0}, {""w"": ""W3"", ""opp"": ""BAL"", ""v"": 7.0}, {""w"": ""W2"", ""opp"": ""WAS"", ""v"": 6.0}, {""w"": ""W1"", ""opp"": ""NYG"", ""v"": 3.0}, {""w"": ""25W18"", ""opp"": ""NYG"", ""v"": 1.0}, {""w"": ""25W17"", ""opp"": ""WAS"", ""v"": 4.0}]",Over,0.44402171355706077,0.49402477566454095,0.4764584579274531,1.93,fanduel,-0.0804351762000155,0.0,-0.05000306210748018,
Marvin Mims Jr.,WR,DEN,LAC,player_reception_yds,11.5,18.26967062331102,17,,,2,True,00-0038976,2026-10-11T20:05:00Z,"[{""w"": ""W4"", ""opp"": ""SF"", ""v"": 10.0}, {""w"": ""W1"", ""opp"": ""KC"", ""v"": 0.0}, {""w"": ""25W18"", ""opp"": ""LAC"", ""v"": 10.0}, {""w"": ""25W17"", ""opp"": ""KC"", ""v"": 10.0}, {""w"": ""25W16"", ""opp"": ""JAX"", ""v"": 26.0}, {""w"": ""25W15"", ""opp"": ""GB"", ""v"": 29.0}]",Under,0.45125899778589307,0.4900349921690912,0.4764256811190807,1.93,draftkings,-0.08049843544017432,0.0,-0.03877599438319812,
Bijan Robinson,RB,ATL,BAL,player_rush_yds,87.5,103.58759363740505,17,,,1,True,00-0038542,2026-10-12T00:20:00Z,"[{""w"": ""W4"", ""opp"": ""NO"", ""v"": 145.0}, {""w"": ""W3"", ""opp"": ""GB"", ""v"": 194.0}, {""w"": ""W2"", ""opp"": ""CAR"", ""v"": 72.0}, {""w"": ""W1"", ""opp"": ""PIT"", ""v"": 83.0}, {""w"": ""25W18"", ""opp"": ""NO"", ""v"": 33.0}, {""w"": ""25W17"", ""opp"": ""LA"", ""v"": 195.0}]",Under,0.4762287401536944,0.5,0.4916745515872647,1.87,betmgm,-0.08056858853181498,0.0,-0.023771259846305626,
Davante Adams,WR,LA,BUF,player_reception_yds,62.5,85.95271091610613,17,,,2,True,00-0031381,2026-10-13T00:15:00Z,"[{""w"": ""W4"", ""opp"": ""PHI"", ""v"": 32.0}, {""w"": ""W3"", ""opp"": ""DEN"", ""v"": 137.0}, {""w"": ""W2"", ""opp"": ""NYG"", ""v"": 195.0}, {""w"": ""W1"", ""opp"": ""SF"", ""v"": 26.0}, {""w"": ""25W15"", ""opp"": ""DET"", ""v"": 71.0}, {""w"": ""25W14"", ""opp"": ""ARI"", ""v"": 29.0}]",Under,0.46874637513956746,0.5,0.48904870301734216,1.88,betonlineag,-0.0805884383273967,0.0,-0.03125362486043254,
Luther Burden III,WR,CHI,GB,player_reception_yds,49.5,54.19517157631282,17,,,3,True,00-0040735,2026-10-11T17:00:00Z,"[{""w"": ""W4"", ""opp"": ""NYJ"", ""v"": 63.0}, {""w"": ""W3"", ""opp"": ""PHI"", ""v"": 61.0}, {""w"": ""W2"", ""opp"": ""MIN"", ""v"": 32.0}, {""w"": ""W1"", ""opp"": ""CAR"", ""v"": 63.0}, {""w"": ""25W18"", ""opp"": ""DET"", ""v"": 35.0}, {""w"": ""25W17"", ""opp"": ""SF"", ""v"": 138.0}]",Over,0.46828698946790304,0.5,0.4888873565892038,1.88,betonlineag,-0.08089176961229694,0.0,-0.031713010532096964,
DK Metcalf,WR,PIT,IND,player_reception_yds,52.5,60.55407058618882,17,,,1,True,00-0035640,2026-10-11T17:00:00Z,"[{""w"": ""W4"", ""opp"": ""CLE"", ""v"": 115.0}, {""w"": ""W3"", ""opp"": ""CIN"", ""v"": 31.0}, {""w"": ""W2"", ""opp"": ""NE"", ""v"": 27.0}, {""w"": ""W1"", ""opp"": ""ATL"", ""v"": 40.0}, {""w"": ""25W16"", ""opp"": ""DET"", ""v"": 42.0}, {""w"": ""25W15"", ""opp"": ""MIA"", ""v"": 55.0}]",Over,0.4733711890269803,0.5053191489361702,0.49412893648348555,1.86,betonlineag,-0.08092017814071684,0.0,-0.03194795990918997,
Dak Prescott,QB,DAL,TB,player_rush_yds,9.5,13.525518614830768,17,,,6,True,00-0033077,2026-10-09T00:15:00Z,"[{""w"": ""W4"", ""opp"": ""HOU"", ""v"": 7.0}, {""w"": ""W3"", ""opp"": ""BAL"", ""v"": 19.0}, {""w"": ""W2"", ""opp"": ""WAS"", ""v"": 26.0}, {""w"": ""W1"", ""opp"": ""NYG"", ""v"": 14.0}, {""w"": ""25W18"", ""opp"": ""NYG"", ""v"": -1.0}, {""w"": ""25W17"", ""opp"": ""WAS"", ""v"": 24.0}]",Under,0.44321851401644896,0.4940527985179364,0.47619253259317784,1.93,draftkings,-0.08094841209516679,0.0,-0.050834284501487415,
Rashod Bateman,WR,BAL,ATL,player_reception_yds,21.5,28.06235063984778,17,,,1,True,00-0036550,2026-10-12T00:20:00Z,"[{""w"": ""W4"", ""opp"": ""TEN"", ""v"": 46.0}, {""w"": ""W3"", ""opp"": ""DAL"", ""v"": 37.0}, {""w"": ""W2"", ""opp"": ""NO"", ""v"": 88.0}, {""w"": ""W1"", ""opp"": ""IND"", ""v"": 0.0}, {""w"": ""25W17"", ""opp"": ""GB"", ""v"": 7.0}, {""w"": ""25W16"", ""opp"": ""NE"", ""v"": 0.0}]",Over,0.4656229614102386,0.48930481283422456,0.48100523715406746,1.91,betmgm,-0.08127999703573124,0.0,-0.023681851423985933,
AJ Barner,TE,SEA,SF,player_reception_yds,24.5,28.885897510308066,17,,,3,True,00-0039793,2026-10-11T20:25:00Z,"[{""w"": ""W4"", ""opp"": ""LAC"", ""v"": 12.0}, {""w"": ""W3"", ""opp"": ""WAS"", ""v"": 69.0}, {""w"": ""W2"", ""opp"": ""ARI"", ""v"": 8.0}, {""w"": ""W1"", ""opp"": ""NE"", ""v"": 13.0}, {""w"": ""25W18"", ""opp"": ""SF"", ""v"": 14.0}, {""w"": ""25W17"", ""opp"": ""CAR"", ""v"": 43.0}]",Over,0.46701914810989054,0.5,0.4884419759173193,1.88,betonlineag,-0.08172908527543976,0.0,-0.032980851890109464,
Dak Prescott,QB,DAL,TB,player_pass_yds,266.5,269.3252527238815,17,,,3,True,00-0033077,2026-10-09T00:15:00Z,"[{""w"": ""W4"", ""opp"": ""HOU"", ""v"": 335.0}, {""w"": ""W3"", ""opp"": ""BAL"", ""v"": 276.0}, {""w"": ""W2"", ""opp"": ""WAS"", ""v"": 279.0}, {""w"": ""W1"", ""opp"": ""NYG"", ""v"": 175.0}, {""w"": ""25W18"", ""opp"": ""NYG"", ""v"": 70.0}, {""w"": ""25W17"", ""opp"": ""WAS"", ""v"": 307.0}]",Over,0.4596553842964638,0.5,0.4858523963814043,1.89,draftkings,-0.08173897083914589,0.0,-0.0403446157035362,
Pat Freiermuth,TE,PIT,IND,player_reception_yds,26.5,32.27748040993976,17,,,1,True,00-0036894,2026-10-11T17:00:00Z,"[{""w"": ""W4"", ""opp"": ""CLE"", ""v"": 17.0}, {""w"": ""W3"", ""opp"": ""CIN"", ""v"": 30.0}, {""w"": ""W2"", ""opp"": ""NE"", ""v"": 32.0}, {""w"": ""W1"", ""opp"": ""ATL"", ""v"": 46.0}, {""w"": ""25W18"", ""opp"": ""BAL"", ""v"": 51.0}, {""w"": ""25W17"", ""opp"": ""CLE"", ""v"": 63.0}]",Under,0.47437330742724754,0.4959785522788204,0.4884108699479342,1.88,betrivers,-0.08178756449788382,0.0,-0.021605244851572836,
Cam Skattebo,RB,NYG,WAS,player_receptions,1.5,2.15090794910265,12,,,1,True,00-0040715,2026-10-11T17:00:00Z,"[{""w"": ""W4"", ""opp"": ""ARI"", ""v"": 1.0}, {""w"": ""W3"", ""opp"": ""TEN"", ""v"": 3.0}, {""w"": ""W2"", ""opp"": ""LA"", ""v"": 4.0}, {""w"": ""W1"", ""opp"": ""DAL"", ""v"": 0.0}, {""w"": ""25W8"", ""opp"": ""PHI"", ""v"": 1.0}, {""w"": ""25W7"", ""opp"": ""DEN"", ""v"": 3.0}]",Over,0.5930384133844749,0.6284289276807979,0.6161770445639903,1.49,fanduel,-0.08189620359965455,0.0,-0.035390514296323006,
J.K. Dobbins,RB,DEN,LAC,player_rush_yds,50.5,57.39962511605442,14,,,1,True,00-0036158,2026-10-11T20:05:00Z,"[{""w"": ""W4"", ""opp"": ""SF"", ""v"": 40.0}, {""w"": ""W3"", ""opp"": ""LA"", ""v"": 49.0}, {""w"": ""W2"", ""opp"": ""JAX"", ""v"": 36.0}, {""w"": ""W1"", ""opp"": ""KC"", ""v"": 36.0}, {""w"": ""25W10"", ""opp"": ""LV"", ""v"": 77.0}, {""w"": ""25W9"", ""opp"": ""HOU"", ""v"": 61.0}]",Under,0.48183823326592634,0.5040214477211795,0.49625465122722695,1.85,betrivers,-0.08192889522963004,0.0,-0.022183214455253175,
Bucky Irving,RB,TB,DAL,player_reception_yds,12.5,17.092400208763898,14,,,4,True,00-0039361,2026-10-09T00:15:00Z,"[{""w"": ""W4"", ""opp"": ""GB"", ""v"": 0.0}, {""w"": ""W3"", ""opp"": ""MIN"", ""v"": 12.0}, {""w"": ""W2"", ""opp"": ""CLE"", ""v"": 1.0}, {""w"": ""W1"", ""opp"": ""CIN"", ""v"": 48.0}, {""w"": ""25W18"", ""opp"": ""CAR"", ""v"": 13.0}, {""w"": ""25W17"", ""opp"": ""MIA"", ""v"": 14.0}]",Over,0.45174641331394627,0.5,0.4830649980761337,1.9,draftkings,-0.08217650365534607,0.0,-0.04825358668605373,
Juwan Johnson,TE,NO,MIN,player_reception_yds,43.5,50.65653969084659,17,,,2,True,00-0036040,2026-10-11T17:00:00Z,"[{""w"": ""W4"", ""opp"": ""ATL"", ""v"": 59.0}, {""w"": ""W3"", ""opp"": ""LV"", ""v"": 53.0}, {""w"": ""W2"", ""opp"": ""BAL"", ""v"": 66.0}, {""w"": ""W1"", ""opp"": ""DET"", ""v"": 54.0}, {""w"": ""25W18"", ""opp"": ""ATL"", ""v"": 61.0}, {""w"": ""25W17"", ""opp"": ""TEN"", ""v"": 95.0}]",Under,0.46233300051579274,0.5019788918205804,0.488080070646887,1.88,draftkings,-0.08240946718385239,0.0,-0.039645891304787684,
Deebo Samuel,WR,SF,SEA,player_reception_yds,34.5,38.50972837433209,17,,,1,True,00-0035719,2026-10-11T20:25:00Z,"[{""w"": ""W4"", ""opp"": ""DEN"", ""v"": 26.0}, {""w"": ""W3"", ""opp"": ""ARI"", ""v"": 80.0}, {""w"": ""W2"", ""opp"": ""MIA"", ""v"": 31.0}, {""w"": ""W1"", ""opp"": ""LA"", ""v"": 48.0}, {""w"": ""25W18"", ""opp"": ""PHI"", ""v"": 20.0}, {""w"": ""25W17"", ""opp"": ""DAL"", ""v"": 68.0}]",Over,0.4728792659516201,0.5,0.490499561015024,1.87,betmgm,-0.08276582090190504,0.0,-0.02712073404837989,
Chris Olave,WR,NO,MIN,player_receptions,6.5,7.247082099355369,17,,,5,True,00-0037239,2026-10-11T17:00:00Z,"[{""w"": ""W4"", ""opp"": ""ATL"", ""v"": 8.0}, {""w"": ""W3"", ""opp"": ""LV"", ""v"": 9.0}, {""w"": ""W2"", ""opp"": ""BAL"", ""v"": 8.0}, {""w"": ""W1"", ""opp"": ""DET"", ""v"": 10.0}, {""w"": ""25W17"", ""opp"": ""TEN"", ""v"": 8.0}, {""w"": ""25W16"", ""opp"": ""NYJ"", ""v"": 10.0}]",Under,0.42488653983608365,0.48404255319148937,0.46320059458659885,1.98,draftkings,-0.08286282271853423,0.0,-0.05915601335540571,
Josh Cameron,WR,JAX,PHI,player_reception_yds,10.5,13.504524568416496,4,,,2,True,00-0041100,2026-10-11T13:30:00Z,"[{""w"": ""W4"", ""opp"": ""CIN"", ""v"": 42.0}, {""w"": ""W3"", ""opp"": ""NE"", ""v"": 12.0}, {""w"": ""W2"", ""opp"": ""DEN"", ""v"": 0.0}, {""w"": ""W1"", ""opp"": ""CLE"", ""v"": 20.0}]",Over,0.4625258452139911,0.5013227513227514,0.48772166352137064,1.88,draftkings,-0.08308327257982329,0.0,-0.0387969061087603,
Kyren Williams,RB,LA,BUF,player_rush_yds,68.5,69.57427878900003,17,,,3,True,00-0037840,2026-10-13T00:15:00Z,"[{""w"": ""W4"", ""opp"": ""PHI"", ""v"": 80.0}, {""w"": ""W3"", ""opp"": ""DEN"", ""v"": 88.0}, {""w"": ""W2"", ""opp"": ""NYG"", ""v"": 85.0}, {""w"": ""W1"", ""opp"": ""SF"", ""v"": 41.0}, {""w"": ""25W18"", ""opp"": ""ARI"", ""v"": 60.0}, {""w"": ""25W17"", ""opp"": ""ATL"", ""v"": 92.0}]",Over,0.4523394489121114,0.5065963060686015,0.48755842398122734,1.88,fanduel,-0.08339016291529261,0.0,-0.05425685715649009,
Trey McBride,TE,ARI,DET,player_reception_yds,79.5,85.74116119360437,17,,,1,True,00-0037744,2026-10-11T20:25:00Z,"[{""w"": ""W4"", ""opp"": ""NYG"", ""v"": 31.0}, {""w"": ""W3"", ""opp"": ""SF"", ""v"": 75.0}, {""w"": ""W2"", ""opp"": ""SEA"", ""v"": 41.0}, {""w"": ""W1"", ""opp"": ""LAC"", ""v"": 95.0}, {""w"": ""25W18"", ""opp"": ""LA"", ""v"": 65.0}, {""w"": ""25W17"", ""opp"": ""CIN"", ""v"": 76.0}]",Over,0.4718798980529244,0.5,0.49014884289944904,1.87,betrivers,-0.08342166377803023,0.0,-0.028120101947075593,
Cooper Kupp,WR,SEA,SF,player_reception_yds,25.5,27.658614574736404,17,,,2,True,00-0033908,2026-10-11T20:25:00Z,"[{""w"": ""W4"", ""opp"": ""LAC"", ""v"": 13.0}, {""w"": ""W3"", ""opp"": ""WAS"", ""v"": 46.0}, {""w"": ""W2"", ""opp"": ""ARI"", ""v"": 20.0}, {""w"": ""W1"", ""opp"": ""NE"", ""v"": 35.0}, {""w"": ""25W18"", ""opp"": ""SF"", ""v"": 29.0}, {""w"": ""25W17"", ""opp"": ""CAR"", ""v"": 6.0}]",Over,0.46039755767464186,0.5020107238605898,0.487419683886163,1.88,fanduel,-0.08365099429401351,0.0,-0.0416131661859479,
Chris Olave,WR,NO,MIN,player_reception_yds,81.5,96.54662389577994,17,,,4,True,00-0037239,2026-10-11T17:00:00Z,"[{""w"": ""W4"", ""opp"": ""ATL"", ""v"": 116.0}, {""w"": ""W3"", ""opp"": ""LV"", ""v"": 107.0}, {""w"": ""W2"", ""opp"": ""BAL"", ""v"": 86.0}, {""w"": ""W1"", ""opp"": ""DET"", ""v"": 182.0}, {""w"": ""25W17"", ""opp"": ""TEN"", ""v"": 119.0}, {""w"": ""25W16"", ""opp"": ""NYJ"", ""v"": 148.0}]",Under,0.46379964625251885,0.5,0.48731039348093197,1.88,betrivers,-0.08385646025584798,0.0,-0.03620035374748115,
Dak Prescott,QB,DAL,TB,player_pass_yds,265.5,269.3252527238815,17,,,1,True,00-0033077,2026-10-09T00:15:00Z,"[{""w"": ""W4"", ""opp"": ""HOU"", ""v"": 335.0}, {""w"": ""W3"", ""opp"": ""BAL"", ""v"": 276.0}, {""w"": ""W2"", ""opp"": ""WAS"", ""v"": 279.0}, {""w"": ""W1"", ""opp"": ""NYG"", ""v"": 175.0}, {""w"": ""25W18"", ""opp"": ""NYG"", ""v"": 70.0}, {""w"": ""25W17"", ""opp"": ""WAS"", ""v"": 307.0}]",Over,0.46350675511195083,0.5,0.487207403910545,1.88,betonlineag,-0.08405008064817548,0.0,-0.03649324488804917,
Jacoby Brissett,QB,ARI,DET,player_pass_yds,270.5,275.7612746316478,17,,,1,True,00-0033119,2026-10-11T20:25:00Z,"[{""w"": ""W4"", ""opp"": ""NYG"", ""v"": 166.0}, {""w"": ""W3"", ""opp"": ""SF"", ""v"": 280.0}, {""w"": ""W2"", ""opp"": ""SEA"", ""v"": 95.0}, {""w"": ""W1"", ""opp"": ""LAC"", ""v"": 277.0}, {""w"": ""25W18"", ""opp"": ""LA"", ""v"": 243.0}, {""w"": ""25W17"", ""opp"": ""CIN"", ""v"": 212.0}]",Over,0.46312031381194485,0.5,0.487071507319228,1.88,betonlineag,-0.08430556623985141,0.0,-0.03687968618805515,
CeeDee Lamb,WR,DAL,TB,player_receptions,5.5,7.306643476526636,17,Full,,1,True,00-0036358,2026-10-09T00:15:00Z,"[{""w"": ""W4"", ""opp"": ""HOU"", ""v"": 17.0}, {""w"": ""W3"", ""opp"": ""BAL"", ""v"": 7.0}, {""w"": ""W2"", ""opp"": ""WAS"", ""v"": 8.0}, {""w"": ""W1"", ""opp"": ""NYG"", ""v"": 5.0}, {""w"": ""25W18"", ""opp"": ""NYG"", ""v"": 1.0}, {""w"": ""25W17"", ""opp"": ""WAS"", ""v"": 5.0}]",Under,0.39414816667632924,0.41666666666666663,0.4087403977688726,2.24,fanduel,-0.08442150899772516,0.0,-0.022518499990337393,
Evan Engram,TE,DEN,LAC,player_reception_yds,19.5,23.836213725985726,17,,,1,True,00-0033881,2026-10-11T20:05:00Z,"[{""w"": ""W4"", ""opp"": ""SF"", ""v"": 6.0}, {""w"": ""W3"", ""opp"": ""LA"", ""v"": 0.0}, {""w"": ""W2"", ""opp"": ""JAX"", ""v"": 17.0}, {""w"": ""W1"", ""opp"": ""KC"", ""v"": 43.0}, {""w"": ""25W18"", ""opp"": ""LAC"", ""v"": 45.0}, {""w"": ""25W17"", ""opp"": ""KC"", ""v"": 21.0}]",Over,0.48333681616771873,0.5093833780160857,0.5002656369434154,1.83,betmgm,-0.08451388439354973,0.0,-0.026046561848366956,
Deebo Samuel,WR,SF,SEA,player_reception_yds,30.5,38.50972837433209,17,,,2,True,00-0035719,2026-10-11T20:25:00Z,"[{""w"": ""W4"", ""opp"": ""DEN"", ""v"": 26.0}, {""w"": ""W3"", ""opp"": ""ARI"", ""v"": 80.0}, {""w"": ""W2"", ""opp"": ""MIA"", ""v"": 31.0}, {""w"": ""W1"", ""opp"": ""LA"", ""v"": 48.0}, {""w"": ""25W18"", ""opp"": ""PHI"", ""v"": 20.0}, {""w"": ""25W17"", ""opp"": ""DAL"", ""v"": 68.0}]",Under,0.45902481725651617,0.5019788918205804,0.48691572558574886,1.88,draftkings,-0.08459843589879223,0.0,-0.04295407456406425,
Rashod Bateman,WR,BAL,ATL,player_receptions,1.5,2.083277253923326,17,,,4,True,00-0036550,2026-10-12T00:20:00Z,"[{""w"": ""W4"", ""opp"": ""TEN"", ""v"": 2.0}, {""w"": ""W3"", ""opp"": ""DAL"", ""v"": 2.0}, {""w"": ""W2"", ""opp"": ""NO"", ""v"": 7.0}, {""w"": ""W1"", ""opp"": ""IND"", ""v"": 0.0}, {""w"": ""25W17"", ""opp"": ""GB"", ""v"": 1.0}, {""w"": ""25W16"", ""opp"": ""NE"", ""v"": 0.0}]",Over,0.5181903794299162,0.5740473540283905,0.5546377464612826,1.65,draftkings,-0.08484771833888372,0.0,-0.055856974598474274,
Rashid Shaheed,WR,SEA,SF,player_reception_yds,18.5,25.655379043122103,17,,,1,True,00-0037545,2026-10-11T20:25:00Z,"[{""w"": ""W4"", ""opp"": ""LAC"", ""v"": 20.0}, {""w"": ""W3"", ""opp"": ""WAS"", ""v"": 14.0}, {""w"": ""W2"", ""opp"": ""ARI"", ""v"": 35.0}, {""w"": ""W1"", ""opp"": ""NE"", ""v"": 4.0}, {""w"": ""25W18"", ""opp"": ""SF"", ""v"": 2.0}, {""w"": ""25W17"", ""opp"": ""CAR"", ""v"": 8.0}]",Under,0.46967145629965174,0.4959785522788204,0.48676106013582193,1.88,betrivers,-0.08488920694465485,0.0,-0.026307095979168638,
Jakobi Meyers,WR,JAX,PHI,player_receptions,3.5,3.5686418608420607,17,,,5,True,00-0034960,2026-10-11T13:30:00Z,"[{""w"": ""W4"", ""opp"": ""CIN"", ""v"": 3.0}, {""w"": ""W3"", ""opp"": ""NE"", ""v"": 7.0}, {""w"": ""W2"", ""opp"": ""DEN"", ""v"": 1.0}, {""w"": ""W1"", ""opp"": ""CLE"", ""v"": 2.0}, {""w"": ""25W18"", ""opp"": ""TEN"", ""v"": 5.0}, {""w"": ""25W17"", ""opp"": ""IND"", ""v"": 6.0}]",Over,0.46242620637796794,0.5159574468085106,0.4972002265337145,1.84,draftkings,-0.08515158317796523,0.0,-0.05353124043054269,
Chris Godwin,WR,TB,DAL,player_reception_yds,29.5,38.40400706025377,13,,,4,True,00-0033921,2026-10-09T00:15:00Z,"[{""w"": ""W4"", ""opp"": ""GB"", ""v"": 31.0}, {""w"": ""W3"", ""opp"": ""MIN"", ""v"": 25.0}, {""w"": ""W2"", ""opp"": ""CLE"", ""v"": 46.0}, {""w"": ""W1"", ""opp"": ""CIN"", ""v"": 40.0}, {""w"": ""25W18"", ""opp"": ""CAR"", ""v"": 8.0}, {""w"": ""25W17"", ""opp"": ""MIA"", ""v"": 108.0}]",Under,0.4542552628653196,0.5,0.48394996098397086,1.89,draftkings,-0.08533457374029518,0.0,-0.04574473713468041,
Ashton Jeanty,RB,LV,NE,player_reception_yds,24.5,33.1990592525822,17,,,1,True,00-0040122,2026-10-11T17:00:00Z,"[{""w"": ""W4"", ""opp"": ""KC"", ""v"": 68.0}, {""w"": ""W3"", ""opp"": ""NO"", ""v"": 37.0}, {""w"": ""W2"", ""opp"": ""LAC"", ""v"": 15.0}, {""w"": ""W1"", ""opp"": ""MIA"", ""v"": 45.0}, {""w"": ""25W18"", ""opp"": ""KC"", ""v"": 7.0}, {""w"": ""25W17"", ""opp"": ""NYG"", ""v"": 13.0}]",Under,0.46056944077105333,0.5,0.48617411331779486,1.88,fanduel,-0.08599266696254576,0.0,-0.03943055922894667,
Aaron Jones,RB,MIN,NO,player_rush_yds,71.5,72.81124816870614,16,,,3,True,00-0033293,2026-10-11T17:00:00Z,"[{""w"": ""W4"", ""opp"": ""MIA"", ""v"": 94.0}, {""w"": ""W3"", ""opp"": ""TB"", ""v"": 58.0}, {""w"": ""W2"", ""opp"": ""CHI"", ""v"": 105.0}, {""w"": ""W1"", ""opp"": ""GB"", ""v"": 40.0}, {""w"": ""25W17"", ""opp"": ""DET"", ""v"": 53.0}, {""w"": ""25W16"", ""opp"": ""NYG"", ""v"": 85.0}]",Over,0.438847528505352,0.5,0.47850220785185343,1.91,draftkings,-0.08606078300295994,0.0,-0.061152471494647975,
Wan'Dale Robinson,WR,TEN,HOU,player_receptions,3.5,4.6530071050903565,17,,,5,True,00-0038117,2026-10-11T17:00:00Z,"[{""w"": ""W4"", ""opp"": ""BAL"", ""v"": 3.0}, {""w"": ""W3"", ""opp"": ""NYG"", ""v"": 7.0}, {""w"": ""W2"", ""opp"": ""PHI"", ""v"": 1.0}, {""w"": ""W1"", ""opp"": ""NYJ"", ""v"": 5.0}, {""w"": ""25W17"", ""opp"": ""LV"", ""v"": 11.0}, {""w"": ""25W16"", ""opp"": ""MIN"", ""v"": 3.0}]",Under,0.3827745497757955,0.4482758620689655,0.4250218524513965,2.15,bovada,-0.08620301722949758,0.0,-0.06550131229317002,
Jonathan Taylor,RB,IND,PIT,player_reception_yds,16.5,19.387257083744238,17,,,1,True,00-0036223,2026-10-11T17:00:00Z,"[{""w"": ""W4"", ""opp"": ""WAS"", ""v"": 2.0}, {""w"": ""W3"", ""opp"": ""HOU"", ""v"": 4.0}, {""w"": ""W2"", ""opp"": ""KC"", ""v"": 40.0}, {""w"": ""W1"", ""opp"": ""BAL"", ""v"": 23.0}, {""w"": ""25W18"", ""opp"": ""HOU"", ""v"": 13.0}, {""w"": ""25W17"", ""opp"": ""JAX"", ""v"": 14.0}]",Over,0.45800719090728126,0.49333333333333335,0.4809434583057175,1.9,betmgm,-0.08620742921913682,0.0,-0.03532614242605209,
Courtland Sutton,WR,DEN,LAC,player_reception_yds,35.5,41.25402963992632,17,,,1,True,00-0034348,2026-10-11T20:05:00Z,"[{""w"": ""W4"", ""opp"": ""SF"", ""v"": 4.0}, {""w"": ""W3"", ""opp"": ""LA"", ""v"": 46.0}, {""w"": ""W2"", ""opp"": ""JAX"", ""v"": 25.0}, {""w"": ""W1"", ""opp"": ""KC"", ""v"": 11.0}, {""w"": ""25W18"", ""opp"": ""LAC"", ""v"": 5.0}, {""w"": ""25W17"", ""opp"": ""KC"", ""v"": 40.0}]",Over,0.4676240190073121,0.4959785522788205,0.48604215961867664,1.88,betrivers,-0.08624073991688802,0.0,-0.028354533271508386,
Jaylin Noel,WR,HOU,TEN,player_reception_yds,16.5,24.633066456452852,17,,,1,True,00-0040138,2026-10-11T17:00:00Z,"[{""w"": ""W4"", ""opp"": ""DAL"", ""v"": 85.0}, {""w"": ""W3"", ""opp"": ""IND"", ""v"": 17.0}, {""w"": ""W2"", ""opp"": ""CIN"", ""v"": 31.0}, {""w"": ""W1"", ""opp"": ""BUF"", ""v"": 53.0}, {""w"": ""25W18"", ""opp"": ""IND"", ""v"": 13.0}, {""w"": ""25W17"", ""opp"": ""LAC"", ""v"": 54.0}]",Over,0.4802181902387802,0.5093833780160857,0.4991726633565231,1.83,betmgm,-0.0865140260575627,0.0,-0.02916518777730548,
Rome Odunze,WR,CHI,GB,player_reception_yds,40.5,52.272716996151146,16,,,2,True,00-0039919,2026-10-11T17:00:00Z,"[{""w"": ""W4"", ""opp"": ""NYJ"", ""v"": 94.0}, {""w"": ""W3"", ""opp"": ""PHI"", ""v"": 44.0}, {""w"": ""W2"", ""opp"": ""MIN"", ""v"": 43.0}, {""w"": ""W1"", ""opp"": ""CAR"", ""v"": 52.0}, {""w"": ""25W13"", ""opp"": ""PHI"", ""v"": 8.0}, {""w"": ""25W12"", ""opp"": ""PIT"", ""v"": 53.0}]",Under,0.4509591650025854,0.5086457466171885,0.4884027235094996,1.87,draftkings,-0.08668690703723564,0.0,-0.057686581614603105,
Darnell Mooney,WR,NYG,WAS,player_reception_yds,18.5,24.95902649377028,17,,,2,True,00-0036309,2026-10-11T17:00:00Z,"[{""w"": ""W4"", ""opp"": ""ARI"", ""v"": 0.0}, {""w"": ""W3"", ""opp"": ""TEN"", ""v"": 20.0}, {""w"": ""W2"", ""opp"": ""LA"", ""v"": 48.0}, {""w"": ""W1"", ""opp"": ""DAL"", ""v"": 27.0}, {""w"": ""25W18"", ""opp"": ""NO"", ""v"": 20.0}, {""w"": ""25W17"", ""opp"": ""LA"", ""v"": 35.0}]",Under,0.4557821551544397,0.5020107238605898,0.48579401995775257,1.88,fanduel,-0.08670724247942518,0.0,-0.04622856870615005,
Courtland Sutton,WR,DEN,LAC,player_reception_yds,37.5,41.25402963992632,17,,,2,True,00-0034348,2026-10-11T20:05:00Z,"[{""w"": ""W4"", ""opp"": ""SF"", ""v"": 4.0}, {""w"": ""W3"", ""opp"": ""LA"", ""v"": 46.0}, {""w"": ""W2"", ""opp"": ""JAX"", ""v"": 25.0}, {""w"": ""W1"", ""opp"": ""KC"", ""v"": 11.0}, {""w"": ""25W18"", ""opp"": ""LAC"", ""v"": 5.0}, {""w"": ""25W17"", ""opp"": ""KC"", ""v"": 40.0}]",Over,0.4415038520976492,0.4980211081794196,0.4781597843350175,1.91,draftkings,-0.08671481192011665,0.0,-0.056517256081770384,
Jaxon Smith-Njigba,WR,SEA,SF,player_reception_yds,93.5,97.75097940129855,17,,,1,True,00-0038543,2026-10-11T20:25:00Z,"[{""w"": ""W4"", ""opp"": ""LAC"", ""v"": 76.0}, {""w"": ""W3"", ""opp"": ""WAS"", ""v"": 128.0}, {""w"": ""W2"", ""opp"": ""ARI"", ""v"": 155.0}, {""w"": ""W1"", ""opp"": ""NE"", ""v"": 122.0}, {""w"": ""25W18"", ""opp"": ""SF"", ""v"": 84.0}, {""w"": ""25W17"", ""opp"": ""CAR"", ""v"": 72.0}]",Over,0.45872316201349006,0.5,0.4855241993467623,1.88,betonlineag,-0.08721450522808699,0.0,-0.04127683798650994,
Harold Fannin Jr.,TE,CLE,NYJ,player_reception_yds,37.5,39.98415624705574,17,,,2,True,00-0040663,2026-10-11T17:00:00Z,"[{""w"": ""W4"", ""opp"": ""PIT"", ""v"": 27.0}, {""w"": ""W3"", ""opp"": ""CAR"", ""v"": 51.0}, {""w"": ""W2"", ""opp"": ""TB"", ""v"": 54.0}, {""w"": ""W1"", ""opp"": ""JAX"", ""v"": 21.0}, {""w"": ""25W17"", ""opp"": ""PIT"", ""v"": 30.0}, {""w"": ""25W16"", ""opp"": ""BUF"", ""v"": 34.0}]",Over,0.45881163669105685,0.49933333333333335,0.48512239044923,1.88,betrivers,-0.08796990595544762,0.0,-0.040521696642276506,
Kyle Monangai,RB,CHI,GB,player_rush_yds,51.5,68.82843363627678,17,,,2,True,00-0040236,2026-10-11T17:00:00Z,"[{""w"": ""W4"", ""opp"": ""NYJ"", ""v"": 146.0}, {""w"": ""W3"", ""opp"": ""PHI"", ""v"": 31.0}, {""w"": ""W2"", ""opp"": ""MIN"", ""v"": 47.0}, {""w"": ""W1"", ""opp"": ""CAR"", ""v"": 100.0}, {""w"": ""25W18"", ""opp"": ""DET"", ""v"": 14.0}, {""w"": ""25W17"", ""opp"": ""SF"", ""v"": 38.0}]",Under,0.4538763271358515,0.5020107238605898,0.4851220593769295,1.88,fanduel,-0.0879705283713727,0.0,-0.04813439672473824,
Jameson Williams,WR,DET,ARI,player_reception_yds,51.5,66.61362455197947,17,,,1,True,00-0037240,2026-10-11T20:25:00Z,"[{""w"": ""W4"", ""opp"": ""CAR"", ""v"": 102.0}, {""w"": ""W3"", ""opp"": ""NYJ"", ""v"": 49.0}, {""w"": ""W2"", ""opp"": ""BUF"", ""v"": 33.0}, {""w"": ""W1"", ""opp"": ""NO"", ""v"": 45.0}, {""w"": ""25W18"", ""opp"": ""CHI"", ""v"": 74.0}, {""w"": ""25W17"", ""opp"": ""MIN"", ""v"": 37.0}]",Under,0.4571146441617066,0.5,0.48495769549001694,1.88,fanduel,-0.08827953247876813,0.0,-0.04288535583829339,
Bucky Irving,RB,TB,DAL,player_reception_yds,11.5,17.092400208763898,14,,,1,True,00-0039361,2026-10-09T00:15:00Z,"[{""w"": ""W4"", ""opp"": ""GB"", ""v"": 0.0}, {""w"": ""W3"", ""opp"": ""MIN"", ""v"": 12.0}, {""w"": ""W2"", ""opp"": ""CLE"", ""v"": 1.0}, {""w"": ""W1"", ""opp"": ""CIN"", ""v"": 48.0}, {""w"": ""25W18"", ""opp"": ""CAR"", ""v"": 13.0}, {""w"": ""25W17"", ""opp"": ""MIA"", ""v"": 14.0}]",Over,0.47736781399753137,0.5093833780160857,0.4981732383930599,1.83,betmgm,-0.08834297374070033,0.0,-0.03201556401855432,
Courtland Sutton,WR,DEN,LAC,player_reception_yds,36.5,41.25402963992632,17,,,2,True,00-0034348,2026-10-11T20:05:00Z,"[{""w"": ""W4"", ""opp"": ""SF"", ""v"": 4.0}, {""w"": ""W3"", ""opp"": ""LA"", ""v"": 46.0}, {""w"": ""W2"", ""opp"": ""JAX"", ""v"": 25.0}, {""w"": ""W1"", ""opp"": ""KC"", ""v"": 11.0}, {""w"": ""25W18"", ""opp"": ""LAC"", ""v"": 5.0}, {""w"": ""25W17"", ""opp"": ""KC"", ""v"": 40.0}]",Over,0.45441841406654004,0.5013297872340425,0.48487101140188565,1.88,fanduel,-0.08844249856445496,0.0,-0.04691137316750249,
Malachi Fields,WR,NYG,WAS,player_reception_yds,27.5,29.132682581708426,4,,,5,True,00-0041042,2026-10-11T17:00:00Z,"[{""w"": ""W4"", ""opp"": ""ARI"", ""v"": 52.0}, {""w"": ""W3"", ""opp"": ""TEN"", ""v"": 19.0}, {""w"": ""W2"", ""opp"": ""LA"", ""v"": 30.0}, {""w"": ""W1"", ""opp"": ""DAL"", ""v"": 25.0}]",Over,0.43506142220900523,0.5,0.47715830314522534,1.91,draftkings,-0.08862764099261966,0.0,-0.06493857779099477,
Ashton Jeanty,RB,LV,NE,player_reception_yds,23.5,33.1990592525822,17,,,5,True,00-0040122,2026-10-11T17:00:00Z,"[{""w"": ""W4"", ""opp"": ""KC"", ""v"": 68.0}, {""w"": ""W3"", ""opp"": ""NO"", ""v"": 37.0}, {""w"": ""W2"", ""opp"": ""LAC"", ""v"": 15.0}, {""w"": ""W1"", ""opp"": ""MIA"", ""v"": 45.0}, {""w"": ""25W18"", ""opp"": ""KC"", ""v"": 7.0}, {""w"": ""25W17"", ""opp"": ""NYG"", ""v"": 13.0}]",Under,0.4419157218675876,0.5,0.47958965333635606,1.9,betmgm,-0.08877965866092352,0.0,-0.058084278132412404,
Jacoby Brissett,QB,ARI,DET,player_pass_yds,271.5,275.7612746316478,17,,,2,True,00-0033119,2026-10-11T20:25:00Z,"[{""w"": ""W4"", ""opp"": ""NYG"", ""v"": 166.0}, {""w"": ""W3"", ""opp"": ""SF"", ""v"": 280.0}, {""w"": ""W2"", ""opp"": ""SEA"", ""v"": 95.0}, {""w"": ""W1"", ""opp"": ""LAC"", ""v"": 277.0}, {""w"": ""25W18"", ""opp"": ""LA"", ""v"": 243.0}, {""w"": ""25W17"", ""opp"": ""CIN"", ""v"": 212.0}]",Over,0.4596221837003399,0.49798927613941024,0.4845348795312529,1.88,betrivers,-0.08907442648124453,0.0,-0.03836709243907033,
Ashton Jeanty,RB,LV,NE,player_rush_yds,63.5,66.51560988243777,17,,,1,True,00-0040122,2026-10-11T17:00:00Z,"[{""w"": ""W4"", ""opp"": ""KC"", ""v"": 58.0}, {""w"": ""W3"", ""opp"": ""NO"", ""v"": 56.0}, {""w"": ""W2"", ""opp"": ""LAC"", ""v"": 48.0}, {""w"": ""W1"", ""opp"": ""MIA"", ""v"": 102.0}, {""w"": ""25W18"", ""opp"": ""KC"", ""v"": 87.0}, {""w"": ""25W17"", ""opp"": ""NYG"", ""v"": 60.0}]",Over,0.4626007753934013,0.5,0.48688878400683616,1.87,betrivers,-0.08951797390721639,0.0,-0.037399224606598724,
Hunter Henry,TE,NE,LV,player_receptions,3.5,3.290709221409526,17,,,6,True,00-0033090,2026-10-11T17:00:00Z,"[{""w"": ""W4"", ""opp"": ""BUF"", ""v"": 5.0}, {""w"": ""W3"", ""opp"": ""JAX"", ""v"": 1.0}, {""w"": ""W2"", ""opp"": ""PIT"", ""v"": 3.0}, {""w"": ""W1"", ""opp"": ""SEA"", ""v"": 3.0}, {""w"": ""25W18"", ""opp"": ""MIA"", ""v"": 5.0}, {""w"": ""25W17"", ""opp"": ""NYJ"", ""v"": 3.0}]",Over,0.41508624866030114,0.5339265751464473,0.4920762926701226,1.85,betmgm,-0.08965885856027322,0.0,-0.11884032648614612,
Bo Nix,QB,DEN,LAC,player_pass_yds,223.5,224.84996172312015,17,,,2,True,00-0039732,2026-10-11T20:05:00Z,"[{""w"": ""W4"", ""opp"": ""SF"", ""v"": 214.0}, {""w"": ""W3"", ""opp"": ""LA"", ""v"": 186.0}, {""w"": ""W2"", ""opp"": ""JAX"", ""v"": 288.0}, {""w"": ""W1"", ""opp"": ""KC"", ""v"": 131.0}, {""w"": ""25W18"", ""opp"": ""LAC"", ""v"": 141.0}, {""w"": ""25W17"", ""opp"": ""KC"", ""v"": 182.0}]",Over,0.45488769125082396,0.5,0.4841729266029345,1.88,betonlineag,-0.08975489798648328,0.0,-0.045112308749176044,
Mark Andrews,TE,BAL,ATL,player_reception_yds,31.5,32.88434881761315,17,,,1,True,00-0034753,2026-10-12T00:20:00Z,"[{""w"": ""W4"", ""opp"": ""TEN"", ""v"": 27.0}, {""w"": ""W3"", ""opp"": ""DAL"", ""v"": 24.0}, {""w"": ""W2"", ""opp"": ""NO"", ""v"": 49.0}, {""w"": ""W1"", ""opp"": ""IND"", ""v"": 49.0}, {""w"": ""25W18"", ""opp"": ""PIT"", ""v"": 14.0}, {""w"": ""25W17"", ""opp"": ""GB"", ""v"": 28.0}]",Over,0.4525393248782038,0.49333333333333335,0.4790173431409755,1.9,betmgm,-0.08986704803214668,0.0,-0.04079400845512954,
Davante Adams,WR,LA,BUF,player_reception_yds,61.5,85.95271091610613,17,,,1,True,00-0031381,2026-10-13T00:15:00Z,"[{""w"": ""W4"", ""opp"": ""PHI"", ""v"": 32.0}, {""w"": ""W3"", ""opp"": ""DEN"", ""v"": 137.0}, {""w"": ""W2"", ""opp"": ""NYG"", ""v"": 195.0}, {""w"": ""W1"", ""opp"": ""SF"", ""v"": 26.0}, {""w"": ""25W15"", ""opp"": ""DET"", ""v"": 71.0}, {""w"": ""25W14"", ""opp"": ""ARI"", ""v"": 29.0}]",Under,0.4619161603629157,0.5,0.4866479643995876,1.87,betmgm,-0.08996830657277116,0.0,-0.03808383963708428,
Puka Nacua,WR,LA,BUF,player_reception_yds,90.5,112.10675910673201,17,,,1,True,00-0039075,2026-10-13T00:15:00Z,"[{""w"": ""W4"", ""opp"": ""PHI"", ""v"": 125.0}, {""w"": ""W1"", ""opp"": ""SF"", ""v"": 74.0}, {""w"": ""25W18"", ""opp"": ""ARI"", ""v"": 76.0}, {""w"": ""25W17"", ""opp"": ""ATL"", ""v"": 47.0}, {""w"": ""25W16"", ""opp"": ""SEA"", ""v"": 225.0}, {""w"": ""25W15"", ""opp"": ""DET"", ""v"": 181.0}]",Under,0.4617301234271467,0.5,0.48658251657818,1.87,betmgm,-0.09009069399880326,0.0,-0.0382698765728533,
Woody Marks,RB,HOU,TEN,player_receptions,1.5,1.5529223667528833,17,,,3,True,00-0040583,2026-10-11T17:00:00Z,"[{""w"": ""W4"", ""opp"": ""DAL"", ""v"": 0.0}, {""w"": ""W3"", ""opp"": ""IND"", ""v"": 1.0}, {""w"": ""W2"", ""opp"": ""CIN"", ""v"": 5.0}, {""w"": ""W1"", ""opp"": ""BUF"", ""v"": 1.0}, {""w"": ""25W18"", ""opp"": ""IND"", ""v"": 2.0}, {""w"": ""25W17"", ""opp"": ""LAC"", ""v"": 1.0}]",Over,0.42293745820836004,0.47200000000000003,0.4547168058249346,2.0,betmgm,-0.0905663883501307,0.0,-0.04906254179163999,
Bucky Irving,RB,TB,DAL,player_rush_yds,51.5,60.937884923659915,14,,,4,True,00-0039361,2026-10-09T00:15:00Z,"[{""w"": ""W4"", ""opp"": ""GB"", ""v"": 61.0}, {""w"": ""W3"", ""opp"": ""MIN"", ""v"": 46.0}, {""w"": ""W2"", ""opp"": ""CLE"", ""v"": 89.0}, {""w"": ""W1"", ""opp"": ""CIN"", ""v"": 45.0}, {""w"": ""25W18"", ""opp"": ""CAR"", ""v"": 85.0}, {""w"": ""25W17"", ""opp"": ""MIA"", ""v"": 19.0}]",Under,0.4333678172959188,0.49537205973165677,0.47355564014538665,1.92,draftkings,-0.09077317092085768,0.0,-0.06200424243573799,
Puka Nacua,WR,LA,BUF,player_receptions,7.5,7.869533375816585,17,,,4,True,00-0039075,2026-10-13T00:15:00Z,"[{""w"": ""W4"", ""opp"": ""PHI"", ""v"": 9.0}, {""w"": ""W1"", ""opp"": ""SF"", ""v"": 5.0}, {""w"": ""25W18"", ""opp"": ""ARI"", ""v"": 10.0}, {""w"": ""25W17"", ""opp"": ""ATL"", ""v"": 5.0}, {""w"": ""25W16"", ""opp"": ""SEA"", ""v"": 12.0}, {""w"": ""25W15"", ""opp"": ""DET"", ""v"": 9.0}]",Under,0.49099768225257995,0.5533606443549507,0.5316235845200078,1.71,draftkings,-0.09092367047078664,0.0,-0.062362962102370745,
Christian McCaffrey,RB,SF,SEA,player_rush_yds,52.5,61.78519162506573,17,,,1,True,00-0033280,2026-10-11T20:25:00Z,"[{""w"": ""W4"", ""opp"": ""DEN"", ""v"": 52.0}, {""w"": ""W3"", ""opp"": ""ARI"", ""v"": 75.0}, {""w"": ""W2"", ""opp"": ""MIA"", ""v"": 23.0}, {""w"": ""W1"", ""opp"": ""LA"", ""v"": 68.0}, {""w"": ""25W18"", ""opp"": ""SEA"", ""v"": 23.0}, {""w"": ""25W17"", ""opp"": ""CHI"", ""v"": 140.0}]",Under,0.4756536626838192,0.5080645161290321,0.49671447520643025,1.83,betrivers,-0.09101251037223257,0.0,-0.03241085344521294,
Justin Herbert,QB,LAC,DEN,player_pass_yds,199.5,199.65843890099367,17,,,5,True,00-0036355,2026-10-11T20:05:00Z,"[{""w"": ""W4"", ""opp"": ""SEA"", ""v"": 189.0}, {""w"": ""W3"", ""opp"": ""BUF"", ""v"": 226.0}, {""w"": ""W2"", ""opp"": ""LV"", ""v"": 192.0}, {""w"": ""W1"", ""opp"": ""ARI"", ""v"": 209.0}, {""w"": ""25W17"", ""opp"": ""HOU"", ""v"": 236.0}, {""w"": ""25W16"", ""opp"": ""DAL"", ""v"": 300.0}]",Over,0.4528026212220456,0.5,0.4834376513728103,1.88,betonlineag,-0.09113721541911673,0.0,-0.04719737877795438,
Gunnar Helm,TE,TEN,HOU,player_reception_yds,17.5,18.32179940485757,17,,,2,True,00-0040584,2026-10-11T17:00:00Z,"[{""w"": ""W4"", ""opp"": ""BAL"", ""v"": 5.0}, {""w"": ""W3"", ""opp"": ""NYG"", ""v"": 14.0}, {""w"": ""W2"", ""opp"": ""PHI"", ""v"": 13.0}, {""w"": ""W1"", ""opp"": ""NYJ"", ""v"": 28.0}, {""w"": ""25W17"", ""opp"": ""NO"", ""v"": 1.0}, {""w"": ""25W16"", ""opp"": ""KC"", ""v"": 9.0}]",Over,0.4269873680384495,0.49470899470899476,0.47085537669026406,1.93,draftkings,-0.09124912298779031,0.0,-0.06772162667054527,
Jake Ferguson,TE,DAL,TB,player_reception_yds,25.5,28.853082868302256,17,,,1,True,00-0038041,2026-10-09T00:15:00Z,"[{""w"": ""W4"", ""opp"": ""HOU"", ""v"": 11.0}, {""w"": ""W3"", ""opp"": ""BAL"", ""v"": 23.0}, {""w"": ""W2"", ""opp"": ""WAS"", ""v"": 43.0}, {""w"": ""W1"", ""opp"": ""NYG"", ""v"": 6.0}, {""w"": ""25W18"", ""opp"": ""NYG"", ""v"": 5.0}, {""w"": ""25W17"", ""opp"": ""WAS"", ""v"": 6.0}]",Over,0.4673828702819146,0.5040214477211796,0.49118268106292545,1.85,betrivers,-0.09131204003358795,0.0,-0.03663857743926502,
D'Andre Swift,RB,CHI,GB,player_rush_yds,61.5,73.25816850803986,17,,,2,True,00-0036275,2026-10-11T17:00:00Z,"[{""w"": ""W4"", ""opp"": ""NYJ"", ""v"": 58.0}, {""w"": ""W3"", ""opp"": ""PHI"", ""v"": 84.0}, {""w"": ""W2"", ""opp"": ""MIN"", ""v"": 45.0}, {""w"": ""W1"", ""opp"": ""CAR"", ""v"": 124.0}, {""w"": ""25W18"", ""opp"": ""DET"", ""v"": 40.0}, {""w"": ""25W17"", ""opp"": ""SF"", ""v"": 54.0}]",Under,0.45248751510194596,0.5,0.48332648893059477,1.88,betonlineag,-0.09134620081048184,0.0,-0.04751248489805404,
Derrick Henry,RB,BAL,ATL,player_rush_yds,85.5,89.25062818598006,17,,,2,True,00-0032764,2026-10-12T00:20:00Z,"[{""w"": ""W4"", ""opp"": ""TEN"", ""v"": 73.0}, {""w"": ""W3"", ""opp"": ""DAL"", ""v"": 89.0}, {""w"": ""W2"", ""opp"": ""NO"", ""v"": 68.0}, {""w"": ""W1"", ""opp"": ""IND"", ""v"": 144.0}, {""w"": ""25W18"", ""opp"": ""PIT"", ""v"": 126.0}, {""w"": ""25W17"", ""opp"": ""GB"", ""v"": 216.0}]",Over,0.4594779311513517,0.5,0.4857899292261261,1.87,betmgm,-0.09157283234714414,0.0,-0.040522068848648285,
Jakobi Meyers,WR,JAX,PHI,player_reception_yds,41.5,43.096800491761606,17,,,3,True,00-0034960,2026-10-11T13:30:00Z,"[{""w"": ""W4"", ""opp"": ""CIN"", ""v"": 33.0}, {""w"": ""W3"", ""opp"": ""NE"", ""v"": 64.0}, {""w"": ""W2"", ""opp"": ""DEN"", ""v"": 28.0}, {""w"": ""W1"", ""opp"": ""CLE"", ""v"": 40.0}, {""w"": ""25W18"", ""opp"": ""TEN"", ""v"": 44.0}, {""w"": ""25W17"", ""opp"": ""IND"", ""v"": 39.0}]",Over,0.4515894355438008,0.5,0.4830096014673774,1.88,draftkings,-0.09194194924133042,0.0,-0.04841056445619918,
Kirk Cousins,QB,LV,NE,player_pass_yds,228.5,230.72299770852962,14,,,2,True,00-0029604,2026-10-11T17:00:00Z,"[{""w"": ""W4"", ""opp"": ""KC"", ""v"": 365.0}, {""w"": ""W3"", ""opp"": ""NO"", ""v"": 248.0}, {""w"": ""W2"", ""opp"": ""LAC"", ""v"": 253.0}, {""w"": ""W1"", ""opp"": ""MIA"", ""v"": 160.0}, {""w"": ""25W18"", ""opp"": ""NO"", ""v"": 180.0}, {""w"": ""25W17"", ""opp"": ""LA"", ""v"": 126.0}]",Over,0.45153512386135175,0.5,0.4829904344735825,1.88,betonlineag,-0.09197798318966499,0.0,-0.04846487613864825,
Jameson Williams,WR,DET,ARI,player_receptions,3.5,4.296663186011111,17,,,6,True,00-0037240,2026-10-11T20:25:00Z,"[{""w"": ""W4"", ""opp"": ""CAR"", ""v"": 6.0}, {""w"": ""W3"", ""opp"": ""NYJ"", ""v"": 4.0}, {""w"": ""W2"", ""opp"": ""BUF"", ""v"": 2.0}, {""w"": ""W1"", ""opp"": ""NO"", ""v"": 4.0}, {""w"": ""25W18"", ""opp"": ""CHI"", ""v"": 6.0}, {""w"": ""25W17"", ""opp"": ""MIN"", ""v"": 2.0}]",Under,0.3954338075888262,0.4689794778723998,0.4429145463975117,2.05,bovada,-0.09202517988510106,0.0,-0.07354567028357362,
Bo Nix,QB,DEN,LAC,player_rush_yds,14.5,16.185857972215043,17,,,4,True,00-0039732,2026-10-11T20:05:00Z,"[{""w"": ""W4"", ""opp"": ""SF"", ""v"": 10.0}, {""w"": ""W3"", ""opp"": ""LA"", ""v"": 7.0}, {""w"": ""W2"", ""opp"": ""JAX"", ""v"": 6.0}, {""w"": ""W1"", ""opp"": ""KC"", ""v"": 2.0}, {""w"": ""25W18"", ""opp"": ""LAC"", ""v"": 49.0}, {""w"": ""25W17"", ""opp"": ""KC"", ""v"": 42.0}]",Over,0.42826726388705805,0.49337920747495223,0.4704498438109343,1.93,draftkings,-0.09203180144489675,0.0,-0.06511194358789418,
Jaxon Smith-Njigba,WR,SEA,SF,player_reception_yds,94.5,97.75097940129855,17,,,2,True,00-0038543,2026-10-11T20:25:00Z,"[{""w"": ""W4"", ""opp"": ""LAC"", ""v"": 76.0}, {""w"": ""W3"", ""opp"": ""WAS"", ""v"": 128.0}, {""w"": ""W2"", ""opp"": ""ARI"", ""v"": 155.0}, {""w"": ""W1"", ""opp"": ""NE"", ""v"": 122.0}, {""w"": ""25W18"", ""opp"": ""SF"", ""v"": 84.0}, {""w"": ""25W17"", ""opp"": ""CAR"", ""v"": 72.0}]",Over,0.45118109186123945,0.5,0.48286548518985645,1.88,fanduel,-0.09221288784306997,0.0,-0.04881890813876055,
Kalif Raymond,WR,CHI,GB,player_receptions,3.5,3.1292720439461563,17,,,6,True,00-0032464,2026-10-11T17:00:00Z,"[{""w"": ""W4"", ""opp"": ""NYJ"", ""v"": 2.0}, {""w"": ""W3"", ""opp"": ""PHI"", ""v"": 6.0}, {""w"": ""W2"", ""opp"": ""MIN"", ""v"": 5.0}, {""w"": ""W1"", ""opp"": ""CAR"", ""v"": 8.0}, {""w"": ""25W18"", ""opp"": ""CHI"", ""v"": 3.0}, {""w"": ""25W17"", ""opp"": ""MIN"", ""v"": 1.0}]",Over,0.36571942947402947,0.4297577821362282,0.4069557932879661,2.23,draftkings,-0.09248858096783552,0.0,-0.0640383526621987,
Rome Odunze,WR,CHI,GB,player_receptions,3.5,3.719428695607524,16,,,5,True,00-0039919,2026-10-11T17:00:00Z,"[{""w"": ""W4"", ""opp"": ""NYJ"", ""v"": 6.0}, {""w"": ""W3"", ""opp"": ""PHI"", ""v"": 3.0}, {""w"": ""W2"", ""opp"": ""MIN"", ""v"": 3.0}, {""w"": ""W1"", ""opp"": ""CAR"", ""v"": 2.0}, {""w"": ""25W13"", ""opp"": ""PHI"", ""v"": 2.0}, {""w"": ""25W12"", ""opp"": ""PIT"", ""v"": 3.0}]",Under,0.5009729491706802,0.5912596401028277,0.5600403828622069,1.62,betmgm,-0.09273457976322474,0.0,-0.09028669093214747,
Sam LaPorta,TE,DET,ARI,player_reception_yds,50.5,63.3999791483144,13,,,2,True,00-0039065,2026-10-11T20:25:00Z,"[{""w"": ""W4"", ""opp"": ""CAR"", ""v"": 84.0}, {""w"": ""W3"", ""opp"": ""NYJ"", ""v"": 44.0}, {""w"": ""W2"", ""opp"": ""BUF"", ""v"": 52.0}, {""w"": ""W1"", ""opp"": ""NO"", ""v"": 48.0}, {""w"": ""25W10"", ""opp"": ""WAS"", ""v"": 53.0}, {""w"": ""25W9"", ""opp"": ""MIN"", ""v"": 97.0}]",Under,0.4325186973592638,0.49802110817941947,0.47497120400362774,1.91,draftkings,-0.09280500035307099,0.0,-0.06550241082015568,
KC Concepcion,WR,CLE,NYJ,player_reception_yds,41.5,44.09480559680307,4,,,3,True,00-0041547,2026-10-11T17:00:00Z,"[{""w"": ""W4"", ""opp"": ""PIT"", ""v"": 64.0}, {""w"": ""W3"", ""opp"": ""CAR"", ""v"": 9.0}, {""w"": ""W2"", ""opp"": ""TB"", ""v"": 28.0}, {""w"": ""W1"", ""opp"": ""JAX"", ""v"": 43.0}]",Over,0.4339488740801223,0.49340369393139843,0.4724861771043506,1.92,draftkings,-0.0928265399596469,0.0,-0.05945481985127615,
Kyler Murray,QB,MIN,NO,player_rush_yds,16.5,18.16582401732477,8,,,3,True,00-0035228,2026-10-11T17:00:00Z,"[{""w"": ""W4"", ""opp"": ""MIA"", ""v"": 16.0}, {""w"": ""W3"", ""opp"": ""TB"", ""v"": 17.0}, {""w"": ""W1"", ""opp"": ""GB"", ""v"": 9.0}, {""w"": ""25W5"", ""opp"": ""TEN"", ""v"": 25.0}, {""w"": ""25W4"", ""opp"": ""SEA"", ""v"": 41.0}, {""w"": ""25W3"", ""opp"": ""SF"", ""v"": 37.0}]",Over,0.45034690008899403,0.5079365079365078,0.4877255770965288,1.86,betonlineag,-0.09283042660045643,0.0,-0.05758960784751377,
Devaughn Vele,WR,NO,MIN,player_receptions,3.5,4.22737323829951,13,,,5,True,00-0039424,2026-10-11T17:00:00Z,"[{""w"": ""W4"", ""opp"": ""ATL"", ""v"": 6.0}, {""w"": ""W3"", ""opp"": ""LV"", ""v"": 3.0}, {""w"": ""W2"", ""opp"": ""BAL"", ""v"": 5.0}, {""w"": ""W1"", ""opp"": ""DET"", ""v"": 7.0}, {""w"": ""25W15"", ""opp"": ""CAR"", ""v"": 5.0}, {""w"": ""25W14"", ""opp"": ""TB"", ""v"": 3.0}]",Under,0.41340294943462064,0.46825396825396826,0.4488987382398553,2.02,draftkings,-0.0932245487554923,0.0,-0.05485101881934762,
D'Andre Swift,RB,CHI,GB,player_rush_yds,60.5,73.25816850803986,17,,,3,True,00-0036275,2026-10-11T17:00:00Z,"[{""w"": ""W4"", ""opp"": ""NYJ"", ""v"": 58.0}, {""w"": ""W3"", ""opp"": ""PHI"", ""v"": 84.0}, {""w"": ""W2"", ""opp"": ""MIN"", ""v"": 45.0}, {""w"": ""W1"", ""opp"": ""CAR"", ""v"": 124.0}, {""w"": ""25W18"", ""opp"": ""DET"", ""v"": 40.0}, {""w"": ""25W17"", ""opp"": ""SF"", ""v"": 54.0}]",Under,0.44153920331491464,0.5039577836411608,0.4820250717611086,1.88,draftkings,-0.09379286508911594,0.0,-0.0624185803262462,
Tyler Shough,QB,NO,MIN,player_pass_yds,239.5,265.85155144901853,15,,,3,True,00-0040743,2026-10-11T17:00:00Z,"[{""w"": ""W4"", ""opp"": ""ATL"", ""v"": 286.0}, {""w"": ""W3"", ""opp"": ""LV"", ""v"": 255.0}, {""w"": ""W2"", ""opp"": ""BAL"", ""v"": 252.0}, {""w"": ""W1"", ""opp"": ""DET"", ""v"": 410.0}, {""w"": ""25W18"", ""opp"": ""ATL"", ""v"": 259.0}, {""w"": ""25W17"", ""opp"": ""TEN"", ""v"": 333.0}]",Under,0.44154634952095395,0.5,0.47945881286010594,1.89,betonlineag,-0.0938228436943998,0.0,-0.05845365047904605,
Roman Wilson,WR,PIT,IND,player_reception_yds,34.5,38.3921618334295,13,,,1,True,00-0039739,2026-10-11T17:00:00Z,"[{""w"": ""W4"", ""opp"": ""CLE"", ""v"": 74.0}, {""w"": ""W3"", ""opp"": ""CIN"", ""v"": 60.0}, {""w"": ""W2"", ""opp"": ""NE"", ""v"": 28.0}, {""w"": ""W1"", ""opp"": ""ATL"", ""v"": 26.0}, {""w"": ""25W13"", ""opp"": ""BUF"", ""v"": 0.0}, {""w"": ""25W12"", ""opp"": ""CHI"", ""v"": 0.0}]",Over,0.4481476346644825,0.5,0.48179424142562294,1.88,betonlineag,-0.09422682611982897,0.0,-0.051852365335517514,
Aaron Jones,RB,MIN,NO,player_reception_yds,18.5,19.81232695254021,16,,,5,True,00-0033293,2026-10-11T17:00:00Z,"[{""w"": ""W4"", ""opp"": ""MIA"", ""v"": 34.0}, {""w"": ""W3"", ""opp"": ""TB"", ""v"": 34.0}, {""w"": ""W2"", ""opp"": ""CHI"", ""v"": 0.0}, {""w"": ""W1"", ""opp"": ""GB"", ""v"": 0.0}, {""w"": ""25W17"", ""opp"": ""DET"", ""v"": 10.0}, {""w"": ""25W16"", ""opp"": ""NYG"", ""v"": 8.0}]",Over,0.41983669896979015,0.5,0.4717288538822618,1.92,draftkings,-0.09428060054605736,0.0,-0.08016330103020985,
Trevor Lawrence,QB,JAX,PHI,player_rush_yds,13.5,15.823731857512445,17,,,2,True,00-0036971,2026-10-11T13:30:00Z,"[{""w"": ""W4"", ""opp"": ""CIN"", ""v"": 0.0}, {""w"": ""W3"", ""opp"": ""NE"", ""v"": 25.0}, {""w"": ""W2"", ""opp"": ""DEN"", ""v"": 6.0}, {""w"": ""W1"", ""opp"": ""CLE"", ""v"": 3.0}, {""w"": ""25W18"", ""opp"": ""TEN"", ""v"": 11.0}, {""w"": ""25W17"", ""opp"": ""IND"", ""v"": 26.0}]",Over,0.4479811517943214,0.5,0.4817354152340992,1.88,betonlineag,-0.09433741935989365,0.0,-0.05201884820567859,
Chris Olave,WR,NO,MIN,player_reception_yds,79.5,96.54662389577994,17,,,1,True,00-0037239,2026-10-11T17:00:00Z,"[{""w"": ""W4"", ""opp"": ""ATL"", ""v"": 116.0}, {""w"": ""W3"", ""opp"": ""LV"", ""v"": 107.0}, {""w"": ""W2"", ""opp"": ""BAL"", ""v"": 86.0}, {""w"": ""W1"", ""opp"": ""DET"", ""v"": 182.0}, {""w"": ""25W17"", ""opp"": ""TEN"", ""v"": 119.0}, {""w"": ""25W16"", ""opp"": ""NYJ"", ""v"": 148.0}]",Under,0.4478086270104951,0.5,0.4816744503384001,1.88,betonlineag,-0.09445203336380786,0.0,-0.05219137298950488,
Marvin Harrison Jr.,WR,ARI,DET,player_reception_yds,33.5,36.790675993050996,16,,,2,True,00-0039849,2026-10-11T20:25:00Z,"[{""w"": ""W4"", ""opp"": ""NYG"", ""v"": 12.0}, {""w"": ""W3"", ""opp"": ""SF"", ""v"": 40.0}, {""w"": ""W2"", ""opp"": ""SEA"", ""v"": 0.0}, {""w"": ""W1"", ""opp"": ""LAC"", ""v"": 33.0}, {""w"": ""25W17"", ""opp"": ""CIN"", ""v"": 0.0}, {""w"": ""25W16"", ""opp"": ""ATL"", ""v"": 14.0}]",Over,0.4300850721636016,0.4980211081794196,0.4741052959960425,1.91,draftkings,-0.0944588846475588,0.0,-0.06793603601581799,
Cam Skattebo,RB,NYG,WAS,player_rush_yds,56.5,58.04643894374816,12,,,1,True,00-0040715,2026-10-11T17:00:00Z,"[{""w"": ""W4"", ""opp"": ""ARI"", ""v"": 58.0}, {""w"": ""W3"", ""opp"": ""TEN"", ""v"": 60.0}, {""w"": ""W2"", ""opp"": ""LA"", ""v"": 36.0}, {""w"": ""W1"", ""opp"": ""DAL"", ""v"": 81.0}, {""w"": ""25W8"", ""opp"": ""PHI"", ""v"": 12.0}, {""w"": ""25W7"", ""opp"": ""DEN"", ""v"": 60.0}]",Over,0.4477398178616785,0.5,0.4816501342385124,1.88,fanduel,-0.09449774763159674,0.0,-0.05226018213832151,
Jake Ferguson,TE,DAL,TB,player_reception_yds,26.5,28.853082868302256,17,,,2,True,00-0038041,2026-10-09T00:15:00Z,"[{""w"": ""W4"", ""opp"": ""HOU"", ""v"": 11.0}, {""w"": ""W3"", ""opp"": ""BAL"", ""v"": 23.0}, {""w"": ""W2"", ""opp"": ""WAS"", ""v"": 43.0}, {""w"": ""W1"", ""opp"": ""NYG"", ""v"": 6.0}, {""w"": ""25W18"", ""opp"": ""NYG"", ""v"": 5.0}, {""w"": ""25W17"", ""opp"": ""WAS"", ""v"": 6.0}]",Over,0.44745451714540063,0.5,0.4815493067048219,1.88,betonlineag,-0.09468730339493492,0.0,-0.05254548285459937,
Justin Herbert,QB,LAC,DEN,player_pass_yds,200.5,199.65843890099367,17,,,1,True,00-0036355,2026-10-11T20:05:00Z,"[{""w"": ""W4"", ""opp"": ""SEA"", ""v"": 189.0}, {""w"": ""W3"", ""opp"": ""BUF"", ""v"": 226.0}, {""w"": ""W2"", ""opp"": ""LV"", ""v"": 192.0}, {""w"": ""W1"", ""opp"": ""ARI"", ""v"": 209.0}, {""w"": ""25W17"", ""opp"": ""HOU"", ""v"": 236.0}, {""w"": ""25W16"", ""opp"": ""DAL"", ""v"": 300.0}]",Over,0.4473408015447706,0.5,0.48150911572456706,1.88,fanduel,-0.09476286243781401,0.0,-0.05265919845522937,
Tyler Warren,TE,IND,PIT,player_receptions,5.5,4.736023618841058,17,,,6,True,00-0040128,2026-10-11T17:00:00Z,"[{""w"": ""W4"", ""opp"": ""WAS"", ""v"": 5.0}, {""w"": ""W3"", ""opp"": ""HOU"", ""v"": 9.0}, {""w"": ""W2"", ""opp"": ""KC"", ""v"": 6.0}, {""w"": ""W1"", ""opp"": ""BAL"", ""v"": 3.0}, {""w"": ""25W18"", ""opp"": ""HOU"", ""v"": 5.0}, {""w"": ""25W17"", ""opp"": ""JAX"", ""v"": 5.0}]",Over,0.3402744572541981,0.45153154805575935,0.4114099131512662,2.2,betonlineag,-0.09489819106721431,0.0,-0.11125709080156126,
Jayden Daniels,QB,WAS,NYG,player_rush_yds,30.5,33.03894099188489,9,,,4,True,00-0039910,2026-10-11T17:00:00Z,"[{""w"": ""W2"", ""opp"": ""DAL"", ""v"": 69.0}, {""w"": ""W1"", ""opp"": ""PHI"", ""v"": 31.0}, {""w"": ""25W14"", ""opp"": ""MIN"", ""v"": 16.0}, {""w"": ""25W9"", ""opp"": ""SEA"", ""v"": 51.0}, {""w"": ""25W7"", ""opp"": ""DAL"", ""v"": 35.0}, {""w"": ""25W6"", ""opp"": ""CHI"", ""v"": 52.0}]",Over,0.4398399320477504,0.5,0.4788540962116738,1.89,draftkings,-0.09496575815993652,0.0,-0.060160067952249596,
Kirk Cousins,QB,LV,NE,player_pass_yds,231.5,230.72299770852962,14,,,2,True,00-0029604,2026-10-11T17:00:00Z,"[{""w"": ""W4"", ""opp"": ""KC"", ""v"": 365.0}, {""w"": ""W3"", ""opp"": ""NO"", ""v"": 248.0}, {""w"": ""W2"", ""opp"": ""LAC"", ""v"": 253.0}, {""w"": ""W1"", ""opp"": ""MIA"", ""v"": 160.0}, {""w"": ""25W18"", ""opp"": ""NO"", ""v"": 180.0}, {""w"": ""25W17"", ""opp"": ""LA"", ""v"": 126.0}]",Over,0.4396364776851759,0.5,0.47878196724212424,1.89,draftkings,-0.09510208191238517,0.0,-0.060363522314824114,
Tony Pollard,RB,TEN,HOU,player_rush_yds,48.5,58.36386892253474,17,,,1,True,00-0035261,2026-10-11T17:00:00Z,"[{""w"": ""W4"", ""opp"": ""BAL"", ""v"": 48.0}, {""w"": ""W3"", ""opp"": ""NYG"", ""v"": 74.0}, {""w"": ""W2"", ""opp"": ""PHI"", ""v"": 64.0}, {""w"": ""W1"", ""opp"": ""NYJ"", ""v"": 35.0}, {""w"": ""25W18"", ""opp"": ""JAX"", ""v"": 48.0}, {""w"": ""25W17"", ""opp"": ""NO"", ""v"": 85.0}]",Under,0.4540193500628628,0.5,0.4838667771530249,1.87,betmgm,-0.09516912672384331,0.0,-0.045980649937137186,
Jaylin Noel,WR,HOU,TEN,player_receptions,1.5,1.6101868646080493,17,,,2,True,00-0040138,2026-10-11T17:00:00Z,"[{""w"": ""W4"", ""opp"": ""DAL"", ""v"": 3.0}, {""w"": ""W3"", ""opp"": ""IND"", ""v"": 2.0}, {""w"": ""W2"", ""opp"": ""CIN"", ""v"": 1.0}, {""w"": ""W1"", ""opp"": ""BUF"", ""v"": 2.0}, {""w"": ""25W18"", ""opp"": ""IND"", ""v"": 1.0}, {""w"": ""25W17"", ""opp"": ""LAC"", ""v"": 3.0}]",Over,0.47834364441620586,0.5423292273236282,0.5199848909597286,1.74,draftkings,-0.0952262897300723,0.0,-0.06398558290742234,
Juwan Johnson,TE,NO,MIN,player_reception_yds,42.5,50.65653969084659,17,,,3,True,00-0036040,2026-10-11T17:00:00Z,"[{""w"": ""W4"", ""opp"": ""ATL"", ""v"": 59.0}, {""w"": ""W3"", ""opp"": ""LV"", ""v"": 53.0}, {""w"": ""W2"", ""opp"": ""BAL"", ""v"": 66.0}, {""w"": ""W1"", ""opp"": ""DET"", ""v"": 54.0}, {""w"": ""25W18"", ""opp"": ""ATL"", ""v"": 61.0}, {""w"": ""25W17"", ""opp"": ""TEN"", ""v"": 95.0}]",Under,0.446189278894563,0.5,0.4811020313971984,1.88,betonlineag,-0.09552818097326699,0.0,-0.053810721105437,
Darnell Mooney,WR,NYG,WAS,player_reception_yds,17.5,24.95902649377028,17,,,3,True,00-0036309,2026-10-11T17:00:00Z,"[{""w"": ""W4"", ""opp"": ""ARI"", ""v"": 0.0}, {""w"": ""W3"", ""opp"": ""TEN"", ""v"": 20.0}, {""w"": ""W2"", ""opp"": ""LA"", ""v"": 48.0}, {""w"": ""W1"", ""opp"": ""DAL"", ""v"": 27.0}, {""w"": ""25W18"", ""opp"": ""NO"", ""v"": 20.0}, {""w"": ""25W17"", ""opp"": ""LA"", ""v"": 35.0}]",Under,0.43030707724679146,0.48930481283422467,0.4685363374632807,1.93,betonlineag,-0.09572486869586827,0.0,-0.05899773558743321,
D'Andre Swift,RB,CHI,GB,player_receptions,2.5,1.9976627388698869,17,,,4,True,00-0036275,2026-10-11T17:00:00Z,"[{""w"": ""W4"", ""opp"": ""NYJ"", ""v"": 2.0}, {""w"": ""W3"", ""opp"": ""PHI"", ""v"": 2.0}, {""w"": ""W2"", ""opp"": ""MIN"", ""v"": 5.0}, {""w"": ""W1"", ""opp"": ""CAR"", ""v"": 1.0}, {""w"": ""25W18"", ""opp"": ""DET"", ""v"": 1.0}, {""w"": ""25W17"", ""opp"": ""SF"", ""v"": 2.0}]",Over,0.3225496919865865,0.38812668618701174,0.36456535765193077,2.48,fanduel,-0.09587791302321169,0.0,-0.06557699420042523,
Kalif Raymond,WR,CHI,GB,player_reception_yds,30.5,36.646262001644814,17,,,1,True,00-0032464,2026-10-11T17:00:00Z,"[{""w"": ""W4"", ""opp"": ""NYJ"", ""v"": 6.0}, {""w"": ""W3"", ""opp"": ""PHI"", ""v"": 90.0}, {""w"": ""W2"", ""opp"": ""MIN"", ""v"": 40.0}, {""w"": ""W1"", ""opp"": ""CAR"", ""v"": 84.0}, {""w"": ""25W18"", ""opp"": ""CHI"", ""v"": 52.0}, {""w"": ""25W17"", ""opp"": ""MIN"", ""v"": 5.0}]",Over,0.45269302957874935,0.5,0.48339899120621205,1.87,betmgm,-0.0960438864443835,0.0,-0.04730697042125065,
Dalton Schultz,TE,HOU,TEN,player_reception_yds,36.5,41.6521080936423,17,,,1,True,00-0034383,2026-10-11T17:00:00Z,"[{""w"": ""W4"", ""opp"": ""DAL"", ""v"": 9.0}, {""w"": ""W3"", ""opp"": ""IND"", ""v"": 30.0}, {""w"": ""W2"", ""opp"": ""CIN"", ""v"": 140.0}, {""w"": ""W1"", ""opp"": ""BUF"", ""v"": 35.0}, {""w"": ""25W18"", ""opp"": ""IND"", ""v"": 73.0}, {""w"": ""25W17"", ""opp"": ""LAC"", ""v"": 19.0}]",Over,0.4378442257340258,0.503957783641161,0.48071455360370763,1.88,draftkings,-0.0962566392250297,0.0,-0.06611355790713513,
Daniel Jones,QB,IND,PIT,player_rush_yds,10.5,11.278702719501418,17,,,5,True,00-0035710,2026-10-11T17:00:00Z,"[{""w"": ""W4"", ""opp"": ""WAS"", ""v"": 2.0}, {""w"": ""W3"", ""opp"": ""HOU"", ""v"": 5.0}, {""w"": ""W2"", ""opp"": ""KC"", ""v"": 10.0}, {""w"": ""W1"", ""opp"": ""BAL"", ""v"": 4.0}, {""w"": ""25W14"", ""opp"": ""JAX"", ""v"": 4.0}, {""w"": ""25W13"", ""opp"": ""HOU"", ""v"": 1.0}]",Over,0.3996135947738504,0.49468085106382986,0.4610026916747376,1.96,draftkings,-0.09643472431751426,0.0,-0.09506725628997947,
Jaylin Noel,WR,HOU,TEN,player_reception_yds,18.5,24.633066456452852,17,,,1,True,00-0040138,2026-10-11T17:00:00Z,"[{""w"": ""W4"", ""opp"": ""DAL"", ""v"": 85.0}, {""w"": ""W3"", ""opp"": ""IND"", ""v"": 17.0}, {""w"": ""W2"", ""opp"": ""CIN"", ""v"": 31.0}, {""w"": ""W1"", ""opp"": ""BUF"", ""v"": 53.0}, {""w"": ""25W18"", ""opp"": ""IND"", ""v"": 13.0}, {""w"": ""25W17"", ""opp"": ""LAC"", ""v"": 54.0}]",Over,0.44477100876019715,0.5,0.4806004003816022,1.88,fanduel,-0.09647124728258788,0.0,-0.05522899123980285,
Sam LaPorta,TE,DET,ARI,player_reception_yds,51.5,63.3999791483144,13,,,3,True,00-0039065,2026-10-11T20:25:00Z,"[{""w"": ""W4"", ""opp"": ""CAR"", ""v"": 84.0}, {""w"": ""W3"", ""opp"": ""NYJ"", ""v"": 44.0}, {""w"": ""W2"", ""opp"": ""BUF"", ""v"": 52.0}, {""w"": ""W1"", ""opp"": ""NO"", ""v"": 48.0}, {""w"": ""25W10"", ""opp"": ""WAS"", ""v"": 53.0}, {""w"": ""25W9"", ""opp"": ""MIN"", ""v"": 97.0}]",Under,0.44460622759633683,0.5,0.4805421006178562,1.88,betonlineag,-0.09658085083843043,0.0,-0.055393772403663166,
Brock Purdy,QB,SF,SEA,player_rush_yds,18.5,23.708218380664913,13,,,1,True,00-0037834,2026-10-11T20:25:00Z,"[{""w"": ""W4"", ""opp"": ""DEN"", ""v"": 29.0}, {""w"": ""W3"", ""opp"": ""ARI"", ""v"": 34.0}, {""w"": ""W2"", ""opp"": ""MIA"", ""v"": 30.0}, {""w"": ""W1"", ""opp"": ""LA"", ""v"": 29.0}, {""w"": ""25W18"", ""opp"": ""SEA"", ""v"": 21.0}, {""w"": ""25W17"", ""opp"": ""CHI"", ""v"": 28.0}]",Under,0.4510665575547304,0.4959785522788204,0.4802146385507548,1.88,betrivers,-0.09719647952458099,0.0,-0.044911994724089965,
Michael Mayer,TE,LV,NE,player_reception_yds,31.5,35.74114866652113,17,,,1,True,00-0039066,2026-10-11T17:00:00Z,"[{""w"": ""W4"", ""opp"": ""KC"", ""v"": 82.0}, {""w"": ""W3"", ""opp"": ""NO"", ""v"": 32.0}, {""w"": ""W2"", ""opp"": ""LAC"", ""v"": 23.0}, {""w"": ""W1"", ""opp"": ""MIA"", ""v"": 32.0}, {""w"": ""25W18"", ""opp"": ""KC"", ""v"": 47.0}, {""w"": ""25W17"", ""opp"": ""NYG"", ""v"": 89.0}]",Over,0.46231330410161264,0.5093833780160857,0.49288498437471195,1.83,betmgm,-0.0980204785942771,0.0,-0.04707007391447304,
Jake Ferguson,TE,DAL,TB,player_reception_yds,27.5,28.853082868302256,17,,,3,True,00-0038041,2026-10-09T00:15:00Z,"[{""w"": ""W4"", ""opp"": ""HOU"", ""v"": 11.0}, {""w"": ""W3"", ""opp"": ""BAL"", ""v"": 23.0}, {""w"": ""W2"", ""opp"": ""WAS"", ""v"": 43.0}, {""w"": ""W1"", ""opp"": ""NYG"", ""v"": 6.0}, {""w"": ""25W18"", ""opp"": ""NYG"", ""v"": 5.0}, {""w"": ""25W17"", ""opp"": ""WAS"", ""v"": 6.0}]",Over,0.4281526844618483,0.5,0.474699812649649,1.9,draftkings,-0.09807035596566693,0.0,-0.07184731553815171,
AJ Barner,TE,SEA,SF,player_reception_yds,25.5,28.885897510308066,17,,,1,True,00-0039793,2026-10-11T20:25:00Z,"[{""w"": ""W4"", ""opp"": ""LAC"", ""v"": 12.0}, {""w"": ""W3"", ""opp"": ""WAS"", ""v"": 69.0}, {""w"": ""W2"", ""opp"": ""ARI"", ""v"": 8.0}, {""w"": ""W1"", ""opp"": ""NE"", ""v"": 13.0}, {""w"": ""25W18"", ""opp"": ""SF"", ""v"": 14.0}, {""w"": ""25W17"", ""opp"": ""CAR"", ""v"": 43.0}]",Over,0.44882090472402414,0.5,0.4820321026421891,1.87,betmgm,-0.09859996805910631,0.0,-0.05117909527597586,
David Montgomery,RB,HOU,TEN,player_receptions,1.5,1.1653559485929095,17,,,3,True,00-0035685,2026-10-11T17:00:00Z,"[{""w"": ""W4"", ""opp"": ""DAL"", ""v"": 0.0}, {""w"": ""W3"", ""opp"": ""IND"", ""v"": 2.0}, {""w"": ""W2"", ""opp"": ""CIN"", ""v"": 2.0}, {""w"": ""W1"", ""opp"": ""BUF"", ""v"": 3.0}, {""w"": ""25W18"", ""opp"": ""CHI"", ""v"": 1.0}, {""w"": ""25W17"", ""opp"": ""MIN"", ""v"": 2.0}]",Over,0.3236429230630191,0.4444444444444444,0.400586626595502,2.25,draftkings,-0.09868009016012047,0.0,-0.1208015213814253,
Colston Loveland,TE,CHI,GB,player_receptions,3.5,3.864009771663173,17,,,6,True,00-0040126,2026-10-11T17:00:00Z,"[{""w"": ""W4"", ""opp"": ""NYJ"", ""v"": 6.0}, {""w"": ""W3"", ""opp"": ""PHI"", ""v"": 4.0}, {""w"": ""W2"", ""opp"": ""MIN"", ""v"": 1.0}, {""w"": ""W1"", ""opp"": ""CAR"", ""v"": 0.0}, {""w"": ""25W18"", ""opp"": ""DET"", ""v"": 10.0}, {""w"": ""25W17"", ""opp"": ""SF"", ""v"": 6.0}]",Over,0.4968937940843238,0.572497522708993,0.5462381785547895,1.65,betmgm,-0.09870700538459737,0.0,-0.07560372862466919,
Marvin Mims Jr.,WR,DEN,LAC,player_reception_yds,14.5,18.26967062331102,17,,,1,True,00-0038976,2026-10-11T20:05:00Z,"[{""w"": ""W4"", ""opp"": ""SF"", ""v"": 10.0}, {""w"": ""W1"", ""opp"": ""KC"", ""v"": 0.0}, {""w"": ""25W18"", ""opp"": ""LAC"", ""v"": 10.0}, {""w"": ""25W17"", ""opp"": ""KC"", ""v"": 10.0}, {""w"": ""25W16"", ""opp"": ""JAX"", ""v"": 26.0}, {""w"": ""25W15"", ""opp"": ""GB"", ""v"": 29.0}]",Over,0.4636499790639541,0.5080645161290323,0.4924979603967438,1.83,betrivers,-0.09872873247395875,0.0,-0.04441453706507814,
MarShawn Lloyd,RB,GB,CHI,player_receptions,2.5,2.2367453424895816,4,,,1,True,00-0039811,2026-10-11T17:00:00Z,"[{""w"": ""W4"", ""opp"": ""TB"", ""v"": 5.0}, {""w"": ""W3"", ""opp"": ""ATL"", ""v"": 2.0}, {""w"": ""W2"", ""opp"": ""NYJ"", ""v"": 2.0}, {""w"": ""W1"", ""opp"": ""MIN"", ""v"": 0.0}]",Over,0.37614801621045424,0.41666666666666663,0.4023260367170814,2.24,fanduel,-0.09878967775373765,0.0,-0.04051865045621239,
Dak Prescott,QB,DAL,TB,player_pass_yds,269.5,269.3252527238815,17,,,1,True,00-0033077,2026-10-09T00:15:00Z,"[{""w"": ""W4"", ""opp"": ""HOU"", ""v"": 335.0}, {""w"": ""W3"", ""opp"": ""BAL"", ""v"": 276.0}, {""w"": ""W2"", ""opp"": ""WAS"", ""v"": 279.0}, {""w"": ""W1"", ""opp"": ""NYG"", ""v"": 175.0}, {""w"": ""25W18"", ""opp"": ""NYG"", ""v"": 70.0}, {""w"": ""25W17"", ""opp"": ""WAS"", ""v"": 307.0}]",Over,0.4481827310683362,0.5,0.48180664216795277,1.87,betmgm,-0.0990215791459283,0.0,-0.051817268931663774,
Bucky Irving,RB,TB,DAL,player_rush_yds,52.5,60.937884923659915,14,,,1,True,00-0039361,2026-10-09T00:15:00Z,"[{""w"": ""W4"", ""opp"": ""GB"", ""v"": 61.0}, {""w"": ""W3"", ""opp"": ""MIN"", ""v"": 46.0}, {""w"": ""W2"", ""opp"": ""CLE"", ""v"": 89.0}, {""w"": ""W1"", ""opp"": ""CIN"", ""v"": 45.0}, {""w"": ""25W18"", ""opp"": ""CAR"", ""v"": 85.0}, {""w"": ""25W17"", ""opp"": ""MIA"", ""v"": 19.0}]",Under,0.4479720957177608,0.5,0.48173221519478016,1.87,betmgm,-0.09916075758576093,0.0,-0.05202790428223919,
Bo Nix,QB,DEN,LAC,player_rush_yds,13.5,16.185857972215043,17,,,1,True,00-0039732,2026-10-11T20:05:00Z,"[{""w"": ""W4"", ""opp"": ""SF"", ""v"": 10.0}, {""w"": ""W3"", ""opp"": ""LA"", ""v"": 7.0}, {""w"": ""W2"", ""opp"": ""JAX"", ""v"": 6.0}, {""w"": ""W1"", ""opp"": ""KC"", ""v"": 2.0}, {""w"": ""25W18"", ""opp"": ""LAC"", ""v"": 49.0}, {""w"": ""25W17"", ""opp"": ""KC"", ""v"": 42.0}]",Over,0.45792567265816675,0.5106951871657753,0.492192645562658,1.83,betmgm,-0.09928745862033583,0.0,-0.052769514507608584,
Trey McBride,TE,ARI,DET,player_reception_yds,82.5,85.74116119360437,17,,,1,True,00-0037744,2026-10-11T20:25:00Z,"[{""w"": ""W4"", ""opp"": ""NYG"", ""v"": 31.0}, {""w"": ""W3"", ""opp"": ""SF"", ""v"": 75.0}, {""w"": ""W2"", ""opp"": ""SEA"", ""v"": 41.0}, {""w"": ""W1"", ""opp"": ""LAC"", ""v"": 95.0}, {""w"": ""25W18"", ""opp"": ""LA"", ""v"": 65.0}, {""w"": ""25W17"", ""opp"": ""CIN"", ""v"": 76.0}]",Over,0.4474950214638357,0.5,0.4815636219037264,1.87,betmgm,-0.0994760270400315,0.0,-0.052504978536164315,
Marvin Harrison Jr.,WR,ARI,DET,player_receptions,2.5,2.647667848324473,16,,,6,True,00-0039849,2026-10-11T20:25:00Z,"[{""w"": ""W4"", ""opp"": ""NYG"", ""v"": 1.0}, {""w"": ""W3"", ""opp"": ""SF"", ""v"": 3.0}, {""w"": ""W2"", ""opp"": ""SEA"", ""v"": 0.0}, {""w"": ""W1"", ""opp"": ""LAC"", ""v"": 1.0}, {""w"": ""25W17"", ""opp"": ""CIN"", ""v"": 0.0}, {""w"": ""25W16"", ""opp"": ""ATL"", ""v"": 1.0}]",Over,0.4581718569997003,0.5494063324538259,0.5175379092677096,1.74,betmgm,-0.0994840378741853,0.0,-0.09123447545412555,
Kyren Williams,RB,LA,BUF,player_rush_yds,69.5,69.57427878900003,17,,,3,True,00-0037840,2026-10-13T00:15:00Z,"[{""w"": ""W4"", ""opp"": ""PHI"", ""v"": 80.0}, {""w"": ""W3"", ""opp"": ""DEN"", ""v"": 88.0}, {""w"": ""W2"", ""opp"": ""NYG"", ""v"": 85.0}, {""w"": ""W1"", ""opp"": ""SF"", ""v"": 41.0}, {""w"": ""25W18"", ""opp"": ""ARI"", ""v"": 60.0}, {""w"": ""25W17"", ""opp"": ""ATL"", ""v"": 92.0}]",Over,0.43994243176143843,0.5,0.4788904321938476,1.88,betonlineag,-0.09968598747556656,0.0,-0.060057568238561565,
Jameson Williams,WR,DET,ARI,player_reception_yds,50.5,66.61362455197947,17,,,1,True,00-0037240,2026-10-11T20:25:00Z,"[{""w"": ""W4"", ""opp"": ""CAR"", ""v"": 102.0}, {""w"": ""W3"", ""opp"": ""NYJ"", ""v"": 49.0}, {""w"": ""W2"", ""opp"": ""BUF"", ""v"": 33.0}, {""w"": ""W1"", ""opp"": ""NO"", ""v"": 45.0}, {""w"": ""25W18"", ""opp"": ""CHI"", ""v"": 74.0}, {""w"": ""25W17"", ""opp"": ""MIN"", ""v"": 37.0}]",Under,0.4471555063997183,0.5,0.48144362242643546,1.87,betmgm,-0.09970042606256552,0.0,-0.052844493600281706,
Rome Odunze,WR,CHI,GB,player_reception_yds,38.5,52.272716996151146,16,,,2,True,00-0039919,2026-10-11T17:00:00Z,"[{""w"": ""W4"", ""opp"": ""NYJ"", ""v"": 94.0}, {""w"": ""W3"", ""opp"": ""PHI"", ""v"": 44.0}, {""w"": ""W2"", ""opp"": ""MIN"", ""v"": 43.0}, {""w"": ""W1"", ""opp"": ""CAR"", ""v"": 52.0}, {""w"": ""25W13"", ""opp"": ""PHI"", ""v"": 8.0}, {""w"": ""25W12"", ""opp"": ""PIT"", ""v"": 53.0}]",Under,0.4246598173154078,0.49666313027770204,0.4712912202696242,1.91,betmgm,-0.09983376928501775,0.0,-0.07200331296229423,
Jakobi Meyers,WR,JAX,PHI,player_reception_yds,42.5,43.096800491761606,17,,,1,True,00-0034960,2026-10-11T13:30:00Z,"[{""w"": ""W4"", ""opp"": ""CIN"", ""v"": 33.0}, {""w"": ""W3"", ""opp"": ""NE"", ""v"": 64.0}, {""w"": ""W2"", ""opp"": ""DEN"", ""v"": 28.0}, {""w"": ""W1"", ""opp"": ""CLE"", ""v"": 40.0}, {""w"": ""25W18"", ""opp"": ""TEN"", ""v"": 44.0}, {""w"": ""25W17"", ""opp"": ""IND"", ""v"": 39.0}]",Over,0.43509699672471513,0.49468085106382986,0.47372171597177515,1.9,betonlineag,-0.09992873965362725,0.0,-0.05958385433911473,
Tyjae Spears,RB,TEN,HOU,player_receptions,1.5,1.8969096741667164,17,,,2,True,00-0039032,2026-10-11T17:00:00Z,"[{""w"": ""W4"", ""opp"": ""BAL"", ""v"": 1.0}, {""w"": ""W3"", ""opp"": ""NYG"", ""v"": 0.0}, {""w"": ""W2"", ""opp"": ""PHI"", ""v"": 2.0}, {""w"": ""W1"", ""opp"": ""NYJ"", ""v"": 2.0}, {""w"": ""25W18"", ""opp"": ""JAX"", ""v"": 7.0}, {""w"": ""25W17"", ""opp"": ""NO"", ""v"": 1.0}]",Over,0.49668260654682445,0.5971867007672633,0.5624958053231938,1.6,draftkings,-0.1000067114828897,0.0,-0.10050409422043888,
Rome Odunze,WR,CHI,GB,player_reception_yds,39.5,52.272716996151146,16,,,2,True,00-0039919,2026-10-11T17:00:00Z,"[{""w"": ""W4"", ""opp"": ""NYJ"", ""v"": 94.0}, {""w"": ""W3"", ""opp"": ""PHI"", ""v"": 44.0}, {""w"": ""W2"", ""opp"": ""MIN"", ""v"": 43.0}, {""w"": ""W1"", ""opp"": ""CAR"", ""v"": 52.0}, {""w"": ""25W13"", ""opp"": ""PHI"", ""v"": 8.0}, {""w"": ""25W12"", ""opp"": ""PIT"", ""v"": 53.0}]",Under,0.4378890827489043,0.5,0.4781622159259003,1.88,betonlineag,-0.10105503405930755,0.0,-0.06211091725109569,
Wan'Dale Robinson,WR,TEN,HOU,player_reception_yds,34.5,46.45023986146384,17,,,1,True,00-0038117,2026-10-11T17:00:00Z,"[{""w"": ""W4"", ""opp"": ""BAL"", ""v"": 19.0}, {""w"": ""W3"", ""opp"": ""NYG"", ""v"": 57.0}, {""w"": ""W2"", ""opp"": ""PHI"", ""v"": 9.0}, {""w"": ""W1"", ""opp"": ""NYJ"", ""v"": 38.0}, {""w"": ""25W17"", ""opp"": ""LV"", ""v"": 113.0}, {""w"": ""25W16"", ""opp"": ""MIN"", ""v"": 19.0}]",Under,0.4576021904354045,0.5093833780160859,0.49122585895458043,1.83,betmgm,-0.10105667811311786,0.0,-0.0517811875806814,
Woody Marks,RB,HOU,TEN,player_reception_yds,8.5,10.42294458936893,17,,,2,True,00-0040583,2026-10-11T17:00:00Z,"[{""w"": ""W4"", ""opp"": ""DAL"", ""v"": 0.0}, {""w"": ""W3"", ""opp"": ""IND"", ""v"": 6.0}, {""w"": ""W2"", ""opp"": ""CIN"", ""v"": 27.0}, {""w"": ""W1"", ""opp"": ""BUF"", ""v"": -2.0}, {""w"": ""25W18"", ""opp"": ""IND"", ""v"": 0.0}, {""w"": ""25W17"", ""opp"": ""LAC"", ""v"": 4.0}]",Over,0.42611954399013396,0.4986772486772487,0.4731173045454717,1.9,draftkings,-0.1010771213636038,0.0,-0.07255770468711475,
Kayshon Boutte,WR,HOU,TEN,player_reception_yds,24.5,26.249203736833284,17,,,1,True,00-0038608,2026-10-11T17:00:00Z,"[{""w"": ""W4"", ""opp"": ""DAL"", ""v"": 36.0}, {""w"": ""W3"", ""opp"": ""IND"", ""v"": 21.0}, {""w"": ""W2"", ""opp"": ""CIN"", ""v"": 37.0}, {""w"": ""W1"", ""opp"": ""BUF"", ""v"": 21.0}, {""w"": ""25W18"", ""opp"": ""MIA"", ""v"": 24.0}, {""w"": ""25W16"", ""opp"": ""BAL"", ""v"": 16.0}]",Over,0.4449969141662763,0.5,0.4806803198495878,1.87,betmgm,-0.10112780188127074,0.0,-0.05500308583372371,
Chris Godwin,WR,TB,DAL,player_reception_yds,28.5,38.40400706025377,13,,,1,True,00-0033921,2026-10-09T00:15:00Z,"[{""w"": ""W4"", ""opp"": ""GB"", ""v"": 31.0}, {""w"": ""W3"", ""opp"": ""MIN"", ""v"": 25.0}, {""w"": ""W2"", ""opp"": ""CLE"", ""v"": 46.0}, {""w"": ""W1"", ""opp"": ""CIN"", ""v"": 40.0}, {""w"": ""25W18"", ""opp"": ""CAR"", ""v"": 8.0}, {""w"": ""25W17"", ""opp"": ""MIA"", ""v"": 108.0}]",Under,0.43688600982487713,0.5,0.4778062387710541,1.88,fanduel,-0.10172427111041832,0.0,-0.06311399017512287,
Tre Tucker,WR,LV,NE,player_reception_yds,42.5,45.889973369920995,17,,,2,True,00-0038563,2026-10-11T17:00:00Z,"[{""w"": ""W4"", ""opp"": ""KC"", ""v"": 44.0}, {""w"": ""W3"", ""opp"": ""NO"", ""v"": 43.0}, {""w"": ""W2"", ""opp"": ""LAC"", ""v"": 119.0}, {""w"": ""W1"", ""opp"": ""MIA"", ""v"": 27.0}, {""w"": ""25W18"", ""opp"": ""KC"", ""v"": 30.0}, {""w"": ""25W17"", ""opp"": ""NYG"", ""v"": 49.0}]",Over,0.4403223612264291,0.49798927613941024,0.47772057117060285,1.88,betrivers,-0.10188532619926671,0.0,-0.05766691491298115,
Cam Skattebo,RB,NYG,WAS,player_rush_yds,58.5,58.04643894374816,12,,,1,True,00-0040715,2026-10-11T17:00:00Z,"[{""w"": ""W4"", ""opp"": ""ARI"", ""v"": 58.0}, {""w"": ""W3"", ""opp"": ""TEN"", ""v"": 60.0}, {""w"": ""W2"", ""opp"": ""LA"", ""v"": 36.0}, {""w"": ""W1"", ""opp"": ""DAL"", ""v"": 81.0}, {""w"": ""25W8"", ""opp"": ""PHI"", ""v"": 12.0}, {""w"": ""25W7"", ""opp"": ""DEN"", ""v"": 60.0}]",Over,0.4226284592728491,0.4960422163588391,0.47016353077553125,1.91,draftkings,-0.1019876562187354,0.0,-0.07341375708599002,
Jaxon Smith-Njigba,WR,SEA,SF,player_reception_yds,95.5,97.75097940129855,17,,,1,True,00-0038543,2026-10-11T20:25:00Z,"[{""w"": ""W4"", ""opp"": ""LAC"", ""v"": 76.0}, {""w"": ""W3"", ""opp"": ""WAS"", ""v"": 128.0}, {""w"": ""W2"", ""opp"": ""ARI"", ""v"": 155.0}, {""w"": ""W1"", ""opp"": ""NE"", ""v"": 122.0}, {""w"": ""25W18"", ""opp"": ""SF"", ""v"": 84.0}, {""w"": ""25W17"", ""opp"": ""CAR"", ""v"": 72.0}]",Over,0.44370963908596206,0.4959785522788205,0.47761547484676625,1.88,betrivers,-0.1020829072880795,0.0,-0.052268913192858424,
Christian Watson,WR,GB,CHI,player_reception_yds,58.5,62.88372235815713,14,,,1,True,00-0038124,2026-10-11T17:00:00Z,"[{""w"": ""W4"", ""opp"": ""TB"", ""v"": 47.0}, {""w"": ""W3"", ""opp"": ""ATL"", ""v"": 96.0}, {""w"": ""W2"", ""opp"": ""NYJ"", ""v"": 41.0}, {""w"": ""W1"", ""opp"": ""MIN"", ""v"": 147.0}, {""w"": ""25W17"", ""opp"": ""BAL"", ""v"": 113.0}, {""w"": ""25W16"", ""opp"": ""CHI"", ""v"": 17.0}]",Over,0.44281355912643583,0.5,0.4799076056900142,1.87,betmgm,-0.10257277735967335,0.0,-0.05718644087356417,
Jahmyr Gibbs,RB,DET,ARI,player_reception_yds,40.5,42.45122018993049,17,,,1,True,00-0039139,2026-10-11T20:25:00Z,"[{""w"": ""W4"", ""opp"": ""CAR"", ""v"": 31.0}, {""w"": ""W3"", ""opp"": ""NYJ"", ""v"": 65.0}, {""w"": ""W2"", ""opp"": ""BUF"", ""v"": 61.0}, {""w"": ""W1"", ""opp"": ""NO"", ""v"": 30.0}, {""w"": ""25W18"", ""opp"": ""CHI"", ""v"": 33.0}, {""w"": ""25W17"", ""opp"": ""MIN"", ""v"": 23.0}]",Over,0.4331021489107931,0.49333333333333335,0.47213981367520147,1.9,betmgm,-0.1029343540171172,0.0,-0.06023118442254022,
Jake Ferguson,TE,DAL,TB,player_receptions,3.5,3.1092460390870986,17,,,6,True,00-0038041,2026-10-09T00:15:00Z,"[{""w"": ""W4"", ""opp"": ""HOU"", ""v"": 3.0}, {""w"": ""W3"", ""opp"": ""BAL"", ""v"": 3.0}, {""w"": ""W2"", ""opp"": ""WAS"", ""v"": 4.0}, {""w"": ""W1"", ""opp"": ""NYG"", ""v"": 2.0}, {""w"": ""25W18"", ""opp"": ""NYG"", ""v"": 1.0}, {""w"": ""25W17"", ""opp"": ""WAS"", ""v"": 1.0}]",Over,0.3772266399494618,0.48800347024689955,0.4485169237896065,2.0,betmgm,-0.102966152420787,0.0,-0.11077683029743773,
Michael Wilson,WR,ARI,DET,player_receptions,6.5,6.979940622583683,17,,,1,True,00-0038559,2026-10-11T20:25:00Z,"[{""w"": ""W4"", ""opp"": ""NYG"", ""v"": 7.0}, {""w"": ""W3"", ""opp"": ""SF"", ""v"": 11.0}, {""w"": ""W2"", ""opp"": ""SEA"", ""v"": 2.0}, {""w"": ""W1"", ""opp"": ""LAC"", ""v"": 5.0}, {""w"": ""25W18"", ""opp"": ""LA"", ""v"": 5.0}, {""w"": ""25W17"", ""opp"": ""CIN"", ""v"": 5.0}]",Under,0.5021254739884353,0.5657894736842106,0.5436450984573822,1.65,betmgm,-0.10298558754531945,0.0,-0.0636639996957753,
Kayshon Boutte,WR,HOU,TEN,player_reception_yds,25.5,26.249203736833284,17,,,2,True,00-0038608,2026-10-11T17:00:00Z,"[{""w"": ""W4"", ""opp"": ""DAL"", ""v"": 36.0}, {""w"": ""W3"", ""opp"": ""IND"", ""v"": 21.0}, {""w"": ""W2"", ""opp"": ""CIN"", ""v"": 37.0}, {""w"": ""W1"", ""opp"": ""BUF"", ""v"": 21.0}, {""w"": ""25W18"", ""opp"": ""MIA"", ""v"": 24.0}, {""w"": ""25W16"", ""opp"": ""BAL"", ""v"": 16.0}]",Over,0.4230925861944299,0.4986772486772487,0.47203647829469075,1.9,draftkings,-0.10313069124008761,0.0,-0.07558466248281881,
Daniel Jones,QB,IND,PIT,player_rush_yds,9.5,11.278702719501418,17,,,1,True,00-0035710,2026-10-11T17:00:00Z,"[{""w"": ""W4"", ""opp"": ""WAS"", ""v"": 2.0}, {""w"": ""W3"", ""opp"": ""HOU"", ""v"": 5.0}, {""w"": ""W2"", ""opp"": ""KC"", ""v"": 10.0}, {""w"": ""W1"", ""opp"": ""BAL"", ""v"": 4.0}, {""w"": ""25W14"", ""opp"": ""JAX"", ""v"": 4.0}, {""w"": ""25W13"", ""opp"": ""HOU"", ""v"": 1.0}]",Over,0.4376260563020433,0.49061662198391415,0.471984268268706,1.9,betmgm,-0.10322989028945867,0.0,-0.05299056568187083,
Rashod Bateman,WR,BAL,ATL,player_receptions,2.5,2.083277253923326,17,,,1,True,00-0036550,2026-10-12T00:20:00Z,"[{""w"": ""W4"", ""opp"": ""TEN"", ""v"": 2.0}, {""w"": ""W3"", ""opp"": ""DAL"", ""v"": 2.0}, {""w"": ""W2"", ""opp"": ""NO"", ""v"": 7.0}, {""w"": ""W1"", ""opp"": ""IND"", ""v"": 0.0}, {""w"": ""25W17"", ""opp"": ""GB"", ""v"": 1.0}, {""w"": ""25W16"", ""opp"": ""NE"", ""v"": 0.0}]",Over,0.32874093578183666,0.375,0.3584963365342581,2.5,betmgm,-0.1037591586643547,0.0,-0.04625906421816334,
Jonathan Taylor,RB,IND,PIT,player_rush_yds,85.5,85.21759957182266,17,,,2,True,00-0036223,2026-10-11T17:00:00Z,"[{""w"": ""W4"", ""opp"": ""WAS"", ""v"": 95.0}, {""w"": ""W3"", ""opp"": ""HOU"", ""v"": 68.0}, {""w"": ""W2"", ""opp"": ""KC"", ""v"": 92.0}, {""w"": ""W1"", ""opp"": ""BAL"", ""v"": 98.0}, {""w"": ""25W18"", ""opp"": ""HOU"", ""v"": 26.0}, {""w"": ""25W17"", ""opp"": ""JAX"", ""v"": 70.0}]",Over,0.42604616851438426,0.5,0.47394850390374416,1.89,draftkings,-0.10423732762192367,0.0,-0.07395383148561574,
Tyler Shough,QB,NO,MIN,player_pass_yds,237.5,265.85155144901853,15,,,1,True,00-0040743,2026-10-11T17:00:00Z,"[{""w"": ""W4"", ""opp"": ""ATL"", ""v"": 286.0}, {""w"": ""W3"", ""opp"": ""LV"", ""v"": 255.0}, {""w"": ""W2"", ""opp"": ""BAL"", ""v"": 252.0}, {""w"": ""W1"", ""opp"": ""DET"", ""v"": 410.0}, {""w"": ""25W18"", ""opp"": ""ATL"", ""v"": 259.0}, {""w"": ""25W17"", ""opp"": ""TEN"", ""v"": 333.0}]",Under,0.43308077677556195,0.5,0.47645432840595286,1.88,fanduel,-0.1042658625968087,0.0,-0.06691922322443805,
Colston Loveland,TE,CHI,GB,player_reception_yds,35.5,38.56082519469403,17,,,1,True,00-0040126,2026-10-11T17:00:00Z,"[{""w"": ""W4"", ""opp"": ""NYJ"", ""v"": 57.0}, {""w"": ""W3"", ""opp"": ""PHI"", ""v"": 31.0}, {""w"": ""W2"", ""opp"": ""MIN"", ""v"": 3.0}, {""w"": ""W1"", ""opp"": ""CAR"", ""v"": 0.0}, {""w"": ""25W18"", ""opp"": ""DET"", ""v"": 91.0}, {""w"": ""25W17"", ""opp"": ""SF"", ""v"": 94.0}]",Over,0.4329381957760311,0.5,0.47640362580144274,1.88,fanduel,-0.10436118349328766,0.0,-0.0670618042239689,
D'Andre Swift,RB,CHI,GB,player_reception_yds,13.5,16.171046726536368,17,,,3,True,00-0036275,2026-10-11T17:00:00Z,"[{""w"": ""W4"", ""opp"": ""NYJ"", ""v"": 16.0}, {""w"": ""W3"", ""opp"": ""PHI"", ""v"": 4.0}, {""w"": ""W2"", ""opp"": ""MIN"", ""v"": 54.0}, {""w"": ""W1"", ""opp"": ""CAR"", ""v"": 10.0}, {""w"": ""25W18"", ""opp"": ""DET"", ""v"": 8.0}, {""w"": ""25W17"", ""opp"": ""SF"", ""v"": 25.0}]",Over,0.42551466340595934,0.5040214477211796,0.47636629502186356,1.88,fanduel,-0.10443136535889658,0.0,-0.07850678431522029,
C.J. Stroud,QB,HOU,TEN,player_pass_yds,239.5,236.09097702256665,17,,,2,True,00-0039163,2026-10-11T17:00:00Z,"[{""w"": ""W4"", ""opp"": ""DAL"", ""v"": 347.0}, {""w"": ""W3"", ""opp"": ""IND"", ""v"": 167.0}, {""w"": ""W2"", ""opp"": ""CIN"", ""v"": 353.0}, {""w"": ""W1"", ""opp"": ""BUF"", ""v"": 274.0}, {""w"": ""25W18"", ""opp"": ""IND"", ""v"": 169.0}, {""w"": ""25W17"", ""opp"": ""LAC"", ""v"": 244.0}]",Over,0.43264694494693734,0.5,0.476300044599199,1.88,betonlineag,-0.10455591615350596,0.0,-0.06735305505306266,
Jordan Love,QB,GB,CHI,player_pass_yds,236.5,230.14863724390602,17,,,3,True,00-0036264,2026-10-11T17:00:00Z,"[{""w"": ""W4"", ""opp"": ""TB"", ""v"": 197.0}, {""w"": ""W3"", ""opp"": ""ATL"", ""v"": 312.0}, {""w"": ""W2"", ""opp"": ""NYJ"", ""v"": 145.0}, {""w"": ""W1"", ""opp"": ""MIN"", ""v"": 387.0}, {""w"": ""25W16"", ""opp"": ""CHI"", ""v"": 77.0}, {""w"": ""25W15"", ""opp"": ""DEN"", ""v"": 276.0}]",Over,0.4175971456249198,0.5,0.4709263788913952,1.9,draftkings,-0.10523988010634916,0.0,-0.08240285437508021,
C.J. Stroud,QB,HOU,TEN,player_pass_yds,241.5,236.09097702256665,17,,,2,True,00-0039163,2026-10-11T17:00:00Z,"[{""w"": ""W4"", ""opp"": ""DAL"", ""v"": 347.0}, {""w"": ""W3"", ""opp"": ""IND"", ""v"": 167.0}, {""w"": ""W2"", ""opp"": ""CIN"", ""v"": 353.0}, {""w"": ""W1"", ""opp"": ""BUF"", ""v"": 274.0}, {""w"": ""25W18"", ""opp"": ""IND"", ""v"": 169.0}, {""w"": ""25W17"", ""opp"": ""LAC"", ""v"": 244.0}]",Over,0.42447690781894726,0.5,0.4733882679421911,1.89,draftkings,-0.10529617358925897,0.0,-0.07552309218105274,
Cooper Kupp,WR,SEA,SF,player_receptions,2.5,2.196457346187565,17,,,6,True,00-0033908,2026-10-11T20:25:00Z,"[{""w"": ""W4"", ""opp"": ""LAC"", ""v"": 1.0}, {""w"": ""W3"", ""opp"": ""WAS"", ""v"": 4.0}, {""w"": ""W2"", ""opp"": ""ARI"", ""v"": 2.0}, {""w"": ""W1"", ""opp"": ""NE"", ""v"": 2.0}, {""w"": ""25W18"", ""opp"": ""SF"", ""v"": 2.0}, {""w"": ""25W17"", ""opp"": ""CAR"", ""v"": 1.0}]",Over,0.37633352295099776,0.46957650665229594,0.43634776522528673,2.05,betonlineag,-0.10548708128816225,0.0,-0.09324298370129819,
Brenton Strange,TE,JAX,PHI,player_reception_yds,35.5,38.988810718745974,16,,,1,True,00-0038935,2026-10-11T13:30:00Z,"[{""w"": ""W4"", ""opp"": ""CIN"", ""v"": 95.0}, {""w"": ""W3"", ""opp"": ""NE"", ""v"": 32.0}, {""w"": ""W2"", ""opp"": ""DEN"", ""v"": 17.0}, {""w"": ""W1"", ""opp"": ""CLE"", ""v"": 23.0}, {""w"": ""25W18"", ""opp"": ""TEN"", ""v"": 52.0}, {""w"": ""25W17"", ""opp"": ""IND"", ""v"": 54.0}]",Over,0.44509580141573524,0.5040214477211796,0.48332591279742027,1.85,betrivers,-0.1058470613247724,0.0,-0.05892564630544439,
Brian Thomas Jr,WR,JAX,PHI,player_receptions,2.5,2.707930828841542,17,,,5,True,00-0039893,2026-10-11T13:30:00Z,"[{""w"": ""W4"", ""opp"": ""CIN"", ""v"": 2.0}, {""w"": ""W3"", ""opp"": ""NE"", ""v"": 1.0}, {""w"": ""W2"", ""opp"": ""DEN"", ""v"": 3.0}, {""w"": ""W1"", ""opp"": ""CLE"", ""v"": 3.0}, {""w"": ""25W18"", ""opp"": ""TEN"", ""v"": 3.0}, {""w"": ""25W17"", ""opp"": ""IND"", ""v"": 4.0}]",Under,0.49169237683458134,0.6155778894472361,0.573073336465575,1.56,fanduel,-0.10600559511370294,0.0,-0.12388551261265479,
Wan'Dale Robinson,WR,TEN,HOU,player_reception_yds,32.5,46.45023986146384,17,,,1,True,00-0038117,2026-10-11T17:00:00Z,"[{""w"": ""W4"", ""opp"": ""BAL"", ""v"": 19.0}, {""w"": ""W3"", ""opp"": ""NYG"", ""v"": 57.0}, {""w"": ""W2"", ""opp"": ""PHI"", ""v"": 9.0}, {""w"": ""W1"", ""opp"": ""NYJ"", ""v"": 38.0}, {""w"": ""25W17"", ""opp"": ""LV"", ""v"": 113.0}, {""w"": ""25W16"", ""opp"": ""MIN"", ""v"": 19.0}]",Under,0.43031370501187605,0.5,0.47546971540481936,1.88,fanduel,-0.10611693503893971,0.0,-0.06968629498812395,
Tyler Shough,QB,NO,MIN,player_pass_yds,238.5,265.85155144901853,15,,,1,True,00-0040743,2026-10-11T17:00:00Z,"[{""w"": ""W4"", ""opp"": ""ATL"", ""v"": 286.0}, {""w"": ""W3"", ""opp"": ""LV"", ""v"": 255.0}, {""w"": ""W2"", ""opp"": ""BAL"", ""v"": 252.0}, {""w"": ""W1"", ""opp"": ""DET"", ""v"": 410.0}, {""w"": ""25W18"", ""opp"": ""ATL"", ""v"": 259.0}, {""w"": ""25W17"", ""opp"": ""TEN"", ""v"": 333.0}]",Under,0.4373159480856547,0.4959785522788204,0.4753505447704801,1.88,betrivers,-0.10634097583149732,0.0,-0.05866260419316566,
Denzel Boston,WR,CLE,NYJ,player_reception_yds,47.5,50.08629186774511,4,,,3,True,00-0041037,2026-10-11T17:00:00Z,"[{""w"": ""W4"", ""opp"": ""PIT"", ""v"": 89.0}, {""w"": ""W3"", ""opp"": ""CAR"", ""v"": 41.0}, {""w"": ""W2"", ""opp"": ""TB"", ""v"": 95.0}, {""w"": ""W1"", ""opp"": ""JAX"", ""v"": 59.0}]",Over,0.4295840471381309,0.5,0.475209855624642,1.88,betonlineag,-0.10660547142567306,0.0,-0.07041595286186908,
Jordan Love,QB,GB,CHI,player_pass_yds,233.5,230.14863724390602,17,,,1,True,00-0036264,2026-10-11T17:00:00Z,"[{""w"": ""W4"", ""opp"": ""TB"", ""v"": 197.0}, {""w"": ""W3"", ""opp"": ""ATL"", ""v"": 312.0}, {""w"": ""W2"", ""opp"": ""NYJ"", ""v"": 145.0}, {""w"": ""W1"", ""opp"": ""MIN"", ""v"": 387.0}, {""w"": ""25W16"", ""opp"": ""CHI"", ""v"": 77.0}, {""w"": ""25W15"", ""opp"": ""DEN"", ""v"": 276.0}]",Over,0.42912236155353206,0.5,0.4750453819881268,1.88,fanduel,-0.10691468186232161,0.0,-0.07087763844646794,
Tyjae Spears,RB,TEN,HOU,player_reception_yds,9.5,11.478611302024385,17,,,1,True,00-0039032,2026-10-11T17:00:00Z,"[{""w"": ""W4"", ""opp"": ""BAL"", ""v"": -1.0}, {""w"": ""W3"", ""opp"": ""NYG"", ""v"": 0.0}, {""w"": ""W2"", ""opp"": ""PHI"", ""v"": 29.0}, {""w"": ""W1"", ""opp"": ""NYJ"", ""v"": 12.0}, {""w"": ""25W18"", ""opp"": ""JAX"", ""v"": 9.0}, {""w"": ""25W17"", ""opp"": ""NO"", ""v"": -1.0}]",Over,0.4290618431169264,0.5,0.47502381968749524,1.88,fanduel,-0.10695521898750904,0.0,-0.07093815688307359,
Jalen Hurts,QB,PHI,JAX,player_pass_yds,190.5,185.03476280675878,17,,,2,True,00-0036389,2026-10-11T13:30:00Z,"[{""w"": ""W4"", ""opp"": ""LA"", ""v"": 93.0}, {""w"": ""W3"", ""opp"": ""CHI"", ""v"": 153.0}, {""w"": ""W2"", ""opp"": ""TEN"", ""v"": 264.0}, {""w"": ""W1"", ""opp"": ""WAS"", ""v"": 203.0}, {""w"": ""25W17"", ""opp"": ""BUF"", ""v"": 110.0}, {""w"": ""25W16"", ""opp"": ""WAS"", ""v"": 185.0}]",Over,0.4170349418771624,0.4986772486772487,0.4698680082495936,1.9,draftkings,-0.10725078432577217,0.0,-0.08164230680008633,
Luther Burden III,WR,CHI,GB,player_receptions,4.5,4.354629480126622,17,,,6,True,00-0040735,2026-10-11T17:00:00Z,"[{""w"": ""W4"", ""opp"": ""NYJ"", ""v"": 4.0}, {""w"": ""W3"", ""opp"": ""PHI"", ""v"": 7.0}, {""w"": ""W2"", ""opp"": ""MIN"", ""v"": 3.0}, {""w"": ""W1"", ""opp"": ""CAR"", ""v"": 5.0}, {""w"": ""25W18"", ""opp"": ""DET"", ""v"": 3.0}, {""w"": ""25W17"", ""opp"": ""SF"", ""v"": 8.0}]",Over,0.4373508720065459,0.5193085106382977,0.4905148765444521,1.82,draftkings,-0.10726292468909726,0.0,-0.08195763863175187,
Puka Nacua,WR,LA,BUF,player_receptions,6.5,7.869533375816585,17,,,2,True,00-0039075,2026-10-13T00:15:00Z,"[{""w"": ""W4"", ""opp"": ""PHI"", ""v"": 9.0}, {""w"": ""W1"", ""opp"": ""SF"", ""v"": 5.0}, {""w"": ""25W18"", ""opp"": ""ARI"", ""v"": 10.0}, {""w"": ""25W17"", ""opp"": ""ATL"", ""v"": 5.0}, {""w"": ""25W16"", ""opp"": ""SEA"", ""v"": 12.0}, {""w"": ""25W15"", ""opp"": ""DET"", ""v"": 9.0}]",Under,0.36698014875417106,0.42710912894713915,0.40571836321089944,2.2,fanduel,-0.10741960093602121,0.0,-0.060128980192968084,
Drake Maye,QB,NE,LV,player_pass_yds,226.5,221.69974934467868,17,,,1,True,00-0039851,2026-10-11T17:00:00Z,"[{""w"": ""W4"", ""opp"": ""BUF"", ""v"": 269.0}, {""w"": ""W3"", ""opp"": ""JAX"", ""v"": 199.0}, {""w"": ""W2"", ""opp"": ""PIT"", ""v"": 208.0}, {""w"": ""W1"", ""opp"": ""SEA"", ""v"": 178.0}, {""w"": ""25W18"", ""opp"": ""MIA"", ""v"": 191.0}, {""w"": ""25W17"", ""opp"": ""NYJ"", ""v"": 256.0}]",Over,0.4282057131748458,0.5,0.4747187152288141,1.88,fanduel,-0.1075288153698295,0.0,-0.07179428682515421,
Kirk Cousins,QB,LV,NE,player_pass_yds,233.5,230.72299770852962,14,,,2,True,00-0029604,2026-10-11T17:00:00Z,"[{""w"": ""W4"", ""opp"": ""KC"", ""v"": 365.0}, {""w"": ""W3"", ""opp"": ""NO"", ""v"": 248.0}, {""w"": ""W2"", ""opp"": ""LAC"", ""v"": 253.0}, {""w"": ""W1"", ""opp"": ""MIA"", ""v"": 160.0}, {""w"": ""25W18"", ""opp"": ""NO"", ""v"": 180.0}, {""w"": ""25W17"", ""opp"": ""LA"", ""v"": 126.0}]",Over,0.43179027180115326,0.49798927613941024,0.4746914922224438,1.88,betrivers,-0.10757999462180573,0.0,-0.06619900433825698,
Cam Skattebo,RB,NYG,WAS,player_rush_yds,57.5,58.04643894374816,12,,,1,True,00-0040715,2026-10-11T17:00:00Z,"[{""w"": ""W4"", ""opp"": ""ARI"", ""v"": 58.0}, {""w"": ""W3"", ""opp"": ""TEN"", ""v"": 60.0}, {""w"": ""W2"", ""opp"": ""LA"", ""v"": 36.0}, {""w"": ""W1"", ""opp"": ""DAL"", ""v"": 81.0}, {""w"": ""25W8"", ""opp"": ""PHI"", ""v"": 12.0}, {""w"": ""25W7"", ""opp"": ""DEN"", ""v"": 60.0}]",Over,0.4350785153874115,0.5,0.4771643756804625,1.87,betrivers,-0.10770261747753512,0.0,-0.06492148461258851,
Brock Purdy,QB,SF,SEA,player_pass_yds,219.5,214.32534902798582,13,,,2,True,00-0037834,2026-10-11T20:25:00Z,"[{""w"": ""W4"", ""opp"": ""DEN"", ""v"": 218.0}, {""w"": ""W3"", ""opp"": ""ARI"", ""v"": 297.0}, {""w"": ""W2"", ""opp"": ""MIA"", ""v"": 287.0}, {""w"": ""W1"", ""opp"": ""LA"", ""v"": 205.0}, {""w"": ""25W18"", ""opp"": ""SEA"", ""v"": 127.0}, {""w"": ""25W17"", ""opp"": ""CHI"", ""v"": 303.0}]",Over,0.4251071232445682,0.5013227513227514,0.4744707882973533,1.88,draftkings,-0.10799491800097583,0.0,-0.07621562807818322,
Jeremiyah Love,RB,ARI,DET,player_rush_yds,45.5,58.342885957796156,4,,,2,True,00-0041027,2026-10-11T20:25:00Z,"[{""w"": ""W4"", ""opp"": ""NYG"", ""v"": 63.0}, {""w"": ""W3"", ""opp"": ""SF"", ""v"": 90.0}, {""w"": ""W2"", ""opp"": ""SEA"", ""v"": 29.0}, {""w"": ""W1"", ""opp"": ""LAC"", ""v"": 41.0}]",Under,0.4274582416944691,0.5,0.4744522242925086,1.88,fanduel,-0.1080298183300838,0.0,-0.07254175830553089,
Christian Watson,WR,GB,CHI,player_reception_yds,60.5,62.88372235815713,14,,,2,True,00-0038124,2026-10-11T17:00:00Z,"[{""w"": ""W4"", ""opp"": ""TB"", ""v"": 47.0}, {""w"": ""W3"", ""opp"": ""ATL"", ""v"": 96.0}, {""w"": ""W2"", ""opp"": ""NYJ"", ""v"": 41.0}, {""w"": ""W1"", ""opp"": ""MIN"", ""v"": 147.0}, {""w"": ""25W17"", ""opp"": ""BAL"", ""v"": 113.0}, {""w"": ""25W16"", ""opp"": ""CHI"", ""v"": 17.0}]",Over,0.4249916191406312,0.5013297872340425,0.47443410198440916,1.88,fanduel,-0.10806388826931085,0.0,-0.07633816809341132,
Ted Hurst III,WR,TB,DAL,player_receptions,1.5,2.3177283056040197,4,,,6,True,00-0041048,2026-10-09T00:15:00Z,"[{""w"": ""W4"", ""opp"": ""GB"", ""v"": 2.0}, {""w"": ""W3"", ""opp"": ""MIN"", ""v"": 1.0}, {""w"": ""W2"", ""opp"": ""CLE"", ""v"": 2.0}, {""w"": ""W1"", ""opp"": ""CIN"", ""v"": 3.0}]",Under,0.3268016137947528,0.42762630040116956,0.39115902047034634,2.28,betonlineag,-0.10815743332761041,0.0,-0.10082468660641675,
Dalton Schultz,TE,HOU,TEN,player_reception_yds,37.5,41.6521080936423,17,,,1,True,00-0034383,2026-10-11T17:00:00Z,"[{""w"": ""W4"", ""opp"": ""DAL"", ""v"": 9.0}, {""w"": ""W3"", ""opp"": ""IND"", ""v"": 30.0}, {""w"": ""W2"", ""opp"": ""CIN"", ""v"": 140.0}, {""w"": ""W1"", ""opp"": ""BUF"", ""v"": 35.0}, {""w"": ""25W18"", ""opp"": ""IND"", ""v"": 73.0}, {""w"": ""25W17"", ""opp"": ""LAC"", ""v"": 19.0}]",Over,0.4265488914981428,0.5,0.4741278801072624,1.88,fanduel,-0.10863958539834673,0.0,-0.07345110850185721,
Jeremiyah Love,RB,ARI,DET,player_reception_yds,13.5,15.423534015766203,4,,,1,True,00-0041027,2026-10-11T20:25:00Z,"[{""w"": ""W4"", ""opp"": ""NYG"", ""v"": -8.0}, {""w"": ""W3"", ""opp"": ""SF"", ""v"": 19.0}, {""w"": ""W2"", ""opp"": ""SEA"", ""v"": 16.0}, {""w"": ""W1"", ""opp"": ""LAC"", ""v"": 9.0}]",Over,0.42944459038254923,0.49061662198391415,0.4690793090531868,1.9,betmgm,-0.10874931279894506,0.0,-0.06117203160136492,
Jordan Love,QB,GB,CHI,player_pass_yds,235.5,230.14863724390602,17,,,2,True,00-0036264,2026-10-11T17:00:00Z,"[{""w"": ""W4"", ""opp"": ""TB"", ""v"": 197.0}, {""w"": ""W3"", ""opp"": ""ATL"", ""v"": 312.0}, {""w"": ""W2"", ""opp"": ""NYJ"", ""v"": 145.0}, {""w"": ""W1"", ""opp"": ""MIN"", ""v"": 387.0}, {""w"": ""25W16"", ""opp"": ""CHI"", ""v"": 77.0}, {""w"": ""25W15"", ""opp"": ""DEN"", ""v"": 276.0}]",Over,0.4214206764869347,0.49867021276595747,0.47143416925663195,1.89,betonlineag,-0.10898942010496565,0.0,-0.07724953627902276,
Isaiah Likely,TE,NYG,WAS,player_reception_yds,40.5,42.25087320974704,16,,,1,True,00-0037838,2026-10-11T17:00:00Z,"[{""w"": ""W4"", ""opp"": ""ARI"", ""v"": 66.0}, {""w"": ""W3"", ""opp"": ""TEN"", ""v"": 13.0}, {""w"": ""W2"", ""opp"": ""LA"", ""v"": 33.0}, {""w"": ""W1"", ""opp"": ""DAL"", ""v"": 78.0}, {""w"": ""25W18"", ""opp"": ""PIT"", ""v"": 32.0}, {""w"": ""25W17"", ""opp"": ""GB"", ""v"": 27.0}]",Over,0.4258933108544374,0.5,0.473893953413377,1.88,fanduel,-0.10907936758285125,0.0,-0.07410668914556262,
Aaron Jones,RB,MIN,NO,player_rush_yds,72.5,72.81124816870614,16,,,2,True,00-0033293,2026-10-11T17:00:00Z,"[{""w"": ""W4"", ""opp"": ""MIA"", ""v"": 94.0}, {""w"": ""W3"", ""opp"": ""TB"", ""v"": 58.0}, {""w"": ""W2"", ""opp"": ""CHI"", ""v"": 105.0}, {""w"": ""W1"", ""opp"": ""GB"", ""v"": 40.0}, {""w"": ""25W17"", ""opp"": ""DET"", ""v"": 53.0}, {""w"": ""25W16"", ""opp"": ""NYG"", ""v"": 85.0}]",Over,0.4291232021590722,0.49798927613941024,0.47374213247291963,1.88,betrivers,-0.10936479095091117,0.0,-0.06886607398033806,
Christian Watson,WR,GB,CHI,player_reception_yds,61.5,62.88372235815713,14,,,3,True,00-0038124,2026-10-11T17:00:00Z,"[{""w"": ""W4"", ""opp"": ""TB"", ""v"": 47.0}, {""w"": ""W3"", ""opp"": ""ATL"", ""v"": 96.0}, {""w"": ""W2"", ""opp"": ""NYJ"", ""v"": 41.0}, {""w"": ""W1"", ""opp"": ""MIN"", ""v"": 147.0}, {""w"": ""25W17"", ""opp"": ""BAL"", ""v"": 113.0}, {""w"": ""25W16"", ""opp"": ""CHI"", ""v"": 17.0}]",Over,0.4162821448032108,0.4973544973544974,0.4687414596169016,1.9,draftkings,-0.10939122672788698,0.0,-0.08107235255128659,
George Pickens,WR,DAL,TB,player_reception_yds,60.5,62.11475151752265,17,,,2,True,00-0037247,2026-10-09T00:15:00Z,"[{""w"": ""W4"", ""opp"": ""HOU"", ""v"": 75.0}, {""w"": ""W3"", ""opp"": ""BAL"", ""v"": 82.0}, {""w"": ""W2"", ""opp"": ""WAS"", ""v"": 40.0}, {""w"": ""W1"", ""opp"": ""NYG"", ""v"": 28.0}, {""w"": ""25W18"", ""opp"": ""NYG"", ""v"": 9.0}, {""w"": ""25W17"", ""opp"": ""WAS"", ""v"": 78.0}]",Over,0.4224577975771414,0.5013227513227514,0.47352403070067717,1.88,draftkings,-0.109774822282727,0.0,-0.07886495374560998,
Wan'Dale Robinson,WR,TEN,HOU,player_reception_yds,31.5,46.45023986146384,17,,,3,True,00-0038117,2026-10-11T17:00:00Z,"[{""w"": ""W4"", ""opp"": ""BAL"", ""v"": 19.0}, {""w"": ""W3"", ""opp"": ""NYG"", ""v"": 57.0}, {""w"": ""W2"", ""opp"": ""PHI"", ""v"": 9.0}, {""w"": ""W1"", ""opp"": ""NYJ"", ""v"": 38.0}, {""w"": ""25W17"", ""opp"": ""LV"", ""v"": 113.0}, {""w"": ""25W16"", ""opp"": ""MIN"", ""v"": 19.0}]",Under,0.41635441907043835,0.4893617021276595,0.4635948581526219,1.92,betonlineag,-0.10989787234696596,0.0,-0.07300728305722115,
Isaiah Likely,TE,NYG,WAS,player_reception_yds,41.5,42.25087320974704,16,,,4,True,00-0037838,2026-10-11T17:00:00Z,"[{""w"": ""W4"", ""opp"": ""ARI"", ""v"": 66.0}, {""w"": ""W3"", ""opp"": ""TEN"", ""v"": 13.0}, {""w"": ""W2"", ""opp"": ""LA"", ""v"": 33.0}, {""w"": ""W1"", ""opp"": ""DAL"", ""v"": 78.0}, {""w"": ""25W18"", ""opp"": ""PIT"", ""v"": 32.0}, {""w"": ""25W17"", ""opp"": ""GB"", ""v"": 27.0}]",Over,0.41305798265135174,0.4986772486772487,0.4684401423808684,1.9,draftkings,-0.10996372947635008,0.0,-0.08561926602589698,
Brian Robinson Jr.,RB,ATL,BAL,player_rush_yds,37.5,38.34490124443671,17,,,1,True,00-0037746,2026-10-12T00:20:00Z,"[{""w"": ""W4"", ""opp"": ""NO"", ""v"": 62.0}, {""w"": ""W3"", ""opp"": ""GB"", ""v"": 50.0}, {""w"": ""W2"", ""opp"": ""CAR"", ""v"": 51.0}, {""w"": ""W1"", ""opp"": ""PIT"", ""v"": 31.0}, {""w"": ""25W18"", ""opp"": ""SEA"", ""v"": 9.0}, {""w"": ""25W17"", ""opp"": ""CHI"", ""v"": 22.0}]",Over,0.43826733786064664,0.5040214477211796,0.4809060530059772,1.85,betrivers,-0.11032380193894209,0.0,-0.06575410986053298,
Drake Maye,QB,NE,LV,player_pass_yds,227.5,221.69974934467868,17,,,1,True,00-0039851,2026-10-11T17:00:00Z,"[{""w"": ""W4"", ""opp"": ""BUF"", ""v"": 269.0}, {""w"": ""W3"", ""opp"": ""JAX"", ""v"": 199.0}, {""w"": ""W2"", ""opp"": ""PIT"", ""v"": 208.0}, {""w"": ""W1"", ""opp"": ""SEA"", ""v"": 178.0}, {""w"": ""25W18"", ""opp"": ""MIA"", ""v"": 191.0}, {""w"": ""25W17"", ""opp"": ""NYJ"", ""v"": 256.0}]",Over,0.42347128017228386,0.5,0.4730290025648982,1.88,betonlineag,-0.1107054751779914,0.0,-0.07652871982771614,
Colston Loveland,TE,CHI,GB,player_reception_yds,37.5,38.56082519469403,17,,,3,True,00-0040126,2026-10-11T17:00:00Z,"[{""w"": ""W4"", ""opp"": ""NYJ"", ""v"": 57.0}, {""w"": ""W3"", ""opp"": ""PHI"", ""v"": 31.0}, {""w"": ""W2"", ""opp"": ""MIN"", ""v"": 3.0}, {""w"": ""W1"", ""opp"": ""CAR"", ""v"": 0.0}, {""w"": ""25W18"", ""opp"": ""DET"", ""v"": 91.0}, {""w"": ""25W17"", ""opp"": ""SF"", ""v"": 94.0}]",Over,0.4070562858125131,0.49340369393139843,0.4628676928874275,1.92,draftkings,-0.11129402965613916,0.0,-0.08634740811888536,
Jalen Hurts,QB,PHI,JAX,player_pass_yds,188.5,185.03476280675878,17,,,1,True,00-0036389,2026-10-11T13:30:00Z,"[{""w"": ""W4"", ""opp"": ""LA"", ""v"": 93.0}, {""w"": ""W3"", ""opp"": ""CHI"", ""v"": 153.0}, {""w"": ""W2"", ""opp"": ""TEN"", ""v"": 264.0}, {""w"": ""W1"", ""opp"": ""WAS"", ""v"": 203.0}, {""w"": ""25W17"", ""opp"": ""BUF"", ""v"": 110.0}, {""w"": ""25W16"", ""opp"": ""WAS"", ""v"": 185.0}]",Over,0.4269501263143776,0.5,0.4742710103125679,1.87,betrivers,-0.11311321071549796,0.0,-0.07304987368562238,
Denzel Boston,WR,CLE,NYJ,player_reception_yds,48.5,50.08629186774511,4,,,3,True,00-0041037,2026-10-11T17:00:00Z,"[{""w"": ""W4"", ""opp"": ""PIT"", ""v"": 89.0}, {""w"": ""W3"", ""opp"": ""CAR"", ""v"": 41.0}, {""w"": ""W2"", ""opp"": ""TB"", ""v"": 95.0}, {""w"": ""W1"", ""opp"": ""JAX"", ""v"": 59.0}]",Over,0.41880962874932814,0.5,0.4713609654553586,1.88,betrivers,-0.11384138494392593,0.0,-0.08119037125067186,
Mike Evans,WR,SF,SEA,player_reception_yds,48.5,48.41509917249758,12,,,4,True,00-0031408,2026-10-11T20:25:00Z,"[{""w"": ""W4"", ""opp"": ""DEN"", ""v"": 76.0}, {""w"": ""W3"", ""opp"": ""ARI"", ""v"": 34.0}, {""w"": ""W2"", ""opp"": ""MIA"", ""v"": 54.0}, {""w"": ""W1"", ""opp"": ""LA"", ""v"": 49.0}, {""w"": ""25W18"", ""opp"": ""CAR"", ""v"": 34.0}, {""w"": ""25W17"", ""opp"": ""MIA"", ""v"": 31.0}]",Over,0.4112310768729578,0.5,0.46863935256077544,1.89,draftkings,-0.11427162366013444,0.0,-0.08876892312704221,
Cade Otton,TE,TB,DAL,player_receptions,3.5,4.07728814376646,17,,,6,True,00-0038129,2026-10-09T00:15:00Z,"[{""w"": ""W4"", ""opp"": ""GB"", ""v"": 4.0}, {""w"": ""W3"", ""opp"": ""MIN"", ""v"": 3.0}, {""w"": ""W2"", ""opp"": ""CLE"", ""v"": 5.0}, {""w"": ""W1"", ""opp"": ""CIN"", ""v"": 3.0}, {""w"": ""25W18"", ""opp"": ""CAR"", ""v"": 7.0}, {""w"": ""25W17"", ""opp"": ""MIA"", ""v"": 4.0}]",Under,0.418528590599594,0.5317427545614244,0.4918898361551294,1.8,betmgm,-0.11459829492076712,0.0,-0.11321416396183037,
Colston Loveland,TE,CHI,GB,player_reception_yds,36.5,38.56082519469403,17,,,1,True,00-0040126,2026-10-11T17:00:00Z,"[{""w"": ""W4"", ""opp"": ""NYJ"", ""v"": 57.0}, {""w"": ""W3"", ""opp"": ""PHI"", ""v"": 31.0}, {""w"": ""W2"", ""opp"": ""MIN"", ""v"": 3.0}, {""w"": ""W1"", ""opp"": ""CAR"", ""v"": 0.0}, {""w"": ""25W18"", ""opp"": ""DET"", ""v"": 91.0}, {""w"": ""25W17"", ""opp"": ""SF"", ""v"": 94.0}]",Over,0.4198348164477502,0.4946524064171124,0.4682646423472358,1.89,betrivers,-0.1149798259637243,0.0,-0.07481758996936216,
Keenan Allen,WR,IND,PIT,player_receptions,3.5,4.199599301839452,17,,,2,True,00-0030279,2026-10-11T17:00:00Z,"[{""w"": ""W3"", ""opp"": ""HOU"", ""v"": 6.0}, {""w"": ""W2"", ""opp"": ""KC"", ""v"": 1.0}, {""w"": ""W1"", ""opp"": ""BAL"", ""v"": 6.0}, {""w"": ""25W18"", ""opp"": ""DEN"", ""v"": 7.0}, {""w"": ""25W17"", ""opp"": ""HOU"", ""v"": 1.0}, {""w"": ""25W16"", ""opp"": ""DAL"", ""v"": 5.0}]",Under,0.4344483340524891,0.5808600848288922,0.5299129128951536,1.67,betonlineag,-0.11504543546509349,0.0,-0.14641175077640306,
Marvin Harrison Jr.,WR,ARI,DET,player_reception_yds,34.5,36.790675993050996,16,,,3,True,00-0039849,2026-10-11T20:25:00Z,"[{""w"": ""W4"", ""opp"": ""NYG"", ""v"": 12.0}, {""w"": ""W3"", ""opp"": ""SF"", ""v"": 40.0}, {""w"": ""W2"", ""opp"": ""SEA"", ""v"": 0.0}, {""w"": ""W1"", ""opp"": ""LAC"", ""v"": 33.0}, {""w"": ""25W17"", ""opp"": ""CIN"", ""v"": 0.0}, {""w"": ""25W16"", ""opp"": ""ATL"", ""v"": 14.0}]",Over,0.41699421272348935,0.5,0.47071015528658455,1.88,betonlineag,-0.1150649080612211,0.0,-0.08300578727651065,
Skyy Moore,WR,GB,CHI,player_reception_yds,12.5,13.89111241192303,17,,,1,True,00-0038090,2026-10-11T17:00:00Z,"[{""w"": ""W4"", ""opp"": ""TB"", ""v"": -2.0}, {""w"": ""W3"", ""opp"": ""ATL"", ""v"": 31.0}, {""w"": ""W2"", ""opp"": ""NYJ"", ""v"": 6.0}, {""w"": ""W1"", ""opp"": ""MIN"", ""v"": 0.0}, {""w"": ""25W18"", ""opp"": ""SEA"", ""v"": 0.0}, {""w"": ""25W17"", ""opp"": ""CHI"", ""v"": 0.0}]",Over,0.41658441076956976,0.5,0.47056314772965535,1.88,fanduel,-0.11534128226824797,0.0,-0.08341558923043024,
Elic Ayomanor,WR,TEN,HOU,player_receptions,1.5,2.0043442976978154,17,,,2,True,00-0040170,2026-10-11T17:00:00Z,"[{""w"": ""W4"", ""opp"": ""BAL"", ""v"": 1.0}, {""w"": ""W3"", ""opp"": ""NYG"", ""v"": 1.0}, {""w"": ""W2"", ""opp"": ""PHI"", ""v"": 2.0}, {""w"": ""W1"", ""opp"": ""NYJ"", ""v"": 1.0}, {""w"": ""25W18"", ""opp"": ""JAX"", ""v"": 3.0}, {""w"": ""25W17"", ""opp"": ""NO"", ""v"": 4.0}]",Under,0.4048448153954046,0.4986772486772486,0.4654798576182352,1.9,draftkings,-0.1155882705253532,0.0,-0.09383243328184399,
Brian Thomas Jr,WR,JAX,PHI,player_reception_yds,24.5,35.22230088667955,17,,,5,True,00-0039893,2026-10-11T13:30:00Z,"[{""w"": ""W4"", ""opp"": ""CIN"", ""v"": 17.0}, {""w"": ""W3"", ""opp"": ""NE"", ""v"": 8.0}, {""w"": ""W2"", ""opp"": ""DEN"", ""v"": 40.0}, {""w"": ""W1"", ""opp"": ""CLE"", ""v"": 40.0}, {""w"": ""25W18"", ""opp"": ""TEN"", ""v"": 49.0}, {""w"": ""25W17"", ""opp"": ""IND"", ""v"": 39.0}]",Under,0.4091632319812838,0.5,0.4678944931685559,1.89,draftkings,-0.11567940791142939,0.0,-0.09083676801871621,
Aaron Rodgers,QB,PIT,IND,player_pass_yds,223.5,255.2514991830369,17,,,2,True,00-0023459,2026-10-11T17:00:00Z,"[{""w"": ""W4"", ""opp"": ""CLE"", ""v"": 299.0}, {""w"": ""W3"", ""opp"": ""CIN"", ""v"": 292.0}, {""w"": ""W2"", ""opp"": ""NE"", ""v"": 187.0}, {""w"": ""W1"", ""opp"": ""ATL"", ""v"": 221.0}, {""w"": ""25W18"", ""opp"": ""BAL"", ""v"": 294.0}, {""w"": ""25W17"", ""opp"": ""CLE"", ""v"": 168.0}]",Under,0.4047051387145094,0.4986772486772486,0.4654293730040445,1.9,draftkings,-0.11568419129231544,0.0,-0.09397210996273919,
Cam Ward,QB,TEN,HOU,player_rush_yds,10.5,11.185238728353095,17,,,3,True,00-0040676,2026-10-11T17:00:00Z,"[{""w"": ""W4"", ""opp"": ""BAL"", ""v"": 27.0}, {""w"": ""W3"", ""opp"": ""NYG"", ""v"": 2.0}, {""w"": ""W2"", ""opp"": ""PHI"", ""v"": 7.0}, {""w"": ""W1"", ""opp"": ""NYJ"", ""v"": 21.0}, {""w"": ""25W18"", ""opp"": ""JAX"", ""v"": 11.0}, {""w"": ""25W17"", ""opp"": ""NO"", ""v"": 10.0}]",Over,0.40900980569612555,0.5,0.46783918728430546,1.89,draftkings,-0.11578393603266268,0.0,-0.09099019430387445,
David Montgomery,RB,HOU,TEN,player_reception_yds,8.5,9.382872431316843,17,,,1,True,00-0035685,2026-10-11T17:00:00Z,"[{""w"": ""W4"", ""opp"": ""DAL"", ""v"": 19.0}, {""w"": ""W3"", ""opp"": ""IND"", ""v"": 15.0}, {""w"": ""W2"", ""opp"": ""CIN"", ""v"": 14.0}, {""w"": ""W1"", ""opp"": ""BUF"", ""v"": 19.0}, {""w"": ""25W18"", ""opp"": ""CHI"", ""v"": 13.0}, {""w"": ""25W17"", ""opp"": ""MIN"", ""v"": 15.0}]",Over,0.4320196297095449,0.5106951871657753,0.483018081194116,1.83,betmgm,-0.11607691141476767,0.0,-0.07867555745623045,
D'Andre Swift,RB,CHI,GB,player_reception_yds,14.5,16.171046726536368,17,,,2,True,00-0036275,2026-10-11T17:00:00Z,"[{""w"": ""W4"", ""opp"": ""NYJ"", ""v"": 16.0}, {""w"": ""W3"", ""opp"": ""PHI"", ""v"": 4.0}, {""w"": ""W2"", ""opp"": ""MIN"", ""v"": 54.0}, {""w"": ""W1"", ""opp"": ""CAR"", ""v"": 10.0}, {""w"": ""25W18"", ""opp"": ""DET"", ""v"": 8.0}, {""w"": ""25W17"", ""opp"": ""SF"", ""v"": 25.0}]",Over,0.4006906979716345,0.48936140112610704,0.4579569253924411,1.93,draftkings,-0.11614313399258869,0.0,-0.08867070315447256,
Drake Maye,QB,NE,LV,player_pass_yds,229.5,221.69974934467868,17,,,3,True,00-0039851,2026-10-11T17:00:00Z,"[{""w"": ""W4"", ""opp"": ""BUF"", ""v"": 269.0}, {""w"": ""W3"", ""opp"": ""JAX"", ""v"": 199.0}, {""w"": ""W2"", ""opp"": ""PIT"", ""v"": 208.0}, {""w"": ""W1"", ""opp"": ""SEA"", ""v"": 178.0}, {""w"": ""25W18"", ""opp"": ""MIA"", ""v"": 191.0}, {""w"": ""25W17"", ""opp"": ""NYJ"", ""v"": 256.0}]",Over,0.41407727288084456,0.5,0.4696629698078334,1.88,betrivers,-0.11703361676127327,0.0,-0.08592272711915544,
Cade Otton,TE,TB,DAL,player_reception_yds,30.5,40.56474487940717,17,,,1,True,00-0038129,2026-10-09T00:15:00Z,"[{""w"": ""W4"", ""opp"": ""GB"", ""v"": 37.0}, {""w"": ""W3"", ""opp"": ""MIN"", ""v"": 56.0}, {""w"": ""W2"", ""opp"": ""CLE"", ""v"": 38.0}, {""w"": ""W1"", ""opp"": ""CIN"", ""v"": 26.0}, {""w"": ""25W18"", ""opp"": ""CAR"", ""v"": 94.0}, {""w"": ""25W17"", ""opp"": ""MIA"", ""v"": 33.0}]",Under,0.4185653521459698,0.5013333333333333,0.4721373282230911,1.87,betrivers,-0.1171031962228195,0.0,-0.0827679811873635,
Sam Darnold,QB,SEA,SF,player_rush_yds,5.5,8.13701962992414,17,,,1,True,00-0034869,2026-10-11T20:25:00Z,"[{""w"": ""W4"", ""opp"": ""LAC"", ""v"": 6.0}, {""w"": ""W3"", ""opp"": ""WAS"", ""v"": 5.0}, {""w"": ""W1"", ""opp"": ""NE"", ""v"": 0.0}, {""w"": ""25W18"", ""opp"": ""SF"", ""v"": 9.0}, {""w"": ""25W17"", ""opp"": ""CAR"", ""v"": 2.0}, {""w"": ""25W16"", ""opp"": ""LA"", ""v"": 7.0}]",Under,0.4356657469263362,0.52,0.49036563430194163,1.8,betmgm,-0.11734185825650512,0.0,-0.08433425307366382,
C.J. Stroud,QB,HOU,TEN,player_pass_yds,242.5,236.09097702256665,17,,,1,True,00-0039163,2026-10-11T17:00:00Z,"[{""w"": ""W4"", ""opp"": ""DAL"", ""v"": 347.0}, {""w"": ""W3"", ""opp"": ""IND"", ""v"": 167.0}, {""w"": ""W2"", ""opp"": ""CIN"", ""v"": 353.0}, {""w"": ""W1"", ""opp"": ""BUF"", ""v"": 274.0}, {""w"": ""25W18"", ""opp"": ""IND"", ""v"": 169.0}, {""w"": ""25W17"", ""opp"": ""LAC"", ""v"": 244.0}]",Over,0.42042061519690915,0.5,0.4719379106823184,1.87,betmgm,-0.11747610702406458,0.0,-0.07957938480309085,
Chris Rodriguez Jr.,RB,JAX,PHI,player_rush_yds,27.5,37.50122530458047,16,,,2,True,00-0038611,2026-10-11T13:30:00Z,"[{""w"": ""W4"", ""opp"": ""CIN"", ""v"": 35.0}, {""w"": ""W3"", ""opp"": ""NE"", ""v"": 37.0}, {""w"": ""W2"", ""opp"": ""DEN"", ""v"": 13.0}, {""w"": ""W1"", ""opp"": ""CLE"", ""v"": 23.0}, {""w"": ""25W18"", ""opp"": ""PHI"", ""v"": 65.0}, {""w"": ""25W16"", ""opp"": ""PHI"", ""v"": 63.0}]",Under,0.39866663495302124,0.48936140112610704,0.45722409704712474,1.93,draftkings,-0.11755749269904925,0.0,-0.0906947661730858,
Aaron Rodgers,QB,PIT,IND,player_pass_yds,224.5,255.2514991830369,17,,,2,True,00-0023459,2026-10-11T17:00:00Z,"[{""w"": ""W4"", ""opp"": ""CLE"", ""v"": 299.0}, {""w"": ""W3"", ""opp"": ""CIN"", ""v"": 292.0}, {""w"": ""W2"", ""opp"": ""NE"", ""v"": 187.0}, {""w"": ""W1"", ""opp"": ""ATL"", ""v"": 221.0}, {""w"": ""25W18"", ""opp"": ""BAL"", ""v"": 294.0}, {""w"": ""25W17"", ""opp"": ""CLE"", ""v"": 168.0}]",Under,0.4093156406221494,0.5020107238605898,0.4692512490937866,1.88,betonlineag,-0.11780765170368124,0.0,-0.09269508323844033,
Jakobi Meyers,WR,JAX,PHI,player_reception_yds,43.5,43.096800491761606,17,,,1,True,00-0034960,2026-10-11T13:30:00Z,"[{""w"": ""W4"", ""opp"": ""CIN"", ""v"": 33.0}, {""w"": ""W3"", ""opp"": ""NE"", ""v"": 64.0}, {""w"": ""W2"", ""opp"": ""DEN"", ""v"": 28.0}, {""w"": ""W1"", ""opp"": ""CLE"", ""v"": 40.0}, {""w"": ""25W18"", ""opp"": ""TEN"", ""v"": 44.0}, {""w"": ""25W17"", ""opp"": ""IND"", ""v"": 39.0}]",Over,0.41897125624752524,0.4959785522788205,0.4688142197487523,1.88,betrivers,-0.11862926687234565,0.0,-0.07700729603129525,
Matthew Stafford,QB,LA,BUF,player_pass_yds,283.5,328.5199119074335,17,,,3,True,00-0026498,2026-10-13T00:15:00Z,"[{""w"": ""W4"", ""opp"": ""PHI"", ""v"": 317.0}, {""w"": ""W3"", ""opp"": ""DEN"", ""v"": 390.0}, {""w"": ""W2"", ""opp"": ""NYG"", ""v"": 327.0}, {""w"": ""W1"", ""opp"": ""SF"", ""v"": 155.0}, {""w"": ""25W18"", ""opp"": ""ARI"", ""v"": 259.0}, {""w"": ""25W17"", ""opp"": ""ATL"", ""v"": 269.0}]",Under,0.4043237117146869,0.5,0.46614723411692094,1.89,draftkings,-0.11898172751901936,0.0,-0.0956762882853131,
Brock Purdy,QB,SF,SEA,player_pass_yds,222.5,214.32534902798582,13,,,2,True,00-0037834,2026-10-11T20:25:00Z,"[{""w"": ""W4"", ""opp"": ""DEN"", ""v"": 218.0}, {""w"": ""W3"", ""opp"": ""ARI"", ""v"": 297.0}, {""w"": ""W2"", ""opp"": ""MIA"", ""v"": 287.0}, {""w"": ""W1"", ""opp"": ""LA"", ""v"": 205.0}, {""w"": ""25W18"", ""opp"": ""SEA"", ""v"": 127.0}, {""w"": ""25W17"", ""opp"": ""CHI"", ""v"": 303.0}]",Over,0.41084117760206823,0.5,0.4684989832087747,1.88,betonlineag,-0.11922191156750361,0.0,-0.08915882239793177,
Jordan Love,QB,GB,CHI,player_rush_yds,6.5,8.362162673191087,17,,,1,True,00-0036264,2026-10-11T17:00:00Z,"[{""w"": ""W4"", ""opp"": ""TB"", ""v"": -8.0}, {""w"": ""W3"", ""opp"": ""ATL"", ""v"": 0.0}, {""w"": ""W2"", ""opp"": ""NYJ"", ""v"": 0.0}, {""w"": ""W1"", ""opp"": ""MIN"", ""v"": 0.0}, {""w"": ""25W16"", ""opp"": ""CHI"", ""v"": 7.0}, {""w"": ""25W15"", ""opp"": ""DEN"", ""v"": 29.0}]",Over,0.41077727562885524,0.5,0.4684759742124136,1.88,fanduel,-0.11926516848066249,0.0,-0.08922272437114476,
Jonathan Taylor,RB,IND,PIT,player_rush_yds,86.5,85.21759957182266,17,,,1,True,00-0036223,2026-10-11T17:00:00Z,"[{""w"": ""W4"", ""opp"": ""WAS"", ""v"": 95.0}, {""w"": ""W3"", ""opp"": ""HOU"", ""v"": 68.0}, {""w"": ""W2"", ""opp"": ""KC"", ""v"": 92.0}, {""w"": ""W1"", ""opp"": ""BAL"", ""v"": 98.0}, {""w"": ""25W18"", ""opp"": ""HOU"", ""v"": 26.0}, {""w"": ""25W17"", ""opp"": ""JAX"", ""v"": 70.0}]",Over,0.4176269623730198,0.5,0.47093706975000943,1.87,betmgm,-0.11934767956748227,0.0,-0.08237303762698017,
Quinshon Judkins,RB,CLE,NYJ,player_rush_yds,59.5,56.555990437114716,17,,,5,True,00-0040784,2026-10-11T17:00:00Z,"[{""w"": ""W4"", ""opp"": ""PIT"", ""v"": 53.0}, {""w"": ""W3"", ""opp"": ""CAR"", ""v"": 70.0}, {""w"": ""W2"", ""opp"": ""TB"", ""v"": 21.0}, {""w"": ""W1"", ""opp"": ""JAX"", ""v"": 33.0}, {""w"": ""25W16"", ""opp"": ""BUF"", ""v"": 22.0}, {""w"": ""25W15"", ""opp"": ""CHI"", ""v"": 21.0}]",Over,0.3895958007874848,0.5,0.46079214909806804,1.91,draftkings,-0.11988699522269014,0.0,-0.11040419921251521,
George Pickens,WR,DAL,TB,player_reception_yds,61.5,62.11475151752265,17,,,2,True,00-0037247,2026-10-09T00:15:00Z,"[{""w"": ""W4"", ""opp"": ""HOU"", ""v"": 75.0}, {""w"": ""W3"", ""opp"": ""BAL"", ""v"": 82.0}, {""w"": ""W2"", ""opp"": ""WAS"", ""v"": 40.0}, {""w"": ""W1"", ""opp"": ""NYG"", ""v"": 28.0}, {""w"": ""25W18"", ""opp"": ""NYG"", ""v"": 9.0}, {""w"": ""25W17"", ""opp"": ""WAS"", ""v"": 78.0}]",Over,0.41338939679054887,0.49798927613941024,0.46811387116664793,1.88,betrivers,-0.11994592220670192,0.0,-0.08459987934886137,
Aaron Jones,RB,MIN,NO,player_receptions,3.5,2.7331973471727364,16,,,4,True,00-0033293,2026-10-11T17:00:00Z,"[{""w"": ""W4"", ""opp"": ""MIA"", ""v"": 4.0}, {""w"": ""W3"", ""opp"": ""TB"", ""v"": 5.0}, {""w"": ""W2"", ""opp"": ""CHI"", ""v"": 0.0}, {""w"": ""W1"", ""opp"": ""GB"", ""v"": 0.0}, {""w"": ""25W17"", ""opp"": ""DET"", ""v"": 3.0}, {""w"": ""25W16"", ""opp"": ""NYG"", ""v"": 2.0}]",Over,0.30023128927969694,0.4173121093958656,0.37445536165775045,2.35,betrivers,-0.12002990010428649,0.0,-0.11708082011616866,
Courtland Sutton,WR,DEN,LAC,player_reception_yds,39.5,41.25402963992632,17,,,1,True,00-0034348,2026-10-11T20:05:00Z,"[{""w"": ""W4"", ""opp"": ""SF"", ""v"": 4.0}, {""w"": ""W3"", ""opp"": ""LA"", ""v"": 46.0}, {""w"": ""W2"", ""opp"": ""JAX"", ""v"": 25.0}, {""w"": ""W1"", ""opp"": ""KC"", ""v"": 11.0}, {""w"": ""25W18"", ""opp"": ""LAC"", ""v"": 5.0}, {""w"": ""25W17"", ""opp"": ""KC"", ""v"": 40.0}]",Over,0.4165444821644755,0.5,0.4705488222742626,1.87,betmgm,-0.12007370234712883,0.0,-0.08345551783552452,
Joe Burrow,QB,CIN,MIA,player_pass_yds,235.5,275.3972036392014,12,,,3,True,00-0036442,2026-10-11T17:00:00Z,"[{""w"": ""W4"", ""opp"": ""JAX"", ""v"": 428.0}, {""w"": ""W3"", ""opp"": ""PIT"", ""v"": 282.0}, {""w"": ""W2"", ""opp"": ""HOU"", ""v"": 207.0}, {""w"": ""W1"", ""opp"": ""TB"", ""v"": 254.0}, {""w"": ""25W18"", ""opp"": ""CLE"", ""v"": 236.0}, {""w"": ""25W17"", ""opp"": ""ARI"", ""v"": 305.0}]",Under,0.4042738038012662,0.5026455026455026,0.4678412790487863,1.88,draftkings,-0.12045839538828185,0.0,-0.09837169884423635,
Tyjae Spears,RB,TEN,HOU,player_reception_yds,10.5,11.478611302024385,17,,,1,True,00-0039032,2026-10-11T17:00:00Z,"[{""w"": ""W4"", ""opp"": ""BAL"", ""v"": -1.0}, {""w"": ""W3"", ""opp"": ""NYG"", ""v"": 0.0}, {""w"": ""W2"", ""opp"": ""PHI"", ""v"": 29.0}, {""w"": ""W1"", ""opp"": ""NYJ"", ""v"": 12.0}, {""w"": ""25W18"", ""opp"": ""JAX"", ""v"": 9.0}, {""w"": ""25W17"", ""opp"": ""NO"", ""v"": -1.0}]",Over,0.3941692634902445,0.48941798941798953,0.45562843107832046,1.93,draftkings,-0.12063712801884124,0.0,-0.09524872592774503,
Keaton Mitchell,RB,LAC,DEN,player_rush_yds,28.5,29.076211969222424,17,,,1,True,00-0038454,2026-10-11T20:05:00Z,"[{""w"": ""W4"", ""opp"": ""SEA"", ""v"": 39.0}, {""w"": ""W3"", ""opp"": ""BUF"", ""v"": 52.0}, {""w"": ""W2"", ""opp"": ""LV"", ""v"": 24.0}, {""w"": ""W1"", ""opp"": ""ARI"", ""v"": 9.0}, {""w"": ""25W18"", ""opp"": ""PIT"", ""v"": 2.0}, {""w"": ""25W17"", ""opp"": ""GB"", ""v"": 31.0}]",Over,0.41511941859331714,0.5,0.4700373157698985,1.87,betmgm,-0.12103021951028975,0.0,-0.08488058140668286,
Daniel Jones,QB,IND,PIT,player_pass_yds,213.5,203.8109108275874,17,,,4,True,00-0035710,2026-10-11T17:00:00Z,"[{""w"": ""W4"", ""opp"": ""WAS"", ""v"": 143.0}, {""w"": ""W3"", ""opp"": ""HOU"", ""v"": 235.0}, {""w"": ""W2"", ""opp"": ""KC"", ""v"": 210.0}, {""w"": ""W1"", ""opp"": ""BAL"", ""v"": 166.0}, {""w"": ""25W14"", ""opp"": ""JAX"", ""v"": 60.0}, {""w"": ""25W13"", ""opp"": ""HOU"", ""v"": 201.0}]",Over,0.40127777693897665,0.5,0.4650445287637693,1.89,draftkings,-0.12106584063647613,0.0,-0.09872222306102335,
Devaughn Vele,WR,NO,MIN,player_reception_yds,36.5,49.72711024693077,13,,,5,True,00-0039424,2026-10-11T17:00:00Z,"[{""w"": ""W4"", ""opp"": ""ATL"", ""v"": 54.0}, {""w"": ""W3"", ""opp"": ""LV"", ""v"": 39.0}, {""w"": ""W2"", ""opp"": ""BAL"", ""v"": 64.0}, {""w"": ""W1"", ""opp"": ""DET"", ""v"": 69.0}, {""w"": ""25W15"", ""opp"": ""CAR"", ""v"": 69.0}, {""w"": ""25W14"", ""opp"": ""TB"", ""v"": 40.0}]",Under,0.3921446645919299,0.5,0.4617232527173625,1.9,betonlineag,-0.12272581983701136,0.0,-0.10785533540807007,
Tucker Kraft,TE,GB,CHI,player_receptions,4.5,3.901015180522815,12,,,6,True,00-0038996,2026-10-11T17:00:00Z,"[{""w"": ""W4"", ""opp"": ""TB"", ""v"": 6.0}, {""w"": ""W3"", ""opp"": ""ATL"", ""v"": 4.0}, {""w"": ""W2"", ""opp"": ""NYJ"", ""v"": 2.0}, {""w"": ""W1"", ""opp"": ""MIN"", ""v"": 3.0}, {""w"": ""25W9"", ""opp"": ""CAR"", ""v"": 2.0}, {""w"": ""25W8"", ""opp"": ""PIT"", ""v"": 7.0}]",Over,0.3518336724523029,0.487319073083779,0.43860548265911947,2.0,betonlineag,-0.12278903468176106,0.0,-0.13548540063147607,
Matthew Stafford,QB,LA,BUF,player_pass_yds,282.5,328.5199119074335,17,,,1,True,00-0026498,2026-10-13T00:15:00Z,"[{""w"": ""W4"", ""opp"": ""PHI"", ""v"": 317.0}, {""w"": ""W3"", ""opp"": ""DEN"", ""v"": 390.0}, {""w"": ""W2"", ""opp"": ""NYG"", ""v"": 327.0}, {""w"": ""W1"", ""opp"": ""SF"", ""v"": 155.0}, {""w"": ""25W18"", ""opp"": ""ARI"", ""v"": 259.0}, {""w"": ""25W17"", ""opp"": ""ATL"", ""v"": 269.0}]",Under,0.4009635929947985,0.49468085106382975,0.46149180477009694,1.9,betonlineag,-0.1231655709368159,0.0,-0.09371725806903125,
Geno Smith,QB,NYJ,CLE,player_pass_yds,206.5,196.5966131625516,17,,,4,True,00-0030565,2026-10-11T17:00:00Z,"[{""w"": ""W4"", ""opp"": ""CHI"", ""v"": 119.0}, {""w"": ""W3"", ""opp"": ""DET"", ""v"": 321.0}, {""w"": ""W2"", ""opp"": ""GB"", ""v"": 247.0}, {""w"": ""W1"", ""opp"": ""TEN"", ""v"": 215.0}, {""w"": ""25W17"", ""opp"": ""NYG"", ""v"": 176.0}, {""w"": ""25W16"", ""opp"": ""HOU"", ""v"": 201.0}]",Over,0.39808713111274197,0.5,0.46388683670528763,1.89,draftkings,-0.12325387862700643,0.0,-0.10191286888725803,
Bucky Irving,RB,TB,DAL,player_rush_yds,50.5,60.937884923659915,14,,,1,True,00-0039361,2026-10-09T00:15:00Z,"[{""w"": ""W4"", ""opp"": ""GB"", ""v"": 61.0}, {""w"": ""W3"", ""opp"": ""MIN"", ""v"": 46.0}, {""w"": ""W2"", ""opp"": ""CLE"", ""v"": 89.0}, {""w"": ""W1"", ""opp"": ""CIN"", ""v"": 45.0}, {""w"": ""25W18"", ""opp"": ""CAR"", ""v"": 85.0}, {""w"": ""25W17"", ""opp"": ""MIA"", ""v"": 19.0}]",Under,0.41866265559627774,0.5040214477211795,0.4739144508042142,1.85,betrivers,-0.1232582660122038,0.0,-0.08535879212490177,
Jalen Hurts,QB,PHI,JAX,player_pass_yds,193.5,185.03476280675878,17,,,2,True,00-0036389,2026-10-11T13:30:00Z,"[{""w"": ""W4"", ""opp"": ""LA"", ""v"": 93.0}, {""w"": ""W3"", ""opp"": ""CHI"", ""v"": 153.0}, {""w"": ""W2"", ""opp"": ""TEN"", ""v"": 264.0}, {""w"": ""W1"", ""opp"": ""WAS"", ""v"": 203.0}, {""w"": ""25W17"", ""opp"": ""BUF"", ""v"": 110.0}, {""w"": ""25W16"", ""opp"": ""WAS"", ""v"": 185.0}]",Over,0.4023900546004101,0.5013297872340425,0.46630781535827426,1.88,fanduel,-0.12334130712644442,0.0,-0.09893973263363243,
Jonathan Taylor,RB,IND,PIT,player_rush_yds,88.5,85.21759957182266,17,,,2,True,00-0036223,2026-10-11T17:00:00Z,"[{""w"": ""W4"", ""opp"": ""WAS"", ""v"": 95.0}, {""w"": ""W3"", ""opp"": ""HOU"", ""v"": 68.0}, {""w"": ""W2"", ""opp"": ""KC"", ""v"": 92.0}, {""w"": ""W1"", ""opp"": ""BAL"", ""v"": 98.0}, {""w"": ""25W18"", ""opp"": ""HOU"", ""v"": 26.0}, {""w"": ""25W17"", ""opp"": ""JAX"", ""v"": 70.0}]",Over,0.40109528993350596,0.5020107238605898,0.46627918849904004,1.88,fanduel,-0.12339512562180477,0.0,-0.1009154339270838,
Deebo Samuel,WR,SF,SEA,player_receptions,3.5,3.1014330555477545,17,,,5,True,00-0035719,2026-10-11T20:25:00Z,"[{""w"": ""W4"", ""opp"": ""DEN"", ""v"": 5.0}, {""w"": ""W3"", ""opp"": ""ARI"", ""v"": 0.0}, {""w"": ""W2"", ""opp"": ""MIA"", ""v"": 3.0}, {""w"": ""W1"", ""opp"": ""LA"", ""v"": 6.0}, {""w"": ""25W18"", ""opp"": ""PHI"", ""v"": 2.0}, {""w"": ""25W17"", ""opp"": ""DAL"", ""v"": 2.0}]",Over,0.3694694706574708,0.48275862068965525,0.4422789641566953,1.98,fanduel,-0.12428765096974326,0.0,-0.11328915003218443,
Quinshon Judkins,RB,CLE,NYJ,player_rush_yds,58.5,56.555990437114716,17,,,1,True,00-0040784,2026-10-11T17:00:00Z,"[{""w"": ""W4"", ""opp"": ""PIT"", ""v"": 53.0}, {""w"": ""W3"", ""opp"": ""CAR"", ""v"": 70.0}, {""w"": ""W2"", ""opp"": ""TB"", ""v"": 21.0}, {""w"": ""W1"", ""opp"": ""JAX"", ""v"": 33.0}, {""w"": ""25W16"", ""opp"": ""BUF"", ""v"": 22.0}, {""w"": ""25W15"", ""opp"": ""CHI"", ""v"": 21.0}]",Over,0.4010964520650528,0.49333333333333335,0.4606692033834928,1.9,betmgm,-0.12472851357136366,0.0,-0.09223688126828056,
Aaron Rodgers,QB,PIT,IND,player_pass_yds,226.5,255.2514991830369,17,,,1,True,00-0023459,2026-10-11T17:00:00Z,"[{""w"": ""W4"", ""opp"": ""CLE"", ""v"": 299.0}, {""w"": ""W3"", ""opp"": ""CIN"", ""v"": 292.0}, {""w"": ""W2"", ""opp"": ""NE"", ""v"": 187.0}, {""w"": ""W1"", ""opp"": ""ATL"", ""v"": 221.0}, {""w"": ""25W18"", ""opp"": ""BAL"", ""v"": 294.0}, {""w"": ""25W17"", ""opp"": ""CLE"", ""v"": 168.0}]",Under,0.41853212257253175,0.5106951871657754,0.4781965856087874,1.83,betmgm,-0.1249002483359189,0.0,-0.0921630645932437,
Trevor Lawrence,QB,JAX,PHI,player_rush_yds,15.5,15.823731857512445,17,,,2,True,00-0036971,2026-10-11T13:30:00Z,"[{""w"": ""W4"", ""opp"": ""CIN"", ""v"": 0.0}, {""w"": ""W3"", ""opp"": ""NE"", ""v"": 25.0}, {""w"": ""W2"", ""opp"": ""DEN"", ""v"": 6.0}, {""w"": ""W1"", ""opp"": ""CLE"", ""v"": 3.0}, {""w"": ""25W18"", ""opp"": ""TEN"", ""v"": 11.0}, {""w"": ""25W17"", ""opp"": ""IND"", ""v"": 26.0}]",Over,0.3904316945315345,0.49135425338281147,0.4555165560028667,1.92,draftkings,-0.12540821247449596,0.0,-0.10092255885127699,
Nico Collins,WR,HOU,TEN,player_reception_yds,75.5,73.73896454453674,17,,,1,True,00-0036554,2026-10-11T17:00:00Z,"[{""w"": ""W4"", ""opp"": ""DAL"", ""v"": 118.0}, {""w"": ""W1"", ""opp"": ""BUF"", ""v"": 75.0}, {""w"": ""25W17"", ""opp"": ""LAC"", ""v"": 57.0}, {""w"": ""25W16"", ""opp"": ""LV"", ""v"": 59.0}, {""w"": ""25W15"", ""opp"": ""ARI"", ""v"": 85.0}, {""w"": ""25W14"", ""opp"": ""KC"", ""v"": 121.0}]",Over,0.4080615663998387,0.5,0.46749724891436717,1.87,betmgm,-0.12578014453013336,0.0,-0.0919384336001613,
Matthew Stafford,QB,LA,BUF,player_pass_yds,284.5,328.5199119074335,17,,,1,True,00-0026498,2026-10-13T00:15:00Z,"[{""w"": ""W4"", ""opp"": ""PHI"", ""v"": 317.0}, {""w"": ""W3"", ""opp"": ""DEN"", ""v"": 390.0}, {""w"": ""W2"", ""opp"": ""NYG"", ""v"": 327.0}, {""w"": ""W1"", ""opp"": ""SF"", ""v"": 155.0}, {""w"": ""25W18"", ""opp"": ""ARI"", ""v"": 259.0}, {""w"": ""25W17"", ""opp"": ""ATL"", ""v"": 269.0}]",Under,0.40768288383721474,0.5,0.46736063436021924,1.87,betmgm,-0.12603561374639,0.0,-0.09231711616278526,
Deshaun Watson,QB,CLE,NYJ,player_pass_yds,199.5,192.83718027906298,4,,,1,True,00-0033537,2026-10-11T17:00:00Z,"[{""w"": ""W4"", ""opp"": ""PIT"", ""v"": 268.0}, {""w"": ""W3"", ""opp"": ""CAR"", ""v"": 144.0}, {""w"": ""W2"", ""opp"": ""TB"", ""v"": 238.0}, {""w"": ""W1"", ""opp"": ""JAX"", ""v"": 205.0}]",Over,0.41418568092863683,0.5040214477211796,0.47230712260945945,1.85,betrivers,-0.12623182317249992,0.0,-0.08983576679254279,
Cade Otton,TE,TB,DAL,player_reception_yds,29.5,40.56474487940717,17,,,1,True,00-0038129,2026-10-09T00:15:00Z,"[{""w"": ""W4"", ""opp"": ""GB"", ""v"": 37.0}, {""w"": ""W3"", ""opp"": ""MIN"", ""v"": 56.0}, {""w"": ""W2"", ""opp"": ""CLE"", ""v"": 38.0}, {""w"": ""W1"", ""opp"": ""CIN"", ""v"": 26.0}, {""w"": ""25W18"", ""opp"": ""CAR"", ""v"": 94.0}, {""w"": ""25W17"", ""opp"": ""MIA"", ""v"": 33.0}]",Under,0.400413470592385,0.5,0.46473119081966147,1.88,fanduel,-0.12630536125903657,0.0,-0.09958652940761498,
Aaron Rodgers,QB,PIT,IND,player_pass_yds,222.5,255.2514991830369,17,,,1,True,00-0023459,2026-10-11T17:00:00Z,"[{""w"": ""W4"", ""opp"": ""CLE"", ""v"": 299.0}, {""w"": ""W3"", ""opp"": ""CIN"", ""v"": 292.0}, {""w"": ""W2"", ""opp"": ""NE"", ""v"": 187.0}, {""w"": ""W1"", ""opp"": ""ATL"", ""v"": 221.0}, {""w"": ""25W18"", ""opp"": ""BAL"", ""v"": 294.0}, {""w"": ""25W17"", ""opp"": ""CLE"", ""v"": 168.0}]",Under,0.4000939571143342,0.5,0.4646153075013497,1.88,fanduel,-0.12652322189746257,0.0,-0.09990604288566579,
Brock Bowers,TE,LV,NE,player_receptions,6.5,5.963779458851509,14,,,6,True,00-0039338,2026-10-11T17:00:00Z,"[{""w"": ""W4"", ""opp"": ""KC"", ""v"": 6.0}, {""w"": ""W3"", ""opp"": ""NO"", ""v"": 10.0}, {""w"": ""25W16"", ""opp"": ""HOU"", ""v"": 5.0}, {""w"": ""25W15"", ""opp"": ""PHI"", ""v"": 6.0}, {""w"": ""25W14"", ""opp"": ""DEN"", ""v"": 4.0}, {""w"": ""25W13"", ""opp"": ""LAC"", ""v"": 4.0}]",Over,0.38770230072444034,0.5265223143967237,0.47728552424692094,1.83,betmgm,-0.12656749062813466,0.0,-0.13882001367228336,
Aaron Jones,RB,MIN,NO,player_receptions,2.5,2.7331973471727364,16,,,1,True,00-0033293,2026-10-11T17:00:00Z,"[{""w"": ""W4"", ""opp"": ""MIA"", ""v"": 4.0}, {""w"": ""W3"", ""opp"": ""TB"", ""v"": 5.0}, {""w"": ""W2"", ""opp"": ""CHI"", ""v"": 0.0}, {""w"": ""W1"", ""opp"": ""GB"", ""v"": 0.0}, {""w"": ""25W17"", ""opp"": ""DET"", ""v"": 3.0}, {""w"": ""25W16"", ""opp"": ""NYG"", ""v"": 2.0}]",Over,0.48354146224819317,0.5943152454780362,0.5560488205163362,1.57,fanduel,-0.12700335178935213,0.0,-0.11077378322984299,
Josh Cameron,WR,JAX,PHI,player_reception_yds,12.5,13.504524568416496,4,,,3,True,00-0041100,2026-10-11T13:30:00Z,"[{""w"": ""W4"", ""opp"": ""CIN"", ""v"": 42.0}, {""w"": ""W3"", ""opp"": ""NE"", ""v"": 12.0}, {""w"": ""W2"", ""opp"": ""DEN"", ""v"": 0.0}, {""w"": ""W1"", ""opp"": ""CLE"", ""v"": 20.0}]",Over,0.3983455110967443,0.5,0.4639806883516782,1.88,betonlineag,-0.12771630589884508,0.0,-0.10165448890325568,
Kenny Gainwell,RB,TB,DAL,player_reception_yds,12.5,22.119098843693443,17,,,1,True,00-0036919,2026-10-09T00:15:00Z,"[{""w"": ""W4"", ""opp"": ""GB"", ""v"": 22.0}, {""w"": ""W3"", ""opp"": ""MIN"", ""v"": 14.0}, {""w"": ""W2"", ""opp"": ""CLE"", ""v"": 5.0}, {""w"": ""W1"", ""opp"": ""CIN"", ""v"": 3.0}, {""w"": ""25W18"", ""opp"": ""BAL"", ""v"": 64.0}, {""w"": ""25W17"", ""opp"": ""CLE"", ""v"": 12.0}]",Under,0.4189660152503047,0.5080645161290321,0.4766451963434628,1.83,betrivers,-0.127739290691463,0.0,-0.08909850087872745,
Deshaun Watson,QB,CLE,NYJ,player_pass_yds,203.5,192.83718027906298,4,,,2,True,00-0033537,2026-10-11T17:00:00Z,"[{""w"": ""W4"", ""opp"": ""PIT"", ""v"": 268.0}, {""w"": ""W3"", ""opp"": ""CAR"", ""v"": 144.0}, {""w"": ""W2"", ""opp"": ""TB"", ""v"": 238.0}, {""w"": ""W1"", ""opp"": ""JAX"", ""v"": 205.0}]",Over,0.3938273861038476,0.49867021276595747,0.4614775737636744,1.89,betonlineag,-0.1278073855866555,0.0,-0.10484282666210987,
Mike Evans,WR,SF,SEA,player_reception_yds,49.5,48.41509917249758,12,,,2,True,00-0031408,2026-10-11T20:25:00Z,"[{""w"": ""W4"", ""opp"": ""DEN"", ""v"": 76.0}, {""w"": ""W3"", ""opp"": ""ARI"", ""v"": 34.0}, {""w"": ""W2"", ""opp"": ""MIA"", ""v"": 54.0}, {""w"": ""W1"", ""opp"": ""LA"", ""v"": 49.0}, {""w"": ""25W18"", ""opp"": ""CAR"", ""v"": 34.0}, {""w"": ""25W17"", ""opp"": ""MIA"", ""v"": 31.0}]",Over,0.39933140282595136,0.49933333333333335,0.4639075273132417,1.88,betrivers,-0.12785384865110566,0.0,-0.10000193050738199,
Drake Maye,QB,NE,LV,player_pass_yds,231.5,221.69974934467868,17,,,1,True,00-0039851,2026-10-11T17:00:00Z,"[{""w"": ""W4"", ""opp"": ""BUF"", ""v"": 269.0}, {""w"": ""W3"", ""opp"": ""JAX"", ""v"": 199.0}, {""w"": ""W2"", ""opp"": ""PIT"", ""v"": 208.0}, {""w"": ""W1"", ""opp"": ""SEA"", ""v"": 178.0}, {""w"": ""25W18"", ""opp"": ""MIA"", ""v"": 191.0}, {""w"": ""25W17"", ""opp"": ""NYJ"", ""v"": 256.0}]",Over,0.40478601903812983,0.5,0.46631439480225,1.87,betmgm,-0.12799208171979243,0.0,-0.09521398096187017,
Geno Smith,QB,NYJ,CLE,player_pass_yds,203.5,196.5966131625516,17,,,1,True,00-0030565,2026-10-11T17:00:00Z,"[{""w"": ""W4"", ""opp"": ""CHI"", ""v"": 119.0}, {""w"": ""W3"", ""opp"": ""DET"", ""v"": 321.0}, {""w"": ""W2"", ""opp"": ""GB"", ""v"": 247.0}, {""w"": ""W1"", ""opp"": ""TEN"", ""v"": 215.0}, {""w"": ""25W17"", ""opp"": ""NYG"", ""v"": 176.0}, {""w"": ""25W16"", ""opp"": ""HOU"", ""v"": 201.0}]",Over,0.41152485332830313,0.5040214477211796,0.47134970378622293,1.85,betrivers,-0.12800304799548762,0.0,-0.0924965943928765,
Elic Ayomanor,WR,TEN,HOU,player_reception_yds,17.5,27.254589584782533,17,,,1,True,00-0040170,2026-10-11T17:00:00Z,"[{""w"": ""W4"", ""opp"": ""BAL"", ""v"": 22.0}, {""w"": ""W3"", ""opp"": ""NYG"", ""v"": 11.0}, {""w"": ""W2"", ""opp"": ""PHI"", ""v"": 69.0}, {""w"": ""W1"", ""opp"": ""NYJ"", ""v"": 11.0}, {""w"": ""25W18"", ""opp"": ""JAX"", ""v"": 50.0}, {""w"": ""25W17"", ""opp"": ""NO"", ""v"": 37.0}]",Under,0.39781879673920834,0.5,0.46378935018556855,1.88,fanduel,-0.1280760216511312,0.0,-0.10218120326079166,
Cade Otton,TE,TB,DAL,player_reception_yds,28.5,40.56474487940717,17,,,4,True,00-0038129,2026-10-09T00:15:00Z,"[{""w"": ""W4"", ""opp"": ""GB"", ""v"": 37.0}, {""w"": ""W3"", ""opp"": ""MIN"", ""v"": 56.0}, {""w"": ""W2"", ""opp"": ""CLE"", ""v"": 38.0}, {""w"": ""W1"", ""opp"": ""CIN"", ""v"": 26.0}, {""w"": ""25W18"", ""opp"": ""CAR"", ""v"": 94.0}, {""w"": ""25W17"", ""opp"": ""MIA"", ""v"": 33.0}]",Under,0.3820546946750417,0.5013297872340425,0.4588842516157374,1.9,draftkings,-0.1281199219300989,0.0,-0.11927509255900082,
Marvin Harrison Jr.,WR,ARI,DET,player_reception_yds,35.5,36.790675993050996,16,,,1,True,00-0039849,2026-10-11T20:25:00Z,"[{""w"": ""W4"", ""opp"": ""NYG"", ""v"": 12.0}, {""w"": ""W3"", ""opp"": ""SF"", ""v"": 40.0}, {""w"": ""W2"", ""opp"": ""SEA"", ""v"": 0.0}, {""w"": ""W1"", ""opp"": ""LAC"", ""v"": 33.0}, {""w"": ""25W17"", ""opp"": ""CIN"", ""v"": 0.0}, {""w"": ""25W16"", ""opp"": ""ATL"", ""v"": 14.0}]",Over,0.40424491173584,0.5,0.4661187363293548,1.87,betrivers,-0.1283579630641064,0.0,-0.09575508826416002,
Dalton Schultz,TE,HOU,TEN,player_reception_yds,38.5,41.6521080936423,17,,,1,True,00-0034383,2026-10-11T17:00:00Z,"[{""w"": ""W4"", ""opp"": ""DAL"", ""v"": 9.0}, {""w"": ""W3"", ""opp"": ""IND"", ""v"": 30.0}, {""w"": ""W2"", ""opp"": ""CIN"", ""v"": 140.0}, {""w"": ""W1"", ""opp"": ""BUF"", ""v"": 35.0}, {""w"": ""25W18"", ""opp"": ""IND"", ""v"": 73.0}, {""w"": ""25W17"", ""opp"": ""LAC"", ""v"": 19.0}]",Over,0.41551358158148544,0.5093833780160857,0.4762611765353534,1.83,betmgm,-0.12844204694030326,0.0,-0.09386979643460025,
Sam LaPorta,TE,DET,ARI,player_receptions,4.5,5.599264842145857,13,,,6,True,00-0039065,2026-10-11T20:25:00Z,"[{""w"": ""W4"", ""opp"": ""CAR"", ""v"": 8.0}, {""w"": ""W3"", ""opp"": ""NYJ"", ""v"": 3.0}, {""w"": ""W2"", ""opp"": ""BUF"", ""v"": 6.0}, {""w"": ""W1"", ""opp"": ""NO"", ""v"": 5.0}, {""w"": ""25W10"", ""opp"": ""WAS"", ""v"": 5.0}, {""w"": ""25W9"", ""opp"": ""MIN"", ""v"": 6.0}]",Under,0.34581443033761444,0.43569165059244974,0.40341546288224317,2.16,fanduel,-0.12862260017435456,0.0,-0.0898772202548353,
Ashton Jeanty,RB,LV,NE,player_receptions,3.5,4.2327547340837635,17,,,6,True,00-0040122,2026-10-11T17:00:00Z,"[{""w"": ""W4"", ""opp"": ""KC"", ""v"": 6.0}, {""w"": ""W3"", ""opp"": ""NO"", ""v"": 3.0}, {""w"": ""W2"", ""opp"": ""LAC"", ""v"": 4.0}, {""w"": ""W1"", ""opp"": ""MIA"", ""v"": 6.0}, {""w"": ""25W18"", ""opp"": ""KC"", ""v"": 3.0}, {""w"": ""25W17"", ""opp"": ""NYG"", ""v"": 2.0}]",Under,0.4019092774007238,0.5166418439716312,0.476056866294629,1.83,bovada,-0.12881593468082891,0.0,-0.11473256657090736,
Jared Goff,QB,DET,ARI,player_pass_yds,283.5,324.9867757027896,17,,,1,True,00-0033106,2026-10-11T20:25:00Z,"[{""w"": ""W4"", ""opp"": ""CAR"", ""v"": 412.0}, {""w"": ""W3"", ""opp"": ""NYJ"", ""v"": 269.0}, {""w"": ""W2"", ""opp"": ""BUF"", ""v"": 327.0}, {""w"": ""W1"", ""opp"": ""NO"", ""v"": 206.0}, {""w"": ""25W18"", ""opp"": ""CHI"", ""v"": 331.0}, {""w"": ""25W17"", ""opp"": ""MIN"", ""v"": 197.0}]",Under,0.4035603961585078,0.5,0.46587111723622693,1.87,betmgm,-0.12882101076825564,0.0,-0.0964396038414922,
Najee Harris,RB,NYG,WAS,player_rush_yds,28.5,27.76248410151595,6,,,2,True,00-0036893,2026-10-11T17:00:00Z,"[{""w"": ""W4"", ""opp"": ""ARI"", ""v"": 30.0}, {""w"": ""W3"", ""opp"": ""TEN"", ""v"": 52.0}, {""w"": ""W2"", ""opp"": ""LA"", ""v"": 6.0}, {""w"": ""25W3"", ""opp"": ""DEN"", ""v"": 28.0}, {""w"": ""25W2"", ""opp"": ""LV"", ""v"": 28.0}, {""w"": ""25W1"", ""opp"": ""KC"", ""v"": 5.0}]",Over,0.39667976249912157,0.5,0.46337531798158504,1.88,betonlineag,-0.1288544021946202,0.0,-0.10332023750087843,
Colston Loveland,TE,CHI,GB,player_reception_yds,38.5,38.56082519469403,17,,,1,True,00-0040126,2026-10-11T17:00:00Z,"[{""w"": ""W4"", ""opp"": ""NYJ"", ""v"": 57.0}, {""w"": ""W3"", ""opp"": ""PHI"", ""v"": 31.0}, {""w"": ""W2"", ""opp"": ""MIN"", ""v"": 3.0}, {""w"": ""W1"", ""opp"": ""CAR"", ""v"": 0.0}, {""w"": ""25W18"", ""opp"": ""DET"", ""v"": 91.0}, {""w"": ""25W17"", ""opp"": ""SF"", ""v"": 94.0}]",Over,0.3945996911539884,0.49333333333333335,0.4583118314042222,1.9,betmgm,-0.1292075203319778,0.0,-0.09873364217934494,
George Pickens,WR,DAL,TB,player_reception_yds,63.5,62.11475151752265,17,,,2,True,00-0037247,2026-10-09T00:15:00Z,"[{""w"": ""W4"", ""opp"": ""HOU"", ""v"": 75.0}, {""w"": ""W3"", ""opp"": ""BAL"", ""v"": 82.0}, {""w"": ""W2"", ""opp"": ""WAS"", ""v"": 40.0}, {""w"": ""W1"", ""opp"": ""NYG"", ""v"": 28.0}, {""w"": ""25W18"", ""opp"": ""NYG"", ""v"": 9.0}, {""w"": ""25W17"", ""opp"": ""WAS"", ""v"": 78.0}]",Over,0.39568258613106033,0.5,0.4630125574961847,1.88,betonlineag,-0.12953639190717275,0.0,-0.10431741386893967,
Jared Goff,QB,DET,ARI,player_pass_yds,280.5,324.9867757027896,17,,,2,True,00-0033106,2026-10-11T20:25:00Z,"[{""w"": ""W4"", ""opp"": ""CAR"", ""v"": 412.0}, {""w"": ""W3"", ""opp"": ""NYJ"", ""v"": 269.0}, {""w"": ""W2"", ""opp"": ""BUF"", ""v"": 327.0}, {""w"": ""W1"", ""opp"": ""NO"", ""v"": 206.0}, {""w"": ""25W18"", ""opp"": ""CHI"", ""v"": 331.0}, {""w"": ""25W17"", ""opp"": ""MIN"", ""v"": 197.0}]",Under,0.39282956855024664,0.5013297872340425,0.46283260290428296,1.88,fanduel,-0.1298747065399481,0.0,-0.10850021868379589,
Gunnar Helm,TE,TEN,HOU,player_reception_yds,18.5,18.32179940485757,17,,,1,True,00-0040584,2026-10-11T17:00:00Z,"[{""w"": ""W4"", ""opp"": ""BAL"", ""v"": 5.0}, {""w"": ""W3"", ""opp"": ""NYG"", ""v"": 14.0}, {""w"": ""W2"", ""opp"": ""PHI"", ""v"": 13.0}, {""w"": ""W1"", ""opp"": ""NYJ"", ""v"": 28.0}, {""w"": ""25W17"", ""opp"": ""NO"", ""v"": 1.0}, {""w"": ""25W16"", ""opp"": ""KC"", ""v"": 9.0}]",Over,0.3979376167463298,0.49061662198391415,0.4577701757704517,1.9,betmgm,-0.13023666603614176,0.0,-0.09267900523758432,
Elic Ayomanor,WR,TEN,HOU,player_reception_yds,16.5,27.254589584782533,17,,,2,True,00-0040170,2026-10-11T17:00:00Z,"[{""w"": ""W4"", ""opp"": ""BAL"", ""v"": 22.0}, {""w"": ""W3"", ""opp"": ""NYG"", ""v"": 11.0}, {""w"": ""W2"", ""opp"": ""PHI"", ""v"": 69.0}, {""w"": ""W1"", ""opp"": ""NYJ"", ""v"": 11.0}, {""w"": ""25W18"", ""opp"": ""JAX"", ""v"": 50.0}, {""w"": ""25W17"", ""opp"": ""NO"", ""v"": 37.0}]",Under,0.3733575460888144,0.4967018469656992,0.45268718115316,1.92,draftkings,-0.13084061218593285,0.0,-0.1233443008768848,
Jared Goff,QB,DET,ARI,player_pass_yds,282.5,324.9867757027896,17,,,1,True,00-0033106,2026-10-11T20:25:00Z,"[{""w"": ""W4"", ""opp"": ""CAR"", ""v"": 412.0}, {""w"": ""W3"", ""opp"": ""NYJ"", ""v"": 269.0}, {""w"": ""W2"", ""opp"": ""BUF"", ""v"": 327.0}, {""w"": ""W1"", ""opp"": ""NO"", ""v"": 206.0}, {""w"": ""25W18"", ""opp"": ""CHI"", ""v"": 331.0}, {""w"": ""25W17"", ""opp"": ""MIN"", ""v"": 197.0}]",Under,0.39998350767758306,0.5,0.464575242673273,1.87,betrivers,-0.13124429620097944,0.0,-0.10001649232241694,
Bo Nix,QB,DEN,LAC,player_rush_yds,15.5,16.185857972215043,17,,,1,True,00-0039732,2026-10-11T20:05:00Z,"[{""w"": ""W4"", ""opp"": ""SF"", ""v"": 10.0}, {""w"": ""W3"", ""opp"": ""LA"", ""v"": 7.0}, {""w"": ""W2"", ""opp"": ""JAX"", ""v"": 6.0}, {""w"": ""W1"", ""opp"": ""KC"", ""v"": 2.0}, {""w"": ""25W18"", ""opp"": ""LAC"", ""v"": 49.0}, {""w"": ""25W17"", ""opp"": ""KC"", ""v"": 42.0}]",Over,0.4003321831975514,0.49193548387096786,0.45948949784527293,1.89,betrivers,-0.1315648490724342,0.0,-0.09160330067341649,
Nico Collins,WR,HOU,TEN,player_reception_yds,76.5,73.73896454453674,17,,,1,True,00-0036554,2026-10-11T17:00:00Z,"[{""w"": ""W4"", ""opp"": ""DAL"", ""v"": 118.0}, {""w"": ""W1"", ""opp"": ""BUF"", ""v"": 75.0}, {""w"": ""25W17"", ""opp"": ""LAC"", ""v"": 57.0}, {""w"": ""25W16"", ""opp"": ""LV"", ""v"": 59.0}, {""w"": ""25W15"", ""opp"": ""ARI"", ""v"": 85.0}, {""w"": ""25W14"", ""opp"": ""KC"", ""v"": 121.0}]",Over,0.3991151582373069,0.5079787234042553,0.46942389542365903,1.85,betonlineag,-0.13156579346623076,0.0,-0.1088635651669484,
Jared Goff,QB,DET,ARI,player_pass_yds,278.5,324.9867757027896,17,,,2,True,00-0033106,2026-10-11T20:25:00Z,"[{""w"": ""W4"", ""opp"": ""CAR"", ""v"": 412.0}, {""w"": ""W3"", ""opp"": ""NYJ"", ""v"": 269.0}, {""w"": ""W2"", ""opp"": ""BUF"", ""v"": 327.0}, {""w"": ""W1"", ""opp"": ""NO"", ""v"": 206.0}, {""w"": ""25W18"", ""opp"": ""CHI"", ""v"": 331.0}, {""w"": ""25W17"", ""opp"": ""MIN"", ""v"": 197.0}]",Under,0.3856773896982199,0.5,0.4593569617979377,1.89,draftkings,-0.1318153422018976,0.0,-0.11432261030178009,
Bucky Irving,RB,TB,DAL,player_reception_yds,14.5,17.092400208763898,14,,,1,True,00-0039361,2026-10-09T00:15:00Z,"[{""w"": ""W4"", ""opp"": ""GB"", ""v"": 0.0}, {""w"": ""W3"", ""opp"": ""MIN"", ""v"": 12.0}, {""w"": ""W2"", ""opp"": ""CLE"", ""v"": 1.0}, {""w"": ""W1"", ""opp"": ""CIN"", ""v"": 48.0}, {""w"": ""25W18"", ""opp"": ""CAR"", ""v"": 13.0}, {""w"": ""25W17"", ""opp"": ""MIA"", ""v"": 14.0}]",Over,0.4050711460853298,0.5040214477211796,0.46902055968957373,1.85,betrivers,-0.1323119645742885,0.0,-0.09895030163584984,
Gunnar Helm,TE,TEN,HOU,player_receptions,2.5,2.1435156148554357,17,,,2,True,00-0040584,2026-10-11T17:00:00Z,"[{""w"": ""W4"", ""opp"": ""BAL"", ""v"": 1.0}, {""w"": ""W3"", ""opp"": ""NYG"", ""v"": 2.0}, {""w"": ""W2"", ""opp"": ""PHI"", ""v"": 2.0}, {""w"": ""W1"", ""opp"": ""NYJ"", ""v"": 4.0}, {""w"": ""25W17"", ""opp"": ""NO"", ""v"": 1.0}, {""w"": ""25W16"", ""opp"": ""KC"", ""v"": 2.0}]",Over,0.36152561546291556,0.4840703958351017,0.44016485660867244,1.97,draftkings,-0.13287523248091532,0.0,-0.12254478037218614,
Keaton Mitchell,RB,LAC,DEN,player_rush_yds,29.5,29.076211969222424,17,,,1,True,00-0038454,2026-10-11T20:05:00Z,"[{""w"": ""W4"", ""opp"": ""SEA"", ""v"": 39.0}, {""w"": ""W3"", ""opp"": ""BUF"", ""v"": 52.0}, {""w"": ""W2"", ""opp"": ""LV"", ""v"": 24.0}, {""w"": ""W1"", ""opp"": ""ARI"", ""v"": 9.0}, {""w"": ""25W18"", ""opp"": ""PIT"", ""v"": 2.0}, {""w"": ""25W17"", ""opp"": ""GB"", ""v"": 31.0}]",Over,0.39677871271235127,0.5079787234042553,0.46857387008383394,1.85,betonlineag,-0.13313834034490712,0.0,-0.11120001069190405,
George Kittle,TE,SF,SEA,player_reception_yds,52.5,50.659325152181935,15,,,3,True,00-0033288,2026-10-11T20:25:00Z,"[{""w"": ""W4"", ""opp"": ""DEN"", ""v"": 70.0}, {""w"": ""W3"", ""opp"": ""ARI"", ""v"": 82.0}, {""w"": ""W2"", ""opp"": ""MIA"", ""v"": 80.0}, {""w"": ""W1"", ""opp"": ""LA"", ""v"": 12.0}, {""w"": ""25W18"", ""opp"": ""SEA"", ""v"": 29.0}, {""w"": ""25W16"", ""opp"": ""IND"", ""v"": 115.0}]",Over,0.38997379702512325,0.5,0.4609303523828531,1.88,draftkings,-0.13345093752023612,0.0,-0.11002620297487675,
Daniel Jones,QB,IND,PIT,player_pass_yds,214.5,203.8109108275874,17,,,1,True,00-0035710,2026-10-11T17:00:00Z,"[{""w"": ""W4"", ""opp"": ""WAS"", ""v"": 143.0}, {""w"": ""W3"", ""opp"": ""HOU"", ""v"": 235.0}, {""w"": ""W2"", ""opp"": ""KC"", ""v"": 210.0}, {""w"": ""W1"", ""opp"": ""BAL"", ""v"": 166.0}, {""w"": ""25W14"", ""opp"": ""JAX"", ""v"": 60.0}, {""w"": ""25W13"", ""opp"": ""HOU"", ""v"": 201.0}]",Over,0.39662858822382985,0.5,0.46335670809378954,1.87,betmgm,-0.13352295586461355,0.0,-0.10337141177617015,
Josh Allen,QB,BUF,LA,player_pass_yds,244.5,229.34733615247436,17,,,3,True,00-0034857,2026-10-13T00:15:00Z,"[{""w"": ""W4"", ""opp"": ""NE"", ""v"": 253.0}, {""w"": ""W3"", ""opp"": ""LAC"", ""v"": 204.0}, {""w"": ""W2"", ""opp"": ""DET"", ""v"": 248.0}, {""w"": ""W1"", ""opp"": ""HOU"", ""v"": 334.0}, {""w"": ""25W17"", ""opp"": ""PHI"", ""v"": 262.0}, {""w"": ""25W16"", ""opp"": ""CLE"", ""v"": 130.0}]",Over,0.3830854899849897,0.5,0.4584050294024856,1.89,draftkings,-0.13361449442930223,0.0,-0.1169145100150103,
Nico Collins,WR,HOU,TEN,player_receptions,5.5,5.070089594048165,17,,,5,True,00-0036554,2026-10-11T17:00:00Z,"[{""w"": ""W4"", ""opp"": ""DAL"", ""v"": 7.0}, {""w"": ""W1"", ""opp"": ""BUF"", ""v"": 7.0}, {""w"": ""25W17"", ""opp"": ""LAC"", ""v"": 3.0}, {""w"": ""25W16"", ""opp"": ""LV"", ""v"": 4.0}, {""w"": ""25W15"", ""opp"": ""ARI"", ""v"": 3.0}, {""w"": ""25W14"", ""opp"": ""KC"", ""v"": 4.0}]",Over,0.3956731846797239,0.5158730158730157,0.4732878119336431,1.83,betonlineag,-0.13388330416143307,0.0,-0.1201998311932918,
Kyren Williams,RB,LA,BUF,player_receptions,2.5,4.5655349596732515,17,,,6,True,00-0037840,2026-10-13T00:15:00Z,"[{""w"": ""W4"", ""opp"": ""PHI"", ""v"": 10.0}, {""w"": ""W3"", ""opp"": ""DEN"", ""v"": 6.0}, {""w"": ""W2"", ""opp"": ""NYG"", ""v"": 2.0}, {""w"": ""W1"", ""opp"": ""SF"", ""v"": 3.0}, {""w"": ""25W18"", ""opp"": ""ARI"", ""v"": 3.0}, {""w"": ""25W17"", ""opp"": ""ATL"", ""v"": 3.0}]",Under,0.294460322697784,0.424300371544466,0.37655875582708837,2.3,bovada,-0.13391486159769678,0.0,-0.129840048846682,
Nico Collins,WR,HOU,TEN,player_reception_yds,78.5,73.73896454453674,17,,,2,True,00-0036554,2026-10-11T17:00:00Z,"[{""w"": ""W4"", ""opp"": ""DAL"", ""v"": 118.0}, {""w"": ""W1"", ""opp"": ""BUF"", ""v"": 75.0}, {""w"": ""25W17"", ""opp"": ""LAC"", ""v"": 57.0}, {""w"": ""25W16"", ""opp"": ""LV"", ""v"": 59.0}, {""w"": ""25W15"", ""opp"": ""ARI"", ""v"": 85.0}, {""w"": ""25W14"", ""opp"": ""KC"", ""v"": 121.0}]",Over,0.38161187025900545,0.5,0.4578628596490166,1.89,draftkings,-0.13463919526335866,0.0,-0.11838812974099455,
Trevor Lawrence,QB,JAX,PHI,player_pass_yds,225.5,212.70863027244917,17,,,2,True,00-0036971,2026-10-11T13:30:00Z,"[{""w"": ""W4"", ""opp"": ""CIN"", ""v"": 227.0}, {""w"": ""W3"", ""opp"": ""NE"", ""v"": 182.0}, {""w"": ""W2"", ""opp"": ""DEN"", ""v"": 189.0}, {""w"": ""W1"", ""opp"": ""CLE"", ""v"": 245.0}, {""w"": ""25W18"", ""opp"": ""TEN"", ""v"": 255.0}, {""w"": ""25W17"", ""opp"": ""IND"", ""v"": 263.0}]",Over,0.3874452094978452,0.5,0.46000503461344583,1.88,betonlineag,-0.13519053492672184,0.0,-0.11255479050215478,
Christian McCaffrey,RB,SF,SEA,player_reception_yds,35.5,33.830804958648685,17,,,4,True,00-0033280,2026-10-11T20:25:00Z,"[{""w"": ""W4"", ""opp"": ""DEN"", ""v"": 18.0}, {""w"": ""W3"", ""opp"": ""ARI"", ""v"": 41.0}, {""w"": ""W2"", ""opp"": ""MIA"", ""v"": 43.0}, {""w"": ""W1"", ""opp"": ""LA"", ""v"": 20.0}, {""w"": ""25W18"", ""opp"": ""SEA"", ""v"": 34.0}, {""w"": ""25W17"", ""opp"": ""CHI"", ""v"": 41.0}]",Over,0.3849177962948512,0.5013297872340425,0.4599368971586395,1.88,betrivers,-0.1353186333417578,0.0,-0.11641199093919136,
Brock Purdy,QB,SF,SEA,player_pass_yds,226.5,214.32534902798582,13,,,2,True,00-0037834,2026-10-11T20:25:00Z,"[{""w"": ""W4"", ""opp"": ""DEN"", ""v"": 218.0}, {""w"": ""W3"", ""opp"": ""ARI"", ""v"": 297.0}, {""w"": ""W2"", ""opp"": ""MIA"", ""v"": 287.0}, {""w"": ""W1"", ""opp"": ""LA"", ""v"": 205.0}, {""w"": ""25W18"", ""opp"": ""SEA"", ""v"": 127.0}, {""w"": ""25W17"", ""opp"": ""CHI"", ""v"": 303.0}]",Over,0.39219935558412045,0.5,0.46174321063649065,1.87,betmgm,-0.13654019610976237,0.0,-0.10780064441587955,
Josh Allen,QB,BUF,LA,player_pass_yds,242.5,229.34733615247436,17,,,1,True,00-0034857,2026-10-13T00:15:00Z,"[{""w"": ""W4"", ""opp"": ""NE"", ""v"": 253.0}, {""w"": ""W3"", ""opp"": ""LAC"", ""v"": 204.0}, {""w"": ""W2"", ""opp"": ""DET"", ""v"": 248.0}, {""w"": ""W1"", ""opp"": ""HOU"", ""v"": 334.0}, {""w"": ""25W17"", ""opp"": ""PHI"", ""v"": 262.0}, {""w"": ""25W16"", ""opp"": ""CLE"", ""v"": 130.0}]",Over,0.39164767428701247,0.5,0.4615418505541946,1.87,betmgm,-0.136916739463656,0.0,-0.10835232571298753,
Trevor Lawrence,QB,JAX,PHI,player_pass_yds,226.5,212.70863027244917,17,,,2,True,00-0036971,2026-10-11T13:30:00Z,"[{""w"": ""W4"", ""opp"": ""CIN"", ""v"": 227.0}, {""w"": ""W3"", ""opp"": ""NE"", ""v"": 182.0}, {""w"": ""W2"", ""opp"": ""DEN"", ""v"": 189.0}, {""w"": ""W1"", ""opp"": ""CLE"", ""v"": 245.0}, {""w"": ""25W18"", ""opp"": ""TEN"", ""v"": 255.0}, {""w"": ""25W17"", ""opp"": ""IND"", ""v"": 263.0}]",Over,0.3824318051579824,0.5013227513227514,0.45901850678264006,1.88,draftkings,-0.13704520724863678,0.0,-0.11889094616476897,
Emeka Egbuka,WR,TB,DAL,player_receptions,2.5,3.6218115721972555,17,,,1,True,00-0040129,2026-10-09T00:15:00Z,"[{""w"": ""W4"", ""opp"": ""GB"", ""v"": 2.0}, {""w"": ""W3"", ""opp"": ""MIN"", ""v"": 5.0}, {""w"": ""W2"", ""opp"": ""CLE"", ""v"": 3.0}, {""w"": ""W1"", ""opp"": ""CIN"", ""v"": 5.0}, {""w"": ""25W18"", ""opp"": ""CAR"", ""v"": 1.0}, {""w"": ""25W17"", ""opp"": ""MIA"", ""v"": 3.0}]",Under,0.2989178606049265,0.38035264483627207,0.35078435201368374,2.46,fanduel,-0.13707049404633798,0.0,-0.08143478423134559,
Michael Penix Jr.,QB,ATL,BAL,player_pass_yds,217.5,201.88036234263183,11,,,3,True,00-0039917,2026-10-12T00:20:00Z,"[{""w"": ""W4"", ""opp"": ""NO"", ""v"": 223.0}, {""w"": ""W3"", ""opp"": ""GB"", ""v"": 256.0}, {""w"": ""25W11"", ""opp"": ""CAR"", ""v"": 175.0}, {""w"": ""25W10"", ""opp"": ""IND"", ""v"": 177.0}, {""w"": ""25W9"", ""opp"": ""NE"", ""v"": 221.0}, {""w"": ""25W7"", ""opp"": ""SF"", ""v"": 241.0}]",Over,0.3715602999556601,0.5,0.45414542691908655,1.9,draftkings,-0.1371236888537356,0.0,-0.1284397000443399,
Christian McCaffrey,RB,SF,SEA,player_reception_yds,36.5,33.830804958648685,17,,,2,True,00-0033280,2026-10-11T20:25:00Z,"[{""w"": ""W4"", ""opp"": ""DEN"", ""v"": 18.0}, {""w"": ""W3"", ""opp"": ""ARI"", ""v"": 41.0}, {""w"": ""W2"", ""opp"": ""MIA"", ""v"": 43.0}, {""w"": ""W1"", ""opp"": ""LA"", ""v"": 20.0}, {""w"": ""25W18"", ""opp"": ""SEA"", ""v"": 34.0}, {""w"": ""25W17"", ""opp"": ""CHI"", ""v"": 41.0}]",Over,0.36857032089595276,0.4980211081794196,0.4517581836824234,1.91,draftkings,-0.1371418691665714,0.0,-0.12945078728346682,
Matthew Stafford,QB,LA,BUF,player_pass_yds,277.5,328.5199119074335,17,,,1,True,00-0026498,2026-10-13T00:15:00Z,"[{""w"": ""W4"", ""opp"": ""PHI"", ""v"": 317.0}, {""w"": ""W3"", ""opp"": ""DEN"", ""v"": 390.0}, {""w"": ""W2"", ""opp"": ""NYG"", ""v"": 327.0}, {""w"": ""W1"", ""opp"": ""SF"", ""v"": 155.0}, {""w"": ""25W18"", ""opp"": ""ARI"", ""v"": 259.0}, {""w"": ""25W17"", ""opp"": ""ATL"", ""v"": 269.0}]",Under,0.38415724832883136,0.5,0.45879891248943566,1.88,fanduel,-0.13745804451986104,0.0,-0.11584275167116864,
Josh Allen,QB,BUF,LA,player_pass_yds,243.5,229.34733615247436,17,,,1,True,00-0034857,2026-10-13T00:15:00Z,"[{""w"": ""W4"", ""opp"": ""NE"", ""v"": 253.0}, {""w"": ""W3"", ""opp"": ""LAC"", ""v"": 204.0}, {""w"": ""W2"", ""opp"": ""DET"", ""v"": 248.0}, {""w"": ""W1"", ""opp"": ""HOU"", ""v"": 334.0}, {""w"": ""25W17"", ""opp"": ""PHI"", ""v"": 262.0}, {""w"": ""25W16"", ""opp"": ""CLE"", ""v"": 130.0}]",Over,0.38735389991732394,0.5053191489361702,0.4634088498765714,1.86,betonlineag,-0.1380595392295772,0.0,-0.11796524901884631,
Malik Nabers,WR,NYG,WAS,player_reception_yds,54.5,54.26619345768161,8,,,1,True,00-0039337,2026-10-11T17:00:00Z,"[{""w"": ""W4"", ""opp"": ""ARI"", ""v"": 112.0}, {""w"": ""W3"", ""opp"": ""TEN"", ""v"": 26.0}, {""w"": ""W2"", ""opp"": ""LA"", ""v"": 1.0}, {""w"": ""W1"", ""opp"": ""DAL"", ""v"": 69.0}, {""w"": ""25W4"", ""opp"": ""LAC"", ""v"": 20.0}, {""w"": ""25W3"", ""opp"": ""KC"", ""v"": 13.0}]",Over,0.38312492000198617,0.5,0.4584195268285244,1.88,fanduel,-0.13817128956237423,0.0,-0.11687507999801383,
Kayshon Boutte,WR,HOU,TEN,player_receptions,2.5,1.9909109936694207,17,,,2,True,00-0038608,2026-10-11T17:00:00Z,"[{""w"": ""W4"", ""opp"": ""DAL"", ""v"": 3.0}, {""w"": ""W3"", ""opp"": ""IND"", ""v"": 2.0}, {""w"": ""W2"", ""opp"": ""CIN"", ""v"": 3.0}, {""w"": ""W1"", ""opp"": ""BUF"", ""v"": 1.0}, {""w"": ""25W18"", ""opp"": ""MIA"", ""v"": 2.0}, {""w"": ""25W16"", ""opp"": ""BAL"", ""v"": 1.0}]",Over,0.32086359706769035,0.41763565891472865,0.38259493158358,2.25,draftkings,-0.1391614039369451,0.0,-0.0967720618470383,
Najee Harris,RB,NYG,WAS,player_rush_yds,29.5,27.76248410151595,6,,,1,True,00-0036893,2026-10-11T17:00:00Z,"[{""w"": ""W4"", ""opp"": ""ARI"", ""v"": 30.0}, {""w"": ""W3"", ""opp"": ""TEN"", ""v"": 52.0}, {""w"": ""W2"", ""opp"": ""LA"", ""v"": 6.0}, {""w"": ""25W3"", ""opp"": ""DEN"", ""v"": 28.0}, {""w"": ""25W2"", ""opp"": ""LV"", ""v"": 28.0}, {""w"": ""25W1"", ""opp"": ""KC"", ""v"": 5.0}]",Over,0.3767007314064544,0.5065963060686015,0.46030866248982183,1.87,draftkings,-0.13922280114403313,0.0,-0.12989557466214713,
Kyren Williams,RB,LA,BUF,player_reception_yds,20.5,37.27972414028575,17,,,2,True,00-0037840,2026-10-13T00:15:00Z,"[{""w"": ""W4"", ""opp"": ""PHI"", ""v"": 67.0}, {""w"": ""W3"", ""opp"": ""DEN"", ""v"": 70.0}, {""w"": ""W2"", ""opp"": ""NYG"", ""v"": 12.0}, {""w"": ""W1"", ""opp"": ""SF"", ""v"": 24.0}, {""w"": ""25W18"", ""opp"": ""ARI"", ""v"": 21.0}, {""w"": ""25W17"", ""opp"": ""ATL"", ""v"": 38.0}]",Under,0.37751087120899146,0.5019788918205804,0.4576270697520935,1.88,draftkings,-0.1396611088660643,0.0,-0.12446802061158896,
MarShawn Lloyd,RB,GB,CHI,player_rush_yds,28.5,26.90868348661148,4,,,1,True,00-0039811,2026-10-11T17:00:00Z,"[{""w"": ""W4"", ""opp"": ""TB"", ""v"": 13.0}, {""w"": ""W3"", ""opp"": ""ATL"", ""v"": 11.0}, {""w"": ""W2"", ""opp"": ""NYJ"", ""v"": 20.0}, {""w"": ""W1"", ""opp"": ""MIN"", ""v"": 37.0}]",Over,0.3807053362017812,0.5,0.4575289821612392,1.88,fanduel,-0.13984551353687036,0.0,-0.11929466379821879,
Ted Hurst III,WR,TB,DAL,player_reception_yds,22.5,31.393522997186828,4,,,1,True,00-0041048,2026-10-09T00:15:00Z,"[{""w"": ""W4"", ""opp"": ""GB"", ""v"": 25.0}, {""w"": ""W3"", ""opp"": ""MIN"", ""v"": 40.0}, {""w"": ""W2"", ""opp"": ""CLE"", ""v"": 27.0}, {""w"": ""W1"", ""opp"": ""CIN"", ""v"": 36.0}]",Under,0.3932766354548436,0.5040214477211795,0.46473617024995395,1.85,betrivers,-0.14023808503758517,0.0,-0.11074481226633592,
Kyren Williams,RB,LA,BUF,player_reception_yds,21.5,37.27972414028575,17,,,1,True,00-0037840,2026-10-13T00:15:00Z,"[{""w"": ""W4"", ""opp"": ""PHI"", ""v"": 67.0}, {""w"": ""W3"", ""opp"": ""DEN"", ""v"": 70.0}, {""w"": ""W2"", ""opp"": ""NYG"", ""v"": 12.0}, {""w"": ""W1"", ""opp"": ""SF"", ""v"": 24.0}, {""w"": ""25W18"", ""opp"": ""ARI"", ""v"": 21.0}, {""w"": ""25W17"", ""opp"": ""ATL"", ""v"": 38.0}]",Under,0.39450843275191827,0.5106951871657754,0.4695058148481905,1.83,betmgm,-0.14080435882781134,0.0,-0.11618675441385717,
Calvin Ridley,WR,TEN,HOU,player_reception_yds,8.5,22.0900997884032,10,,,3,True,00-0034837,2026-10-11T17:00:00Z,"[{""w"": ""W4"", ""opp"": ""BAL"", ""v"": 13.0}, {""w"": ""W3"", ""opp"": ""NYG"", ""v"": 0.0}, {""w"": ""W2"", ""opp"": ""PHI"", ""v"": 35.0}, {""w"": ""25W11"", ""opp"": ""HOU"", ""v"": 13.0}, {""w"": ""25W6"", ""opp"": ""LV"", ""v"": 18.0}, {""w"": ""25W5"", ""opp"": ""ARI"", ""v"": 131.0}]",Under,0.35968572038084795,0.5,0.4497069111049601,1.91,betmgm,-0.14105979978952626,0.0,-0.14031427961915205,
Chris Rodriguez Jr.,RB,JAX,PHI,player_rush_yds,26.5,37.50122530458047,16,,,2,True,00-0038611,2026-10-11T13:30:00Z,"[{""w"": ""W4"", ""opp"": ""CIN"", ""v"": 35.0}, {""w"": ""W3"", ""opp"": ""NE"", ""v"": 37.0}, {""w"": ""W2"", ""opp"": ""DEN"", ""v"": 13.0}, {""w"": ""W1"", ""opp"": ""CLE"", ""v"": 23.0}, {""w"": ""25W18"", ""opp"": ""PHI"", ""v"": 65.0}, {""w"": ""25W16"", ""opp"": ""PHI"", ""v"": 63.0}]",Under,0.378464069967439,0.5,0.4567023647123121,1.88,betonlineag,-0.14139955434085333,0.0,-0.12153593003256102,
Geno Smith,QB,NYJ,CLE,player_pass_yds,209.5,196.5966131625516,17,,,1,True,00-0030565,2026-10-11T17:00:00Z,"[{""w"": ""W4"", ""opp"": ""CHI"", ""v"": 119.0}, {""w"": ""W3"", ""opp"": ""DET"", ""v"": 321.0}, {""w"": ""W2"", ""opp"": ""GB"", ""v"": 247.0}, {""w"": ""W1"", ""opp"": ""TEN"", ""v"": 215.0}, {""w"": ""25W17"", ""opp"": ""NYG"", ""v"": 176.0}, {""w"": ""25W16"", ""opp"": ""HOU"", ""v"": 201.0}]",Over,0.38489650680697873,0.5,0.45907038710518544,1.87,betmgm,-0.14153837611330317,0.0,-0.11510349319302127,
Jaylen Waddle,WR,DEN,LAC,player_receptions,4.5,3.7304554375229193,17,,,6,True,00-0036613,2026-10-11T20:05:00Z,"[{""w"": ""W4"", ""opp"": ""SF"", ""v"": 5.0}, {""w"": ""W3"", ""opp"": ""LA"", ""v"": 2.0}, {""w"": ""W2"", ""opp"": ""JAX"", ""v"": 8.0}, {""w"": ""W1"", ""opp"": ""KC"", ""v"": 1.0}, {""w"": ""25W17"", ""opp"": ""TB"", ""v"": 0.0}, {""w"": ""25W16"", ""opp"": ""CIN"", ""v"": 5.0}]",Over,0.32571523873272784,0.48800347024689955,0.42901596406005055,2.0,betmgm,-0.14196807187989885,0.0,-0.1622882315141717,BIG-GAP:check-news 
Skyy Moore,WR,GB,CHI,player_receptions,1.5,1.1945981217507573,17,,,1,True,00-0038090,2026-10-11T17:00:00Z,"[{""w"": ""W4"", ""opp"": ""TB"", ""v"": 1.0}, {""w"": ""W3"", ""opp"": ""ATL"", ""v"": 3.0}, {""w"": ""W2"", ""opp"": ""NYJ"", ""v"": 2.0}, {""w"": ""W1"", ""opp"": ""MIN"", ""v"": 0.0}, {""w"": ""25W18"", ""opp"": ""SEA"", ""v"": 0.0}, {""w"": ""25W17"", ""opp"": ""CHI"", ""v"": 0.0}]",Over,0.33336481309722454,0.43307086614173224,0.3970868005144135,2.16,fanduel,-0.14229251088886685,0.0,-0.09970605304450769,
Chase Brown,RB,CIN,MIA,player_rush_yds,66.5,61.5238633473625,17,,,1,True,00-0038597,2026-10-11T17:00:00Z,"[{""w"": ""W4"", ""opp"": ""JAX"", ""v"": 10.0}, {""w"": ""W3"", ""opp"": ""PIT"", ""v"": 61.0}, {""w"": ""W2"", ""opp"": ""HOU"", ""v"": 80.0}, {""w"": ""W1"", ""opp"": ""TB"", ""v"": 56.0}, {""w"": ""25W18"", ""opp"": ""CLE"", ""v"": 72.0}, {""w"": ""25W17"", ""opp"": ""ARI"", ""v"": 101.0}]",Over,0.37044133193277035,0.5,0.4537294211063173,1.89,draftkings,-0.14245139410906033,0.0,-0.12955866806722965,
Michael Penix Jr.,QB,ATL,BAL,player_pass_yds,212.5,201.88036234263183,11,,,1,True,00-0039917,2026-10-12T00:20:00Z,"[{""w"": ""W4"", ""opp"": ""NO"", ""v"": 223.0}, {""w"": ""W3"", ""opp"": ""GB"", ""v"": 256.0}, {""w"": ""25W11"", ""opp"": ""CAR"", ""v"": 175.0}, {""w"": ""25W10"", ""opp"": ""IND"", ""v"": 177.0}, {""w"": ""25W9"", ""opp"": ""NE"", ""v"": 221.0}, {""w"": ""25W7"", ""opp"": ""SF"", ""v"": 241.0}]",Over,0.3962307891421027,0.5199999999999999,0.4761704283737284,1.8,betmgm,-0.14289322892728878,0.0,-0.12376921085789722,
Malik Nabers,WR,NYG,WAS,player_reception_yds,55.5,54.26619345768161,8,,,3,True,00-0039337,2026-10-11T17:00:00Z,"[{""w"": ""W4"", ""opp"": ""ARI"", ""v"": 112.0}, {""w"": ""W3"", ""opp"": ""TEN"", ""v"": 26.0}, {""w"": ""W2"", ""opp"": ""LA"", ""v"": 1.0}, {""w"": ""W1"", ""opp"": ""DAL"", ""v"": 69.0}, {""w"": ""25W4"", ""opp"": ""LAC"", ""v"": 20.0}, {""w"": ""25W3"", ""opp"": ""KC"", ""v"": 13.0}]",Over,0.3752633542173205,0.5,0.4555189680687517,1.88,betonlineag,-0.14362434003074687,0.0,-0.12473664578267951,
Drake London,WR,ATL,BAL,player_reception_yds,81.5,77.23445634011549,16,,,4,True,00-0037238,2026-10-12T00:20:00Z,"[{""w"": ""W4"", ""opp"": ""NO"", ""v"": 96.0}, {""w"": ""W3"", ""opp"": ""GB"", ""v"": 194.0}, {""w"": ""W2"", ""opp"": ""CAR"", ""v"": 51.0}, {""w"": ""W1"", ""opp"": ""PIT"", ""v"": 29.0}, {""w"": ""25W18"", ""opp"": ""NO"", ""v"": 78.0}, {""w"": ""25W17"", ""opp"": ""LA"", ""v"": 4.0}]",Over,0.36594845666731235,0.5013297872340425,0.4529110241227812,1.89,draftkings,-0.1439981644079436,0.0,-0.13538133056673018,
Rome Odunze,WR,CHI,GB,player_receptions,2.5,3.719428695607524,16,,,1,True,00-0039919,2026-10-11T17:00:00Z,"[{""w"": ""W4"", ""opp"": ""NYJ"", ""v"": 6.0}, {""w"": ""W3"", ""opp"": ""PHI"", ""v"": 3.0}, {""w"": ""W2"", ""opp"": ""MIN"", ""v"": 3.0}, {""w"": ""W1"", ""opp"": ""CAR"", ""v"": 2.0}, {""w"": ""25W13"", ""opp"": ""PHI"", ""v"": 2.0}, {""w"": ""25W12"", ""opp"": ""PIT"", ""v"": 3.0}]",Under,0.3032363212497296,0.3964194373401535,0.36252047628892,2.36,fanduel,-0.14445167595814884,0.0,-0.0931831160904239,
Javonte Williams,RB,DAL,TB,player_rush_yds,69.5,64.41255159501544,17,,,3,True,00-0036997,2026-10-09T00:15:00Z,"[{""w"": ""W4"", ""opp"": ""HOU"", ""v"": 62.0}, {""w"": ""W3"", ""opp"": ""BAL"", ""v"": 98.0}, {""w"": ""W2"", ""opp"": ""WAS"", ""v"": 30.0}, {""w"": ""W1"", ""opp"": ""NYG"", ""v"": 41.0}, {""w"": ""25W17"", ""opp"": ""WAS"", ""v"": 54.0}, {""w"": ""25W16"", ""opp"": ""LAC"", ""v"": 34.0}]",Over,0.37346914574124673,0.5,0.4548540595591914,1.88,draftkings,-0.14487436802872017,0.0,-0.12653085425875327,
Nico Collins,WR,HOU,TEN,player_reception_yds,79.5,73.73896454453674,17,,,1,True,00-0036554,2026-10-11T17:00:00Z,"[{""w"": ""W4"", ""opp"": ""DAL"", ""v"": 118.0}, {""w"": ""W1"", ""opp"": ""BUF"", ""v"": 75.0}, {""w"": ""25W17"", ""opp"": ""LAC"", ""v"": 57.0}, {""w"": ""25W16"", ""opp"": ""LV"", ""v"": 59.0}, {""w"": ""25W15"", ""opp"": ""ARI"", ""v"": 85.0}, {""w"": ""25W14"", ""opp"": ""KC"", ""v"": 121.0}]",Over,0.3730571407016279,0.5,0.45470121745070985,1.88,fanduel,-0.14516171119266547,0.0,-0.12694285929837212,
Parker Washington,WR,JAX,PHI,player_receptions,4.5,4.017166935950076,17,,,5,True,00-0038606,2026-10-11T13:30:00Z,"[{""w"": ""W4"", ""opp"": ""CIN"", ""v"": 1.0}, {""w"": ""W3"", ""opp"": ""NE"", ""v"": 3.0}, {""w"": ""W2"", ""opp"": ""DEN"", ""v"": 7.0}, {""w"": ""W1"", ""opp"": ""CLE"", ""v"": 5.0}, {""w"": ""25W18"", ""opp"": ""TEN"", ""v"": 5.0}, {""w"": ""25W17"", ""opp"": ""IND"", ""v"": 8.0}]",Over,0.37133257706271017,0.5199999999999999,0.46698591855187416,1.83,betrivers,-0.1454157690500703,0.0,-0.14866742293728974,
Deshaun Watson,QB,CLE,NYJ,player_pass_yds,206.5,192.83718027906298,4,,,1,True,00-0033537,2026-10-11T17:00:00Z,"[{""w"": ""W4"", ""opp"": ""PIT"", ""v"": 268.0}, {""w"": ""W3"", ""opp"": ""CAR"", ""v"": 144.0}, {""w"": ""W2"", ""opp"": ""TB"", ""v"": 238.0}, {""w"": ""W1"", ""opp"": ""JAX"", ""v"": 205.0}]",Over,0.37891427143742124,0.5,0.4568685401513768,1.87,betmgm,-0.14565582991692533,0.0,-0.12108572856257876,
Josh Allen,QB,BUF,LA,player_pass_yds,245.5,229.34733615247436,17,,,1,True,00-0034857,2026-10-13T00:15:00Z,"[{""w"": ""W4"", ""opp"": ""NE"", ""v"": 253.0}, {""w"": ""W3"", ""opp"": ""LAC"", ""v"": 204.0}, {""w"": ""W2"", ""opp"": ""DET"", ""v"": 248.0}, {""w"": ""W1"", ""opp"": ""HOU"", ""v"": 334.0}, {""w"": ""25W17"", ""opp"": ""PHI"", ""v"": 262.0}, {""w"": ""25W16"", ""opp"": ""CLE"", ""v"": 130.0}]",Over,0.3788427346832033,0.5,0.45684213948001584,1.87,betrivers,-0.14570519917237035,0.0,-0.12115726531679671,
Bijan Robinson,RB,ATL,BAL,player_reception_yds,26.5,26.91158247884285,17,,,4,True,00-0038542,2026-10-12T00:20:00Z,"[{""w"": ""W4"", ""opp"": ""NO"", ""v"": 2.0}, {""w"": ""W3"", ""opp"": ""GB"", ""v"": 19.0}, {""w"": ""W2"", ""opp"": ""CAR"", ""v"": 9.0}, {""w"": ""W1"", ""opp"": ""PIT"", ""v"": 90.0}, {""w"": ""25W18"", ""opp"": ""NO"", ""v"": 10.0}, {""w"": ""25W17"", ""opp"": ""LA"", ""v"": 34.0}]",Over,0.36650888542084875,0.5032981530343008,0.4543889522657335,1.88,betonlineag,-0.14574876974042084,0.0,-0.13678926761345206,
Keenan Allen,WR,IND,PIT,player_receptions,2.5,4.199599301839452,17,,,3,True,00-0030279,2026-10-11T17:00:00Z,"[{""w"": ""W3"", ""opp"": ""HOU"", ""v"": 6.0}, {""w"": ""W2"", ""opp"": ""KC"", ""v"": 1.0}, {""w"": ""W1"", ""opp"": ""BAL"", ""v"": 6.0}, {""w"": ""25W18"", ""opp"": ""DEN"", ""v"": 7.0}, {""w"": ""25W17"", ""opp"": ""HOU"", ""v"": 1.0}, {""w"": ""25W16"", ""opp"": ""DAL"", ""v"": 5.0}]",Under,0.26389190685979774,0.4056122448979592,0.35264559180895366,2.42,fanduel,-0.14659766782233208,0.0,-0.14172033803816148,
Deshaun Watson,QB,CLE,NYJ,player_pass_yds,209.5,192.83718027906298,4,,,1,True,00-0033537,2026-10-11T17:00:00Z,"[{""w"": ""W4"", ""opp"": ""PIT"", ""v"": 268.0}, {""w"": ""W3"", ""opp"": ""CAR"", ""v"": 144.0}, {""w"": ""W2"", ""opp"": ""TB"", ""v"": 238.0}, {""w"": ""W1"", ""opp"": ""JAX"", ""v"": 205.0}]",Over,0.36431963836911974,0.5,0.4514453741759347,1.89,draftkings,-0.14676824280748335,0.0,-0.13568036163088026,
Drake London,WR,ATL,BAL,player_reception_yds,79.5,77.23445634011549,16,,,1,True,00-0037238,2026-10-12T00:20:00Z,"[{""w"": ""W4"", ""opp"": ""NO"", ""v"": 96.0}, {""w"": ""W3"", ""opp"": ""GB"", ""v"": 194.0}, {""w"": ""W2"", ""opp"": ""CAR"", ""v"": 51.0}, {""w"": ""W1"", ""opp"": ""PIT"", ""v"": 29.0}, {""w"": ""25W18"", ""opp"": ""NO"", ""v"": 78.0}, {""w"": ""25W17"", ""opp"": ""LA"", ""v"": 4.0}]",Over,0.3772945275209112,0.5,0.4562703537494603,1.87,betmgm,-0.14677443848850913,0.0,-0.1227054724790888,
Drake London,WR,ATL,BAL,player_receptions,5.5,5.057736592438546,16,,,3,True,00-0037238,2026-10-12T00:20:00Z,"[{""w"": ""W4"", ""opp"": ""NO"", ""v"": 5.0}, {""w"": ""W3"", ""opp"": ""GB"", ""v"": 9.0}, {""w"": ""W2"", ""opp"": ""CAR"", ""v"": 4.0}, {""w"": ""W1"", ""opp"": ""PIT"", ""v"": 2.0}, {""w"": ""25W18"", ""opp"": ""NO"", ""v"": 4.0}, {""w"": ""25W17"", ""opp"": ""LA"", ""v"": 1.0}]",Over,0.3893453744898136,0.554089709762533,0.4959158589632102,1.72,draftkings,-0.14702472258327842,0.0,-0.16474433527271942,BIG-GAP:check-news 
Woody Marks,RB,HOU,TEN,player_rush_yds,28.5,40.40831016203878,17,,,1,True,00-0040583,2026-10-11T17:00:00Z,"[{""w"": ""W4"", ""opp"": ""DAL"", ""v"": 22.0}, {""w"": ""W3"", ""opp"": ""IND"", ""v"": 15.0}, {""w"": ""W2"", ""opp"": ""CIN"", ""v"": 8.0}, {""w"": ""W1"", ""opp"": ""BUF"", ""v"": 42.0}, {""w"": ""25W18"", ""opp"": ""IND"", ""v"": 48.0}, {""w"": ""25W17"", ""opp"": ""LAC"", ""v"": 71.0}]",Under,0.3850347471249306,0.5106951871657754,0.4660350048541639,1.83,betmgm,-0.14715594111688002,0.0,-0.12566044004084487,
Kenny Gainwell,RB,TB,DAL,player_reception_yds,10.5,22.119098843693443,17,,,4,True,00-0036919,2026-10-09T00:15:00Z,"[{""w"": ""W4"", ""opp"": ""GB"", ""v"": 22.0}, {""w"": ""W3"", ""opp"": ""MIN"", ""v"": 14.0}, {""w"": ""W2"", ""opp"": ""CLE"", ""v"": 5.0}, {""w"": ""W1"", ""opp"": ""CIN"", ""v"": 3.0}, {""w"": ""25W18"", ""opp"": ""BAL"", ""v"": 64.0}, {""w"": ""25W17"", ""opp"": ""CLE"", ""v"": 12.0}]",Under,0.3635887237491672,0.5,0.45117172040899794,1.89,betonlineag,-0.14728544842699387,0.0,-0.13641127625083282,
Daniel Jones,QB,IND,PIT,player_pass_yds,217.5,203.8109108275874,17,,,1,True,00-0035710,2026-10-11T17:00:00Z,"[{""w"": ""W4"", ""opp"": ""WAS"", ""v"": 143.0}, {""w"": ""W3"", ""opp"": ""HOU"", ""v"": 235.0}, {""w"": ""W2"", ""opp"": ""KC"", ""v"": 210.0}, {""w"": ""W1"", ""opp"": ""BAL"", ""v"": 166.0}, {""w"": ""25W14"", ""opp"": ""JAX"", ""v"": 60.0}, {""w"": ""25W13"", ""opp"": ""HOU"", ""v"": 201.0}]",Over,0.38285617719603526,0.5040214477211796,0.4609176487390181,1.85,betrivers,-0.14730234983281648,0.0,-0.12116527052514436,
Woody Marks,RB,HOU,TEN,player_rush_yds,27.5,40.40831016203878,17,,,2,True,00-0040583,2026-10-11T17:00:00Z,"[{""w"": ""W4"", ""opp"": ""DAL"", ""v"": 22.0}, {""w"": ""W3"", ""opp"": ""IND"", ""v"": 15.0}, {""w"": ""W2"", ""opp"": ""CIN"", ""v"": 8.0}, {""w"": ""W1"", ""opp"": ""BUF"", ""v"": 42.0}, {""w"": ""25W18"", ""opp"": ""IND"", ""v"": 48.0}, {""w"": ""25W17"", ""opp"": ""LAC"", ""v"": 71.0}]",Under,0.3664929197815845,0.5019788918205804,0.4535327130433011,1.88,draftkings,-0.14735849947859397,0.0,-0.13548597203899593,
Malik Nabers,WR,NYG,WAS,player_receptions,5.5,4.459588289706792,8,,,5,True,00-0039337,2026-10-11T17:00:00Z,"[{""w"": ""W4"", ""opp"": ""ARI"", ""v"": 6.0}, {""w"": ""W3"", ""opp"": ""TEN"", ""v"": 5.0}, {""w"": ""W2"", ""opp"": ""LA"", ""v"": 1.0}, {""w"": ""W1"", ""opp"": ""DAL"", ""v"": 6.0}, {""w"": ""25W4"", ""opp"": ""LAC"", ""v"": 2.0}, {""w"": ""25W3"", ""opp"": ""KC"", ""v"": 2.0}]",Over,0.3016240493891396,0.43717277486910994,0.38744367617408854,2.2,fanduel,-0.14762391241700512,0.0,-0.13554872547997032,
Ted Hurst III,WR,TB,DAL,player_reception_yds,21.5,31.393522997186828,4,,,2,True,00-0041048,2026-10-09T00:15:00Z,"[{""w"": ""W4"", ""opp"": ""GB"", ""v"": 25.0}, {""w"": ""W3"", ""opp"": ""MIN"", ""v"": 40.0}, {""w"": ""W2"", ""opp"": ""CLE"", ""v"": 27.0}, {""w"": ""W1"", ""opp"": ""CIN"", ""v"": 36.0}]",Under,0.3694659467595535,0.5,0.45336642679668615,1.88,betonlineag,-0.14767111762223006,0.0,-0.13053405324044648,
Hunter Henry,TE,NE,LV,player_reception_yds,36.5,34.906109800485666,17,,,1,True,00-0033090,2026-10-11T17:00:00Z,"[{""w"": ""W4"", ""opp"": ""BUF"", ""v"": 62.0}, {""w"": ""W3"", ""opp"": ""JAX"", ""v"": 5.0}, {""w"": ""W2"", ""opp"": ""PIT"", ""v"": 40.0}, {""w"": ""W1"", ""opp"": ""SEA"", ""v"": 26.0}, {""w"": ""25W18"", ""opp"": ""MIA"", ""v"": 56.0}, {""w"": ""25W17"", ""opp"": ""NYJ"", ""v"": 49.0}]",Over,0.3753416855264261,0.5,0.4555479711190031,1.87,betmgm,-0.14812529400746416,0.0,-0.1246583144735739,
George Kittle,TE,SF,SEA,player_reception_yds,54.5,50.659325152181935,15,,,1,True,00-0033288,2026-10-11T20:25:00Z,"[{""w"": ""W4"", ""opp"": ""DEN"", ""v"": 70.0}, {""w"": ""W3"", ""opp"": ""ARI"", ""v"": 82.0}, {""w"": ""W2"", ""opp"": ""MIA"", ""v"": 80.0}, {""w"": ""W1"", ""opp"": ""LA"", ""v"": 12.0}, {""w"": ""25W18"", ""opp"": ""SEA"", ""v"": 29.0}, {""w"": ""25W16"", ""opp"": ""IND"", ""v"": 115.0}]",Over,0.368758067232767,0.5,0.45310276868825494,1.88,betonlineag,-0.14816679486608075,0.0,-0.131241932767233,
Sam Darnold,QB,SEA,SF,player_rush_yds,4.5,8.13701962992414,17,,,4,True,00-0034869,2026-10-11T20:25:00Z,"[{""w"": ""W4"", ""opp"": ""LAC"", ""v"": 6.0}, {""w"": ""W3"", ""opp"": ""WAS"", ""v"": 5.0}, {""w"": ""W1"", ""opp"": ""NE"", ""v"": 0.0}, {""w"": ""25W18"", ""opp"": ""SF"", ""v"": 9.0}, {""w"": ""25W17"", ""opp"": ""CAR"", ""v"": 2.0}, {""w"": ""25W16"", ""opp"": ""LA"", ""v"": 7.0}]",Under,0.35677102515429454,0.4880034702468996,0.44090517414650554,1.93,betonlineag,-0.14905301389724435,0.0,-0.13123244509260507,
Hunter Henry,TE,NE,LV,player_reception_yds,37.5,34.906109800485666,17,,,5,True,00-0033090,2026-10-11T17:00:00Z,"[{""w"": ""W4"", ""opp"": ""BUF"", ""v"": 62.0}, {""w"": ""W3"", ""opp"": ""JAX"", ""v"": 5.0}, {""w"": ""W2"", ""opp"": ""PIT"", ""v"": 40.0}, {""w"": ""W1"", ""opp"": ""SEA"", ""v"": 26.0}, {""w"": ""25W18"", ""opp"": ""MIA"", ""v"": 56.0}, {""w"": ""25W17"", ""opp"": ""NYJ"", ""v"": 49.0}]",Over,0.3621132282468655,0.5026455026455027,0.4523220575929922,1.88,draftkings,-0.14963453172517466,0.0,-0.1405322743986372,
Keaton Mitchell,RB,LAC,DEN,player_rush_yds,31.5,29.076211969222424,17,,,3,True,00-0038454,2026-10-11T20:05:00Z,"[{""w"": ""W4"", ""opp"": ""SEA"", ""v"": 39.0}, {""w"": ""W3"", ""opp"": ""BUF"", ""v"": 52.0}, {""w"": ""W2"", ""opp"": ""LV"", ""v"": 24.0}, {""w"": ""W1"", ""opp"": ""ARI"", ""v"": 9.0}, {""w"": ""25W18"", ""opp"": ""PIT"", ""v"": 2.0}, {""w"": ""25W17"", ""opp"": ""GB"", ""v"": 31.0}]",Over,0.3619778466185327,0.5026455026455027,0.45227123653867296,1.88,draftkings,-0.14973007530729487,0.0,-0.14066765602696996,
Kyren Williams,RB,LA,BUF,player_reception_yds,19.5,37.27972414028575,17,,,3,True,00-0037840,2026-10-13T00:15:00Z,"[{""w"": ""W4"", ""opp"": ""PHI"", ""v"": 67.0}, {""w"": ""W3"", ""opp"": ""DEN"", ""v"": 70.0}, {""w"": ""W2"", ""opp"": ""NYG"", ""v"": 12.0}, {""w"": ""W1"", ""opp"": ""SF"", ""v"": 24.0}, {""w"": ""25W18"", ""opp"": ""ARI"", ""v"": 21.0}, {""w"": ""25W17"", ""opp"": ""ATL"", ""v"": 38.0}]",Under,0.3601646562616128,0.4959785522788204,0.4473006210241764,1.9,betonlineag,-0.15012882005406497,0.0,-0.13581389601720756,
Tyler Shough,QB,NO,MIN,player_rush_yds,9.5,17.614986493914902,15,,,1,True,00-0040743,2026-10-11T17:00:00Z,"[{""w"": ""W4"", ""opp"": ""ATL"", ""v"": 5.0}, {""w"": ""W3"", ""opp"": ""LV"", ""v"": 36.0}, {""w"": ""W2"", ""opp"": ""BAL"", ""v"": 23.0}, {""w"": ""W1"", ""opp"": ""DET"", ""v"": 8.0}, {""w"": ""25W18"", ""opp"": ""ATL"", ""v"": 34.0}, {""w"": ""25W17"", ""opp"": ""TEN"", ""v"": 6.0}]",Under,0.3654759170097136,0.5,0.45187786587413903,1.88,fanduel,-0.1504696121566187,0.0,-0.1345240829902864,
Romeo Doubs,WR,NE,LV,player_receptions,3.5,3.147310083690799,17,,,6,True,00-0037816,2026-10-11T17:00:00Z,"[{""w"": ""W4"", ""opp"": ""BUF"", ""v"": 6.0}, {""w"": ""W3"", ""opp"": ""JAX"", ""v"": 3.0}, {""w"": ""W2"", ""opp"": ""PIT"", ""v"": 3.0}, {""w"": ""W1"", ""opp"": ""SEA"", ""v"": 0.0}, {""w"": ""25W17"", ""opp"": ""BAL"", ""v"": 3.0}, {""w"": ""25W16"", ""opp"": ""CHI"", ""v"": 5.0}]",Over,0.37922731466299975,0.5742275452350596,0.5054843379946501,1.68,fanduel,-0.15078631216898786,0.0,-0.19500023057205984,BIG-GAP:check-news 
Garrett Wilson,WR,NYJ,CLE,player_receptions,6.5,4.968723476886038,11,,,5,True,00-0037740,2026-10-11T17:00:00Z,"[{""w"": ""W4"", ""opp"": ""CHI"", ""v"": 3.0}, {""w"": ""W3"", ""opp"": ""DET"", ""v"": 10.0}, {""w"": ""W2"", ""opp"": ""GB"", ""v"": 5.0}, {""w"": ""W1"", ""opp"": ""TEN"", ""v"": 6.0}, {""w"": ""25W10"", ""opp"": ""CLE"", ""v"": 0.0}, {""w"": ""25W6"", ""opp"": ""DEN"", ""v"": 3.0}]",Over,0.26371973632716156,0.445910290237467,0.37741398737616805,2.25,betonlineag,-0.15081852840362175,0.0,-0.18219055391030542,BIG-GAP:check-news 
Geno Smith,QB,NYJ,CLE,player_rush_yds,10.5,9.595328198876482,17,,,5,True,00-0030565,2026-10-11T17:00:00Z,"[{""w"": ""W4"", ""opp"": ""CHI"", ""v"": 0.0}, {""w"": ""W3"", ""opp"": ""DET"", ""v"": 12.0}, {""w"": ""W2"", ""opp"": ""GB"", ""v"": 17.0}, {""w"": ""W1"", ""opp"": ""TEN"", ""v"": 7.0}, {""w"": ""25W17"", ""opp"": ""NYG"", ""v"": 1.0}, {""w"": ""25W16"", ""opp"": ""HOU"", ""v"": 0.0}]",Over,0.3489531467334718,0.49734042553191493,0.44393912202850655,1.91,draftkings,-0.1520762769255526,0.0,-0.14838727879844316,
Parker Washington,WR,JAX,PHI,player_reception_yds,60.5,56.438904725874885,17,,,1,True,00-0038606,2026-10-11T13:30:00Z,"[{""w"": ""W4"", ""opp"": ""CIN"", ""v"": 7.0}, {""w"": ""W3"", ""opp"": ""NE"", ""v"": 40.0}, {""w"": ""W2"", ""opp"": ""DEN"", ""v"": 98.0}, {""w"": ""W1"", ""opp"": ""CLE"", ""v"": 83.0}, {""w"": ""25W18"", ""opp"": ""TEN"", ""v"": 87.0}, {""w"": ""25W17"", ""opp"": ""IND"", ""v"": 115.0}]",Over,0.36255186587999577,0.5,0.4507831674160545,1.88,fanduel,-0.1525276452578176,0.0,-0.13744813412000423,
Cam Ward,QB,TEN,HOU,player_pass_yds,190.5,174.96504547804605,17,,,3,True,00-0040676,2026-10-11T17:00:00Z,"[{""w"": ""W4"", ""opp"": ""BAL"", ""v"": 222.0}, {""w"": ""W3"", ""opp"": ""NYG"", ""v"": 181.0}, {""w"": ""W2"", ""opp"": ""PHI"", ""v"": 183.0}, {""w"": ""W1"", ""opp"": ""NYJ"", ""v"": 140.0}, {""w"": ""25W18"", ""opp"": ""JAX"", ""v"": 52.0}, {""w"": ""25W17"", ""opp"": ""NO"", ""v"": 251.0}]",Over,0.36175898298990056,0.5,0.45048575906395094,1.88,betonlineag,-0.1530867729597723,0.0,-0.13824101701009944,
Chase Brown,RB,CIN,MIA,player_rush_yds,67.5,61.5238633473625,17,,,1,True,00-0038597,2026-10-11T17:00:00Z,"[{""w"": ""W4"", ""opp"": ""JAX"", ""v"": 10.0}, {""w"": ""W3"", ""opp"": ""PIT"", ""v"": 61.0}, {""w"": ""W2"", ""opp"": ""HOU"", ""v"": 80.0}, {""w"": ""W1"", ""opp"": ""TB"", ""v"": 56.0}, {""w"": ""25W18"", ""opp"": ""CLE"", ""v"": 72.0}, {""w"": ""25W17"", ""opp"": ""ARI"", ""v"": 101.0}]",Over,0.3607923416584707,0.5,0.45012283994856933,1.88,fanduel,-0.15376906089668974,0.0,-0.13920765834152932,
Drake London,WR,ATL,BAL,player_reception_yds,82.5,77.23445634011549,16,,,1,True,00-0037238,2026-10-12T00:20:00Z,"[{""w"": ""W4"", ""opp"": ""NO"", ""v"": 96.0}, {""w"": ""W3"", ""opp"": ""GB"", ""v"": 194.0}, {""w"": ""W2"", ""opp"": ""CAR"", ""v"": 51.0}, {""w"": ""W1"", ""opp"": ""PIT"", ""v"": 29.0}, {""w"": ""25W18"", ""opp"": ""NO"", ""v"": 78.0}, {""w"": ""25W17"", ""opp"": ""LA"", ""v"": 4.0}]",Over,0.36038710966975923,0.5,0.44997058821929875,1.88,fanduel,-0.15405529414771835,0.0,-0.13961289033024077,
Justin Herbert,QB,LAC,DEN,player_rush_yds,24.5,23.047279503238112,17,,,3,True,00-0036355,2026-10-11T20:05:00Z,"[{""w"": ""W4"", ""opp"": ""SEA"", ""v"": 40.0}, {""w"": ""W3"", ""opp"": ""BUF"", ""v"": 17.0}, {""w"": ""W2"", ""opp"": ""LV"", ""v"": 2.0}, {""w"": ""W1"", ""opp"": ""ARI"", ""v"": 29.0}, {""w"": ""25W17"", ""opp"": ""HOU"", ""v"": 37.0}, {""w"": ""25W16"", ""opp"": ""DAL"", ""v"": 42.0}]",Over,0.35979044452704245,0.5,0.44974629311549325,1.88,betonlineag,-0.15447696894287283,0.0,-0.14020955547295755,
Parker Washington,WR,JAX,PHI,player_reception_yds,61.5,56.438904725874885,17,,,3,True,00-0038606,2026-10-11T13:30:00Z,"[{""w"": ""W4"", ""opp"": ""CIN"", ""v"": 7.0}, {""w"": ""W3"", ""opp"": ""NE"", ""v"": 40.0}, {""w"": ""W2"", ""opp"": ""DEN"", ""v"": 98.0}, {""w"": ""W1"", ""opp"": ""CLE"", ""v"": 83.0}, {""w"": ""25W18"", ""opp"": ""TEN"", ""v"": 87.0}, {""w"": ""25W17"", ""opp"": ""IND"", ""v"": 115.0}]",Over,0.3546309086468936,0.5026455026455027,0.44950217303621054,1.88,draftkings,-0.15493591469192425,0.0,-0.14801459399860906,
Sam Darnold,QB,SEA,SF,player_pass_yds,221.5,198.1641090622427,17,,,2,True,00-0034869,2026-10-11T20:25:00Z,"[{""w"": ""W4"", ""opp"": ""LAC"", ""v"": 168.0}, {""w"": ""W3"", ""opp"": ""WAS"", ""v"": 379.0}, {""w"": ""W1"", ""opp"": ""NE"", ""v"": 13.0}, {""w"": ""25W18"", ""opp"": ""SF"", ""v"": 198.0}, {""w"": ""25W17"", ""opp"": ""CAR"", ""v"": 147.0}, {""w"": ""25W16"", ""opp"": ""LA"", ""v"": 270.0}]",Over,0.34860750847991373,0.4986772486772487,0.44466578800853945,1.9,draftkings,-0.15513500278377512,0.0,-0.150069740197335,BIG-GAP:check-news 
Cam Ward,QB,TEN,HOU,player_pass_yds,193.5,174.96504547804605,17,,,2,True,00-0040676,2026-10-11T17:00:00Z,"[{""w"": ""W4"", ""opp"": ""BAL"", ""v"": 222.0}, {""w"": ""W3"", ""opp"": ""NYG"", ""v"": 181.0}, {""w"": ""W2"", ""opp"": ""PHI"", ""v"": 183.0}, {""w"": ""W1"", ""opp"": ""NYJ"", ""v"": 140.0}, {""w"": ""25W18"", ""opp"": ""JAX"", ""v"": 52.0}, {""w"": ""25W17"", ""opp"": ""NO"", ""v"": 251.0}]",Over,0.34596806162900307,0.4986772486772487,0.44365964223841053,1.9,draftkings,-0.15704667974702008,0.0,-0.15270918704824565,BIG-GAP:check-news 
Trevor Lawrence,QB,JAX,PHI,player_pass_yds,230.5,212.70863027244917,17,,,1,True,00-0036971,2026-10-11T13:30:00Z,"[{""w"": ""W4"", ""opp"": ""CIN"", ""v"": 227.0}, {""w"": ""W3"", ""opp"": ""NE"", ""v"": 182.0}, {""w"": ""W2"", ""opp"": ""DEN"", ""v"": 189.0}, {""w"": ""W1"", ""opp"": ""CLE"", ""v"": 245.0}, {""w"": ""25W18"", ""opp"": ""TEN"", ""v"": 255.0}, {""w"": ""25W17"", ""opp"": ""IND"", ""v"": 263.0}]",Over,0.3627249771621006,0.4959785522788205,0.4482606850188629,1.88,betrivers,-0.15726991216453784,0.0,-0.13325357511671987,
Davante Adams,WR,LA,BUF,player_receptions,4.5,5.611693115632748,17,,,6,True,00-0031381,2026-10-13T00:15:00Z,"[{""w"": ""W4"", ""opp"": ""PHI"", ""v"": 4.0}, {""w"": ""W3"", ""opp"": ""DEN"", ""v"": 7.0}, {""w"": ""W2"", ""opp"": ""NYG"", ""v"": 8.0}, {""w"": ""W1"", ""opp"": ""SF"", ""v"": 3.0}, {""w"": ""25W15"", ""opp"": ""DET"", ""v"": 4.0}, {""w"": ""25W14"", ""opp"": ""ARI"", ""v"": 4.0}]",Under,0.3535786474021982,0.5239257294429709,0.4628395182415931,1.82,draftkings,-0.15763207680030045,0.0,-0.1703470820407727,BIG-GAP:check-news 
Malik Nabers,WR,NYG,WAS,player_reception_yds,56.5,54.26619345768161,8,,,1,True,00-0039337,2026-10-11T17:00:00Z,"[{""w"": ""W4"", ""opp"": ""ARI"", ""v"": 112.0}, {""w"": ""W3"", ""opp"": ""TEN"", ""v"": 26.0}, {""w"": ""W2"", ""opp"": ""LA"", ""v"": 1.0}, {""w"": ""W1"", ""opp"": ""DAL"", ""v"": 69.0}, {""w"": ""25W4"", ""opp"": ""LAC"", ""v"": 20.0}, {""w"": ""25W3"", ""opp"": ""KC"", ""v"": 13.0}]",Over,0.3675463690595634,0.5040214477211796,0.45524284454055386,1.85,betrivers,-0.15780073759997532,0.0,-0.13647507866161623,
Jaylen Wright,RB,MIA,CIN,player_rush_yds,21.5,20.433897561824168,12,,,2,True,00-0039874,2026-10-11T17:00:00Z,"[{""w"": ""W4"", ""opp"": ""MIN"", ""v"": 7.0}, {""w"": ""W2"", ""opp"": ""SF"", ""v"": 11.0}, {""w"": ""W1"", ""opp"": ""LV"", ""v"": -1.0}, {""w"": ""25W18"", ""opp"": ""NE"", ""v"": 23.0}, {""w"": ""25W17"", ""opp"": ""TB"", ""v"": 56.0}, {""w"": ""25W16"", ""opp"": ""CIN"", ""v"": 35.0}]",Over,0.35100409532281474,0.5020107238605898,0.44771877771678764,1.88,fanduel,-0.1582886978924392,0.0,-0.15100662853777502,BIG-GAP:check-news 
Jalen Hurts,QB,PHI,JAX,player_rush_yds,25.5,22.954762636659527,17,,,2,True,00-0036389,2026-10-11T13:30:00Z,"[{""w"": ""W4"", ""opp"": ""LA"", ""v"": 18.0}, {""w"": ""W3"", ""opp"": ""CHI"", ""v"": 25.0}, {""w"": ""W2"", ""opp"": ""TEN"", ""v"": 16.0}, {""w"": ""W1"", ""opp"": ""WAS"", ""v"": 46.0}, {""w"": ""25W17"", ""opp"": ""BUF"", ""v"": 5.0}, {""w"": ""25W16"", ""opp"": ""WAS"", ""v"": 40.0}]",Over,0.349315236777173,0.5099650078309088,0.45219516140699567,1.86,draftkings,-0.158916999782988,0.0,-0.1606497710537358,BIG-GAP:check-news 
Javonte Williams,RB,DAL,TB,player_rush_yds,71.5,64.41255159501544,17,,,1,True,00-0036997,2026-10-09T00:15:00Z,"[{""w"": ""W4"", ""opp"": ""HOU"", ""v"": 62.0}, {""w"": ""W3"", ""opp"": ""BAL"", ""v"": 98.0}, {""w"": ""W2"", ""opp"": ""WAS"", ""v"": 30.0}, {""w"": ""W1"", ""opp"": ""NYG"", ""v"": 41.0}, {""w"": ""25W17"", ""opp"": ""WAS"", ""v"": 54.0}, {""w"": ""25W16"", ""opp"": ""LAC"", ""v"": 34.0}]",Over,0.35337426804590544,0.5,0.4473251866760631,1.88,fanduel,-0.1590286490490015,0.0,-0.14662573195409456,
Drake Maye,QB,NE,LV,player_rush_yds,31.5,28.620863682049702,17,,,1,True,00-0039851,2026-10-11T17:00:00Z,"[{""w"": ""W4"", ""opp"": ""BUF"", ""v"": 54.0}, {""w"": ""W3"", ""opp"": ""JAX"", ""v"": 18.0}, {""w"": ""W2"", ""opp"": ""PIT"", ""v"": 17.0}, {""w"": ""W1"", ""opp"": ""SEA"", ""v"": 47.0}, {""w"": ""25W18"", ""opp"": ""MIA"", ""v"": 41.0}, {""w"": ""25W17"", ""opp"": ""NYJ"", ""v"": 22.0}]",Over,0.3528109172896987,0.5,0.4471117890833925,1.88,fanduel,-0.15942983652322223,0.0,-0.1471890827103013,
Michael Penix Jr.,QB,ATL,BAL,player_pass_yds,221.5,201.88036234263183,11,,,1,True,00-0039917,2026-10-12T00:20:00Z,"[{""w"": ""W4"", ""opp"": ""NO"", ""v"": 223.0}, {""w"": ""W3"", ""opp"": ""GB"", ""v"": 256.0}, {""w"": ""25W11"", ""opp"": ""CAR"", ""v"": 175.0}, {""w"": ""25W10"", ""opp"": ""IND"", ""v"": 177.0}, {""w"": ""25W9"", ""opp"": ""NE"", ""v"": 221.0}, {""w"": ""25W7"", ""opp"": ""SF"", ""v"": 241.0}]",Over,0.3524534748455707,0.5,0.44697631943998173,1.88,fanduel,-0.1596845194528344,0.0,-0.1475465251544293,
Jacory Croskey-Merritt,RB,WAS,NYG,player_rush_yds,55.5,48.93856153333604,17,,,3,True,00-0040242,2026-10-11T17:00:00Z,"[{""w"": ""W4"", ""opp"": ""IND"", ""v"": 15.0}, {""w"": ""W3"", ""opp"": ""SEA"", ""v"": 36.0}, {""w"": ""W2"", ""opp"": ""DAL"", ""v"": 43.0}, {""w"": ""W1"", ""opp"": ""PHI"", ""v"": 63.0}, {""w"": ""25W18"", ""opp"": ""PHI"", ""v"": 29.0}, {""w"": ""25W17"", ""opp"": ""DAL"", ""v"": 105.0}]",Over,0.3396369359651968,0.5,0.4420813127844117,1.9,draftkings,-0.16004550570961784,0.0,-0.16036306403480322,BIG-GAP:check-news 
Ted Hurst III,WR,TB,DAL,player_reception_yds,20.5,31.393522997186828,4,,,3,True,00-0041048,2026-10-09T00:15:00Z,"[{""w"": ""W4"", ""opp"": ""GB"", ""v"": 25.0}, {""w"": ""W3"", ""opp"": ""MIN"", ""v"": 40.0}, {""w"": ""W2"", ""opp"": ""CLE"", ""v"": 27.0}, {""w"": ""W1"", ""opp"": ""CIN"", ""v"": 36.0}]",Under,0.34539414011487124,0.5,0.44428940330949074,1.89,draftkings,-0.16029302774506254,0.0,-0.15460585988512876,BIG-GAP:check-news 
Bijan Robinson,RB,ATL,BAL,player_reception_yds,27.5,26.91158247884285,17,,,1,True,00-0038542,2026-10-12T00:20:00Z,"[{""w"": ""W4"", ""opp"": ""NO"", ""v"": 2.0}, {""w"": ""W3"", ""opp"": ""GB"", ""v"": 19.0}, {""w"": ""W2"", ""opp"": ""CAR"", ""v"": 9.0}, {""w"": ""W1"", ""opp"": ""PIT"", ""v"": 90.0}, {""w"": ""25W18"", ""opp"": ""NO"", ""v"": 10.0}, {""w"": ""25W17"", ""opp"": ""LA"", ""v"": 34.0}]",Over,0.35367339234446243,0.49061662198391415,0.4414139629034701,1.9,betmgm,-0.16131347048340683,0.0,-0.1369432296394517,
Matthew Golden,WR,GB,CHI,player_receptions,4.5,3.511620649780754,17,,,6,True,00-0040667,2026-10-11T17:00:00Z,"[{""w"": ""W4"", ""opp"": ""TB"", ""v"": 3.0}, {""w"": ""W3"", ""opp"": ""ATL"", ""v"": 5.0}, {""w"": ""W2"", ""opp"": ""NYJ"", ""v"": 4.0}, {""w"": ""W1"", ""opp"": ""MIN"", ""v"": 6.0}, {""w"": ""25W18"", ""opp"": ""MIN"", ""v"": 1.0}, {""w"": ""25W17"", ""opp"": ""BAL"", ""v"": 1.0}]",Over,0.2836932898269484,0.49933687002652516,0.41923871933012025,2.0,betmgm,-0.1615225613397595,0.0,-0.21564358019957675,BIG-GAP:check-news 
Jaylen Wright,RB,MIA,CIN,player_rush_yds,22.5,20.433897561824168,12,,,1,True,00-0039874,2026-10-11T17:00:00Z,"[{""w"": ""W4"", ""opp"": ""MIN"", ""v"": 7.0}, {""w"": ""W2"", ""opp"": ""SF"", ""v"": 11.0}, {""w"": ""W1"", ""opp"": ""LV"", ""v"": -1.0}, {""w"": ""25W18"", ""opp"": ""NE"", ""v"": 23.0}, {""w"": ""25W17"", ""opp"": ""TB"", ""v"": 56.0}, {""w"": ""25W16"", ""opp"": ""CIN"", ""v"": 35.0}]",Over,0.3339916393274242,0.49340369393139843,0.43567922664803727,1.92,draftkings,-0.1634958848357685,0.0,-0.15941205460397423,BIG-GAP:check-news 
Josh Cameron,WR,JAX,PHI,player_receptions,1.5,1.0077168150970273,4,,,5,True,00-0041100,2026-10-11T13:30:00Z,"[{""w"": ""W4"", ""opp"": ""CIN"", ""v"": 2.0}, {""w"": ""W3"", ""opp"": ""NE"", ""v"": 1.0}, {""w"": ""W2"", ""opp"": ""DEN"", ""v"": 0.0}, {""w"": ""W1"", ""opp"": ""CLE"", ""v"": 2.0}]",Over,0.26707980498330414,0.4087403598971723,0.35588146018739075,2.35,bovada,-0.1636785685596317,0.0,-0.14166055491386814,
Bhayshul Tuten,RB,JAX,PHI,player_receptions,1.5,1.1139465408272307,17,,,5,True,00-0040719,2026-10-11T13:30:00Z,"[{""w"": ""W4"", ""opp"": ""CIN"", ""v"": 2.0}, {""w"": ""W3"", ""opp"": ""NE"", ""v"": 2.0}, {""w"": ""W2"", ""opp"": ""DEN"", ""v"": 2.0}, {""w"": ""W1"", ""opp"": ""CLE"", ""v"": 1.0}, {""w"": ""25W18"", ""opp"": ""TEN"", ""v"": 0.0}, {""w"": ""25W15"", ""opp"": ""NYJ"", ""v"": 1.0}]",Over,0.30607190925104694,0.5,0.4288629256746866,1.95,betrivers,-0.1637172949343612,0.0,-0.19392809074895306,BIG-GAP:check-news 
George Holani,RB,SEA,SF,player_rush_yds,19.5,17.419867197369527,14,,,2,True,00-0039299,2026-10-11T20:25:00Z,"[{""w"": ""W4"", ""opp"": ""LAC"", ""v"": 18.0}, {""w"": ""W3"", ""opp"": ""WAS"", ""v"": 10.0}, {""w"": ""W2"", ""opp"": ""ARI"", ""v"": 13.0}, {""w"": ""W1"", ""opp"": ""NE"", ""v"": 29.0}, {""w"": ""25W11"", ""opp"": ""LA"", ""v"": 6.0}, {""w"": ""25W10"", ""opp"": ""ARI"", ""v"": 31.0}]",Over,0.346678310294505,0.5,0.4447798347337446,1.88,betonlineag,-0.16381391070056017,0.0,-0.15332168970549498,BIG-GAP:check-news 
Romeo Doubs,WR,NE,LV,player_reception_yds,50.5,45.94839057235492,17,,,1,True,00-0037816,2026-10-11T17:00:00Z,"[{""w"": ""W4"", ""opp"": ""BUF"", ""v"": 58.0}, {""w"": ""W3"", ""opp"": ""JAX"", ""v"": 49.0}, {""w"": ""W2"", ""opp"": ""PIT"", ""v"": 96.0}, {""w"": ""W1"", ""opp"": ""SEA"", ""v"": 0.0}, {""w"": ""25W17"", ""opp"": ""BAL"", ""v"": 62.0}, {""w"": ""25W16"", ""opp"": ""CHI"", ""v"": 84.0}]",Over,0.35195480568829113,0.5,0.446787233782233,1.87,betmgm,-0.1645078728272243,0.0,-0.14804519431170887,
Keaton Mitchell,RB,LAC,DEN,player_rush_yds,32.5,29.076211969222424,17,,,1,True,00-0038454,2026-10-11T20:05:00Z,"[{""w"": ""W4"", ""opp"": ""SEA"", ""v"": 39.0}, {""w"": ""W3"", ""opp"": ""BUF"", ""v"": 52.0}, {""w"": ""W2"", ""opp"": ""LV"", ""v"": 24.0}, {""w"": ""W1"", ""opp"": ""ARI"", ""v"": 9.0}, {""w"": ""25W18"", ""opp"": ""PIT"", ""v"": 2.0}, {""w"": ""25W17"", ""opp"": ""GB"", ""v"": 31.0}]",Over,0.34550802681730264,0.5,0.44433292755942005,1.88,fanduel,-0.1646540961882903,0.0,-0.15449197318269736,BIG-GAP:check-news 
Keenan Allen,WR,IND,PIT,player_reception_yds,27.5,43.13265494984265,17,,,2,True,00-0030279,2026-10-11T17:00:00Z,"[{""w"": ""W3"", ""opp"": ""HOU"", ""v"": 63.0}, {""w"": ""W2"", ""opp"": ""KC"", ""v"": 5.0}, {""w"": ""W1"", ""opp"": ""BAL"", ""v"": 32.0}, {""w"": ""25W18"", ""opp"": ""DEN"", ""v"": 36.0}, {""w"": ""25W17"", ""opp"": ""HOU"", ""v"": 17.0}, {""w"": ""25W16"", ""opp"": ""DAL"", ""v"": 44.0}]",Under,0.345433049016177,0.5,0.44430427384796306,1.88,fanduel,-0.16470796516582953,0.0,-0.154566950983823,BIG-GAP:check-news 
Chase Brown,RB,CIN,MIA,player_rush_yds,68.5,61.5238633473625,17,,,1,True,00-0038597,2026-10-11T17:00:00Z,"[{""w"": ""W4"", ""opp"": ""JAX"", ""v"": 10.0}, {""w"": ""W3"", ""opp"": ""PIT"", ""v"": 61.0}, {""w"": ""W2"", ""opp"": ""HOU"", ""v"": 80.0}, {""w"": ""W1"", ""opp"": ""TB"", ""v"": 56.0}, {""w"": ""25W18"", ""opp"": ""CLE"", ""v"": 72.0}, {""w"": ""25W17"", ""opp"": ""ARI"", ""v"": 101.0}]",Over,0.3513240559878748,0.4959785522788205,0.4439652560219892,1.88,betrivers,-0.1653453186786603,0.0,-0.14465449629094568,
Javonte Williams,RB,DAL,TB,player_rush_yds,72.5,64.41255159501544,17,,,1,True,00-0036997,2026-10-09T00:15:00Z,"[{""w"": ""W4"", ""opp"": ""HOU"", ""v"": 62.0}, {""w"": ""W3"", ""opp"": ""BAL"", ""v"": 98.0}, {""w"": ""W2"", ""opp"": ""WAS"", ""v"": 30.0}, {""w"": ""W1"", ""opp"": ""NYG"", ""v"": 41.0}, {""w"": ""25W17"", ""opp"": ""WAS"", ""v"": 54.0}, {""w"": ""25W16"", ""opp"": ""LAC"", ""v"": 34.0}]",Over,0.34361055478813957,0.5,0.44360699105804635,1.88,betonlineag,-0.16601885681087292,0.0,-0.15638944521186043,BIG-GAP:check-news 
Jaylen Waddle,WR,DEN,LAC,player_reception_yds,53.5,47.59892566359944,17,,,4,True,00-0036613,2026-10-11T20:05:00Z,"[{""w"": ""W4"", ""opp"": ""SF"", ""v"": 35.0}, {""w"": ""W3"", ""opp"": ""LA"", ""v"": 10.0}, {""w"": ""W2"", ""opp"": ""JAX"", ""v"": 138.0}, {""w"": ""W1"", ""opp"": ""KC"", ""v"": 2.0}, {""w"": ""25W17"", ""opp"": ""TB"", ""v"": 0.0}, {""w"": ""25W16"", ""opp"": ""CIN"", ""v"": 72.0}]",Over,0.331195109826987,0.5,0.4388145214746877,1.9,draftkings,-0.16625240919809342,0.0,-0.16880489017301298,BIG-GAP:check-news 
George Kittle,TE,SF,SEA,player_reception_yds,56.5,50.659325152181935,15,,,1,True,00-0033288,2026-10-11T20:25:00Z,"[{""w"": ""W4"", ""opp"": ""DEN"", ""v"": 70.0}, {""w"": ""W3"", ""opp"": ""ARI"", ""v"": 82.0}, {""w"": ""W2"", ""opp"": ""MIA"", ""v"": 80.0}, {""w"": ""W1"", ""opp"": ""LA"", ""v"": 12.0}, {""w"": ""25W18"", ""opp"": ""SEA"", ""v"": 29.0}, {""w"": ""25W16"", ""opp"": ""IND"", ""v"": 115.0}]",Over,0.348431073823527,0.5,0.4454480243693855,1.87,betmgm,-0.16701219442924908,0.0,-0.151568926176473,BIG-GAP:check-news 
Romeo Doubs,WR,NE,LV,player_reception_yds,51.5,45.94839057235492,17,,,2,True,00-0037816,2026-10-11T17:00:00Z,"[{""w"": ""W4"", ""opp"": ""BUF"", ""v"": 58.0}, {""w"": ""W3"", ""opp"": ""JAX"", ""v"": 49.0}, {""w"": ""W2"", ""opp"": ""PIT"", ""v"": 96.0}, {""w"": ""W1"", ""opp"": ""SEA"", ""v"": 0.0}, {""w"": ""25W17"", ""opp"": ""BAL"", ""v"": 62.0}, {""w"": ""25W16"", ""opp"": ""CHI"", ""v"": 84.0}]",Over,0.3422214197155956,0.5,0.4430744766441748,1.88,betonlineag,-0.16701998390895145,0.0,-0.1577785802844044,BIG-GAP:check-news 
Tyler Allgeier,RB,ARI,DET,player_reception_yds,11.5,10.258579976534744,17,,,2,True,00-0037263,2026-10-11T20:25:00Z,"[{""w"": ""W4"", ""opp"": ""NYG"", ""v"": 7.0}, {""w"": ""W3"", ""opp"": ""SF"", ""v"": 10.0}, {""w"": ""W2"", ""opp"": ""SEA"", ""v"": 9.0}, {""w"": ""W1"", ""opp"": ""LAC"", ""v"": 9.0}, {""w"": ""25W18"", ""opp"": ""NO"", ""v"": 3.0}, {""w"": ""25W17"", ""opp"": ""LA"", ""v"": 0.0}]",Over,0.3337953194402991,0.5046916890080428,0.4428322361831329,1.88,fanduel,-0.16747539597571015,0.0,-0.17089636956774373,BIG-GAP:check-news 
Parker Washington,WR,JAX,PHI,player_reception_yds,62.5,56.438904725874885,17,,,1,True,00-0038606,2026-10-11T13:30:00Z,"[{""w"": ""W4"", ""opp"": ""CIN"", ""v"": 7.0}, {""w"": ""W3"", ""opp"": ""NE"", ""v"": 40.0}, {""w"": ""W2"", ""opp"": ""DEN"", ""v"": 98.0}, {""w"": ""W1"", ""opp"": ""CLE"", ""v"": 83.0}, {""w"": ""25W18"", ""opp"": ""TEN"", ""v"": 87.0}, {""w"": ""25W17"", ""opp"": ""IND"", ""v"": 115.0}]",Over,0.3468562981445878,0.5,0.44484775029049717,1.87,betrivers,-0.16813470695677024,0.0,-0.1531437018554122,BIG-GAP:check-news 
Romeo Doubs,WR,NE,LV,player_reception_yds,52.5,45.94839057235492,17,,,3,True,00-0037816,2026-10-11T17:00:00Z,"[{""w"": ""W4"", ""opp"": ""BUF"", ""v"": 58.0}, {""w"": ""W3"", ""opp"": ""JAX"", ""v"": 49.0}, {""w"": ""W2"", ""opp"": ""PIT"", ""v"": 96.0}, {""w"": ""W1"", ""opp"": ""SEA"", ""v"": 0.0}, {""w"": ""25W17"", ""opp"": ""BAL"", ""v"": 62.0}, {""w"": ""25W16"", ""opp"": ""CHI"", ""v"": 84.0}]",Over,0.33271399977250415,0.5,0.4394049416552924,1.89,draftkings,-0.16952466027149737,0.0,-0.16728600022749585,BIG-GAP:check-news 
Michael Penix Jr.,QB,ATL,BAL,player_pass_yds,223.5,201.88036234263183,11,,,1,True,00-0039917,2026-10-12T00:20:00Z,"[{""w"": ""W4"", ""opp"": ""NO"", ""v"": 223.0}, {""w"": ""W3"", ""opp"": ""GB"", ""v"": 256.0}, {""w"": ""25W11"", ""opp"": ""CAR"", ""v"": 175.0}, {""w"": ""25W10"", ""opp"": ""IND"", ""v"": 177.0}, {""w"": ""25W9"", ""opp"": ""NE"", ""v"": 221.0}, {""w"": ""25W7"", ""opp"": ""SF"", ""v"": 241.0}]",Over,0.3431183619138038,0.5,0.44341841567014084,1.87,betrivers,-0.17080756269683656,0.0,-0.1568816380861962,BIG-GAP:check-news 
Jaylen Waddle,WR,DEN,LAC,player_reception_yds,52.5,47.59892566359944,17,,,1,True,00-0036613,2026-10-11T20:05:00Z,"[{""w"": ""W4"", ""opp"": ""SF"", ""v"": 35.0}, {""w"": ""W3"", ""opp"": ""LA"", ""v"": 10.0}, {""w"": ""W2"", ""opp"": ""JAX"", ""v"": 138.0}, {""w"": ""W1"", ""opp"": ""KC"", ""v"": 2.0}, {""w"": ""25W17"", ""opp"": ""TB"", ""v"": 0.0}, {""w"": ""25W16"", ""opp"": ""CIN"", ""v"": 72.0}]",Over,0.33880296041737334,0.5053191489361702,0.445173512760528,1.86,betonlineag,-0.17197726626541776,0.0,-0.1665161885187969,BIG-GAP:check-news 
Drake London,WR,ATL,BAL,player_receptions,6.5,5.057736592438546,16,,,3,True,00-0037238,2026-10-12T00:20:00Z,"[{""w"": ""W4"", ""opp"": ""NO"", ""v"": 5.0}, {""w"": ""W3"", ""opp"": ""GB"", ""v"": 9.0}, {""w"": ""W2"", ""opp"": ""CAR"", ""v"": 4.0}, {""w"": ""W1"", ""opp"": ""PIT"", ""v"": 2.0}, {""w"": ""25W18"", ""opp"": ""NO"", ""v"": 4.0}, {""w"": ""25W17"", ""opp"": ""LA"", ""v"": 1.0}]",Over,0.27132361254590853,0.4123711340206186,0.35985747574715365,2.3,fanduel,-0.17232780578154666,0.0,-0.14104752147471006,
Keenan Allen,WR,IND,PIT,player_reception_yds,26.5,43.13265494984265,17,,,3,True,00-0030279,2026-10-11T17:00:00Z,"[{""w"": ""W3"", ""opp"": ""HOU"", ""v"": 63.0}, {""w"": ""W2"", ""opp"": ""KC"", ""v"": 5.0}, {""w"": ""W1"", ""opp"": ""BAL"", ""v"": 32.0}, {""w"": ""25W18"", ""opp"": ""DEN"", ""v"": 36.0}, {""w"": ""25W17"", ""opp"": ""HOU"", ""v"": 17.0}, {""w"": ""25W16"", ""opp"": ""DAL"", ""v"": 44.0}]",Under,0.3281503300730996,0.4893617021276595,0.43083119052761204,1.92,betonlineag,-0.17280411418698488,0.0,-0.16121137205455988,BIG-GAP:check-news 
Brock Bowers,TE,LV,NE,player_reception_yds,73.5,62.298270604571606,14,,,4,True,00-0039338,2026-10-11T17:00:00Z,"[{""w"": ""W4"", ""opp"": ""KC"", ""v"": 86.0}, {""w"": ""W3"", ""opp"": ""NO"", ""v"": 116.0}, {""w"": ""25W16"", ""opp"": ""HOU"", ""v"": 33.0}, {""w"": ""25W15"", ""opp"": ""PHI"", ""v"": 28.0}, {""w"": ""25W14"", ""opp"": ""DEN"", ""v"": 46.0}, {""w"": ""25W13"", ""opp"": ""LAC"", ""v"": 63.0}]",Over,0.3161867355501092,0.5,0.43291368292923404,1.91,draftkings,-0.173134865605163,0.0,-0.18381326444989082,BIG-GAP:check-news 
Justin Herbert,QB,LAC,DEN,player_rush_yds,26.5,23.047279503238112,17,,,3,True,00-0036355,2026-10-11T20:05:00Z,"[{""w"": ""W4"", ""opp"": ""SEA"", ""v"": 40.0}, {""w"": ""W3"", ""opp"": ""BUF"", ""v"": 17.0}, {""w"": ""W2"", ""opp"": ""LV"", ""v"": 2.0}, {""w"": ""W1"", ""opp"": ""ARI"", ""v"": 29.0}, {""w"": ""25W17"", ""opp"": ""HOU"", ""v"": 37.0}, {""w"": ""25W16"", ""opp"": ""DAL"", ""v"": 42.0}]",Over,0.3255499874082634,0.4973544973544974,0.43491835271334106,1.9,draftkings,-0.17365512984465198,0.0,-0.17180450994623397,BIG-GAP:check-news 
Matthew Golden,WR,GB,CHI,player_reception_yds,56.5,48.378959633343534,17,,,4,True,00-0040667,2026-10-11T17:00:00Z,"[{""w"": ""W4"", ""opp"": ""TB"", ""v"": 21.0}, {""w"": ""W3"", ""opp"": ""ATL"", ""v"": 100.0}, {""w"": ""W2"", ""opp"": ""NYJ"", ""v"": 58.0}, {""w"": ""W1"", ""opp"": ""MIN"", ""v"": 95.0}, {""w"": ""25W18"", ""opp"": ""MIN"", ""v"": 8.0}, {""w"": ""25W17"", ""opp"": ""BAL"", ""v"": 12.0}]",Over,0.3209425431178132,0.5,0.4347971063127469,1.9,draftkings,-0.1738854980057809,0.0,-0.17905745688218683,BIG-GAP:check-news 
Trey McBride,TE,ARI,DET,player_receptions,7.5,9.412937595402342,17,,,6,True,00-0037744,2026-10-11T20:25:00Z,"[{""w"": ""W4"", ""opp"": ""NYG"", ""v"": 7.0}, {""w"": ""W3"", ""opp"": ""SF"", ""v"": 9.0}, {""w"": ""W2"", ""opp"": ""SEA"", ""v"": 8.0}, {""w"": ""W1"", ""opp"": ""LAC"", ""v"": 9.0}, {""w"": ""25W18"", ""opp"": ""LA"", ""v"": 7.0}, {""w"": ""25W17"", ""opp"": ""CIN"", ""v"": 10.0}]",Under,0.29977479804887364,0.44709307615321625,0.39293192905332075,2.1,betmgm,-0.17484294898802638,0.0,-0.14731827810434261,
Tucker Kraft,TE,GB,CHI,player_reception_yds,47.5,41.99715851166777,12,,,1,True,00-0038996,2026-10-11T17:00:00Z,"[{""w"": ""W4"", ""opp"": ""TB"", ""v"": 42.0}, {""w"": ""W3"", ""opp"": ""ATL"", ""v"": 26.0}, {""w"": ""W2"", ""opp"": ""NYJ"", ""v"": 15.0}, {""w"": ""W1"", ""opp"": ""MIN"", ""v"": 65.0}, {""w"": ""25W9"", ""opp"": ""CAR"", ""v"": 20.0}, {""w"": ""25W8"", ""opp"": ""PIT"", ""v"": 143.0}]",Over,0.33625900500700906,0.5,0.4407783898782577,1.87,betmgm,-0.17574441092765808,0.0,-0.16374099499299094,BIG-GAP:check-news 
Sam Darnold,QB,SEA,SF,player_pass_yds,227.5,198.1641090622427,17,,,4,True,00-0034869,2026-10-11T20:25:00Z,"[{""w"": ""W4"", ""opp"": ""LAC"", ""v"": 168.0}, {""w"": ""W3"", ""opp"": ""WAS"", ""v"": 379.0}, {""w"": ""W1"", ""opp"": ""NE"", ""v"": 13.0}, {""w"": ""25W18"", ""opp"": ""SF"", ""v"": 198.0}, {""w"": ""25W17"", ""opp"": ""CAR"", ""v"": 147.0}, {""w"": ""25W16"", ""opp"": ""LA"", ""v"": 270.0}]",Over,0.33016256416213074,0.5,0.4384124710257573,1.88,betonlineag,-0.17578455447157632,0.0,-0.16983743583786926,BIG-GAP:check-news 
Matthew Golden,WR,GB,CHI,player_reception_yds,55.5,48.378959633343534,17,,,2,True,00-0040667,2026-10-11T17:00:00Z,"[{""w"": ""W4"", ""opp"": ""TB"", ""v"": 21.0}, {""w"": ""W3"", ""opp"": ""ATL"", ""v"": 100.0}, {""w"": ""W2"", ""opp"": ""NYJ"", ""v"": 58.0}, {""w"": ""W1"", ""opp"": ""MIN"", ""v"": 95.0}, {""w"": ""25W18"", ""opp"": ""MIN"", ""v"": 8.0}, {""w"": ""25W17"", ""opp"": ""BAL"", ""v"": 12.0}]",Over,0.3292767401775664,0.5,0.4380671069838247,1.88,betonlineag,-0.17643383887040964,0.0,-0.17072325982243358,BIG-GAP:check-news 
Jalen Hurts,QB,PHI,JAX,player_rush_yds,26.5,22.954762636659527,17,,,3,True,00-0036389,2026-10-11T13:30:00Z,"[{""w"": ""W4"", ""opp"": ""LA"", ""v"": 18.0}, {""w"": ""W3"", ""opp"": ""CHI"", ""v"": 25.0}, {""w"": ""W2"", ""opp"": ""TEN"", ""v"": 16.0}, {""w"": ""W1"", ""opp"": ""WAS"", ""v"": 46.0}, {""w"": ""25W17"", ""opp"": ""BUF"", ""v"": 5.0}, {""w"": ""25W16"", ""opp"": ""WAS"", ""v"": 40.0}]",Over,0.3288157278447253,0.5,0.4378872047548841,1.88,betonlineag,-0.176772055060818,0.0,-0.1711842721552747,BIG-GAP:check-news 
Garrett Wilson,WR,NYJ,CLE,player_receptions,5.5,4.968723476886038,11,,,1,True,00-0037740,2026-10-11T17:00:00Z,"[{""w"": ""W4"", ""opp"": ""CHI"", ""v"": 3.0}, {""w"": ""W3"", ""opp"": ""DET"", ""v"": 10.0}, {""w"": ""W2"", ""opp"": ""GB"", ""v"": 5.0}, {""w"": ""W1"", ""opp"": ""TEN"", ""v"": 6.0}, {""w"": ""25W10"", ""opp"": ""CLE"", ""v"": 0.0}, {""w"": ""25W6"", ""opp"": ""DEN"", ""v"": 3.0}]",Over,0.37594435919928165,0.557029177718833,0.4928866008874501,1.67,betmgm,-0.17687937651795826,0.0,-0.18108481851955133,BIG-GAP:check-news 
Jahmyr Gibbs,RB,DET,ARI,player_rush_yds,90.5,78.20618885443969,17,,,3,True,00-0039139,2026-10-11T20:25:00Z,"[{""w"": ""W4"", ""opp"": ""CAR"", ""v"": 46.0}, {""w"": ""W3"", ""opp"": ""NYJ"", ""v"": 99.0}, {""w"": ""W2"", ""opp"": ""BUF"", ""v"": 52.0}, {""w"": ""W1"", ""opp"": ""NO"", ""v"": 156.0}, {""w"": ""25W18"", ""opp"": ""CHI"", ""v"": 80.0}, {""w"": ""25W17"", ""opp"": ""MIN"", ""v"": 41.0}]",Over,0.32777805892150413,0.5,0.4374818603345716,1.88,betonlineag,-0.17753410257100544,0.0,-0.17222194107849587,BIG-GAP:check-news 
Justice Hill,RB,BAL,ATL,player_rush_yds,11.5,10.498531686166638,14,,,2,True,00-0034975,2026-10-12T00:20:00Z,"[{""w"": ""W4"", ""opp"": ""TEN"", ""v"": 3.0}, {""w"": ""W3"", ""opp"": ""DAL"", ""v"": 33.0}, {""w"": ""W2"", ""opp"": ""NO"", ""v"": 6.0}, {""w"": ""W1"", ""opp"": ""IND"", ""v"": 18.0}, {""w"": ""25W12"", ""opp"": ""NYJ"", ""v"": 0.0}, {""w"": ""25W10"", ""opp"": ""MIN"", ""v"": 1.0}]",Over,0.3203067915173486,0.5039893617021276,0.43709649531099176,1.88,fanduel,-0.17825858881533546,0.0,-0.18368257018477901,BIG-GAP:check-news 
RJ Harvey,RB,DEN,LAC,player_rush_yds,18.5,31.87981882947856,17,,,5,True,00-0040730,2026-10-11T20:05:00Z,"[{""w"": ""W4"", ""opp"": ""SF"", ""v"": 25.0}, {""w"": ""W3"", ""opp"": ""LA"", ""v"": 6.0}, {""w"": ""W1"", ""opp"": ""KC"", ""v"": 18.0}, {""w"": ""25W18"", ""opp"": ""LAC"", ""v"": 28.0}, {""w"": ""25W17"", ""opp"": ""KC"", ""v"": 43.0}, {""w"": ""25W16"", ""opp"": ""JAX"", ""v"": 50.0}]",Under,0.3125002360438119,0.4973544973544973,0.4297581249621331,1.91,betmgm,-0.17916198132232575,0.0,-0.18485426131068544,BIG-GAP:check-news 
Brock Bowers,TE,LV,NE,player_reception_yds,72.5,62.298270604571606,14,,,2,True,00-0039338,2026-10-11T17:00:00Z,"[{""w"": ""W4"", ""opp"": ""KC"", ""v"": 86.0}, {""w"": ""W3"", ""opp"": ""NO"", ""v"": 116.0}, {""w"": ""25W16"", ""opp"": ""HOU"", ""v"": 33.0}, {""w"": ""25W15"", ""opp"": ""PHI"", ""v"": 28.0}, {""w"": ""25W14"", ""opp"": ""DEN"", ""v"": 46.0}, {""w"": ""25W13"", ""opp"": ""LAC"", ""v"": 63.0}]",Over,0.32426535491907715,0.5006666666666666,0.43653170374644584,1.88,fanduel,-0.1793203969566819,0.0,-0.17640131174758944,BIG-GAP:check-news 
Josh Allen,QB,BUF,LA,player_rush_yds,36.5,31.187217977287094,17,,,4,True,00-0034857,2026-10-13T00:15:00Z,"[{""w"": ""W4"", ""opp"": ""NE"", ""v"": 4.0}, {""w"": ""W3"", ""opp"": ""LAC"", ""v"": 22.0}, {""w"": ""W2"", ""opp"": ""DET"", ""v"": 69.0}, {""w"": ""W1"", ""opp"": ""HOU"", ""v"": 23.0}, {""w"": ""25W17"", ""opp"": ""PHI"", ""v"": 27.0}, {""w"": ""25W16"", ""opp"": ""CLE"", ""v"": 17.0}]",Over,0.32042166039471076,0.5013297872340425,0.43544121995848795,1.88,draftkings,-0.1813705064780427,0.0,-0.18090812683933177,BIG-GAP:check-news 
Javonte Williams,RB,DAL,TB,player_rush_yds,73.5,64.41255159501544,17,,,1,True,00-0036997,2026-10-09T00:15:00Z,"[{""w"": ""W4"", ""opp"": ""HOU"", ""v"": 62.0}, {""w"": ""W3"", ""opp"": ""BAL"", ""v"": 98.0}, {""w"": ""W2"", ""opp"": ""WAS"", ""v"": 30.0}, {""w"": ""W1"", ""opp"": ""NYG"", ""v"": 41.0}, {""w"": ""25W17"", ""opp"": ""WAS"", ""v"": 54.0}, {""w"": ""25W16"", ""opp"": ""LAC"", ""v"": 34.0}]",Over,0.33403721644372486,0.5040214477211796,0.4424961878719913,1.85,betrivers,-0.18138205243681604,0.0,-0.16998423127745477,BIG-GAP:check-news 
George Kittle,TE,SF,SEA,player_reception_yds,58.5,50.659325152181935,15,,,1,True,00-0033288,2026-10-11T20:25:00Z,"[{""w"": ""W4"", ""opp"": ""DEN"", ""v"": 70.0}, {""w"": ""W3"", ""opp"": ""ARI"", ""v"": 82.0}, {""w"": ""W2"", ""opp"": ""MIA"", ""v"": 80.0}, {""w"": ""W1"", ""opp"": ""LA"", ""v"": 12.0}, {""w"": ""25W18"", ""opp"": ""SEA"", ""v"": 29.0}, {""w"": ""25W16"", ""opp"": ""IND"", ""v"": 115.0}]",Over,0.3289858622254279,0.4959785522788205,0.4353815575401045,1.88,betrivers,-0.18148267182460354,0.0,-0.16699269005339257,BIG-GAP:check-news 
Jacory Croskey-Merritt,RB,WAS,NYG,player_rush_yds,56.5,48.93856153333604,17,,,1,True,00-0040242,2026-10-11T17:00:00Z,"[{""w"": ""W4"", ""opp"": ""IND"", ""v"": 15.0}, {""w"": ""W3"", ""opp"": ""SEA"", ""v"": 36.0}, {""w"": ""W2"", ""opp"": ""DAL"", ""v"": 43.0}, {""w"": ""W1"", ""opp"": ""PHI"", ""v"": 63.0}, {""w"": ""25W18"", ""opp"": ""PHI"", ""v"": 29.0}, {""w"": ""25W17"", ""opp"": ""DAL"", ""v"": 105.0}]",Over,0.3289569903067665,0.4959785522788205,0.4353703045405336,1.88,betrivers,-0.1815038274637969,0.0,-0.16702156197205398,BIG-GAP:check-news 
Garrett Wilson,WR,NYJ,CLE,player_reception_yds,69.5,58.80910323815968,11,,,5,True,00-0037740,2026-10-11T17:00:00Z,"[{""w"": ""W4"", ""opp"": ""CHI"", ""v"": 27.0}, {""w"": ""W3"", ""opp"": ""DET"", ""v"": 107.0}, {""w"": ""W2"", ""opp"": ""GB"", ""v"": 57.0}, {""w"": ""W1"", ""opp"": ""TEN"", ""v"": 79.0}, {""w"": ""25W10"", ""opp"": ""CLE"", ""v"": 0.0}, {""w"": ""25W6"", ""opp"": ""DEN"", ""v"": 13.0}]",Over,0.3164177871040413,0.5,0.43300548910215364,1.89,betonlineag,-0.18161962559692968,0.0,-0.18358221289595872,BIG-GAP:check-news 
Bijan Robinson,RB,ATL,BAL,player_reception_yds,29.5,26.91158247884285,17,,,1,True,00-0038542,2026-10-12T00:20:00Z,"[{""w"": ""W4"", ""opp"": ""NO"", ""v"": 2.0}, {""w"": ""W3"", ""opp"": ""GB"", ""v"": 19.0}, {""w"": ""W2"", ""opp"": ""CAR"", ""v"": 9.0}, {""w"": ""W1"", ""opp"": ""PIT"", ""v"": 90.0}, {""w"": ""25W18"", ""opp"": ""NO"", ""v"": 10.0}, {""w"": ""25W17"", ""opp"": ""LA"", ""v"": 34.0}]",Over,0.3293856613141659,0.49193548387096786,0.4329544067875015,1.89,betrivers,-0.18171617117162214,0.0,-0.16254982255680195,BIG-GAP:check-news 
Jahmyr Gibbs,RB,DET,ARI,player_rush_yds,92.5,78.20618885443969,17,,,2,True,00-0039139,2026-10-11T20:25:00Z,"[{""w"": ""W4"", ""opp"": ""CAR"", ""v"": 46.0}, {""w"": ""W3"", ""opp"": ""NYJ"", ""v"": 99.0}, {""w"": ""W2"", ""opp"": ""BUF"", ""v"": 52.0}, {""w"": ""W1"", ""opp"": ""NO"", ""v"": 156.0}, {""w"": ""25W18"", ""opp"": ""CHI"", ""v"": 80.0}, {""w"": ""25W17"", ""opp"": ""MIN"", ""v"": 41.0}]",Over,0.3158493341897518,0.5,0.43277956311632276,1.89,draftkings,-0.18204662571015007,0.0,-0.1841506658102482,BIG-GAP:check-news 
Josh Downs,WR,IND,PIT,player_receptions,4.5,3.919665374676719,17,,,1,True,00-0038997,2026-10-11T17:00:00Z,"[{""w"": ""W4"", ""opp"": ""WAS"", ""v"": 3.0}, {""w"": ""W3"", ""opp"": ""HOU"", ""v"": 5.0}, {""w"": ""W2"", ""opp"": ""KC"", ""v"": 7.0}, {""w"": ""W1"", ""opp"": ""BAL"", ""v"": 2.0}, {""w"": ""25W18"", ""opp"": ""HOU"", ""v"": 4.0}, {""w"": ""25W17"", ""opp"": ""JAX"", ""v"": 2.0}]",Over,0.3559483385980171,0.5578947368421052,0.48591793102816994,1.68,fanduel,-0.18365787587267451,0.0,-0.2019463982440881,BIG-GAP:check-news 
Tyler Allgeier,RB,ARI,DET,player_receptions,2.5,1.6895029045228651,17,,,1,True,00-0037263,2026-10-11T20:25:00Z,"[{""w"": ""W4"", ""opp"": ""NYG"", ""v"": 2.0}, {""w"": ""W3"", ""opp"": ""SF"", ""v"": 4.0}, {""w"": ""W2"", ""opp"": ""SEA"", ""v"": 2.0}, {""w"": ""W1"", ""opp"": ""LAC"", ""v"": 2.0}, {""w"": ""25W18"", ""opp"": ""NO"", ""v"": 1.0}, {""w"": ""25W17"", ""opp"": ""LA"", ""v"": 0.0}]",Over,0.2427122869006137,0.3681592039800995,0.32096674666335023,2.54,fanduel,-0.18474446347509038,0.0,-0.1254469170794858,
Tucker Kraft,TE,GB,CHI,player_reception_yds,49.5,41.99715851166777,12,,,3,True,00-0038996,2026-10-11T17:00:00Z,"[{""w"": ""W4"", ""opp"": ""TB"", ""v"": 42.0}, {""w"": ""W3"", ""opp"": ""ATL"", ""v"": 26.0}, {""w"": ""W2"", ""opp"": ""NYJ"", ""v"": 15.0}, {""w"": ""W1"", ""opp"": ""MIN"", ""v"": 65.0}, {""w"": ""25W9"", ""opp"": ""CAR"", ""v"": 20.0}, {""w"": ""25W8"", ""opp"": ""PIT"", ""v"": 143.0}]",Over,0.31682870517640493,0.5,0.43316868600553177,1.88,betonlineag,-0.18564287030960036,0.0,-0.18317129482359507,BIG-GAP:check-news 
Tucker Kraft,TE,GB,CHI,player_reception_yds,50.5,41.99715851166777,12,,,2,True,00-0038996,2026-10-11T17:00:00Z,"[{""w"": ""W4"", ""opp"": ""TB"", ""v"": 42.0}, {""w"": ""W3"", ""opp"": ""ATL"", ""v"": 26.0}, {""w"": ""W2"", ""opp"": ""NYJ"", ""v"": 15.0}, {""w"": ""W1"", ""opp"": ""MIN"", ""v"": 65.0}, {""w"": ""25W9"", ""opp"": ""CAR"", ""v"": 20.0}, {""w"": ""25W8"", ""opp"": ""PIT"", ""v"": 143.0}]",Over,0.30748444535276825,0.49135425338281147,0.4239330484389079,1.92,draftkings,-0.1860485469972969,0.0,-0.1838698080300432,BIG-GAP:check-news 
Justice Hill,RB,BAL,ATL,player_rush_yds,12.5,10.498531686166638,14,,,3,True,00-0034975,2026-10-12T00:20:00Z,"[{""w"": ""W4"", ""opp"": ""TEN"", ""v"": 3.0}, {""w"": ""W3"", ""opp"": ""DAL"", ""v"": 33.0}, {""w"": ""W2"", ""opp"": ""NO"", ""v"": 6.0}, {""w"": ""W1"", ""opp"": ""IND"", ""v"": 18.0}, {""w"": ""25W12"", ""opp"": ""NYJ"", ""v"": 0.0}, {""w"": ""25W10"", ""opp"": ""MIN"", ""v"": 1.0}]",Over,0.2945392850849462,0.48930481283422456,0.41738554987738175,1.95,draftkings,-0.18609817773910564,0.0,-0.19476552774927836,BIG-GAP:check-news 
David Montgomery,RB,HOU,TEN,player_rush_yds,46.5,39.50651807746873,17,,,1,True,00-0035685,2026-10-11T17:00:00Z,"[{""w"": ""W4"", ""opp"": ""DAL"", ""v"": 24.0}, {""w"": ""W3"", ""opp"": ""IND"", ""v"": 33.0}, {""w"": ""W2"", ""opp"": ""CIN"", ""v"": 10.0}, {""w"": ""W1"", ""opp"": ""BUF"", ""v"": 60.0}, {""w"": ""25W18"", ""opp"": ""CHI"", ""v"": 42.0}, {""w"": ""25W17"", ""opp"": ""MIN"", ""v"": 25.0}]",Over,0.31527867936874326,0.5,0.43255256988376883,1.88,fanduel,-0.1868011686185146,0.0,-0.18472132063125674,BIG-GAP:check-news 
Jaylen Waddle,WR,DEN,LAC,player_reception_yds,51.5,47.59892566359944,17,,,1,True,00-0036613,2026-10-11T20:05:00Z,"[{""w"": ""W4"", ""opp"": ""SF"", ""v"": 35.0}, {""w"": ""W3"", ""opp"": ""LA"", ""v"": 10.0}, {""w"": ""W2"", ""opp"": ""JAX"", ""v"": 138.0}, {""w"": ""W1"", ""opp"": ""KC"", ""v"": 2.0}, {""w"": ""25W17"", ""opp"": ""TB"", ""v"": 0.0}, {""w"": ""25W16"", ""opp"": ""CIN"", ""v"": 72.0}]",Over,0.34657520789669366,0.5347593582887701,0.46719113152542974,1.74,betmgm,-0.18708743114575221,0.0,-0.18818415039207642,BIG-GAP:check-news 
Josh Downs,WR,IND,PIT,player_receptions,5.5,3.919665374676719,17,,,4,True,00-0038997,2026-10-11T17:00:00Z,"[{""w"": ""W4"", ""opp"": ""WAS"", ""v"": 3.0}, {""w"": ""W3"", ""opp"": ""HOU"", ""v"": 5.0}, {""w"": ""W2"", ""opp"": ""KC"", ""v"": 7.0}, {""w"": ""W1"", ""opp"": ""BAL"", ""v"": 2.0}, {""w"": ""25W18"", ""opp"": ""HOU"", ""v"": 4.0}, {""w"": ""25W17"", ""opp"": ""JAX"", ""v"": 2.0}]",Over,0.2083361301969154,0.4347322207678883,0.3457181242815713,2.35,betonlineag,-0.18756240793830753,0.0,-0.2263960905709729,BIG-GAP:check-news 
Garrett Wilson,WR,NYJ,CLE,player_reception_yds,68.5,58.80910323815968,11,,,1,True,00-0037740,2026-10-11T17:00:00Z,"[{""w"": ""W4"", ""opp"": ""CHI"", ""v"": 27.0}, {""w"": ""W3"", ""opp"": ""DET"", ""v"": 107.0}, {""w"": ""W2"", ""opp"": ""GB"", ""v"": 57.0}, {""w"": ""W1"", ""opp"": ""TEN"", ""v"": 79.0}, {""w"": ""25W10"", ""opp"": ""CLE"", ""v"": 0.0}, {""w"": ""25W6"", ""opp"": ""DEN"", ""v"": 13.0}]",Over,0.3241562881671372,0.5040214477211796,0.4386355038011879,1.85,betrivers,-0.1885243179678024,0.0,-0.17986515955404242,BIG-GAP:check-news 
Bhayshul Tuten,RB,JAX,PHI,player_reception_yds,9.5,8.047072161460603,17,,,5,True,00-0040719,2026-10-11T13:30:00Z,"[{""w"": ""W4"", ""opp"": ""CIN"", ""v"": 18.0}, {""w"": ""W3"", ""opp"": ""NE"", ""v"": 17.0}, {""w"": ""W2"", ""opp"": ""DEN"", ""v"": -3.0}, {""w"": ""W1"", ""opp"": ""CLE"", ""v"": 22.0}, {""w"": ""25W18"", ""opp"": ""TEN"", ""v"": 0.0}, {""w"": ""25W15"", ""opp"": ""NYJ"", ""v"": 16.0}]",Over,0.299692161760078,0.5065963060686015,0.43047435162012615,1.88,fanduel,-0.1907082189541629,0.0,-0.2069041443085235,BIG-GAP:check-news 
David Montgomery,RB,HOU,TEN,player_rush_yds,47.5,39.50651807746873,17,,,2,True,00-0035685,2026-10-11T17:00:00Z,"[{""w"": ""W4"", ""opp"": ""DAL"", ""v"": 24.0}, {""w"": ""W3"", ""opp"": ""IND"", ""v"": 33.0}, {""w"": ""W2"", ""opp"": ""CIN"", ""v"": 10.0}, {""w"": ""W1"", ""opp"": ""BUF"", ""v"": 60.0}, {""w"": ""25W18"", ""opp"": ""CHI"", ""v"": 42.0}, {""w"": ""25W17"", ""opp"": ""MIN"", ""v"": 25.0}]",Over,0.30170121978006803,0.5079898420423437,0.43218348490111325,1.87,draftkings,-0.1918168832349182,0.0,-0.20628862226227562,BIG-GAP:check-news 
George Holani,RB,SEA,SF,player_rush_yds,20.5,17.419867197369527,14,,,1,True,00-0039299,2026-10-11T20:25:00Z,"[{""w"": ""W4"", ""opp"": ""LAC"", ""v"": 18.0}, {""w"": ""W3"", ""opp"": ""WAS"", ""v"": 10.0}, {""w"": ""W2"", ""opp"": ""ARI"", ""v"": 13.0}, {""w"": ""W1"", ""opp"": ""NE"", ""v"": 29.0}, {""w"": ""25W11"", ""opp"": ""LA"", ""v"": 6.0}, {""w"": ""25W10"", ""opp"": ""ARI"", ""v"": 31.0}]",Over,0.3183665635997746,0.5106951871657753,0.4406217061027248,1.83,betmgm,-0.19366227783201362,0.0,-0.19232862356600072,BIG-GAP:check-news 
Jameis Winston,QB,NYG,WAS,player_rush_yds,2.5,6.5792692224416225,6,,,2,True,00-0031503,2026-10-11T17:00:00Z,"[{""w"": ""W4"", ""opp"": ""ARI"", ""v"": 0.0}, {""w"": ""W3"", ""opp"": ""TEN"", ""v"": 14.0}, {""w"": ""W2"", ""opp"": ""LA"", ""v"": 1.0}, {""w"": ""25W15"", ""opp"": ""WAS"", ""v"": 0.0}, {""w"": ""25W12"", ""opp"": ""DET"", ""v"": 13.0}, {""w"": ""25W11"", ""opp"": ""GB"", ""v"": 10.0}]",Under,0.2881467247531447,0.5179152865884467,0.4329215776238294,1.86,draftkings,-0.19476586561967735,0.0,-0.22976856183530198,BIG-GAP:check-news 
Geno Smith,QB,NYJ,CLE,player_rush_yds,11.5,9.595328198876482,17,,,1,True,00-0030565,2026-10-11T17:00:00Z,"[{""w"": ""W4"", ""opp"": ""CHI"", ""v"": 0.0}, {""w"": ""W3"", ""opp"": ""DET"", ""v"": 12.0}, {""w"": ""W2"", ""opp"": ""GB"", ""v"": 17.0}, {""w"": ""W1"", ""opp"": ""TEN"", ""v"": 7.0}, {""w"": ""25W17"", ""opp"": ""NYG"", ""v"": 1.0}, {""w"": ""25W16"", ""opp"": ""HOU"", ""v"": 0.0}]",Over,0.30827414835595845,0.5,0.4297502785062138,1.87,betrivers,-0.19636697919338025,0.0,-0.19172585164404155,BIG-GAP:check-news 
Kyler Murray,QB,MIN,NO,player_pass_yds,212.5,180.68011661462162,8,,,2,True,00-0035228,2026-10-11T17:00:00Z,"[{""w"": ""W4"", ""opp"": ""MIA"", ""v"": 247.0}, {""w"": ""W3"", ""opp"": ""TB"", ""v"": 168.0}, {""w"": ""W1"", ""opp"": ""GB"", ""v"": 18.0}, {""w"": ""25W5"", ""opp"": ""TEN"", ""v"": 220.0}, {""w"": ""25W4"", ""opp"": ""SEA"", ""v"": 200.0}, {""w"": ""25W3"", ""opp"": ""SF"", ""v"": 159.0}]",Over,0.30182579374118357,0.5,0.4271431824109409,1.88,betonlineag,-0.1969708170674312,0.0,-0.19817420625881643,BIG-GAP:check-news 
Josh Allen,QB,BUF,LA,player_rush_yds,37.5,31.187217977287094,17,,,1,True,00-0034857,2026-10-13T00:15:00Z,"[{""w"": ""W4"", ""opp"": ""NE"", ""v"": 4.0}, {""w"": ""W3"", ""opp"": ""LAC"", ""v"": 22.0}, {""w"": ""W2"", ""opp"": ""DET"", ""v"": 69.0}, {""w"": ""W1"", ""opp"": ""HOU"", ""v"": 23.0}, {""w"": ""25W17"", ""opp"": ""PHI"", ""v"": 27.0}, {""w"": ""25W16"", ""opp"": ""CLE"", ""v"": 17.0}]",Over,0.3076050431321791,0.49193548387096786,0.42435066510985414,1.89,betrivers,-0.1979772429423758,0.0,-0.18433044073878874,BIG-GAP:check-news 
Jahmyr Gibbs,RB,DET,ARI,player_rush_yds,94.5,78.20618885443969,17,,,1,True,00-0039139,2026-10-11T20:25:00Z,"[{""w"": ""W4"", ""opp"": ""CAR"", ""v"": 46.0}, {""w"": ""W3"", ""opp"": ""NYJ"", ""v"": 99.0}, {""w"": ""W2"", ""opp"": ""BUF"", ""v"": 52.0}, {""w"": ""W1"", ""opp"": ""NO"", ""v"": 156.0}, {""w"": ""25W18"", ""opp"": ""CHI"", ""v"": 80.0}, {""w"": ""25W17"", ""opp"": ""MIN"", ""v"": 41.0}]",Over,0.3042739098726222,0.5,0.4281361461791497,1.87,betmgm,-0.19938540664499,0.0,-0.1957260901273778,BIG-GAP:check-news 
Josh Downs,WR,IND,PIT,player_reception_yds,58.5,46.80949416329191,17,,,4,True,00-0038997,2026-10-11T17:00:00Z,"[{""w"": ""W4"", ""opp"": ""WAS"", ""v"": 16.0}, {""w"": ""W3"", ""opp"": ""HOU"", ""v"": 77.0}, {""w"": ""W2"", ""opp"": ""KC"", ""v"": 72.0}, {""w"": ""W1"", ""opp"": ""BAL"", ""v"": 37.0}, {""w"": ""25W18"", ""opp"": ""HOU"", ""v"": 61.0}, {""w"": ""25W17"", ""opp"": ""JAX"", ""v"": 34.0}]",Over,0.2844648175097342,0.4986772486772487,0.4191444294719595,1.91,betonlineag,-0.1994341397085574,0.0,-0.21421243116751454,BIG-GAP:check-news 
Kyler Murray,QB,MIN,NO,player_pass_yds,214.5,180.68011661462162,8,,,3,True,00-0035228,2026-10-11T17:00:00Z,"[{""w"": ""W4"", ""opp"": ""MIA"", ""v"": 247.0}, {""w"": ""W3"", ""opp"": ""TB"", ""v"": 168.0}, {""w"": ""W1"", ""opp"": ""GB"", ""v"": 18.0}, {""w"": ""25W5"", ""opp"": ""TEN"", ""v"": 220.0}, {""w"": ""25W4"", ""opp"": ""SEA"", ""v"": 200.0}, {""w"": ""25W3"", ""opp"": ""SF"", ""v"": 159.0}]",Over,0.2942314441076168,0.5026455026455027,0.4257178884779762,1.88,draftkings,-0.19965036966140476,0.0,-0.20841405853788586,BIG-GAP:check-news 
Dalton Kincaid,TE,BUF,LA,player_reception_yds,49.5,39.67079428429412,16,,,4,True,00-0038933,2026-10-13T00:15:00Z,"[{""w"": ""W4"", ""opp"": ""NE"", ""v"": 7.0}, {""w"": ""W3"", ""opp"": ""LAC"", ""v"": 38.0}, {""w"": ""W2"", ""opp"": ""DET"", ""v"": 95.0}, {""w"": ""W1"", ""opp"": ""HOU"", ""v"": 130.0}, {""w"": ""25W18"", ""opp"": ""NYJ"", ""v"": 48.0}, {""w"": ""25W16"", ""opp"": ""CLE"", ""v"": 0.0}]",Over,0.2866505120173369,0.5,0.4208956604934881,1.9,draftkings,-0.2002982450623726,0.0,-0.21334948798266312,BIG-GAP:check-news 
Najee Harris,RB,NYG,WAS,player_rush_yds,33.5,27.76248410151595,6,,,1,True,00-0036893,2026-10-11T17:00:00Z,"[{""w"": ""W4"", ""opp"": ""ARI"", ""v"": 30.0}, {""w"": ""W3"", ""opp"": ""TEN"", ""v"": 52.0}, {""w"": ""W2"", ""opp"": ""LA"", ""v"": 6.0}, {""w"": ""25W3"", ""opp"": ""DEN"", ""v"": 28.0}, {""w"": ""25W2"", ""opp"": ""LV"", ""v"": 28.0}, {""w"": ""25W1"", ""opp"": ""KC"", ""v"": 5.0}]",Over,0.304329387998619,0.49193548387096786,0.4230323508236358,1.89,betrivers,-0.2004688569433284,0.0,-0.18760609587234883,BIG-GAP:check-news 
Jameis Winston,QB,NYG,WAS,player_pass_yds,200.5,166.32463435417554,6,,,2,True,00-0031503,2026-10-11T17:00:00Z,"[{""w"": ""W4"", ""opp"": ""ARI"", ""v"": 250.0}, {""w"": ""W3"", ""opp"": ""TEN"", ""v"": 118.0}, {""w"": ""W2"", ""opp"": ""LA"", ""v"": 111.0}, {""w"": ""25W15"", ""opp"": ""WAS"", ""v"": 0.0}, {""w"": ""25W12"", ""opp"": ""DET"", ""v"": 366.0}, {""w"": ""25W11"", ""opp"": ""GB"", ""v"": 201.0}]",Over,0.2904386899203938,0.5,0.42247071000819686,1.89,draftkings,-0.20153035808450803,0.0,-0.2095613100796062,BIG-GAP:check-news 
Kenny Gainwell,RB,TB,DAL,player_receptions,1.5,3.1279018152812905,17,,,5,True,00-0036919,2026-10-09T00:15:00Z,"[{""w"": ""W4"", ""opp"": ""GB"", ""v"": 2.0}, {""w"": ""W3"", ""opp"": ""MIN"", ""v"": 2.0}, {""w"": ""W2"", ""opp"": ""CLE"", ""v"": 3.0}, {""w"": ""W1"", ""opp"": ""CIN"", ""v"": 1.0}, {""w"": ""25W18"", ""opp"": ""BAL"", ""v"": 8.0}, {""w"": ""25W17"", ""opp"": ""CLE"", ""v"": 3.0}]",Under,0.23945834948197925,0.4128205128205128,0.346720870019276,2.3,bovada,-0.20254199895566521,0.0,-0.17336216333853355,BIG-GAP:check-news 
Tyler Warren,TE,IND,PIT,player_reception_yds,48.5,39.12963862444661,17,,,2,True,00-0040128,2026-10-11T17:00:00Z,"[{""w"": ""W4"", ""opp"": ""WAS"", ""v"": 41.0}, {""w"": ""W3"", ""opp"": ""HOU"", ""v"": 55.0}, {""w"": ""W2"", ""opp"": ""KC"", ""v"": 21.0}, {""w"": ""W1"", ""opp"": ""BAL"", ""v"": 13.0}, {""w"": ""25W18"", ""opp"": ""HOU"", ""v"": 26.0}, {""w"": ""25W17"", ""opp"": ""JAX"", ""v"": 43.0}]",Over,0.2857265062953451,0.49135425338281147,0.4150415993486668,1.92,draftkings,-0.20312012925055978,0.0,-0.2056277470874664,BIG-GAP:check-news 
Josh Allen,QB,BUF,LA,player_rush_yds,38.5,31.187217977287094,17,,,1,True,00-0034857,2026-10-13T00:15:00Z,"[{""w"": ""W4"", ""opp"": ""NE"", ""v"": 4.0}, {""w"": ""W3"", ""opp"": ""LAC"", ""v"": 22.0}, {""w"": ""W2"", ""opp"": ""DET"", ""v"": 69.0}, {""w"": ""W1"", ""opp"": ""HOU"", ""v"": 23.0}, {""w"": ""25W17"", ""opp"": ""PHI"", ""v"": 27.0}, {""w"": ""25W16"", ""opp"": ""CLE"", ""v"": 17.0}]",Over,0.2952358528229026,0.5,0.4244502098807725,1.87,betmgm,-0.2062781075229554,0.0,-0.2047641471770974,BIG-GAP:check-news 
Jameis Winston,QB,NYG,WAS,player_pass_yds,201.5,166.32463435417554,6,,,2,True,00-0031503,2026-10-11T17:00:00Z,"[{""w"": ""W4"", ""opp"": ""ARI"", ""v"": 250.0}, {""w"": ""W3"", ""opp"": ""TEN"", ""v"": 118.0}, {""w"": ""W2"", ""opp"": ""LA"", ""v"": 111.0}, {""w"": ""25W15"", ""opp"": ""WAS"", ""v"": 0.0}, {""w"": ""25W12"", ""opp"": ""DET"", ""v"": 366.0}, {""w"": ""25W11"", ""opp"": ""GB"", ""v"": 201.0}]",Over,0.2868165367769849,0.5013297872340425,0.42180791168769605,1.88,fanduel,-0.2070011260271315,0.0,-0.21451325045705766,BIG-GAP:check-news 
Emanuel Wilson,RB,SEA,SF,player_rush_yds,60.5,48.16716145009252,17,,,2,True,00-0038797,2026-10-11T20:25:00Z,"[{""w"": ""W4"", ""opp"": ""LAC"", ""v"": 81.0}, {""w"": ""W3"", ""opp"": ""WAS"", ""v"": 14.0}, {""w"": ""W2"", ""opp"": ""ARI"", ""v"": 92.0}, {""w"": ""W1"", ""opp"": ""NE"", ""v"": 3.0}, {""w"": ""25W18"", ""opp"": ""MIN"", ""v"": 44.0}, {""w"": ""25W17"", ""opp"": ""BAL"", ""v"": 16.0}]",Over,0.2870204868025958,0.5,0.4210499621544051,1.88,betonlineag,-0.2084260711497185,0.0,-0.2129795131974042,BIG-GAP:check-news 
Omarion Hampton,RB,LAC,DEN,player_rush_yds,38.5,61.29504114395714,13,,,3,True,00-0040666,2026-10-11T20:05:00Z,"[{""w"": ""W4"", ""opp"": ""SEA"", ""v"": 45.0}, {""w"": ""W3"", ""opp"": ""BUF"", ""v"": 56.0}, {""w"": ""W2"", ""opp"": ""LV"", ""v"": 94.0}, {""w"": ""W1"", ""opp"": ""ARI"", ""v"": 43.0}, {""w"": ""25W17"", ""opp"": ""HOU"", ""v"": 29.0}, {""w"": ""25W16"", ""opp"": ""DAL"", ""v"": 85.0}]",Under,0.27429985243403454,0.4934036939313985,0.4115233084426702,1.92,draftkings,-0.20987524779007327,0.0,-0.21910384149736395,BIG-GAP:check-news 
Tyson Bagent,QB,CHI,GB,player_rush_yds,9.5,7.493871552282418,4,,,1,True,00-0038416,2026-10-11T17:00:00Z,"[{""w"": ""W4"", ""opp"": ""NYJ"", ""v"": 1.0}, {""w"": ""W2"", ""opp"": ""MIN"", ""v"": 0.0}, {""w"": ""25W9"", ""opp"": ""CIN"", ""v"": 0.0}, {""w"": ""25W2"", ""opp"": ""DET"", ""v"": 7.0}]",Over,0.28364509434870117,0.5,0.4196383495252874,1.88,fanduel,-0.21107990289245981,0.0,-0.21635490565129883,BIG-GAP:check-news 
Dalton Kincaid,TE,BUF,LA,player_reception_yds,50.5,39.67079428429412,16,,,2,True,00-0038933,2026-10-13T00:15:00Z,"[{""w"": ""W4"", ""opp"": ""NE"", ""v"": 7.0}, {""w"": ""W3"", ""opp"": ""LAC"", ""v"": 38.0}, {""w"": ""W2"", ""opp"": ""DET"", ""v"": 95.0}, {""w"": ""W1"", ""opp"": ""HOU"", ""v"": 130.0}, {""w"": ""25W18"", ""opp"": ""NYJ"", ""v"": 48.0}, {""w"": ""25W16"", ""opp"": ""CLE"", ""v"": 0.0}]",Over,0.27960659767782375,0.5,0.41793776362092744,1.88,fanduel,-0.2142770043926565,0.0,-0.22039340232217625,BIG-GAP:check-news 
Tyler Warren,TE,IND,PIT,player_reception_yds,49.5,39.12963862444661,17,,,2,True,00-0040128,2026-10-11T17:00:00Z,"[{""w"": ""W4"", ""opp"": ""WAS"", ""v"": 41.0}, {""w"": ""W3"", ""opp"": ""HOU"", ""v"": 55.0}, {""w"": ""W2"", ""opp"": ""KC"", ""v"": 21.0}, {""w"": ""W1"", ""opp"": ""BAL"", ""v"": 13.0}, {""w"": ""25W18"", ""opp"": ""HOU"", ""v"": 26.0}, {""w"": ""25W17"", ""opp"": ""JAX"", ""v"": 43.0}]",Over,0.27371987108063506,0.49267730496453904,0.4108189123887433,1.91,betonlineag,-0.21533587733750026,0.0,-0.21895743388390398,BIG-GAP:check-news 
RJ Harvey,RB,DEN,LAC,player_rush_yds,17.5,31.87981882947856,17,,,1,True,00-0040730,2026-10-11T20:05:00Z,"[{""w"": ""W4"", ""opp"": ""SF"", ""v"": 25.0}, {""w"": ""W3"", ""opp"": ""LA"", ""v"": 6.0}, {""w"": ""W1"", ""opp"": ""KC"", ""v"": 18.0}, {""w"": ""25W18"", ""opp"": ""LAC"", ""v"": 28.0}, {""w"": ""25W17"", ""opp"": ""KC"", ""v"": 43.0}, {""w"": ""25W16"", ""opp"": ""JAX"", ""v"": 50.0}]",Under,0.2892323645044831,0.5106951871657754,0.42876821351477373,1.83,betrivers,-0.21535416926796408,0.0,-0.22146282266129236,BIG-GAP:check-news 
Jameis Winston,QB,NYG,WAS,player_pass_yds,202.5,166.32463435417554,6,,,1,True,00-0031503,2026-10-11T17:00:00Z,"[{""w"": ""W4"", ""opp"": ""ARI"", ""v"": 250.0}, {""w"": ""W3"", ""opp"": ""TEN"", ""v"": 118.0}, {""w"": ""W2"", ""opp"": ""LA"", ""v"": 111.0}, {""w"": ""25W15"", ""opp"": ""WAS"", ""v"": 0.0}, {""w"": ""25W12"", ""opp"": ""DET"", ""v"": 366.0}, {""w"": ""25W11"", ""opp"": ""GB"", ""v"": 201.0}]",Over,0.2832276079744006,0.5,0.41946314358007797,1.87,betrivers,-0.21560392150525415,0.0,-0.2167723920255994,BIG-GAP:check-news 
Dalton Kincaid,TE,BUF,LA,player_receptions,4.5,3.074336448836846,16,,,5,True,00-0038933,2026-10-13T00:15:00Z,"[{""w"": ""W4"", ""opp"": ""NE"", ""v"": 1.0}, {""w"": ""W3"", ""opp"": ""LAC"", ""v"": 2.0}, {""w"": ""W2"", ""opp"": ""DET"", ""v"": 7.0}, {""w"": ""W1"", ""opp"": ""HOU"", ""v"": 5.0}, {""w"": ""25W18"", ""opp"": ""NYJ"", ""v"": 3.0}, {""w"": ""25W16"", ""opp"": ""CLE"", ""v"": 0.0}]",Over,0.22503627509666654,0.42708333333333337,0.3489315888404881,2.24,fanduel,-0.21839324099730667,0.0,-0.20204705823666683,BIG-GAP:check-news 
Emanuel Wilson,RB,SEA,SF,player_reception_yds,8.5,8.06324623598222,17,,,1,True,00-0038797,2026-10-11T20:25:00Z,"[{""w"": ""W4"", ""opp"": ""LAC"", ""v"": 39.0}, {""w"": ""W3"", ""opp"": ""WAS"", ""v"": 0.0}, {""w"": ""W2"", ""opp"": ""ARI"", ""v"": 0.0}, {""w"": ""W1"", ""opp"": ""NE"", ""v"": 0.0}, {""w"": ""25W18"", ""opp"": ""MIN"", ""v"": 4.0}, {""w"": ""25W17"", ""opp"": ""BAL"", ""v"": 8.0}]",Over,0.27333941037844744,0.5,0.4152725409351545,1.88,fanduel,-0.21928762304190946,0.0,-0.22666058962155256,BIG-GAP:check-news 
Bhayshul Tuten,RB,JAX,PHI,player_rush_yds,65.5,51.44953377361427,17,,,1,True,00-0040719,2026-10-11T13:30:00Z,"[{""w"": ""W4"", ""opp"": ""CIN"", ""v"": 73.0}, {""w"": ""W3"", ""opp"": ""NE"", ""v"": 73.0}, {""w"": ""W2"", ""opp"": ""DEN"", ""v"": 65.0}, {""w"": ""W1"", ""opp"": ""CLE"", ""v"": 66.0}, {""w"": ""25W18"", ""opp"": ""TEN"", ""v"": 23.0}, {""w"": ""25W15"", ""opp"": ""NYJ"", ""v"": 7.0}]",Over,0.27275579953593937,0.5,0.41502268136963477,1.88,fanduel,-0.21975735902508675,0.0,-0.22724420046406063,BIG-GAP:check-news 
Bhayshul Tuten,RB,JAX,PHI,player_rush_yds,67.5,51.44953377361427,17,,,3,True,00-0040719,2026-10-11T13:30:00Z,"[{""w"": ""W4"", ""opp"": ""CIN"", ""v"": 73.0}, {""w"": ""W3"", ""opp"": ""NE"", ""v"": 73.0}, {""w"": ""W2"", ""opp"": ""DEN"", ""v"": 65.0}, {""w"": ""W1"", ""opp"": ""CLE"", ""v"": 66.0}, {""w"": ""25W18"", ""opp"": ""TEN"", ""v"": 23.0}, {""w"": ""25W15"", ""opp"": ""NYJ"", ""v"": 7.0}]",Over,0.25609859460592543,0.5,0.4077629200701553,1.91,draftkings,-0.22117282266600335,0.0,-0.24390140539407457,BIG-GAP:check-news 
Emanuel Wilson,RB,SEA,SF,player_rush_yds,62.5,48.16716145009252,17,,,1,True,00-0038797,2026-10-11T20:25:00Z,"[{""w"": ""W4"", ""opp"": ""LAC"", ""v"": 81.0}, {""w"": ""W3"", ""opp"": ""WAS"", ""v"": 14.0}, {""w"": ""W2"", ""opp"": ""ARI"", ""v"": 92.0}, {""w"": ""W1"", ""opp"": ""NE"", ""v"": 3.0}, {""w"": ""25W18"", ""opp"": ""MIN"", ""v"": 44.0}, {""w"": ""25W17"", ""opp"": ""BAL"", ""v"": 16.0}]",Over,0.27188141111070663,0.5,0.41464778785623474,1.87,betmgm,-0.22460863670884107,0.0,-0.22811858888929337,BIG-GAP:check-news 
Calvin Ridley,WR,TEN,HOU,player_receptions,0.5,1.649448562614517,10,,,2,True,00-0034837,2026-10-11T17:00:00Z,"[{""w"": ""W4"", ""opp"": ""BAL"", ""v"": 1.0}, {""w"": ""W3"", ""opp"": ""NYG"", ""v"": 0.0}, {""w"": ""W2"", ""opp"": ""PHI"", ""v"": 2.0}, {""w"": ""25W11"", ""opp"": ""HOU"", ""v"": 1.0}, {""w"": ""25W6"", ""opp"": ""LV"", ""v"": 1.0}, {""w"": ""25W5"", ""opp"": ""ARI"", ""v"": 5.0}]",Under,0.2106119792950879,0.3949115905904347,0.32304844689002543,2.4,fanduel,-0.224683727463939,0.0,-0.18429961129534678,BIG-GAP:check-news 
Kaelon Black,RB,SF,SEA,player_rush_yds,14.5,29.09937853627231,4,,,6,True,00-0041052,2026-10-11T20:25:00Z,"[{""w"": ""W4"", ""opp"": ""DEN"", ""v"": 13.0}, {""w"": ""W3"", ""opp"": ""ARI"", ""v"": 17.0}, {""w"": ""W2"", ""opp"": ""MIA"", ""v"": 25.0}, {""w"": ""W1"", ""opp"": ""LA"", ""v"": 65.0}]",Under,0.2541112629911675,0.4940422724976141,0.40314634733155746,1.92,draftkings,-0.22595901312340966,0.0,-0.23993100950644664,BIG-GAP:check-news 
Omarion Hampton,RB,LAC,DEN,player_rush_yds,37.5,61.29504114395714,13,,,3,True,00-0040666,2026-10-11T20:05:00Z,"[{""w"": ""W4"", ""opp"": ""SEA"", ""v"": 45.0}, {""w"": ""W3"", ""opp"": ""BUF"", ""v"": 56.0}, {""w"": ""W2"", ""opp"": ""LV"", ""v"": 94.0}, {""w"": ""W1"", ""opp"": ""ARI"", ""v"": 43.0}, {""w"": ""25W17"", ""opp"": ""HOU"", ""v"": 29.0}, {""w"": ""25W16"", ""opp"": ""DAL"", ""v"": 85.0}]",Under,0.26080892778732845,0.5026595744680851,0.4115154823858335,1.88,fanduel,-0.22635089311463297,0.0,-0.24185064668075662,BIG-GAP:check-news 
Jayden Daniels,QB,WAS,NYG,player_pass_yds,197.5,161.78047948078392,9,,,1,True,00-0039910,2026-10-11T17:00:00Z,"[{""w"": ""W2"", ""opp"": ""DAL"", ""v"": 96.0}, {""w"": ""W1"", ""opp"": ""PHI"", ""v"": 164.0}, {""w"": ""25W14"", ""opp"": ""MIN"", ""v"": 78.0}, {""w"": ""25W9"", ""opp"": ""SEA"", ""v"": 153.0}, {""w"": ""25W7"", ""opp"": ""DAL"", ""v"": 156.0}, {""w"": ""25W6"", ""opp"": ""CHI"", ""v"": 211.0}]",Over,0.2601233436557909,0.5026455026455027,0.41120498109665665,1.88,draftkings,-0.22693463553828547,0.0,-0.2425221589897118,BIG-GAP:check-news 
George Holani,RB,SEA,SF,player_reception_yds,9.5,8.759742685711823,14,,,1,True,00-0039299,2026-10-11T20:25:00Z,"[{""w"": ""W4"", ""opp"": ""LAC"", ""v"": 2.0}, {""w"": ""W3"", ""opp"": ""WAS"", ""v"": 48.0}, {""w"": ""W2"", ""opp"": ""ARI"", ""v"": 2.0}, {""w"": ""W1"", ""opp"": ""NE"", ""v"": 0.0}, {""w"": ""25W11"", ""opp"": ""LA"", ""v"": 0.0}, {""w"": ""25W10"", ""opp"": ""ARI"", ""v"": 0.0}]",Over,0.2639192018321726,0.5,0.4112031333796455,1.88,fanduel,-0.22693810924626606,0.0,-0.2360807981678274,BIG-GAP:check-news 
Tyler Warren,TE,IND,PIT,player_reception_yds,50.5,39.12963862444661,17,,,1,True,00-0040128,2026-10-11T17:00:00Z,"[{""w"": ""W4"", ""opp"": ""WAS"", ""v"": 41.0}, {""w"": ""W3"", ""opp"": ""HOU"", ""v"": 55.0}, {""w"": ""W2"", ""opp"": ""KC"", ""v"": 21.0}, {""w"": ""W1"", ""opp"": ""BAL"", ""v"": 13.0}, {""w"": ""25W18"", ""opp"": ""HOU"", ""v"": 26.0}, {""w"": ""25W17"", ""opp"": ""JAX"", ""v"": 43.0}]",Over,0.2621208232053411,0.5,0.41041717000364986,1.88,fanduel,-0.2284157203931383,0.0,-0.23787917679465892,BIG-GAP:check-news 
Josh Downs,WR,IND,PIT,player_reception_yds,60.5,46.80949416329191,17,,,1,True,00-0038997,2026-10-11T17:00:00Z,"[{""w"": ""W4"", ""opp"": ""WAS"", ""v"": 16.0}, {""w"": ""W3"", ""opp"": ""HOU"", ""v"": 77.0}, {""w"": ""W2"", ""opp"": ""KC"", ""v"": 72.0}, {""w"": ""W1"", ""opp"": ""BAL"", ""v"": 37.0}, {""w"": ""25W18"", ""opp"": ""HOU"", ""v"": 61.0}, {""w"": ""25W17"", ""opp"": ""JAX"", ""v"": 34.0}]",Over,0.2660875480759597,0.5,0.4121468322450543,1.87,betrivers,-0.22928542370174843,0.0,-0.2339124519240403,BIG-GAP:check-news 
George Holani,RB,SEA,SF,player_receptions,1.5,1.1933868629735167,14,,,1,True,00-0039299,2026-10-11T20:25:00Z,"[{""w"": ""W4"", ""opp"": ""LAC"", ""v"": 1.0}, {""w"": ""W3"", ""opp"": ""WAS"", ""v"": 5.0}, {""w"": ""W2"", ""opp"": ""ARI"", ""v"": 1.0}, {""w"": ""W1"", ""opp"": ""NE"", ""v"": 0.0}, {""w"": ""25W11"", ""opp"": ""LA"", ""v"": 0.0}, {""w"": ""25W10"", ""opp"": ""ARI"", ""v"": 0.0}]",Over,0.29187749387667955,0.578125,0.4736752773327934,1.62,fanduel,-0.23264605072087446,0.0,-0.28624750612332045,BIG-GAP:check-news 
Jayden Daniels,QB,WAS,NYG,player_pass_yds,198.5,161.78047948078392,9,,,2,True,00-0039910,2026-10-11T17:00:00Z,"[{""w"": ""W2"", ""opp"": ""DAL"", ""v"": 96.0}, {""w"": ""W1"", ""opp"": ""PHI"", ""v"": 164.0}, {""w"": ""25W14"", ""opp"": ""MIN"", ""v"": 78.0}, {""w"": ""25W9"", ""opp"": ""SEA"", ""v"": 153.0}, {""w"": ""25W7"", ""opp"": ""DAL"", ""v"": 156.0}, {""w"": ""25W6"", ""opp"": ""CHI"", ""v"": 211.0}]",Over,0.2558259680046782,0.5,0.4076419303067317,1.88,betonlineag,-0.23363317102334447,0.0,-0.24417403199532178,BIG-GAP:check-news 
Jayden Daniels,QB,WAS,NYG,player_pass_yds,199.5,161.78047948078392,9,,,1,True,00-0039910,2026-10-11T17:00:00Z,"[{""w"": ""W2"", ""opp"": ""DAL"", ""v"": 96.0}, {""w"": ""W1"", ""opp"": ""PHI"", ""v"": 164.0}, {""w"": ""25W14"", ""opp"": ""MIN"", ""v"": 78.0}, {""w"": ""25W9"", ""opp"": ""SEA"", ""v"": 153.0}, {""w"": ""25W7"", ""opp"": ""DAL"", ""v"": 156.0}, {""w"": ""25W6"", ""opp"": ""CHI"", ""v"": 211.0}]",Over,0.2515799265758485,0.4959785522788205,0.40322937054477226,1.88,betrivers,-0.24192878337582818,0.0,-0.244398625702972,BIG-GAP:check-news 
Jacoby Brissett,QB,ARI,DET,player_rush_yds,6.5,13.944423644370907,17,,,5,True,00-0033119,2026-10-11T20:25:00Z,"[{""w"": ""W4"", ""opp"": ""NYG"", ""v"": 18.0}, {""w"": ""W3"", ""opp"": ""SF"", ""v"": 4.0}, {""w"": ""W2"", ""opp"": ""SEA"", ""v"": 7.0}, {""w"": ""W1"", ""opp"": ""LAC"", ""v"": 14.0}, {""w"": ""25W18"", ""opp"": ""LA"", ""v"": 19.0}, {""w"": ""25W17"", ""opp"": ""CIN"", ""v"": 0.0}]",Under,0.24437151712659738,0.5,0.4024899314563474,1.88,betonlineag,-0.2433189288620668,0.0,-0.2556284828734026,BIG-GAP:check-news 
Isaiah Davis,RB,NYJ,CLE,player_rush_yds,10.5,7.492153939545428,17,,,5,True,00-0039798,2026-10-11T17:00:00Z,"[{""w"": ""W4"", ""opp"": ""CHI"", ""v"": 0.0}, {""w"": ""W3"", ""opp"": ""DET"", ""v"": 0.0}, {""w"": ""W2"", ""opp"": ""GB"", ""v"": 0.0}, {""w"": ""25W17"", ""opp"": ""NE"", ""v"": 11.0}, {""w"": ""25W16"", ""opp"": ""NO"", ""v"": 8.0}, {""w"": ""25W15"", ""opp"": ""JAX"", ""v"": 58.0}]",Over,0.21893061004709585,0.4959785522788205,0.3880243980100353,1.95,draftkings,-0.24335242388043077,0.0,-0.27704794223172463,BIG-GAP:check-news 
Xavier Hutchinson,WR,HOU,TEN,player_receptions,1.5,2.917938985664265,17,,,2,True,00-0038618,2026-10-11T17:00:00Z,"[{""w"": ""W4"", ""opp"": ""DAL"", ""v"": 3.0}, {""w"": ""W3"", ""opp"": ""IND"", ""v"": 3.0}, {""w"": ""W2"", ""opp"": ""CIN"", ""v"": 3.0}, {""w"": ""W1"", ""opp"": ""BUF"", ""v"": 3.0}, {""w"": ""25W18"", ""opp"": ""IND"", ""v"": 5.0}, {""w"": ""25W17"", ""opp"": ""LAC"", ""v"": 2.0}]",Under,0.2117599782930656,0.4281964754405698,0.3434379256666574,2.2,draftkings,-0.2444365635333538,0.0,-0.21643649714750424,BIG-GAP:check-news 
Bhayshul Tuten,RB,JAX,PHI,player_rush_yds,68.5,51.44953377361427,17,,,1,True,00-0040719,2026-10-11T13:30:00Z,"[{""w"": ""W4"", ""opp"": ""CIN"", ""v"": 73.0}, {""w"": ""W3"", ""opp"": ""NE"", ""v"": 73.0}, {""w"": ""W2"", ""opp"": ""DEN"", ""v"": 65.0}, {""w"": ""W1"", ""opp"": ""CLE"", ""v"": 66.0}, {""w"": ""25W18"", ""opp"": ""TEN"", ""v"": 23.0}, {""w"": ""25W15"", ""opp"": ""NYJ"", ""v"": 7.0}]",Over,0.2480901243401183,0.4959785522788205,0.40166208367266837,1.88,betrivers,-0.24487528269538356,0.0,-0.2478884279387022,BIG-GAP:check-news 
Malik Willis,QB,MIA,CIN,player_pass_yds,192.5,148.20548248811272,8,,,1,True,00-0038128,2026-10-11T17:00:00Z,"[{""w"": ""W4"", ""opp"": ""MIN"", ""v"": 85.0}, {""w"": ""W3"", ""opp"": ""KC"", ""v"": 210.0}, {""w"": ""W2"", ""opp"": ""SF"", ""v"": 197.0}, {""w"": ""W1"", ""opp"": ""LV"", ""v"": 220.0}, {""w"": ""25W17"", ""opp"": ""BAL"", ""v"": 288.0}, {""w"": ""25W16"", ""opp"": ""CHI"", ""v"": 121.0}]",Over,0.23610503370872793,0.5,0.3986834547514814,1.88,fanduel,-0.25047510506721493,0.0,-0.26389496629127207,BIG-GAP:check-news 
Malik Willis,QB,MIA,CIN,player_pass_yds,193.5,148.20548248811272,8,,,2,True,00-0038128,2026-10-11T17:00:00Z,"[{""w"": ""W4"", ""opp"": ""MIN"", ""v"": 85.0}, {""w"": ""W3"", ""opp"": ""KC"", ""v"": 210.0}, {""w"": ""W2"", ""opp"": ""SF"", ""v"": 197.0}, {""w"": ""W1"", ""opp"": ""LV"", ""v"": 220.0}, {""w"": ""25W17"", ""opp"": ""BAL"", ""v"": 288.0}, {""w"": ""25W16"", ""opp"": ""CHI"", ""v"": 121.0}]",Over,0.23257505042146734,0.49798927613941024,0.3957829311095832,1.89,draftkings,-0.2519702602028878,0.0,-0.26541422571794293,BIG-GAP:check-news 
Emanuel Wilson,RB,SEA,SF,player_receptions,1.5,1.0291246337416071,17,,,1,True,00-0038797,2026-10-11T20:25:00Z,"[{""w"": ""W4"", ""opp"": ""LAC"", ""v"": 3.0}, {""w"": ""W3"", ""opp"": ""WAS"", ""v"": 0.0}, {""w"": ""W2"", ""opp"": ""ARI"", ""v"": 0.0}, {""w"": ""W1"", ""opp"": ""NE"", ""v"": 0.0}, {""w"": ""25W18"", ""opp"": ""MIN"", ""v"": 1.0}, {""w"": ""25W17"", ""opp"": ""BAL"", ""v"": 1.0}]",Over,0.2693024306338167,0.5833333333333334,0.4673837159772645,1.6,fanduel,-0.25218605443637665,0.0,-0.31403090269951667,BIG-GAP:check-news 
Tyler Warren,TE,IND,PIT,player_reception_yds,53.5,39.12963862444661,17,,,1,True,00-0040128,2026-10-11T17:00:00Z,"[{""w"": ""W4"", ""opp"": ""WAS"", ""v"": 41.0}, {""w"": ""W3"", ""opp"": ""HOU"", ""v"": 55.0}, {""w"": ""W2"", ""opp"": ""KC"", ""v"": 21.0}, {""w"": ""W1"", ""opp"": ""BAL"", ""v"": 13.0}, {""w"": ""25W18"", ""opp"": ""HOU"", ""v"": 26.0}, {""w"": ""25W17"", ""opp"": ""JAX"", ""v"": 43.0}]",Over,0.22970317313846256,0.5040214477211796,0.3981834555850387,1.85,betrivers,-0.2633606071676783,0.0,-0.27431827458271707,BIG-GAP:check-news 
Ollie Gordon II,RB,MIA,CIN,player_rush_yds,45.5,28.95872160226588,17,,,3,True,00-0040198,2026-10-11T17:00:00Z,"[{""w"": ""W4"", ""opp"": ""MIN"", ""v"": 100.0}, {""w"": ""W3"", ""opp"": ""KC"", ""v"": 41.0}, {""w"": ""W2"", ""opp"": ""SF"", ""v"": 7.0}, {""w"": ""25W18"", ""opp"": ""NE"", ""v"": 9.0}, {""w"": ""25W17"", ""opp"": ""TB"", ""v"": 0.0}, {""w"": ""25W16"", ""opp"": ""CIN"", ""v"": -1.0}]",Over,0.20978074918698136,0.5,0.3859931107077224,1.89,draftkings,-0.27047302076240476,0.0,-0.29021925081301864,BIG-GAP:check-news 
Tyler Goodson,RB,DAL,TB,player_rush_yds,14.5,9.816498695357778,12,Full,,1,True,00-0037120,2026-10-09T00:15:00Z,"[{""w"": ""W4"", ""opp"": ""HOU"", ""v"": 12.0}, {""w"": ""W3"", ""opp"": ""BAL"", ""v"": 22.0}, {""w"": ""25W18"", ""opp"": ""HOU"", ""v"": 3.0}, {""w"": ""25W16"", ""opp"": ""SF"", ""v"": 9.0}, {""w"": ""25W15"", ""opp"": ""SEA"", ""v"": 0.0}, {""w"": ""25W13"", ""opp"": ""HOU"", ""v"": 0.0}]",Over,0.2158255117741869,0.5,0.38899076940645727,1.87,betmgm,-0.2725872612099249,0.0,-0.2841744882258131,BIG-GAP:check-news 
Xavier Hutchinson,WR,HOU,TEN,player_reception_yds,17.5,38.957025491392145,17,,,1,True,00-0038618,2026-10-11T17:00:00Z,"[{""w"": ""W4"", ""opp"": ""DAL"", ""v"": 46.0}, {""w"": ""W3"", ""opp"": ""IND"", ""v"": 51.0}, {""w"": ""W2"", ""opp"": ""CIN"", ""v"": 37.0}, {""w"": ""W1"", ""opp"": ""BUF"", ""v"": 32.0}, {""w"": ""25W18"", ""opp"": ""IND"", ""v"": 84.0}, {""w"": ""25W17"", ""opp"": ""LAC"", ""v"": 21.0}]",Under,0.19119981606824668,0.5,0.376417658308385,1.88,fanduel,-0.29233480238023635,0.0,-0.30880018393175335,BIG-GAP:check-news 
Jalon Daniels,QB,TB,DAL,player_rush_yds,44.5,27.156579338165766,2,,,1,True,00-0041251,2026-10-09T00:15:00Z,"[{""w"": ""W4"", ""opp"": ""GB"", ""v"": 55.0}, {""w"": ""W3"", ""opp"": ""MIN"", ""v"": 9.0}]",Over,0.1899597230839938,0.5,0.37575744355750434,1.88,fanduel,-0.29357600611189183,0.0,-0.3100402769160062,BIG-GAP:check-news small-sample 
Jalon Daniels,QB,TB,DAL,player_rush_yds,46.5,27.156579338165766,2,,,3,True,00-0041251,2026-10-09T00:15:00Z,"[{""w"": ""W4"", ""opp"": ""GB"", ""v"": 55.0}, {""w"": ""W3"", ""opp"": ""MIN"", ""v"": 9.0}]",Over,0.17541433197272,0.5,0.3677909081905911,1.91,draftkings,-0.29751936535597096,0.0,-0.32458566802728,BIG-GAP:check-news small-sample 
Tyler Goodson,RB,DAL,TB,player_rush_yds,15.5,9.816498695357778,12,Full,,1,True,00-0037120,2026-10-09T00:15:00Z,"[{""w"": ""W4"", ""opp"": ""HOU"", ""v"": 12.0}, {""w"": ""W3"", ""opp"": ""BAL"", ""v"": 22.0}, {""w"": ""25W18"", ""opp"": ""HOU"", ""v"": 3.0}, {""w"": ""25W16"", ""opp"": ""SF"", ""v"": 9.0}, {""w"": ""25W15"", ""opp"": ""SEA"", ""v"": 0.0}, {""w"": ""25W13"", ""opp"": ""HOU"", ""v"": 0.0}]",Over,0.1886842906873251,0.5106951871657753,0.3816166520061811,1.83,betrivers,-0.30164152682868856,0.0,-0.32201089647845027,BIG-GAP:check-news 
Xavier Hutchinson,WR,HOU,TEN,player_reception_yds,16.5,38.957025491392145,17,,,1,True,00-0038618,2026-10-11T17:00:00Z,"[{""w"": ""W4"", ""opp"": ""DAL"", ""v"": 46.0}, {""w"": ""W3"", ""opp"": ""IND"", ""v"": 51.0}, {""w"": ""W2"", ""opp"": ""CIN"", ""v"": 37.0}, {""w"": ""W1"", ""opp"": ""BUF"", ""v"": 32.0}, {""w"": ""25W18"", ""opp"": ""IND"", ""v"": 84.0}, {""w"": ""25W17"", ""opp"": ""LAC"", ""v"": 21.0}]",Under,0.17265973915010682,0.4934036939313985,0.36226103348661703,1.92,draftkings,-0.3044588157056954,0.0,-0.3207439547812917,BIG-GAP:check-news 
Jalon Daniels,QB,TB,DAL,player_rush_yds,45.5,27.156579338165766,2,,,1,True,00-0041251,2026-10-09T00:15:00Z,"[{""w"": ""W4"", ""opp"": ""GB"", ""v"": 55.0}, {""w"": ""W3"", ""opp"": ""MIN"", ""v"": 9.0}]",Over,0.1825455126307903,0.5,0.3717495551675807,1.87,betrivers,-0.3048283318366241,0.0,-0.31745448736920967,BIG-GAP:check-news small-sample 
Tyler Goodson,RB,DAL,TB,player_rush_yds,16.5,9.816498695357778,12,Full,,4,True,00-0037120,2026-10-09T00:15:00Z,"[{""w"": ""W4"", ""opp"": ""HOU"", ""v"": 12.0}, {""w"": ""W3"", ""opp"": ""BAL"", ""v"": 22.0}, {""w"": ""25W18"", ""opp"": ""HOU"", ""v"": 3.0}, {""w"": ""25W16"", ""opp"": ""SF"", ""v"": 9.0}, {""w"": ""25W15"", ""opp"": ""SEA"", ""v"": 0.0}, {""w"": ""25W13"", ""opp"": ""HOU"", ""v"": 0.0}]",Over,0.16472392610235725,0.5019788918205805,0.36283583661042573,1.88,draftkings,-0.31786862717239966,0.0,-0.3372549657182233,BIG-GAP:check-news 
Xavier Hutchinson,WR,HOU,TEN,player_reception_yds,15.5,38.957025491392145,17,,,1,True,00-0038618,2026-10-11T17:00:00Z,"[{""w"": ""W4"", ""opp"": ""DAL"", ""v"": 46.0}, {""w"": ""W3"", ""opp"": ""IND"", ""v"": 51.0}, {""w"": ""W2"", ""opp"": ""CIN"", ""v"": 37.0}, {""w"": ""W1"", ""opp"": ""BUF"", ""v"": 32.0}, {""w"": ""25W18"", ""opp"": ""IND"", ""v"": 84.0}, {""w"": ""25W17"", ""opp"": ""LAC"", ""v"": 21.0}]",Under,0.1545633221750366,0.4906166219839143,0.34997776632877925,1.9,betmgm,-0.3350422439753194,0.0,-0.3360532998088777,BIG-GAP:check-news 
Kaleb Johnson,RB,GB,CHI,player_rush_yds,36.5,17.560458596087262,14,,,1,True,00-0040142,2026-10-11T17:00:00Z,"[{""w"": ""W4"", ""opp"": ""TB"", ""v"": 42.0}, {""w"": ""W3"", ""opp"": ""ATL"", ""v"": 6.0}, {""w"": ""W2"", ""opp"": ""NYJ"", ""v"": 32.0}, {""w"": ""W1"", ""opp"": ""MIN"", ""v"": 0.0}, {""w"": ""25W15"", ""opp"": ""MIA"", ""v"": 4.0}, {""w"": ""25W14"", ""opp"": ""BAL"", ""v"": 4.0}]",Over,0.10582798506891207,0.5,0.32149080008204084,1.88,fanduel,-0.3955972958457632,0.0,-0.39417201493108794,BIG-GAP:check-news 
Matthew Stafford,QB,LA,BUF,player_rush_yds,1.5,8.990239770710481,17,,,1,True,00-0026498,2026-10-13T00:15:00Z,"[{""w"": ""W4"", ""opp"": ""PHI"", ""v"": 10.0}, {""w"": ""W3"", ""opp"": ""DEN"", ""v"": 13.0}, {""w"": ""W2"", ""opp"": ""NYG"", ""v"": -1.0}, {""w"": ""W1"", ""opp"": ""SF"", ""v"": -1.0}, {""w"": ""25W18"", ""opp"": ""ARI"", ""v"": 3.0}, {""w"": ""25W17"", ""opp"": ""ATL"", ""v"": 0.0}]",Under,0.10676525723719824,0.5343915343915344,0.34210750860446915,1.76,fanduel,-0.3978907848561343,0.0,-0.4276262771543362,BIG-GAP:check-news 
Jalon Daniels,QB,TB,DAL,player_pass_yds,181.5,105.21423044856219,2,,,3,True,00-0041251,2026-10-09T00:15:00Z,"[{""w"": ""W4"", ""opp"": ""GB"", ""v"": 148.0}, {""w"": ""W3"", ""opp"": ""MIN"", ""v"": 0.0}]",Over,0.07807780558219711,0.5,0.29649090769903236,1.9,draftkings,-0.4366672753718386,0.0,-0.4219221944178029,BIG-GAP:check-news small-sample 
Jalon Daniels,QB,TB,DAL,player_pass_yds,179.5,105.21423044856219,2,,,1,True,00-0041251,2026-10-09T00:15:00Z,"[{""w"": ""W4"", ""opp"": ""GB"", ""v"": 148.0}, {""w"": ""W3"", ""opp"": ""MIN"", ""v"": 0.0}]",Over,0.0822593478419355,0.5,0.3006481715975099,1.87,betmgm,-0.43778791911265647,0.0,-0.4177406521580645,BIG-GAP:check-news small-sample 
Tyson Bagent,QB,CHI,GB,player_pass_yds,218.5,114.0519007934882,4,,,2,True,00-0038416,2026-10-11T17:00:00Z,"[{""w"": ""W4"", ""opp"": ""NYJ"", ""v"": 268.0}, {""w"": ""W2"", ""opp"": ""MIN"", ""v"": 54.0}, {""w"": ""25W9"", ""opp"": ""CIN"", ""v"": 20.0}, {""w"": ""25W2"", ""opp"": ""DET"", ""v"": 27.0}]",Over,0.07753698348874206,0.5013227513227514,0.29665803584555156,1.88,draftkings,-0.44228289261036313,0.0,-0.42378576783400934,BIG-GAP:check-news 
Tyson Bagent,QB,CHI,GB,player_pass_yds,216.5,114.0519007934882,4,,,1,True,00-0038416,2026-10-11T17:00:00Z,"[{""w"": ""W4"", ""opp"": ""NYJ"", ""v"": 268.0}, {""w"": ""W2"", ""opp"": ""MIN"", ""v"": 54.0}, {""w"": ""25W9"", ""opp"": ""CIN"", ""v"": 20.0}, {""w"": ""25W2"", ""opp"": ""DET"", ""v"": 27.0}]",Over,0.08038726443577912,0.4959785522788205,0.29662115380474996,1.88,betrivers,-0.4423522308470701,0.0,-0.41559128784304133,BIG-GAP:check-news 
Tyson Bagent,QB,CHI,GB,player_pass_yds,217.5,114.0519007934882,4,,,1,True,00-0038416,2026-10-11T17:00:00Z,"[{""w"": ""W4"", ""opp"": ""NYJ"", ""v"": 268.0}, {""w"": ""W2"", ""opp"": ""MIN"", ""v"": 54.0}, {""w"": ""25W9"", ""opp"": ""CIN"", ""v"": 20.0}, {""w"": ""25W2"", ""opp"": ""DET"", ""v"": 27.0}]",Over,0.07895031315473379,0.5,0.29737207604896704,1.87,betmgm,-0.44391421778843154,0.0,-0.4210496868452662,BIG-GAP:check-news 
Tyson Bagent,QB,CHI,GB,player_pass_yds,219.5,114.0519007934882,4,,,2,True,00-0038416,2026-10-11T17:00:00Z,"[{""w"": ""W4"", ""opp"": ""NYJ"", ""v"": 268.0}, {""w"": ""W2"", ""opp"": ""MIN"", ""v"": 54.0}, {""w"": ""25W9"", ""opp"": ""CIN"", ""v"": 20.0}, {""w"": ""25W2"", ""opp"": ""DET"", ""v"": 27.0}]",Over,0.07614694189163557,0.5,0.29451390605338884,1.88,betonlineag,-0.4463138566196291,0.0,-0.42385305810836443,BIG-GAP:check-news 
Jalon Daniels,QB,TB,DAL,player_pass_yds,182.5,105.21423044856219,2,,,1,True,00-0041251,2026-10-09T00:15:00Z,"[{""w"": ""W4"", ""opp"": ""GB"", ""v"": 148.0}, {""w"": ""W3"", ""opp"": ""MIN"", ""v"": 0.0}]",Over,0.07605903635821472,0.5,0.2944229955142595,1.88,fanduel,-0.44648476843319224,0.0,-0.4239409636417853,BIG-GAP:check-news small-sample 
Jalon Daniels,QB,TB,DAL,player_pass_yds,185.5,105.21423044856219,2,,,1,True,00-0041251,2026-10-09T00:15:00Z,"[{""w"": ""W4"", ""opp"": ""GB"", ""v"": 148.0}, {""w"": ""W3"", ""opp"": ""MIN"", ""v"": 0.0}]",Over,0.0702800279118792,0.5040214477211796,0.29041228515870726,1.85,betrivers,-0.4627372724563916,0.0,-0.4337414198093004,BIG-GAP:check-news small-sample 
Kirk Cousins,QB,LV,NE,player_rush_yds,0.5,7.964420274874466,14,,,1,True,00-0029604,2026-10-11T17:00:00Z,"[{""w"": ""W4"", ""opp"": ""KC"", ""v"": 0.0}, {""w"": ""W3"", ""opp"": ""NO"", ""v"": 3.0}, {""w"": ""W2"", ""opp"": ""LAC"", ""v"": 1.0}, {""w"": ""W1"", ""opp"": ""MIA"", ""v"": -6.0}, {""w"": ""25W18"", ""opp"": ""NO"", ""v"": 0.0}, {""w"": ""25W17"", ""opp"": ""LA"", ""v"": 1.0}]",Under,0.06219206839885734,0.5265957446808511,0.2930851727219344,1.78,fanduel,-0.47830839255495683,0.0,-0.4644036762819938,BIG-GAP:check-news 
Braelon Allen,RB,NYJ,CLE,player_rush_yds,70.5,31.48315619942121,8,,,1,True,00-0039794,2026-10-11T17:00:00Z,"[{""w"": ""W4"", ""opp"": ""CHI"", ""v"": 59.0}, {""w"": ""W3"", ""opp"": ""DET"", ""v"": 14.0}, {""w"": ""W2"", ""opp"": ""GB"", ""v"": 7.0}, {""w"": ""W1"", ""opp"": ""TEN"", ""v"": 40.0}, {""w"": ""25W4"", ""opp"": ""MIA"", ""v"": 26.0}, {""w"": ""25W3"", ""opp"": ""TB"", ""v"": 30.0}]",Over,0.05891734164109702,0.5,0.274917691831702,1.87,betrivers,-0.4859039162747172,0.0,-0.441082658358903,BIG-GAP:check-news 
Braelon Allen,RB,NYJ,CLE,player_rush_yds,71.5,31.48315619942121,8,,,4,True,00-0039794,2026-10-11T17:00:00Z,"[{""w"": ""W4"", ""opp"": ""CHI"", ""v"": 59.0}, {""w"": ""W3"", ""opp"": ""DET"", ""v"": 14.0}, {""w"": ""W2"", ""opp"": ""GB"", ""v"": 7.0}, {""w"": ""W1"", ""opp"": ""TEN"", ""v"": 40.0}, {""w"": ""25W4"", ""opp"": ""MIA"", ""v"": 26.0}, {""w"": ""25W3"", ""opp"": ""TB"", ""v"": 30.0}]",Over,0.05582279869398258,0.5013297872340425,0.2716259927600093,1.88,draftkings,-0.48934313361118253,0.0,-0.44550698854005993,BIG-GAP:check-news 
Michael Penix Jr.,QB,ATL,BAL,player_rush_yds,0.5,8.334458420302036,11,,,1,True,00-0039917,2026-10-12T00:20:00Z,"[{""w"": ""W4"", ""opp"": ""NO"", ""v"": -2.0}, {""w"": ""W3"", ""opp"": ""GB"", ""v"": -2.0}, {""w"": ""25W11"", ""opp"": ""CAR"", ""v"": 9.0}, {""w"": ""25W10"", ""opp"": ""IND"", ""v"": -1.0}, {""w"": ""25W9"", ""opp"": ""NE"", ""v"": 19.0}, {""w"": ""25W7"", ""opp"": ""SF"", ""v"": 6.0}]",Under,0.05655413561695228,0.5265957446808511,0.28581343181008395,1.78,fanduel,-0.4912520913780505,0.0,-0.47004160906389886,BIG-GAP:check-news 
Braelon Allen,RB,NYJ,CLE,player_rush_yds,72.5,31.48315619942121,8,,,1,True,00-0039794,2026-10-11T17:00:00Z,"[{""w"": ""W4"", ""opp"": ""CHI"", ""v"": 59.0}, {""w"": ""W3"", ""opp"": ""DET"", ""v"": 14.0}, {""w"": ""W2"", ""opp"": ""GB"", ""v"": 7.0}, {""w"": ""W1"", ""opp"": ""TEN"", ""v"": 40.0}, {""w"": ""25W4"", ""opp"": ""MIA"", ""v"": 26.0}, {""w"": ""25W3"", ""opp"": ""TB"", ""v"": 30.0}]",Over,0.052883072353811296,0.5,0.2670055389482883,1.87,betmgm,-0.5006996421667007,0.0,-0.4471169276461887,BIG-GAP:check-news 
Jared Goff,QB,DET,ARI,player_rush_yds,0.5,6.910507100022489,17,,,3,True,00-0033106,2026-10-11T20:25:00Z,"[{""w"": ""W4"", ""opp"": ""CAR"", ""v"": 0.0}, {""w"": ""W3"", ""opp"": ""NYJ"", ""v"": 6.0}, {""w"": ""W2"", ""opp"": ""BUF"", ""v"": 7.0}, {""w"": ""W1"", ""opp"": ""NO"", ""v"": 2.0}, {""w"": ""25W18"", ""opp"": ""CHI"", ""v"": 0.0}, {""w"": ""25W17"", ""opp"": ""MIN"", ""v"": 2.0}]",Under,0.047290744732908466,0.4894179894179894,0.2537775508861797,1.93,draftkings,-0.5102093267896732,0.0,-0.44212724468508097,BIG-GAP:check-news 
Tyler Huntley,QB,BAL,ATL,player_pass_yds,173.5,82.43543836431809,6,,,2,True,00-0035993,2026-10-12T00:20:00Z,"[{""w"": ""W4"", ""opp"": ""TEN"", ""v"": 63.0}, {""w"": ""25W17"", ""opp"": ""GB"", ""v"": 107.0}, {""w"": ""25W16"", ""opp"": ""NE"", ""v"": 65.0}, {""w"": ""25W15"", ""opp"": ""CIN"", ""v"": 0.0}, {""w"": ""25W8"", ""opp"": ""CHI"", ""v"": 186.0}, {""w"": ""25W6"", ""opp"": ""LA"", ""v"": 68.0}]",Over,0.03228316757632717,0.5013297872340425,0.2338531894186088,1.88,fanduel,-0.5603560038930155,0.0,-0.4690466196577154,BIG-GAP:check-news 
Tyler Huntley,QB,BAL,ATL,player_pass_yds,175.5,82.43543836431809,6,,,2,True,00-0035993,2026-10-12T00:20:00Z,"[{""w"": ""W4"", ""opp"": ""TEN"", ""v"": 63.0}, {""w"": ""25W17"", ""opp"": ""GB"", ""v"": 107.0}, {""w"": ""25W16"", ""opp"": ""NE"", ""v"": 65.0}, {""w"": ""25W15"", ""opp"": ""CIN"", ""v"": 0.0}, {""w"": ""25W8"", ""opp"": ""CHI"", ""v"": 186.0}, {""w"": ""25W6"", ""opp"": ""LA"", ""v"": 68.0}]",Over,0.030203157369062754,0.4986772486772487,0.22835234861939888,1.9,draftkings,-0.5661305376231421,0.0,-0.46847409130818596,BIG-GAP:check-news 
Tyler Huntley,QB,BAL,ATL,player_pass_yds,174.5,82.43543836431809,6,,,1,True,00-0035993,2026-10-12T00:20:00Z,"[{""w"": ""W4"", ""opp"": ""TEN"", ""v"": 63.0}, {""w"": ""25W17"", ""opp"": ""GB"", ""v"": 107.0}, {""w"": ""25W16"", ""opp"": ""NE"", ""v"": 65.0}, {""w"": ""25W15"", ""opp"": ""CIN"", ""v"": 0.0}, {""w"": ""25W8"", ""opp"": ""CHI"", ""v"": 186.0}, {""w"": ""25W6"", ""opp"": ""LA"", ""v"": 68.0}]",Over,0.031226976489631474,0.5013333333333333,0.2317074281772061,1.87,betrivers,-0.5667071093086246,0.0,-0.47010635684370183,BIG-GAP:check-news 
Will Shipley,RB,PHI,JAX,player_rush_yds,35.5,9.677946030611821,17,,,1,True,00-0039746,2026-10-11T13:30:00Z,"[{""w"": ""W4"", ""opp"": ""LA"", ""v"": 23.0}, {""w"": ""W3"", ""opp"": ""CHI"", ""v"": 0.0}, {""w"": ""W2"", ""opp"": ""TEN"", ""v"": 24.0}, {""w"": ""W1"", ""opp"": ""WAS"", ""v"": 4.0}, {""w"": ""25W18"", ""opp"": ""WAS"", ""v"": 2.0}, {""w"": ""25W17"", ""opp"": ""BUF"", ""v"": 2.0}]",Over,0.01881097816073052,0.5,0.2003651766259009,1.88,fanduel,-0.6233134679433063,0.0,-0.4811890218392695,BIG-GAP:check-news 
