player,position,team,opp,market,line,mean,games,injury,report_status,n_books,two_sided,player_id,commence,recent,side,p_model,p_market,p_blend,price,book,ev,stake_pct,raw_edge,flags
Will Shipley,RB,PHI,JAX,player_rush_yds,35.5,9.677946030611821,17,,,1,True,00-0039746,2026-10-11T13:30:00Z,"[{""w"": ""25W17"", ""opp"": ""BUF"", ""v"": 2.0, ""cur"": false}, {""w"": ""25W18"", ""opp"": ""WAS"", ""v"": 2.0, ""cur"": false}, {""w"": ""W1"", ""opp"": ""WAS"", ""v"": 4.0, ""cur"": true}, {""w"": ""W2"", ""opp"": ""TEN"", ""v"": 24.0, ""cur"": true}, {""w"": ""W3"", ""opp"": ""CHI"", ""v"": 0.0, ""cur"": true}, {""w"": ""W4"", ""opp"": ""LA"", ""v"": 23.0, ""cur"": true}]",Under,0.9810802536909878,0.5,0.7993050931813145,1.88,fanduel,0.5026935751808711,0.02,0.48108025369098784,BIG-GAP:check-news 
Tyler Huntley,QB,BAL,ATL,player_pass_yds,175.5,82.43543836431809,6,,,2,True,00-0035993,2026-10-12T00:20:00Z,"[{""w"": ""25W6"", ""opp"": ""LA"", ""v"": 68.0, ""cur"": false}, {""w"": ""25W8"", ""opp"": ""CHI"", ""v"": 186.0, ""cur"": false}, {""w"": ""25W15"", ""opp"": ""CIN"", ""v"": 0.0, ""cur"": false}, {""w"": ""25W16"", ""opp"": ""NE"", ""v"": 65.0, ""cur"": false}, {""w"": ""25W17"", ""opp"": ""GB"", ""v"": 107.0, ""cur"": false}, {""w"": ""W4"", ""opp"": ""TEN"", ""v"": 63.0, ""cur"": true}]",Under,0.9698104210048132,0.5013227513227513,0.7716762458914177,1.88,draftkings,0.4507513422758652,0.02,0.4684876696820619,BIG-GAP:check-news 
Tyler Huntley,QB,BAL,ATL,player_pass_yds,173.5,82.43543836431809,6,,,2,True,00-0035993,2026-10-12T00:20:00Z,"[{""w"": ""25W6"", ""opp"": ""LA"", ""v"": 68.0, ""cur"": false}, {""w"": ""25W8"", ""opp"": ""CHI"", ""v"": 186.0, ""cur"": false}, {""w"": ""25W15"", ""opp"": ""CIN"", ""v"": 0.0, ""cur"": false}, {""w"": ""25W16"", ""opp"": ""NE"", ""v"": 65.0, ""cur"": false}, {""w"": ""25W17"", ""opp"": ""GB"", ""v"": 107.0, ""cur"": false}, {""w"": ""W4"", ""opp"": ""TEN"", ""v"": 63.0, ""cur"": true}]",Under,0.9677309047724275,0.49867021276595747,0.7661750619037816,1.89,betonlineag,0.44807086699814713,0.02,0.46906069200647005,BIG-GAP:check-news 
Tyler Huntley,QB,BAL,ATL,player_pass_yds,174.5,82.43543836431809,6,,,1,True,00-0035993,2026-10-12T00:20:00Z,"[{""w"": ""25W6"", ""opp"": ""LA"", ""v"": 68.0, ""cur"": false}, {""w"": ""25W8"", ""opp"": ""CHI"", ""v"": 186.0, ""cur"": false}, {""w"": ""25W15"", ""opp"": ""CIN"", ""v"": 0.0, ""cur"": false}, {""w"": ""25W16"", ""opp"": ""NE"", ""v"": 65.0, ""cur"": false}, {""w"": ""25W17"", ""opp"": ""GB"", ""v"": 107.0, ""cur"": false}, {""w"": ""W4"", ""opp"": ""TEN"", ""v"": 63.0, ""cur"": true}]",Under,0.9687868483810328,0.4986666666666667,0.7683210503911153,1.88,betrivers,0.4444435747352967,0.02,0.4701201817143661,BIG-GAP:check-news 
Michael Penix Jr.,QB,ATL,BAL,player_rush_yds,0.5,8.33890290659609,11,,,1,True,00-0039917,2026-10-12T00:20:00Z,"[{""w"": ""25W7"", ""opp"": ""SF"", ""v"": 6.0, ""cur"": false}, {""w"": ""25W9"", ""opp"": ""NE"", ""v"": 19.0, ""cur"": false}, {""w"": ""25W10"", ""opp"": ""IND"", ""v"": -1.0, ""cur"": false}, {""w"": ""25W11"", ""opp"": ""CAR"", ""v"": 9.0, ""cur"": false}, {""w"": ""W3"", ""opp"": ""GB"", ""v"": -2.0, ""cur"": true}, {""w"": ""W4"", ""opp"": ""NO"", ""v"": -2.0, ""cur"": true}]",Over,0.941940030025822,0.47340425531914887,0.7121908931269254,1.98,fanduel,0.41013796839131234,0.02,0.4685357747066732,BIG-GAP:check-news 
Jared Goff,QB,DET,ARI,player_rush_yds,0.5,6.910507100022489,17,,,3,True,00-0033106,2026-10-11T20:25:00Z,"[{""w"": ""25W17"", ""opp"": ""MIN"", ""v"": 2.0, ""cur"": false}, {""w"": ""25W18"", ""opp"": ""CHI"", ""v"": 0.0, ""cur"": false}, {""w"": ""W1"", ""opp"": ""NO"", ""v"": 2.0, ""cur"": true}, {""w"": ""W2"", ""opp"": ""BUF"", ""v"": 7.0, ""cur"": true}, {""w"": ""W3"", ""opp"": ""NYJ"", ""v"": 6.0, ""cur"": true}, {""w"": ""W4"", ""opp"": ""CAR"", ""v"": 0.0, ""cur"": true}]",Over,0.9531039297613709,0.5105820105820106,0.7468049427862722,1.88,fanduel,0.4039932924381916,0.02,0.44252191917936035,BIG-GAP:check-news 
Kirk Cousins,QB,LV,NE,player_rush_yds,0.5,7.964420274874466,14,,,1,True,00-0029604,2026-10-11T17:00:00Z,"[{""w"": ""25W17"", ""opp"": ""LA"", ""v"": 1.0, ""cur"": false}, {""w"": ""25W18"", ""opp"": ""NO"", ""v"": 0.0, ""cur"": false}, {""w"": ""W1"", ""opp"": ""MIA"", ""v"": -6.0, ""cur"": true}, {""w"": ""W2"", ""opp"": ""LAC"", ""v"": 1.0, ""cur"": true}, {""w"": ""W3"", ""opp"": ""NO"", ""v"": 3.0, ""cur"": true}, {""w"": ""W4"", ""opp"": ""KC"", ""v"": 0.0, ""cur"": true}]",Over,0.9383026503842634,0.47340425531914887,0.7075318325567149,1.98,fanduel,0.4009130284622955,0.02,0.46489839506511454,BIG-GAP:check-news 
Braelon Allen,RB,NYJ,CLE,player_rush_yds,71.5,31.48315619942121,8,,,4,True,00-0039794,2026-10-11T17:00:00Z,"[{""w"": ""25W3"", ""opp"": ""TB"", ""v"": 30.0, ""cur"": false}, {""w"": ""25W4"", ""opp"": ""MIA"", ""v"": 26.0, ""cur"": false}, {""w"": ""W1"", ""opp"": ""TEN"", ""v"": 40.0, ""cur"": true}, {""w"": ""W2"", ""opp"": ""GB"", ""v"": 7.0, ""cur"": true}, {""w"": ""W3"", ""opp"": ""DET"", ""v"": 14.0, ""cur"": true}, {""w"": ""W4"", ""opp"": ""CHI"", ""v"": 59.0, ""cur"": true}]",Under,0.9437730362033417,0.49867021276595747,0.7278444925429436,1.91,draftkings,0.3901829807570222,0.02,0.4451028234373843,BIG-GAP:check-news 
Isaiah Davis,RB,NYJ,CLE,player_rush_yds,10.5,1.9054115768862636,17,,,5,True,00-0039798,2026-10-11T17:00:00Z,"[{""w"": ""25W15"", ""opp"": ""JAX"", ""v"": 58.0, ""cur"": false}, {""w"": ""25W16"", ""opp"": ""NO"", ""v"": 8.0, ""cur"": false}, {""w"": ""25W17"", ""opp"": ""NE"", ""v"": 11.0, ""cur"": false}, {""w"": ""W2"", ""opp"": ""GB"", ""v"": 0.0, ""cur"": true}, {""w"": ""W3"", ""opp"": ""DET"", ""v"": 0.0, ""cur"": true}, {""w"": ""W4"", ""opp"": ""CHI"", ""v"": 0.0, ""cur"": true}]",Under,0.9474654441588597,0.5040214477211795,0.7355113722396566,1.88,fanduel,0.3827613798105546,0.02,0.4434439964376802,BIG-GAP:check-news 
Braelon Allen,RB,NYJ,CLE,player_rush_yds,72.5,31.48315619942121,8,,,1,True,00-0039794,2026-10-11T17:00:00Z,"[{""w"": ""25W3"", ""opp"": ""TB"", ""v"": 30.0, ""cur"": false}, {""w"": ""25W4"", ""opp"": ""MIA"", ""v"": 26.0, ""cur"": false}, {""w"": ""W1"", ""opp"": ""TEN"", ""v"": 40.0, ""cur"": true}, {""w"": ""W2"", ""opp"": ""GB"", ""v"": 7.0, ""cur"": true}, {""w"": ""W3"", ""opp"": ""DET"", ""v"": 14.0, ""cur"": true}, {""w"": ""W4"", ""opp"": ""CHI"", ""v"": 59.0, ""cur"": true}]",Under,0.9467204961494036,0.5,0.7324538510680787,1.87,betmgm,0.36968870149730726,0.02,0.44672049614940357,BIG-GAP:check-news 
Braelon Allen,RB,NYJ,CLE,player_rush_yds,70.5,31.48315619942121,8,,,1,True,00-0039794,2026-10-11T17:00:00Z,"[{""w"": ""25W3"", ""opp"": ""TB"", ""v"": 30.0, ""cur"": false}, {""w"": ""25W4"", ""opp"": ""MIA"", ""v"": 26.0, ""cur"": false}, {""w"": ""W1"", ""opp"": ""TEN"", ""v"": 40.0, ""cur"": true}, {""w"": ""W2"", ""opp"": ""GB"", ""v"": 7.0, ""cur"": true}, {""w"": ""W3"", ""opp"": ""DET"", ""v"": 14.0, ""cur"": true}, {""w"": ""W4"", ""opp"": ""CHI"", ""v"": 59.0, ""cur"": true}]",Under,0.9406710686931682,0.5,0.7245657884850024,1.87,betrivers,0.35493802446695455,0.02,0.4406710686931682,BIG-GAP:check-news 
Tyson Bagent,QB,CHI,GB,player_pass_yds,218.5,114.0519007934882,4,,,2,True,00-0038416,2026-10-11T17:00:00Z,"[{""w"": ""25W2"", ""opp"": ""DET"", ""v"": 27.0, ""cur"": false}, {""w"": ""25W9"", ""opp"": ""CIN"", ""v"": 20.0, ""cur"": false}, {""w"": ""W2"", ""opp"": ""MIN"", ""v"": 54.0, ""cur"": true}, {""w"": ""W4"", ""opp"": ""NYJ"", ""v"": 268.0, ""cur"": true}]",Under,0.9224830076472921,0.4986772486772486,0.7033623774417188,1.9,draftkings,0.33638851713926565,0.02,0.42380575897004347,BIG-GAP:check-news 
Jalon Daniels,QB,TB,DAL,player_pass_yds,185.5,105.21423044856219,2,,,1,True,00-0041251,2026-10-09T00:15:00Z,"[{""w"": ""W3"", ""opp"": ""MIN"", ""v"": 0.0, ""cur"": true}, {""w"": ""W4"", ""opp"": ""GB"", ""v"": 148.0, ""cur"": true}]",Under,0.92974910219018,0.4959785522788204,0.709619874841775,1.88,betrivers,0.3340853647025369,0.02,0.43377054991135966,BIG-GAP:check-news small-sample 
Matthew Stafford,QB,LA,BUF,player_rush_yds,1.5,8.990239770710481,17,,,1,True,00-0026498,2026-10-13T00:15:00Z,"[{""w"": ""25W17"", ""opp"": ""ATL"", ""v"": 0.0, ""cur"": false}, {""w"": ""25W18"", ""opp"": ""ARI"", ""v"": 3.0, ""cur"": false}, {""w"": ""W1"", ""opp"": ""SF"", ""v"": -1.0, ""cur"": true}, {""w"": ""W2"", ""opp"": ""NYG"", ""v"": -1.0, ""cur"": true}, {""w"": ""W3"", ""opp"": ""DEN"", ""v"": 13.0, ""cur"": true}, {""w"": ""W4"", ""opp"": ""PHI"", ""v"": 10.0, ""cur"": true}]",Over,0.8938498863696596,0.4656084656084655,0.6584017233793026,2.02,fanduel,0.32997148122619124,0.02,0.42824142076119404,BIG-GAP:check-news 
Jalon Daniels,QB,TB,DAL,player_pass_yds,182.5,105.21423044856219,2,,,1,True,00-0041251,2026-10-09T00:15:00Z,"[{""w"": ""W3"", ""opp"": ""MIN"", ""v"": 0.0, ""cur"": true}, {""w"": ""W4"", ""opp"": ""GB"", ""v"": 148.0, ""cur"": true}]",Under,0.9239707969790012,0.5,0.7056078758550034,1.88,fanduel,0.3265428066074063,0.02,0.4239707969790012,BIG-GAP:check-news small-sample 
Tyson Bagent,QB,CHI,GB,player_pass_yds,219.5,114.0519007934882,4,,,2,True,00-0038416,2026-10-11T17:00:00Z,"[{""w"": ""25W2"", ""opp"": ""DET"", ""v"": 27.0, ""cur"": false}, {""w"": ""25W9"", ""opp"": ""CIN"", ""v"": 20.0, ""cur"": false}, {""w"": ""W2"", ""opp"": ""MIN"", ""v"": 54.0, ""cur"": true}, {""w"": ""W4"", ""opp"": ""NYJ"", ""v"": 268.0, ""cur"": true}]",Under,0.9238729612274177,0.5,0.7055066704382652,1.88,betonlineag,0.32635254042393846,0.02,0.4238729612274177,BIG-GAP:check-news 
Jalon Daniels,QB,TB,DAL,player_pass_yds,181.5,105.21423044856219,2,,,3,True,00-0041251,2026-10-09T00:15:00Z,"[{""w"": ""W3"", ""opp"": ""MIN"", ""v"": 0.0, ""cur"": true}, {""w"": ""W4"", ""opp"": ""GB"", ""v"": 148.0, ""cur"": true}]",Under,0.9219522466824634,0.5,0.7035395760285335,1.88,betonlineag,0.3226544029336428,0.02,0.42195224668246345,BIG-GAP:check-news small-sample 
Tyson Bagent,QB,CHI,GB,player_pass_yds,217.5,114.0519007934882,4,,,1,True,00-0038416,2026-10-11T17:00:00Z,"[{""w"": ""25W2"", ""opp"": ""DET"", ""v"": 27.0, ""cur"": false}, {""w"": ""25W9"", ""opp"": ""CIN"", ""v"": 20.0, ""cur"": false}, {""w"": ""W2"", ""opp"": ""MIN"", ""v"": 54.0, ""cur"": true}, {""w"": ""W4"", ""opp"": ""NYJ"", ""v"": 268.0, ""cur"": true}]",Under,0.9210697629924213,0.5,0.7026481159388136,1.87,betmgm,0.3139519768055815,0.02,0.42106976299242127,BIG-GAP:check-news 
Jalon Daniels,QB,TB,DAL,player_pass_yds,179.5,105.21423044856219,2,,,1,True,00-0041251,2026-10-09T00:15:00Z,"[{""w"": ""W3"", ""opp"": ""MIN"", ""v"": 0.0, ""cur"": true}, {""w"": ""W4"", ""opp"": ""GB"", ""v"": 148.0, ""cur"": true}]",Under,0.9177711164979842,0.5,0.6993815293195815,1.87,betmgm,0.3078434598276175,0.02,0.41777111649798415,BIG-GAP:check-news small-sample 
Tyson Bagent,QB,CHI,GB,player_pass_yds,216.5,114.0519007934882,4,,,1,True,00-0038416,2026-10-11T17:00:00Z,"[{""w"": ""25W2"", ""opp"": ""DET"", ""v"": 27.0, ""cur"": false}, {""w"": ""25W9"", ""opp"": ""CIN"", ""v"": 20.0, ""cur"": false}, {""w"": ""W2"", ""opp"": ""MIN"", ""v"": 54.0, ""cur"": true}, {""w"": ""W4"", ""opp"": ""NYJ"", ""v"": 268.0, ""cur"": true}]",Under,0.9196328936108455,0.5040214477211795,0.7033987601241596,1.85,betrivers,0.30128770622969525,0.02,0.41561144588966603,BIG-GAP:check-news 
Kaleb Johnson,RB,GB,CHI,player_rush_yds,36.5,17.560458596087262,14,,,1,True,00-0040142,2026-10-11T17:00:00Z,"[{""w"": ""25W14"", ""opp"": ""BAL"", ""v"": 4.0, ""cur"": false}, {""w"": ""25W15"", ""opp"": ""MIA"", ""v"": 4.0, ""cur"": false}, {""w"": ""W1"", ""opp"": ""MIN"", ""v"": 0.0, ""cur"": true}, {""w"": ""W2"", ""opp"": ""NYJ"", ""v"": 32.0, ""cur"": true}, {""w"": ""W3"", ""opp"": ""ATL"", ""v"": 6.0, ""cur"": true}, {""w"": ""W4"", ""opp"": ""TB"", ""v"": 42.0, ""cur"": true}]",Under,0.8939291957358598,0.5,0.678313457715153,1.88,fanduel,0.27522930050448746,0.02,0.3939291957358598,BIG-GAP:check-news 
Tyler Goodson,RB,DAL,TB,player_rush_yds,16.5,9.816498695357778,12,Full,,4,True,00-0037120,2026-10-09T00:15:00Z,"[{""w"": ""25W13"", ""opp"": ""HOU"", ""v"": 0.0, ""cur"": false}, {""w"": ""25W15"", ""opp"": ""SEA"", ""v"": 0.0, ""cur"": false}, {""w"": ""25W16"", ""opp"": ""SF"", ""v"": 9.0, ""cur"": false}, {""w"": ""25W18"", ""opp"": ""HOU"", ""v"": 3.0, ""cur"": false}, {""w"": ""W3"", ""opp"": ""BAL"", ""v"": 22.0, ""cur"": true}, {""w"": ""W4"", ""opp"": ""HOU"", ""v"": 12.0, ""cur"": true}]",Under,0.8350226562177512,0.49802110817941947,0.6370152100901009,1.91,draftkings,0.21669905127209266,0.02,0.3370015480383317,BIG-GAP:check-news 
Xavier Hutchinson,WR,HOU,TEN,player_reception_yds,16.5,38.957025491392145,17,,,1,True,00-0038618,2026-10-11T17:00:00Z,"[{""w"": ""25W17"", ""opp"": ""LAC"", ""v"": 21.0, ""cur"": false}, {""w"": ""25W18"", ""opp"": ""IND"", ""v"": 84.0, ""cur"": false}, {""w"": ""W1"", ""opp"": ""BUF"", ""v"": 32.0, ""cur"": true}, {""w"": ""W2"", ""opp"": ""CIN"", ""v"": 37.0, ""cur"": true}, {""w"": ""W3"", ""opp"": ""IND"", ""v"": 51.0, ""cur"": true}, {""w"": ""W4"", ""opp"": ""DAL"", ""v"": 46.0, ""cur"": true}]",Over,0.8285000635508739,0.5065963060686015,0.6383969711589678,1.87,draftkings,0.19380233606726982,0.02,0.3219037574822724,BIG-GAP:check-news 
Emanuel Wilson,RB,SEA,SF,player_receptions,1.5,1.0291246337416071,17,,,1,True,00-0038797,2026-10-11T20:25:00Z,"[{""w"": ""25W17"", ""opp"": ""BAL"", ""v"": 1.0, ""cur"": false}, {""w"": ""25W18"", ""opp"": ""MIN"", ""v"": 1.0, ""cur"": false}, {""w"": ""W1"", ""opp"": ""NE"", ""v"": 0.0, ""cur"": true}, {""w"": ""W2"", ""opp"": ""ARI"", ""v"": 0.0, ""cur"": true}, {""w"": ""W3"", ""opp"": ""WAS"", ""v"": 0.0, ""cur"": true}, {""w"": ""W4"", ""opp"": ""LAC"", ""v"": 3.0, ""cur"": true}]",Under,0.7299141311634141,0.41666666666666663,0.5322697033131589,2.24,fanduel,0.19228413542147615,0.02,0.31324746449674745,BIG-GAP:check-news 
Xavier Hutchinson,WR,HOU,TEN,player_reception_yds,15.5,38.957025491392145,17,,,1,True,00-0038618,2026-10-11T17:00:00Z,"[{""w"": ""25W17"", ""opp"": ""LAC"", ""v"": 21.0, ""cur"": false}, {""w"": ""25W18"", ""opp"": ""IND"", ""v"": 84.0, ""cur"": false}, {""w"": ""W1"", ""opp"": ""BUF"", ""v"": 32.0, ""cur"": true}, {""w"": ""W2"", ""opp"": ""CIN"", ""v"": 37.0, ""cur"": true}, {""w"": ""W3"", ""opp"": ""IND"", ""v"": 51.0, ""cur"": true}, {""w"": ""W4"", ""opp"": ""DAL"", ""v"": 46.0, ""cur"": true}]",Over,0.8465731928514262,0.5093833780160857,0.6507165136602971,1.83,betmgm,0.19081121999834383,0.02,0.3371898148353405,BIG-GAP:check-news 
Jalon Daniels,QB,TB,DAL,player_rush_yds,46.5,27.156579338165766,2,,,3,True,00-0041251,2026-10-09T00:15:00Z,"[{""w"": ""W3"", ""opp"": ""MIN"", ""v"": 9.0, ""cur"": true}, {""w"": ""W4"", ""opp"": ""GB"", ""v"": 55.0, ""cur"": true}]",Under,0.8249403722785598,0.5,0.6324087982190212,1.88,betonlineag,0.1889285406517598,0.02,0.32494037227855976,BIG-GAP:check-news small-sample 
Tyler Goodson,RB,DAL,TB,player_rush_yds,15.5,9.816498695357778,12,Full,,1,True,00-0037120,2026-10-09T00:15:00Z,"[{""w"": ""25W13"", ""opp"": ""HOU"", ""v"": 0.0, ""cur"": false}, {""w"": ""25W15"", ""opp"": ""SEA"", ""v"": 0.0, ""cur"": false}, {""w"": ""25W16"", ""opp"": ""SF"", ""v"": 9.0, ""cur"": false}, {""w"": ""25W18"", ""opp"": ""HOU"", ""v"": 3.0, ""cur"": false}, {""w"": ""W3"", ""opp"": ""BAL"", ""v"": 22.0, ""cur"": true}, {""w"": ""W4"", ""opp"": ""HOU"", ""v"": 12.0, ""cur"": true}]",Under,0.8110965257627866,0.48930481283422467,0.6182651343091351,1.91,betrivers,0.18088640653044796,0.02,0.3217917129285619,BIG-GAP:check-news 
Jalon Daniels,QB,TB,DAL,player_rush_yds,45.5,27.156579338165766,2,,,1,True,00-0041251,2026-10-09T00:15:00Z,"[{""w"": ""W3"", ""opp"": ""MIN"", ""v"": 9.0, ""cur"": true}, {""w"": ""W4"", ""opp"": ""GB"", ""v"": 55.0, ""cur"": true}]",Under,0.8177864170019619,0.5,0.6284323839719063,1.87,betrivers,0.17516855802746478,0.02,0.31778641700196186,BIG-GAP:check-news small-sample 
Jalon Daniels,QB,TB,DAL,player_rush_yds,44.5,27.156579338165766,2,,,1,True,00-0041251,2026-10-09T00:15:00Z,"[{""w"": ""W3"", ""opp"": ""MIN"", ""v"": 9.0, ""cur"": true}, {""w"": ""W4"", ""opp"": ""GB"", ""v"": 55.0, ""cur"": true}]",Under,0.8103474582832144,0.5,0.6244065349859702,1.88,fanduel,0.17388428577362391,0.02,0.3103474582832144,BIG-GAP:check-news small-sample 
Xavier Hutchinson,WR,HOU,TEN,player_reception_yds,17.5,38.957025491392145,17,,,1,True,00-0038618,2026-10-11T17:00:00Z,"[{""w"": ""25W17"", ""opp"": ""LAC"", ""v"": 21.0, ""cur"": false}, {""w"": ""25W18"", ""opp"": ""IND"", ""v"": 84.0, ""cur"": false}, {""w"": ""W1"", ""opp"": ""BUF"", ""v"": 32.0, ""cur"": true}, {""w"": ""W2"", ""opp"": ""CIN"", ""v"": 37.0, ""cur"": true}, {""w"": ""W3"", ""opp"": ""IND"", ""v"": 51.0, ""cur"": true}, {""w"": ""W4"", ""opp"": ""DAL"", ""v"": 46.0, ""cur"": true}]",Over,0.8099736118571054,0.5,0.6242069925744267,1.88,fanduel,0.17350914603992207,0.02,0.30997361185710537,BIG-GAP:check-news 
George Holani,RB,SEA,SF,player_receptions,1.5,1.1933868629735167,14,,,1,True,00-0039299,2026-10-11T20:25:00Z,"[{""w"": ""25W10"", ""opp"": ""ARI"", ""v"": 0.0, ""cur"": false}, {""w"": ""25W11"", ""opp"": ""LA"", ""v"": 0.0, ""cur"": false}, {""w"": ""W1"", ""opp"": ""NE"", ""v"": 0.0, ""cur"": true}, {""w"": ""W2"", ""opp"": ""ARI"", ""v"": 1.0, ""cur"": true}, {""w"": ""W3"", ""opp"": ""WAS"", ""v"": 5.0, ""cur"": true}, {""w"": ""W4"", ""opp"": ""LAC"", ""v"": 1.0, ""cur"": true}]",Under,0.7066796554289861,0.421875,0.5257164282449892,2.22,fanduel,0.16709047070387617,0.02,0.28480465542898614,BIG-GAP:check-news 
Ollie Gordon II,RB,MIA,CIN,player_rush_yds,45.5,28.95872160226588,17,,,3,True,00-0040198,2026-10-11T17:00:00Z,"[{""w"": ""25W16"", ""opp"": ""CIN"", ""v"": -1.0, ""cur"": false}, {""w"": ""25W17"", ""opp"": ""TB"", ""v"": 0.0, ""cur"": false}, {""w"": ""25W18"", ""opp"": ""NE"", ""v"": 9.0, ""cur"": false}, {""w"": ""W2"", ""opp"": ""SF"", ""v"": 7.0, ""cur"": true}, {""w"": ""W3"", ""opp"": ""KC"", ""v"": 41.0, ""cur"": true}, {""w"": ""W4"", ""opp"": ""MIN"", ""v"": 100.0, ""cur"": true}]",Under,0.7901734663809156,0.5,0.6139839808576226,1.89,draftkings,0.1604297238209067,0.02,0.29017346638091557,BIG-GAP:check-news 
Tyler Goodson,RB,DAL,TB,player_rush_yds,14.5,9.816498695357778,12,Full,,1,True,00-0037120,2026-10-09T00:15:00Z,"[{""w"": ""25W13"", ""opp"": ""HOU"", ""v"": 0.0, ""cur"": false}, {""w"": ""25W15"", ""opp"": ""SEA"", ""v"": 0.0, ""cur"": false}, {""w"": ""25W16"", ""opp"": ""SF"", ""v"": 9.0, ""cur"": false}, {""w"": ""25W18"", ""opp"": ""HOU"", ""v"": 3.0, ""cur"": false}, {""w"": ""W3"", ""opp"": ""BAL"", ""v"": 22.0, ""cur"": true}, {""w"": ""W4"", ""opp"": ""HOU"", ""v"": 12.0, ""cur"": true}]",Under,0.7840012653733817,0.5,0.6109241097713877,1.87,betmgm,0.14242808527249495,0.02,0.28400126537338166,BIG-GAP:check-news 
Malik Willis,QB,MIA,CIN,player_pass_yds,193.5,148.20548248811272,8,,,2,True,00-0038128,2026-10-11T17:00:00Z,"[{""w"": ""25W16"", ""opp"": ""CHI"", ""v"": 121.0, ""cur"": false}, {""w"": ""25W17"", ""opp"": ""BAL"", ""v"": 288.0, ""cur"": false}, {""w"": ""W1"", ""opp"": ""LV"", ""v"": 220.0, ""cur"": true}, {""w"": ""W2"", ""opp"": ""SF"", ""v"": 197.0, ""cur"": true}, {""w"": ""W3"", ""opp"": ""KC"", ""v"": 210.0, ""cur"": true}, {""w"": ""W4"", ""opp"": ""MIN"", ""v"": 85.0, ""cur"": true}]",Under,0.7674390394621308,0.5020107238605898,0.6042236763479397,1.89,draftkings,0.14198274829760604,0.02,0.265428315601541,BIG-GAP:check-news 
Davante Adams,WR,LA,BUF,player_receptions,4.5,5.611693115632748,17,,,6,True,00-0031381,2026-10-13T00:15:00Z,"[{""w"": ""25W14"", ""opp"": ""ARI"", ""v"": 4.0, ""cur"": false}, {""w"": ""25W15"", ""opp"": ""DET"", ""v"": 4.0, ""cur"": false}, {""w"": ""W1"", ""opp"": ""SF"", ""v"": 3.0, ""cur"": true}, {""w"": ""W2"", ""opp"": ""NYG"", ""v"": 8.0, ""cur"": true}, {""w"": ""W3"", ""opp"": ""DEN"", ""v"": 7.0, ""cur"": true}, {""w"": ""W4"", ""opp"": ""PHI"", ""v"": 4.0, ""cur"": true}]",Over,0.6468782755201801,0.4760742705570291,0.5373344859575397,2.12,betrivers,0.13914911022998433,0.02,0.17080400496315096,BIG-GAP:check-news 
Jacoby Brissett,QB,ARI,DET,player_rush_yds,6.5,13.944423644370907,17,,,5,True,00-0033119,2026-10-11T20:25:00Z,"[{""w"": ""25W17"", ""opp"": ""CIN"", ""v"": 0.0, ""cur"": false}, {""w"": ""25W18"", ""opp"": ""LA"", ""v"": 19.0, ""cur"": false}, {""w"": ""W1"", ""opp"": ""LAC"", ""v"": 14.0, ""cur"": true}, {""w"": ""W2"", ""opp"": ""SEA"", ""v"": 7.0, ""cur"": true}, {""w"": ""W3"", ""opp"": ""SF"", ""v"": 4.0, ""cur"": true}, {""w"": ""W4"", ""opp"": ""NYG"", ""v"": 18.0, ""cur"": true}]",Over,0.7564354619224426,0.5,0.5978782762362895,1.9,draftkings,0.13596872484895006,0.02,0.2564354619224426,BIG-GAP:check-news 
Jaylen Wright,RB,MIA,CIN,player_rush_yds,22.5,15.582073908697142,12,,,1,True,00-0039874,2026-10-11T17:00:00Z,"[{""w"": ""25W16"", ""opp"": ""CIN"", ""v"": 35.0, ""cur"": false}, {""w"": ""25W17"", ""opp"": ""TB"", ""v"": 56.0, ""cur"": false}, {""w"": ""25W18"", ""opp"": ""NE"", ""v"": 23.0, ""cur"": false}, {""w"": ""W1"", ""opp"": ""LV"", ""v"": -1.0, ""cur"": true}, {""w"": ""W2"", ""opp"": ""SF"", ""v"": 11.0, ""cur"": true}, {""w"": ""W4"", ""opp"": ""MIN"", ""v"": 7.0, ""cur"": true}]",Under,0.7641735581582195,0.5065963060686016,0.6055502937370849,1.87,draftkings,0.13237904928834887,0.02,0.2575772520896179,BIG-GAP:check-news 
Tyler Warren,TE,IND,PIT,player_reception_yds,53.5,39.12963862444661,17,,,1,True,00-0040128,2026-10-11T17:00:00Z,"[{""w"": ""25W17"", ""opp"": ""JAX"", ""v"": 43.0, ""cur"": false}, {""w"": ""25W18"", ""opp"": ""HOU"", ""v"": 26.0, ""cur"": false}, {""w"": ""W1"", ""opp"": ""BAL"", ""v"": 13.0, ""cur"": true}, {""w"": ""W2"", ""opp"": ""KC"", ""v"": 21.0, ""cur"": true}, {""w"": ""W3"", ""opp"": ""HOU"", ""v"": 55.0, ""cur"": true}, {""w"": ""W4"", ""opp"": ""WAS"", ""v"": 41.0, ""cur"": true}]",Under,0.769768148665781,0.4959785522788204,0.6015661194851166,1.88,betrivers,0.13094430463201923,0.02,0.27378959638696065,BIG-GAP:check-news 
Malik Willis,QB,MIA,CIN,player_pass_yds,192.5,148.20548248811272,8,,,1,True,00-0038128,2026-10-11T17:00:00Z,"[{""w"": ""25W16"", ""opp"": ""CHI"", ""v"": 121.0, ""cur"": false}, {""w"": ""25W17"", ""opp"": ""BAL"", ""v"": 288.0, ""cur"": false}, {""w"": ""W1"", ""opp"": ""LV"", ""v"": 220.0, ""cur"": true}, {""w"": ""W2"", ""opp"": ""SF"", ""v"": 197.0, ""cur"": true}, {""w"": ""W3"", ""opp"": ""KC"", ""v"": 210.0, ""cur"": true}, {""w"": ""W4"", ""opp"": ""MIN"", ""v"": 85.0, ""cur"": true}]",Under,0.7639087685383884,0.5,0.6013229664738083,1.88,fanduel,0.13048717697075962,0.02,0.2639087685383884,BIG-GAP:check-news 
Kaelon Black,RB,SF,SEA,player_rush_yds,14.5,29.09937853627231,4,,,6,True,00-0041052,2026-10-11T20:25:00Z,"[{""w"": ""W1"", ""opp"": ""LA"", ""v"": 65.0, ""cur"": true}, {""w"": ""W2"", ""opp"": ""MIA"", ""v"": 25.0, ""cur"": true}, {""w"": ""W3"", ""opp"": ""ARI"", ""v"": 17.0, ""cur"": true}, {""w"": ""W4"", ""opp"": ""DEN"", ""v"": 13.0, ""cur"": true}]",Over,0.7443677830398794,0.5059577275023859,0.5961789994183566,1.88,betrivers,0.12081651890651035,0.02,0.2384100555374935,BIG-GAP:check-news 
Jayden Daniels,QB,WAS,NYG,player_pass_yds,197.5,161.74136391253143,9,Full,,1,True,00-0039910,2026-10-11T17:00:00Z,"[{""w"": ""25W6"", ""opp"": ""CHI"", ""v"": 211.0, ""cur"": false}, {""w"": ""25W7"", ""opp"": ""DAL"", ""v"": 156.0, ""cur"": false}, {""w"": ""25W9"", ""opp"": ""SEA"", ""v"": 153.0, ""cur"": false}, {""w"": ""25W14"", ""opp"": ""MIN"", ""v"": 78.0, ""cur"": false}, {""w"": ""W1"", ""opp"": ""PHI"", ""v"": 164.0, ""cur"": true}, {""w"": ""W2"", ""opp"": ""DAL"", ""v"": 96.0, ""cur"": true}]",Under,0.7401297643337483,0.4973544973544973,0.5889064937969409,1.9,draftkings,0.11892233821418774,0.02,0.242775266979251,BIG-GAP:check-news 
Jaylen Wright,RB,MIA,CIN,player_rush_yds,21.5,15.582073908697142,12,,,2,True,00-0039874,2026-10-11T17:00:00Z,"[{""w"": ""25W16"", ""opp"": ""CIN"", ""v"": 35.0, ""cur"": false}, {""w"": ""25W17"", ""opp"": ""TB"", ""v"": 56.0, ""cur"": false}, {""w"": ""25W18"", ""opp"": ""NE"", ""v"": 23.0, ""cur"": false}, {""w"": ""W1"", ""opp"": ""LV"", ""v"": -1.0, ""cur"": true}, {""w"": ""W2"", ""opp"": ""SF"", ""v"": 11.0, ""cur"": true}, {""w"": ""W4"", ""opp"": ""MIN"", ""v"": 7.0, ""cur"": true}]",Under,0.7483953629146702,0.49798927613941024,0.5929797822056373,1.88,betrivers,0.11480199054659801,0.02,0.25040608677526,BIG-GAP:check-news 
Jayden Daniels,QB,WAS,NYG,player_pass_yds,198.5,161.74136391253143,9,Full,,2,True,00-0039910,2026-10-11T17:00:00Z,"[{""w"": ""25W6"", ""opp"": ""CHI"", ""v"": 211.0, ""cur"": false}, {""w"": ""25W7"", ""opp"": ""DAL"", ""v"": 156.0, ""cur"": false}, {""w"": ""25W9"", ""opp"": ""SEA"", ""v"": 153.0, ""cur"": false}, {""w"": ""25W14"", ""opp"": ""MIN"", ""v"": 78.0, ""cur"": false}, {""w"": ""W1"", ""opp"": ""PHI"", ""v"": 164.0, ""cur"": true}, {""w"": ""W2"", ""opp"": ""DAL"", ""v"": 96.0, ""cur"": true}]",Under,0.7444269670359753,0.5,0.5924703861448307,1.88,betonlineag,0.11384432595228167,0.02,0.24442696703597533,BIG-GAP:check-news 
Bhayshul Tuten,RB,JAX,PHI,player_rush_yds,67.5,51.44953377361427,17,,,3,True,00-0040719,2026-10-11T13:30:00Z,"[{""w"": ""25W15"", ""opp"": ""NYJ"", ""v"": 7.0, ""cur"": false}, {""w"": ""25W18"", ""opp"": ""TEN"", ""v"": 23.0, ""cur"": false}, {""w"": ""W1"", ""opp"": ""CLE"", ""v"": 66.0, ""cur"": true}, {""w"": ""W2"", ""opp"": ""DEN"", ""v"": 65.0, ""cur"": true}, {""w"": ""W3"", ""opp"": ""NE"", ""v"": 73.0, ""cur"": true}, {""w"": ""W4"", ""opp"": ""CIN"", ""v"": 73.0, ""cur"": true}]",Under,0.7437422998553198,0.5,0.5921665038764191,1.88,betonlineag,0.11327302728766786,0.02,0.2437422998553198,BIG-GAP:check-news 
Omarion Hampton,RB,LAC,DEN,player_rush_yds,37.5,61.29504114395714,13,,,3,True,00-0040666,2026-10-11T20:05:00Z,"[{""w"": ""25W16"", ""opp"": ""DAL"", ""v"": 85.0, ""cur"": false}, {""w"": ""25W17"", ""opp"": ""HOU"", ""v"": 29.0, ""cur"": false}, {""w"": ""W1"", ""opp"": ""ARI"", ""v"": 43.0, ""cur"": true}, {""w"": ""W2"", ""opp"": ""LV"", ""v"": 94.0, ""cur"": true}, {""w"": ""W3"", ""opp"": ""BUF"", ""v"": 56.0, ""cur"": true}, {""w"": ""W4"", ""opp"": ""SEA"", ""v"": 45.0, ""cur"": true}]",Over,0.7382462145518267,0.49734042553191493,0.5880695308197033,1.89,betonlineag,0.11145141324923918,0.02,0.24090578901991178,BIG-GAP:check-news 
Matthew Golden,WR,GB,CHI,player_receptions,4.5,3.511620649780754,17,,,6,True,00-0040667,2026-10-11T17:00:00Z,"[{""w"": ""25W17"", ""opp"": ""BAL"", ""v"": 1.0, ""cur"": false}, {""w"": ""25W18"", ""opp"": ""MIN"", ""v"": 1.0, ""cur"": false}, {""w"": ""W1"", ""opp"": ""MIN"", ""v"": 6.0, ""cur"": true}, {""w"": ""W2"", ""opp"": ""NYJ"", ""v"": 4.0, ""cur"": true}, {""w"": ""W3"", ""opp"": ""ATL"", ""v"": 5.0, ""cur"": true}, {""w"": ""W4"", ""opp"": ""TB"", ""v"": 3.0, ""cur"": true}]",Under,0.7164375043040696,0.5006631299734748,0.5808161361267783,1.91,betonlineag,0.10935882000214647,0.02,0.21577437433059476,BIG-GAP:check-news 
Deebo Samuel,WR,SF,SEA,player_receptions,3.5,3.0337636761265534,17,,,5,True,00-0035719,2026-10-11T20:25:00Z,"[{""w"": ""25W17"", ""opp"": ""DAL"", ""v"": 2.0, ""cur"": false}, {""w"": ""25W18"", ""opp"": ""PHI"", ""v"": 2.0, ""cur"": false}, {""w"": ""W1"", ""opp"": ""LA"", ""v"": 6.0, ""cur"": true}, {""w"": ""W2"", ""opp"": ""MIA"", ""v"": 3.0, ""cur"": true}, {""w"": ""W3"", ""opp"": ""ARI"", ""v"": 0.0, ""cur"": true}, {""w"": ""W4"", ""opp"": ""DEN"", ""v"": 5.0, ""cur"": true}]",Under,0.6439900839483405,0.5172413793103448,0.5627422886157208,1.97,betonlineag,0.10860230857297004,0.02,0.1267487046379957,
Tyler Warren,TE,IND,PIT,player_reception_yds,50.5,39.12963862444661,17,,,1,True,00-0040128,2026-10-11T17:00:00Z,"[{""w"": ""25W17"", ""opp"": ""JAX"", ""v"": 43.0, ""cur"": false}, {""w"": ""25W18"", ""opp"": ""HOU"", ""v"": 26.0, ""cur"": false}, {""w"": ""W1"", ""opp"": ""BAL"", ""v"": 13.0, ""cur"": true}, {""w"": ""W2"", ""opp"": ""KC"", ""v"": 21.0, ""cur"": true}, {""w"": ""W3"", ""opp"": ""HOU"", ""v"": 55.0, ""cur"": true}, {""w"": ""W4"", ""opp"": ""WAS"", ""v"": 41.0, ""cur"": true}]",Under,0.7374889258709338,0.5,0.5894120194237171,1.88,fanduel,0.10809459651658815,0.02,0.23748892587093384,BIG-GAP:check-news 
George Holani,RB,SEA,SF,player_reception_yds,9.5,8.759742685711823,14,,,1,True,00-0039299,2026-10-11T20:25:00Z,"[{""w"": ""25W10"", ""opp"": ""ARI"", ""v"": 0.0, ""cur"": false}, {""w"": ""25W11"", ""opp"": ""LA"", ""v"": 0.0, ""cur"": false}, {""w"": ""W1"", ""opp"": ""NE"", ""v"": 0.0, ""cur"": true}, {""w"": ""W2"", ""opp"": ""ARI"", ""v"": 2.0, ""cur"": true}, {""w"": ""W3"", ""opp"": ""WAS"", ""v"": 48.0, ""cur"": true}, {""w"": ""W4"", ""opp"": ""LAC"", ""v"": 2.0, ""cur"": true}]",Under,0.736300629945088,0.5,0.5888927812255466,1.88,fanduel,0.10711842870402744,0.02,0.23630062994508805,BIG-GAP:check-news 
Bhayshul Tuten,RB,JAX,PHI,player_rush_yds,68.5,51.44953377361427,17,,,1,True,00-0040719,2026-10-11T13:30:00Z,"[{""w"": ""25W15"", ""opp"": ""NYJ"", ""v"": 7.0, ""cur"": false}, {""w"": ""25W18"", ""opp"": ""TEN"", ""v"": 23.0, ""cur"": false}, {""w"": ""W1"", ""opp"": ""CLE"", ""v"": 66.0, ""cur"": true}, {""w"": ""W2"", ""opp"": ""DEN"", ""v"": 65.0, ""cur"": true}, {""w"": ""W3"", ""opp"": ""NE"", ""v"": 73.0, ""cur"": true}, {""w"": ""W4"", ""opp"": ""CIN"", ""v"": 73.0, ""cur"": true}]",Under,0.7517362267820104,0.5040214477211795,0.5982596303044149,1.85,betrivers,0.10678031606316751,0.02,0.24771477906083084,BIG-GAP:check-news 
Jayden Daniels,QB,WAS,NYG,player_pass_yds,199.5,161.74136391253143,9,Full,,1,True,00-0039910,2026-10-11T17:00:00Z,"[{""w"": ""25W6"", ""opp"": ""CHI"", ""v"": 211.0, ""cur"": false}, {""w"": ""25W7"", ""opp"": ""DAL"", ""v"": 156.0, ""cur"": false}, {""w"": ""25W9"", ""opp"": ""SEA"", ""v"": 153.0, ""cur"": false}, {""w"": ""25W14"", ""opp"": ""MIN"", ""v"": 78.0, ""cur"": false}, {""w"": ""W1"", ""opp"": ""PHI"", ""v"": 164.0, ""cur"": true}, {""w"": ""W2"", ""opp"": ""DAL"", ""v"": 96.0, ""cur"": true}]",Under,0.7486727761408991,0.5040214477211795,0.5968836978616416,1.85,betrivers,0.10423484104403713,0.02,0.2446513284197196,BIG-GAP:check-news 
Jameis Winston,QB,NYG,WAS,player_rush_yds,2.5,6.190574276574736,6,,,2,True,00-0031503,2026-10-11T17:00:00Z,"[{""w"": ""25W11"", ""opp"": ""GB"", ""v"": 10.0, ""cur"": false}, {""w"": ""25W12"", ""opp"": ""DET"", ""v"": 13.0, ""cur"": false}, {""w"": ""25W15"", ""opp"": ""WAS"", ""v"": 0.0, ""cur"": false}, {""w"": ""W2"", ""opp"": ""LA"", ""v"": 1.0, ""cur"": true}, {""w"": ""W3"", ""opp"": ""TEN"", ""v"": 14.0, ""cur"": true}, {""w"": ""W4"", ""opp"": ""ARI"", ""v"": 0.0, ""cur"": true}]",Over,0.6849185059172318,0.48208471341155334,0.5560544488694491,1.98,fanduel,0.10098780876150926,0.02,0.20283379250567846,BIG-GAP:check-news 
Omarion Hampton,RB,LAC,DEN,player_rush_yds,38.5,61.29504114395714,13,,,3,True,00-0040666,2026-10-11T20:05:00Z,"[{""w"": ""25W16"", ""opp"": ""DAL"", ""v"": 85.0, ""cur"": false}, {""w"": ""25W17"", ""opp"": ""HOU"", ""v"": 29.0, ""cur"": false}, {""w"": ""W1"", ""opp"": ""ARI"", ""v"": 43.0, ""cur"": true}, {""w"": ""W2"", ""opp"": ""LV"", ""v"": 94.0, ""cur"": true}, {""w"": ""W3"", ""opp"": ""BUF"", ""v"": 56.0, ""cur"": true}, {""w"": ""W4"", ""opp"": ""SEA"", ""v"": 45.0, ""cur"": true}]",Over,0.724770458726496,0.5065963060686015,0.5880811861114852,1.87,betmgm,0.09971181802847745,0.02,0.21817415265789453,BIG-GAP:check-news 
Bhayshul Tuten,RB,JAX,PHI,player_rush_yds,65.5,51.44953377361427,17,,,1,True,00-0040719,2026-10-11T13:30:00Z,"[{""w"": ""25W15"", ""opp"": ""NYJ"", ""v"": 7.0, ""cur"": false}, {""w"": ""25W18"", ""opp"": ""TEN"", ""v"": 23.0, ""cur"": false}, {""w"": ""W1"", ""opp"": ""CLE"", ""v"": 66.0, ""cur"": true}, {""w"": ""W2"", ""opp"": ""DEN"", ""v"": 65.0, ""cur"": true}, {""w"": ""W3"", ""opp"": ""NE"", ""v"": 73.0, ""cur"": true}, {""w"": ""W4"", ""opp"": ""CIN"", ""v"": 73.0, ""cur"": true}]",Under,0.727116530194361,0.5,0.5849226347619809,1.88,fanduel,0.09965455335252404,0.02,0.22711653019436095,BIG-GAP:check-news 
Emanuel Wilson,RB,SEA,SF,player_reception_yds,8.5,8.06324623598222,17,,,1,True,00-0038797,2026-10-11T20:25:00Z,"[{""w"": ""25W17"", ""opp"": ""BAL"", ""v"": 8.0, ""cur"": false}, {""w"": ""25W18"", ""opp"": ""MIN"", ""v"": 4.0, ""cur"": false}, {""w"": ""W1"", ""opp"": ""NE"", ""v"": 0.0, ""cur"": true}, {""w"": ""W2"", ""opp"": ""ARI"", ""v"": 0.0, ""cur"": true}, {""w"": ""W3"", ""opp"": ""WAS"", ""v"": 0.0, ""cur"": true}, {""w"": ""W4"", ""opp"": ""LAC"", ""v"": 39.0, ""cur"": true}]",Under,0.7268653878699967,0.5,0.5848151057280768,1.88,fanduel,0.09945239876878431,0.02,0.22686538786999666,BIG-GAP:check-news 
Josh Downs,WR,IND,PIT,player_reception_yds,60.5,46.80949416329191,17,,,1,True,00-0038997,2026-10-11T17:00:00Z,"[{""w"": ""25W17"", ""opp"": ""JAX"", ""v"": 34.0, ""cur"": false}, {""w"": ""25W18"", ""opp"": ""HOU"", ""v"": 61.0, ""cur"": false}, {""w"": ""W1"", ""opp"": ""BAL"", ""v"": 37.0, ""cur"": true}, {""w"": ""W2"", ""opp"": ""KC"", ""v"": 72.0, ""cur"": true}, {""w"": ""W3"", ""opp"": ""HOU"", ""v"": 77.0, ""cur"": true}, {""w"": ""W4"", ""opp"": ""WAS"", ""v"": 16.0, ""cur"": true}]",Under,0.7341134529295399,0.5,0.5879404667318782,1.87,betrivers,0.09944867278861225,0.02,0.2341134529295399,BIG-GAP:check-news 
Kyler Murray,QB,MIN,NO,player_pass_yds,214.5,178.25835769474133,8,,,3,True,00-0035228,2026-10-11T17:00:00Z,"[{""w"": ""25W3"", ""opp"": ""SF"", ""v"": 159.0, ""cur"": false}, {""w"": ""25W4"", ""opp"": ""SEA"", ""v"": 200.0, ""cur"": false}, {""w"": ""25W5"", ""opp"": ""TEN"", ""v"": 220.0, ""cur"": false}, {""w"": ""W1"", ""opp"": ""GB"", ""v"": 18.0, ""cur"": true}, {""w"": ""W3"", ""opp"": ""TB"", ""v"": 168.0, ""cur"": true}, {""w"": ""W4"", ""opp"": ""MIA"", ""v"": 247.0, ""cur"": true}]",Under,0.7146513272131827,0.4973544973544973,0.5779712414530295,1.9,draftkings,0.09814535876075592,0.02,0.21729682985868537,BIG-GAP:check-news 
Keenan Allen,WR,IND,PIT,player_receptions,3.5,4.1996244586108675,17,Limited,,2,True,00-0030279,2026-10-11T17:00:00Z,"[{""w"": ""25W16"", ""opp"": ""DAL"", ""v"": 5.0, ""cur"": false}, {""w"": ""25W17"", ""opp"": ""HOU"", ""v"": 1.0, ""cur"": false}, {""w"": ""25W18"", ""opp"": ""DEN"", ""v"": 7.0, ""cur"": false}, {""w"": ""W1"", ""opp"": ""BAL"", ""v"": 6.0, ""cur"": true}, {""w"": ""W2"", ""opp"": ""KC"", ""v"": 1.0, ""cur"": true}, {""w"": ""W3"", ""opp"": ""HOU"", ""v"": 6.0, ""cur"": true}]",Over,0.5658665931479063,0.4191399151711078,0.47019884880257445,2.33,betrivers,0.09556331770999849,0.017963029644736558,0.1467266779767985,
Justice Hill,RB,BAL,ATL,player_rush_yds,12.5,10.498531686166638,14,,,3,True,00-0034975,2026-10-12T00:20:00Z,"[{""w"": ""25W10"", ""opp"": ""MIN"", ""v"": 1.0, ""cur"": false}, {""w"": ""25W12"", ""opp"": ""NYJ"", ""v"": 0.0, ""cur"": false}, {""w"": ""W1"", ""opp"": ""IND"", ""v"": 18.0, ""cur"": true}, {""w"": ""W2"", ""opp"": ""NO"", ""v"": 6.0, ""cur"": true}, {""w"": ""W3"", ""opp"": ""DAL"", ""v"": 33.0, ""cur"": true}, {""w"": ""W4"", ""opp"": ""TEN"", ""v"": 3.0, ""cur"": true}]",Under,0.7055720257136855,0.5106951871657754,0.5826600484619933,1.88,betrivers,0.09540089110854733,0.02,0.19487683854791005,BIG-GAP:check-news 
Emanuel Wilson,RB,SEA,SF,player_rush_yds,62.5,48.16716145009252,17,,,1,True,00-0038797,2026-10-11T20:25:00Z,"[{""w"": ""25W17"", ""opp"": ""BAL"", ""v"": 16.0, ""cur"": false}, {""w"": ""25W18"", ""opp"": ""MIN"", ""v"": 44.0, ""cur"": false}, {""w"": ""W1"", ""opp"": ""NE"", ""v"": 3.0, ""cur"": true}, {""w"": ""W2"", ""opp"": ""ARI"", ""v"": 92.0, ""cur"": true}, {""w"": ""W3"", ""opp"": ""WAS"", ""v"": 14.0, ""cur"": true}, {""w"": ""W4"", ""opp"": ""LAC"", ""v"": 81.0, ""cur"": true}]",Under,0.7280629596249732,0.5,0.5853283416087692,1.87,betmgm,0.0945639988083985,0.02,0.22806295962497325,BIG-GAP:check-news 
Dalton Kincaid,TE,BUF,LA,player_reception_yds,50.5,39.67079428429412,16,,,2,True,00-0038933,2026-10-13T00:15:00Z,"[{""w"": ""25W16"", ""opp"": ""CLE"", ""v"": 0.0, ""cur"": false}, {""w"": ""25W18"", ""opp"": ""NYJ"", ""v"": 48.0, ""cur"": false}, {""w"": ""W1"", ""opp"": ""HOU"", ""v"": 130.0, ""cur"": true}, {""w"": ""W2"", ""opp"": ""DET"", ""v"": 95.0, ""cur"": true}, {""w"": ""W3"", ""opp"": ""LAC"", ""v"": 38.0, ""cur"": true}, {""w"": ""W4"", ""opp"": ""NE"", ""v"": 7.0, ""cur"": true}]",Under,0.7205005300531726,0.5,0.5821075238564717,1.88,fanduel,0.0943621448501667,0.02,0.2205005300531726,BIG-GAP:check-news 
Tyjae Spears,RB,TEN,HOU,player_receptions,1.5,1.5546339746443336,17,,,2,True,00-0039032,2026-10-11T17:00:00Z,"[{""w"": ""25W17"", ""opp"": ""NO"", ""v"": 1.0, ""cur"": false}, {""w"": ""25W18"", ""opp"": ""JAX"", ""v"": 7.0, ""cur"": false}, {""w"": ""W1"", ""opp"": ""NYJ"", ""v"": 2.0, ""cur"": true}, {""w"": ""W2"", ""opp"": ""PHI"", ""v"": 2.0, ""cur"": true}, {""w"": ""W3"", ""opp"": ""NYG"", ""v"": 0.0, ""cur"": true}, {""w"": ""W4"", ""opp"": ""BAL"", ""v"": 1.0, ""cur"": true}]",Under,0.5775727480923011,0.4028132992327367,0.46345135599534276,2.36,fanduel,0.09374520014900889,0.017232573556803105,0.1747594488595644,BIG-GAP:check-news 
Tyler Warren,TE,IND,PIT,player_reception_yds,48.5,39.12963862444661,17,,,2,True,00-0040128,2026-10-11T17:00:00Z,"[{""w"": ""25W17"", ""opp"": ""JAX"", ""v"": 43.0, ""cur"": false}, {""w"": ""25W18"", ""opp"": ""HOU"", ""v"": 26.0, ""cur"": false}, {""w"": ""W1"", ""opp"": ""BAL"", ""v"": 13.0, ""cur"": true}, {""w"": ""W2"", ""opp"": ""KC"", ""v"": 21.0, ""cur"": true}, {""w"": ""W3"", ""opp"": ""HOU"", ""v"": 55.0, ""cur"": true}, {""w"": ""W4"", ""opp"": ""WAS"", ""v"": 41.0, ""cur"": true}]",Under,0.7139935177556055,0.5086457466171885,0.5848418591942324,1.87,draftkings,0.09365427669321458,0.02,0.20534777113841696,BIG-GAP:check-news 
Bhayshul Tuten,RB,JAX,PHI,player_reception_yds,9.5,8.047072161460603,17,,,5,True,00-0040719,2026-10-11T13:30:00Z,"[{""w"": ""25W15"", ""opp"": ""NYJ"", ""v"": 16.0, ""cur"": false}, {""w"": ""25W18"", ""opp"": ""TEN"", ""v"": 0.0, ""cur"": false}, {""w"": ""W1"", ""opp"": ""CLE"", ""v"": 22.0, ""cur"": true}, {""w"": ""W2"", ""opp"": ""DEN"", ""v"": -3.0, ""cur"": true}, {""w"": ""W3"", ""opp"": ""NE"", ""v"": 17.0, ""cur"": true}, {""w"": ""W4"", ""opp"": ""CIN"", ""v"": 18.0, ""cur"": true}]",Under,0.7004522942832463,0.4934036939313985,0.5695847164220238,1.92,betrivers,0.09360265553028568,0.02,0.2070486003518478,BIG-GAP:check-news 
Josh Downs,WR,IND,PIT,player_receptions,5.5,3.919665374676719,17,,,4,True,00-0038997,2026-10-11T17:00:00Z,"[{""w"": ""25W17"", ""opp"": ""JAX"", ""v"": 2.0, ""cur"": false}, {""w"": ""25W18"", ""opp"": ""HOU"", ""v"": 4.0, ""cur"": false}, {""w"": ""W1"", ""opp"": ""BAL"", ""v"": 2.0, ""cur"": true}, {""w"": ""W2"", ""opp"": ""KC"", ""v"": 7.0, ""cur"": true}, {""w"": ""W3"", ""opp"": ""HOU"", ""v"": 5.0, ""cur"": true}, {""w"": ""W4"", ""opp"": ""WAS"", ""v"": 3.0, ""cur"": true}]",Under,0.7919698188735231,0.5652677792321117,0.6544287989327432,1.67,bovada,0.09289609421768108,0.02,0.22670203964141145,BIG-GAP:check-news 
Jameis Winston,QB,NYG,WAS,player_pass_yds,201.5,166.32463435417554,6,,,2,True,00-0031503,2026-10-11T17:00:00Z,"[{""w"": ""25W11"", ""opp"": ""GB"", ""v"": 201.0, ""cur"": false}, {""w"": ""25W12"", ""opp"": ""DET"", ""v"": 366.0, ""cur"": false}, {""w"": ""25W15"", ""opp"": ""WAS"", ""v"": 0.0, ""cur"": false}, {""w"": ""W2"", ""opp"": ""LA"", ""v"": 111.0, ""cur"": true}, {""w"": ""W3"", ""opp"": ""TEN"", ""v"": 118.0, ""cur"": true}, {""w"": ""W4"", ""opp"": ""ARI"", ""v"": 250.0, ""cur"": true}]",Under,0.7131936301887357,0.49867021276595747,0.5781963310367733,1.89,betonlineag,0.09279106565950135,0.02,0.21452341742277825,BIG-GAP:check-news 
Romeo Doubs,WR,NE,LV,player_receptions,3.5,3.1511962736864976,17,,,6,True,00-0037816,2026-10-11T17:00:00Z,"[{""w"": ""25W16"", ""opp"": ""CHI"", ""v"": 5.0, ""cur"": false}, {""w"": ""25W17"", ""opp"": ""BAL"", ""v"": 3.0, ""cur"": false}, {""w"": ""W1"", ""opp"": ""SEA"", ""v"": 0.0, ""cur"": true}, {""w"": ""W2"", ""opp"": ""PIT"", ""v"": 3.0, ""cur"": true}, {""w"": ""W3"", ""opp"": ""JAX"", ""v"": 3.0, ""cur"": true}, {""w"": ""W4"", ""opp"": ""BUF"", ""v"": 6.0, ""cur"": true}]",Under,0.6200428860518417,0.4257724547649404,0.49424454161983467,2.21,draftkings,0.09228043697983457,0.019066205987569126,0.19427043128690125,BIG-GAP:check-news 
Josh Downs,WR,IND,PIT,player_reception_yds,58.5,46.80949416329191,17,,,4,True,00-0038997,2026-10-11T17:00:00Z,"[{""w"": ""25W17"", ""opp"": ""JAX"", ""v"": 34.0, ""cur"": false}, {""w"": ""25W18"", ""opp"": ""HOU"", ""v"": 61.0, ""cur"": false}, {""w"": ""W1"", ""opp"": ""BAL"", ""v"": 37.0, ""cur"": true}, {""w"": ""W2"", ""opp"": ""KC"", ""v"": 72.0, ""cur"": true}, {""w"": ""W3"", ""opp"": ""HOU"", ""v"": 77.0, ""cur"": true}, {""w"": ""W4"", ""opp"": ""WAS"", ""v"": 16.0, ""cur"": true}]",Under,0.7156818786853034,0.5013227513227513,0.5809169916609728,1.88,draftkings,0.09212394432262871,0.02,0.21435912736255214,BIG-GAP:check-news 
Jameis Winston,QB,NYG,WAS,player_pass_yds,200.5,166.32463435417554,6,,,2,True,00-0031503,2026-10-11T17:00:00Z,"[{""w"": ""25W11"", ""opp"": ""GB"", ""v"": 201.0, ""cur"": false}, {""w"": ""25W12"", ""opp"": ""DET"", ""v"": 366.0, ""cur"": false}, {""w"": ""25W15"", ""opp"": ""WAS"", ""v"": 0.0, ""cur"": false}, {""w"": ""W2"", ""opp"": ""LA"", ""v"": 111.0, ""cur"": true}, {""w"": ""W3"", ""opp"": ""TEN"", ""v"": 118.0, ""cur"": true}, {""w"": ""W4"", ""opp"": ""ARI"", ""v"": 250.0, ""cur"": true}]",Under,0.7095710666685181,0.5,0.5775333329199722,1.89,draftkings,0.09153799921874739,0.02,0.2095710666685181,BIG-GAP:check-news 
Tyson Bagent,QB,CHI,GB,player_rush_yds,9.5,7.493871552282418,4,,,1,True,00-0038416,2026-10-11T17:00:00Z,"[{""w"": ""25W2"", ""opp"": ""DET"", ""v"": 7.0, ""cur"": false}, {""w"": ""25W9"", ""opp"": ""CIN"", ""v"": 0.0, ""cur"": false}, {""w"": ""W2"", ""opp"": ""MIN"", ""v"": 0.0, ""cur"": true}, {""w"": ""W4"", ""opp"": ""NYJ"", ""v"": 1.0, ""cur"": true}]",Under,0.7163312832388298,0.5,0.5803517409425657,1.88,fanduel,0.09106127297202349,0.02,0.21633128323882977,BIG-GAP:check-news 
David Montgomery,RB,HOU,TEN,player_rush_yds,47.5,39.50651807746873,17,,,2,True,00-0035685,2026-10-11T17:00:00Z,"[{""w"": ""25W17"", ""opp"": ""MIN"", ""v"": 25.0, ""cur"": false}, {""w"": ""25W18"", ""opp"": ""CHI"", ""v"": 42.0, ""cur"": false}, {""w"": ""W1"", ""opp"": ""BUF"", ""v"": 60.0, ""cur"": true}, {""w"": ""W2"", ""opp"": ""CIN"", ""v"": 10.0, ""cur"": true}, {""w"": ""W3"", ""opp"": ""IND"", ""v"": 33.0, ""cur"": true}, {""w"": ""W4"", ""opp"": ""DAL"", ""v"": 24.0, ""cur"": true}]",Under,0.6981923715195867,0.49201015795765635,0.5677731375767903,1.92,draftkings,0.09012442414743727,0.02,0.20618221356193034,BIG-GAP:check-news 
Josh Downs,WR,IND,PIT,player_receptions,4.5,3.919665374676719,17,,,1,True,00-0038997,2026-10-11T17:00:00Z,"[{""w"": ""25W17"", ""opp"": ""JAX"", ""v"": 2.0, ""cur"": false}, {""w"": ""25W18"", ""opp"": ""HOU"", ""v"": 4.0, ""cur"": false}, {""w"": ""W1"", ""opp"": ""BAL"", ""v"": 2.0, ""cur"": true}, {""w"": ""W2"", ""opp"": ""KC"", ""v"": 7.0, ""cur"": true}, {""w"": ""W3"", ""opp"": ""HOU"", ""v"": 5.0, ""cur"": true}, {""w"": ""W4"", ""opp"": ""WAS"", ""v"": 3.0, ""cur"": true}]",Under,0.6440720324628006,0.4421052631578948,0.5140898381443497,2.12,fanduel,0.08987045686602146,0.02,0.20196676930490587,BIG-GAP:check-news 
Tyler Warren,TE,IND,PIT,player_reception_yds,49.5,39.12963862444661,17,,,2,True,00-0040128,2026-10-11T17:00:00Z,"[{""w"": ""25W17"", ""opp"": ""JAX"", ""v"": 43.0, ""cur"": false}, {""w"": ""25W18"", ""opp"": ""HOU"", ""v"": 26.0, ""cur"": false}, {""w"": ""W1"", ""opp"": ""BAL"", ""v"": 13.0, ""cur"": true}, {""w"": ""W2"", ""opp"": ""KC"", ""v"": 21.0, ""cur"": true}, {""w"": ""W3"", ""opp"": ""HOU"", ""v"": 55.0, ""cur"": true}, {""w"": ""W4"", ""opp"": ""WAS"", ""v"": 41.0, ""cur"": true}]",Under,0.7259431944383676,0.507322695035461,0.5890375522946052,1.85,betmgm,0.08971947174501971,0.02,0.21862049940290662,BIG-GAP:check-news 
Dalton Kincaid,TE,BUF,LA,player_reception_yds,49.5,39.67079428429412,16,,,4,True,00-0038933,2026-10-13T00:15:00Z,"[{""w"": ""25W16"", ""opp"": ""CLE"", ""v"": 0.0, ""cur"": false}, {""w"": ""25W18"", ""opp"": ""NYJ"", ""v"": 48.0, ""cur"": false}, {""w"": ""W1"", ""opp"": ""HOU"", ""v"": 130.0, ""cur"": true}, {""w"": ""W2"", ""opp"": ""DET"", ""v"": 95.0, ""cur"": true}, {""w"": ""W3"", ""opp"": ""LAC"", ""v"": 38.0, ""cur"": true}, {""w"": ""W4"", ""opp"": ""NE"", ""v"": 7.0, ""cur"": true}]",Under,0.7134834596600494,0.5,0.5791602392836335,1.88,betonlineag,0.08882124985323081,0.02,0.21348345966004945,BIG-GAP:check-news 
Emanuel Wilson,RB,SEA,SF,player_rush_yds,60.5,48.16716145009252,17,,,2,True,00-0038797,2026-10-11T20:25:00Z,"[{""w"": ""25W17"", ""opp"": ""BAL"", ""v"": 16.0, ""cur"": false}, {""w"": ""25W18"", ""opp"": ""MIN"", ""v"": 44.0, ""cur"": false}, {""w"": ""W1"", ""opp"": ""NE"", ""v"": 3.0, ""cur"": true}, {""w"": ""W2"", ""opp"": ""ARI"", ""v"": 92.0, ""cur"": true}, {""w"": ""W3"", ""opp"": ""WAS"", ""v"": 14.0, ""cur"": true}, {""w"": ""W4"", ""opp"": ""LAC"", ""v"": 81.0, ""cur"": true}]",Under,0.7129507931695618,0.5,0.5789380642006371,1.88,betonlineag,0.08840356069719768,0.02,0.21295079316956178,BIG-GAP:check-news 
Dalton Kincaid,TE,BUF,LA,player_receptions,4.5,3.074336448836846,16,,,5,True,00-0038933,2026-10-13T00:15:00Z,"[{""w"": ""25W16"", ""opp"": ""CLE"", ""v"": 0.0, ""cur"": false}, {""w"": ""25W18"", ""opp"": ""NYJ"", ""v"": 3.0, ""cur"": false}, {""w"": ""W1"", ""opp"": ""HOU"", ""v"": 5.0, ""cur"": true}, {""w"": ""W2"", ""opp"": ""DET"", ""v"": 7.0, ""cur"": true}, {""w"": ""W3"", ""opp"": ""LAC"", ""v"": 2.0, ""cur"": true}, {""w"": ""W4"", ""opp"": ""NE"", ""v"": 1.0, ""cur"": true}]",Under,0.7749937366556474,0.5729166666666666,0.6510820950315878,1.67,bovada,0.0873070987027516,0.02,0.20207706998898078,BIG-GAP:check-news 
Jameis Winston,QB,NYG,WAS,player_pass_yds,202.5,166.32463435417554,6,,,1,True,00-0031503,2026-10-11T17:00:00Z,"[{""w"": ""25W11"", ""opp"": ""GB"", ""v"": 201.0, ""cur"": false}, {""w"": ""25W12"", ""opp"": ""DET"", ""v"": 366.0, ""cur"": false}, {""w"": ""25W15"", ""opp"": ""WAS"", ""v"": 0.0, ""cur"": false}, {""w"": ""W2"", ""opp"": ""LA"", ""v"": 111.0, ""cur"": true}, {""w"": ""W3"", ""opp"": ""TEN"", ""v"": 118.0, ""cur"": true}, {""w"": ""W4"", ""opp"": ""ARI"", ""v"": 250.0, ""cur"": true}]",Under,0.7167829617003076,0.5,0.5805412939435732,1.87,betrivers,0.08561221967448196,0.02,0.21678296170030764,BIG-GAP:check-news 
Kyler Murray,QB,MIN,NO,player_pass_yds,212.5,178.25835769474133,8,,,2,True,00-0035228,2026-10-11T17:00:00Z,"[{""w"": ""25W3"", ""opp"": ""SF"", ""v"": 159.0, ""cur"": false}, {""w"": ""25W4"", ""opp"": ""SEA"", ""v"": 200.0, ""cur"": false}, {""w"": ""25W5"", ""opp"": ""TEN"", ""v"": 220.0, ""cur"": false}, {""w"": ""W1"", ""opp"": ""GB"", ""v"": 18.0, ""cur"": true}, {""w"": ""W3"", ""opp"": ""TB"", ""v"": 168.0, ""cur"": true}, {""w"": ""W4"", ""opp"": ""MIA"", ""v"": 247.0, ""cur"": true}]",Under,0.7072895513045099,0.5,0.5765898093189917,1.88,betonlineag,0.08398884151970443,0.02,0.20728955130450988,BIG-GAP:check-news 
Xavier Hutchinson,WR,HOU,TEN,player_receptions,1.5,2.917938985664265,17,,,2,True,00-0038618,2026-10-11T17:00:00Z,"[{""w"": ""25W17"", ""opp"": ""LAC"", ""v"": 2.0, ""cur"": false}, {""w"": ""25W18"", ""opp"": ""IND"", ""v"": 5.0, ""cur"": false}, {""w"": ""W1"", ""opp"": ""BUF"", ""v"": 3.0, ""cur"": true}, {""w"": ""W2"", ""opp"": ""CIN"", ""v"": 3.0, ""cur"": true}, {""w"": ""W3"", ""opp"": ""IND"", ""v"": 3.0, ""cur"": true}, {""w"": ""W4"", ""opp"": ""DAL"", ""v"": 3.0, ""cur"": true}]",Over,0.7882400217069344,0.5718035245594302,0.6565620743333427,1.65,draftkings,0.08332742265001536,0.02,0.21643649714750424,BIG-GAP:check-news 
Troy Franklin,WR,DEN,LAC,player_receptions,1.5,1.1984919248395618,17,,,5,True,00-0039868,2026-10-11T20:05:00Z,"[{""w"": ""25W16"", ""opp"": ""JAX"", ""v"": 4.0, ""cur"": false}, {""w"": ""25W17"", ""opp"": ""KC"", ""v"": 4.0, ""cur"": false}, {""w"": ""25W18"", ""opp"": ""LAC"", ""v"": 0.0, ""cur"": false}, {""w"": ""W1"", ""opp"": ""KC"", ""v"": 0.0, ""cur"": true}, {""w"": ""W2"", ""opp"": ""JAX"", ""v"": 1.0, ""cur"": true}, {""w"": ""W3"", ""opp"": ""LA"", ""v"": 1.0, ""cur"": true}]",Under,0.6762844722546503,0.5157619485739189,0.5741630003807092,1.88,betonlineag,0.07942644071573324,0.02,0.1605225236807314,BIG-GAP:check-news 
Josh Allen,QB,BUF,LA,player_rush_yds,36.5,31.187217977287094,17,,,4,True,00-0034857,2026-10-13T00:15:00Z,"[{""w"": ""25W16"", ""opp"": ""CLE"", ""v"": 17.0, ""cur"": false}, {""w"": ""25W17"", ""opp"": ""PHI"", ""v"": 27.0, ""cur"": false}, {""w"": ""W1"", ""opp"": ""HOU"", ""v"": 23.0, ""cur"": true}, {""w"": ""W2"", ""opp"": ""DET"", ""v"": 69.0, ""cur"": true}, {""w"": ""W3"", ""opp"": ""LAC"", ""v"": 22.0, ""cur"": true}, {""w"": ""W4"", ""opp"": ""NE"", ""v"": 4.0, ""cur"": true}]",Under,0.6795387544120535,0.49867021276595747,0.5645431389977763,1.91,draftkings,0.07827739548575274,0.02,0.180868541646096,BIG-GAP:check-news 
Tucker Kraft,TE,GB,CHI,player_reception_yds,50.5,41.99715851166777,12,,,2,True,00-0038996,2026-10-11T17:00:00Z,"[{""w"": ""25W8"", ""opp"": ""PIT"", ""v"": 143.0, ""cur"": false}, {""w"": ""25W9"", ""opp"": ""CAR"", ""v"": 20.0, ""cur"": false}, {""w"": ""W1"", ""opp"": ""MIN"", ""v"": 65.0, ""cur"": true}, {""w"": ""W2"", ""opp"": ""NYJ"", ""v"": 15.0, ""cur"": true}, {""w"": ""W3"", ""opp"": ""ATL"", ""v"": 26.0, ""cur"": true}, {""w"": ""W4"", ""opp"": ""TB"", ""v"": 42.0, ""cur"": true}]",Under,0.6925646626082963,0.5086457466171885,0.5760866646243616,1.87,draftkings,0.07728206284755634,0.02,0.18391891599110777,BIG-GAP:check-news 
Kyle Pitts,TE,ATL,BAL,player_receptions,2.5,2.142846153155358,17,,,6,True,00-0036970,2026-10-12T00:20:00Z,"[{""w"": ""25W17"", ""opp"": ""LA"", ""v"": 2.0, ""cur"": false}, {""w"": ""25W18"", ""opp"": ""NO"", ""v"": 6.0, ""cur"": false}, {""w"": ""W1"", ""opp"": ""PIT"", ""v"": 0.0, ""cur"": true}, {""w"": ""W2"", ""opp"": ""CAR"", ""v"": 1.0, ""cur"": true}, {""w"": ""W3"", ""opp"": ""GB"", ""v"": 1.0, ""cur"": true}, {""w"": ""W4"", ""opp"": ""NO"", ""v"": 3.0, ""cur"": true}]",Under,0.656335702737109,0.5498670212765957,0.5882024167701381,1.83,betmgm,0.07641042268935283,0.02,0.10646868146051325,
Josh Allen,QB,BUF,LA,player_rush_yds,38.5,31.187217977287094,17,,,1,True,00-0034857,2026-10-13T00:15:00Z,"[{""w"": ""25W16"", ""opp"": ""CLE"", ""v"": 17.0, ""cur"": false}, {""w"": ""25W17"", ""opp"": ""PHI"", ""v"": 27.0, ""cur"": false}, {""w"": ""W1"", ""opp"": ""HOU"", ""v"": 23.0, ""cur"": true}, {""w"": ""W2"", ""opp"": ""DET"", ""v"": 69.0, ""cur"": true}, {""w"": ""W3"", ""opp"": ""LAC"", ""v"": 22.0, ""cur"": true}, {""w"": ""W4"", ""opp"": ""NE"", ""v"": 4.0, ""cur"": true}]",Under,0.704776706147308,0.5,0.5755549509961627,1.87,betmgm,0.07628775836282431,0.02,0.20477670614730803,BIG-GAP:check-news 
Garrett Wilson,WR,NYJ,CLE,player_reception_yds,69.5,58.97019341019723,11,,,5,True,00-0037740,2026-10-11T17:00:00Z,"[{""w"": ""25W6"", ""opp"": ""DEN"", ""v"": 13.0, ""cur"": false}, {""w"": ""25W10"", ""opp"": ""CLE"", ""v"": 0.0, ""cur"": false}, {""w"": ""W1"", ""opp"": ""TEN"", ""v"": 79.0, ""cur"": true}, {""w"": ""W2"", ""opp"": ""GB"", ""v"": 57.0, ""cur"": true}, {""w"": ""W3"", ""opp"": ""DET"", ""v"": 107.0, ""cur"": true}, {""w"": ""W4"", ""opp"": ""CHI"", ""v"": 27.0, ""cur"": true}]",Under,0.6821456150245775,0.5,0.5664243943906395,1.9,draftkings,0.07620634934221504,0.02,0.1821456150245775,BIG-GAP:check-news 
Justice Hill,RB,BAL,ATL,player_rush_yds,11.5,10.498531686166638,14,,,2,True,00-0034975,2026-10-12T00:20:00Z,"[{""w"": ""25W10"", ""opp"": ""MIN"", ""v"": 1.0, ""cur"": false}, {""w"": ""25W12"", ""opp"": ""NYJ"", ""v"": 0.0, ""cur"": false}, {""w"": ""W1"", ""opp"": ""IND"", ""v"": 18.0, ""cur"": true}, {""w"": ""W2"", ""opp"": ""NO"", ""v"": 6.0, ""cur"": true}, {""w"": ""W3"", ""opp"": ""DAL"", ""v"": 33.0, ""cur"": true}, {""w"": ""W4"", ""opp"": ""TEN"", ""v"": 3.0, ""cur"": true}]",Under,0.6798476039206752,0.4960106382978724,0.5629645824755057,1.91,betonlineag,0.07526235252821589,0.02,0.18383696562280283,BIG-GAP:check-news 
Bhayshul Tuten,RB,JAX,PHI,player_receptions,1.5,1.1139465408272307,17,,,5,True,00-0040719,2026-10-11T13:30:00Z,"[{""w"": ""25W15"", ""opp"": ""NYJ"", ""v"": 1.0, ""cur"": false}, {""w"": ""25W18"", ""opp"": ""TEN"", ""v"": 0.0, ""cur"": false}, {""w"": ""W1"", ""opp"": ""CLE"", ""v"": 1.0, ""cur"": true}, {""w"": ""W2"", ""opp"": ""DEN"", ""v"": 2.0, ""cur"": true}, {""w"": ""W3"", ""opp"": ""NE"", ""v"": 2.0, ""cur"": true}, {""w"": ""W4"", ""opp"": ""CIN"", ""v"": 2.0, ""cur"": true}]",Under,0.6939280907489531,0.5,0.5711370743253134,1.88,betonlineag,0.07373769973158906,0.02,0.19392809074895312,BIG-GAP:check-news 
Jaylen Waddle,WR,DEN,LAC,player_receptions,4.5,3.7304554375229193,17,,,6,True,00-0036613,2026-10-11T20:05:00Z,"[{""w"": ""25W16"", ""opp"": ""CIN"", ""v"": 5.0, ""cur"": false}, {""w"": ""25W17"", ""opp"": ""TB"", ""v"": 0.0, ""cur"": false}, {""w"": ""W1"", ""opp"": ""KC"", ""v"": 1.0, ""cur"": true}, {""w"": ""W2"", ""opp"": ""JAX"", ""v"": 8.0, ""cur"": true}, {""w"": ""W3"", ""opp"": ""LA"", ""v"": 2.0, ""cur"": true}, {""w"": ""W4"", ""opp"": ""SF"", ""v"": 5.0, ""cur"": true}]",Under,0.6742989978362275,0.5119965297531004,0.5709895936205466,1.88,fanduel,0.07346043600662766,0.02,0.1623024680831271,BIG-GAP:check-news 
Jahmyr Gibbs,RB,DET,ARI,player_rush_yds,92.5,78.20618885443969,17,,,2,True,00-0039139,2026-10-11T20:25:00Z,"[{""w"": ""25W17"", ""opp"": ""MIN"", ""v"": 41.0, ""cur"": false}, {""w"": ""25W18"", ""opp"": ""CHI"", ""v"": 80.0, ""cur"": false}, {""w"": ""W1"", ""opp"": ""NO"", ""v"": 156.0, ""cur"": true}, {""w"": ""W2"", ""opp"": ""BUF"", ""v"": 52.0, ""cur"": true}, {""w"": ""W3"", ""opp"": ""NYJ"", ""v"": 99.0, ""cur"": true}, {""w"": ""W4"", ""opp"": ""CAR"", ""v"": 46.0, ""cur"": true}]",Under,0.6841350344279057,0.5,0.5672142217957244,1.89,draftkings,0.07203487919391915,0.02,0.18413503442790569,BIG-GAP:check-news 
Brock Bowers,TE,LV,NE,player_receptions,6.5,5.963779458851509,14,,,6,True,00-0039338,2026-10-11T17:00:00Z,"[{""w"": ""25W13"", ""opp"": ""LAC"", ""v"": 4.0, ""cur"": false}, {""w"": ""25W14"", ""opp"": ""DEN"", ""v"": 4.0, ""cur"": false}, {""w"": ""25W15"", ""opp"": ""PHI"", ""v"": 6.0, ""cur"": false}, {""w"": ""25W16"", ""opp"": ""HOU"", ""v"": 5.0, ""cur"": false}, {""w"": ""W3"", ""opp"": ""NO"", ""v"": 10.0, ""cur"": true}, {""w"": ""W4"", ""opp"": ""KC"", ""v"": 6.0, ""cur"": true}]",Under,0.6122944199978764,0.4734776856032763,0.5227132695306599,2.05,bovada,0.07156220253785273,0.0170386196518697,0.13881673439460007,
Garrett Wilson,WR,NYJ,CLE,player_receptions,6.5,4.976327093280895,11,,,5,True,00-0037740,2026-10-11T17:00:00Z,"[{""w"": ""25W6"", ""opp"": ""DEN"", ""v"": 3.0, ""cur"": false}, {""w"": ""25W10"", ""opp"": ""CLE"", ""v"": 0.0, ""cur"": false}, {""w"": ""W1"", ""opp"": ""TEN"", ""v"": 6.0, ""cur"": true}, {""w"": ""W2"", ""opp"": ""GB"", ""v"": 5.0, ""cur"": true}, {""w"": ""W3"", ""opp"": ""DET"", ""v"": 10.0, ""cur"": true}, {""w"": ""W4"", ""opp"": ""CHI"", ""v"": 3.0, ""cur"": true}]",Under,0.7356922072673822,0.554089709762533,0.622337089861686,1.72,draftkings,0.0704197945620999,0.02,0.18160249750484914,BIG-GAP:check-news 
Kyle Pitts,TE,ATL,BAL,player_reception_yds,24.5,23.20756350473726,17,,,6,True,00-0036970,2026-10-12T00:20:00Z,"[{""w"": ""25W17"", ""opp"": ""LA"", ""v"": 16.0, ""cur"": false}, {""w"": ""25W18"", ""opp"": ""NO"", ""v"": 58.0, ""cur"": false}, {""w"": ""W1"", ""opp"": ""PIT"", ""v"": 0.0, ""cur"": true}, {""w"": ""W2"", ""opp"": ""CAR"", ""v"": 15.0, ""cur"": true}, {""w"": ""W3"", ""opp"": ""GB"", ""v"": 5.0, ""cur"": true}, {""w"": ""W4"", ""opp"": ""NO"", ""v"": 47.0, ""cur"": true}]",Under,0.6623679490297991,0.5020107238605898,0.5599799023719988,1.91,betmgm,0.06956161353051771,0.019110333387504865,0.16035722516920936,BIG-GAP:check-news 
Jahmyr Gibbs,RB,DET,ARI,player_rush_yds,94.5,78.20618885443969,17,,,1,True,00-0039139,2026-10-11T20:25:00Z,"[{""w"": ""25W17"", ""opp"": ""MIN"", ""v"": 41.0, ""cur"": false}, {""w"": ""25W18"", ""opp"": ""CHI"", ""v"": 80.0, ""cur"": false}, {""w"": ""W1"", ""opp"": ""NO"", ""v"": 156.0, ""cur"": true}, {""w"": ""W2"", ""opp"": ""BUF"", ""v"": 52.0, ""cur"": true}, {""w"": ""W3"", ""opp"": ""NYJ"", ""v"": 99.0, ""cur"": true}, {""w"": ""W4"", ""opp"": ""CAR"", ""v"": 46.0, ""cur"": true}]",Under,0.6956872235028199,0.5,0.571848121137314,1.87,betmgm,0.06935598652677721,0.01992988118585552,0.19568722350281986,BIG-GAP:check-news 
Josh Cameron,WR,JAX,PHI,player_receptions,1.5,1.0077168150970273,4,,,5,True,00-0041100,2026-10-11T13:30:00Z,"[{""w"": ""W1"", ""opp"": ""CLE"", ""v"": 2.0, ""cur"": true}, {""w"": ""W2"", ""opp"": ""DEN"", ""v"": 0.0, ""cur"": true}, {""w"": ""W3"", ""opp"": ""NE"", ""v"": 1.0, ""cur"": true}, {""w"": ""W4"", ""opp"": ""CIN"", ""v"": 2.0, ""cur"": true}]",Under,0.7329201950166959,0.5912596401028277,0.6441185398126091,1.66,fanduel,0.06923677608893114,0.02,0.1416605549138682,
George Holani,RB,SEA,SF,player_rush_yds,20.5,17.419867197369527,14,,,1,True,00-0039299,2026-10-11T20:25:00Z,"[{""w"": ""25W10"", ""opp"": ""ARI"", ""v"": 31.0, ""cur"": false}, {""w"": ""25W11"", ""opp"": ""LA"", ""v"": 6.0, ""cur"": false}, {""w"": ""W1"", ""opp"": ""NE"", ""v"": 29.0, ""cur"": true}, {""w"": ""W2"", ""opp"": ""ARI"", ""v"": 13.0, ""cur"": true}, {""w"": ""W3"", ""opp"": ""WAS"", ""v"": 10.0, ""cur"": true}, {""w"": ""W4"", ""opp"": ""LAC"", ""v"": 18.0, ""cur"": true}]",Under,0.6816100029582072,0.48930481283422467,0.5593689787495173,1.91,betmgm,0.06839474941157797,0.01878976632186208,0.1923051901239825,BIG-GAP:check-news 
Drake London,WR,ATL,BAL,player_receptions,5.5,4.978223268482991,16,,,3,True,00-0037238,2026-10-12T00:20:00Z,"[{""w"": ""25W17"", ""opp"": ""LA"", ""v"": 1.0, ""cur"": false}, {""w"": ""25W18"", ""opp"": ""NO"", ""v"": 4.0, ""cur"": false}, {""w"": ""W1"", ""opp"": ""PIT"", ""v"": 2.0, ""cur"": true}, {""w"": ""W2"", ""opp"": ""CAR"", ""v"": 4.0, ""cur"": true}, {""w"": ""W3"", ""opp"": ""GB"", ""v"": 9.0, ""cur"": true}, {""w"": ""W4"", ""opp"": ""NO"", ""v"": 5.0, ""cur"": true}]",Under,0.6218928090753896,0.445910290237467,0.5082419472071757,2.1,bovada,0.06730808913506914,0.015297292985242985,0.1759825188379226,BIG-GAP:check-news 
David Montgomery,RB,HOU,TEN,player_rush_yds,46.5,39.50651807746873,17,,,1,True,00-0035685,2026-10-11T17:00:00Z,"[{""w"": ""25W17"", ""opp"": ""MIN"", ""v"": 25.0, ""cur"": false}, {""w"": ""25W18"", ""opp"": ""CHI"", ""v"": 42.0, ""cur"": false}, {""w"": ""W1"", ""opp"": ""BUF"", ""v"": 60.0, ""cur"": true}, {""w"": ""W2"", ""opp"": ""CIN"", ""v"": 10.0, ""cur"": true}, {""w"": ""W3"", ""opp"": ""IND"", ""v"": 33.0, ""cur"": true}, {""w"": ""W4"", ""opp"": ""DAL"", ""v"": 24.0, ""cur"": true}]",Under,0.6846447204746244,0.5,0.5674169491341811,1.88,fanduel,0.06674386437226032,0.018961325105755773,0.18464472047462444,BIG-GAP:check-news 
Geno Smith,QB,NYJ,CLE,player_rush_yds,11.5,9.595328198876482,17,,,1,True,00-0030565,2026-10-11T17:00:00Z,"[{""w"": ""25W16"", ""opp"": ""HOU"", ""v"": 0.0, ""cur"": false}, {""w"": ""25W17"", ""opp"": ""NYG"", ""v"": 1.0, ""cur"": false}, {""w"": ""W1"", ""opp"": ""TEN"", ""v"": 7.0, ""cur"": true}, {""w"": ""W2"", ""opp"": ""GB"", ""v"": 17.0, ""cur"": true}, {""w"": ""W3"", ""opp"": ""DET"", ""v"": 12.0, ""cur"": true}, {""w"": ""W4"", ""opp"": ""CHI"", ""v"": 0.0, ""cur"": true}]",Under,0.6916895965148999,0.5,0.570235138882617,1.87,betrivers,0.06633970971049385,0.01906313497427984,0.19168959651489992,BIG-GAP:check-news 
CeeDee Lamb,WR,DAL,TB,player_receptions,6.5,7.306643476526636,17,Full,,5,True,00-0036358,2026-10-09T00:15:00Z,"[{""w"": ""25W17"", ""opp"": ""WAS"", ""v"": 5.0, ""cur"": false}, {""w"": ""25W18"", ""opp"": ""NYG"", ""v"": 1.0, ""cur"": false}, {""w"": ""W1"", ""opp"": ""NYG"", ""v"": 5.0, ""cur"": true}, {""w"": ""W2"", ""opp"": ""WAS"", ""v"": 8.0, ""cur"": true}, {""w"": ""W3"", ""opp"": ""BAL"", ""v"": 7.0, ""cur"": true}, {""w"": ""W4"", ""opp"": ""HOU"", ""v"": 17.0, ""cur"": true}]",Over,0.5080082045777021,0.48930481283422456,0.4958502743703336,2.15,betrivers,0.06607808989621711,0.014364802151351545,0.01870339174347757,
Brock Bowers,TE,LV,NE,player_reception_yds,73.5,62.298270604571606,14,,,4,True,00-0039338,2026-10-11T17:00:00Z,"[{""w"": ""25W13"", ""opp"": ""LAC"", ""v"": 63.0, ""cur"": false}, {""w"": ""25W14"", ""opp"": ""DEN"", ""v"": 46.0, ""cur"": false}, {""w"": ""25W15"", ""opp"": ""PHI"", ""v"": 28.0, ""cur"": false}, {""w"": ""25W16"", ""opp"": ""HOU"", ""v"": 33.0, ""cur"": false}, {""w"": ""W3"", ""opp"": ""NO"", ""v"": 116.0, ""cur"": true}, {""w"": ""W4"", ""opp"": ""KC"", ""v"": 86.0, ""cur"": true}]",Under,0.6837018572478131,0.5,0.5670420465372125,1.88,betonlineag,0.06603904748995937,0.01876109303692028,0.18370185724781307,BIG-GAP:check-news 
Tucker Kraft,TE,GB,CHI,player_reception_yds,49.5,41.99715851166777,12,,,3,True,00-0038996,2026-10-11T17:00:00Z,"[{""w"": ""25W8"", ""opp"": ""PIT"", ""v"": 143.0, ""cur"": false}, {""w"": ""25W9"", ""opp"": ""CAR"", ""v"": 20.0, ""cur"": false}, {""w"": ""W1"", ""opp"": ""MIN"", ""v"": 65.0, ""cur"": true}, {""w"": ""W2"", ""opp"": ""NYJ"", ""v"": 15.0, ""cur"": true}, {""w"": ""W3"", ""opp"": ""ATL"", ""v"": 26.0, ""cur"": true}, {""w"": ""W4"", ""opp"": ""TB"", ""v"": 42.0, ""cur"": true}]",Under,0.6832713983645099,0.5,0.5668710611761706,1.88,betonlineag,0.06571759501120067,0.018669771310000194,0.1832713983645099,BIG-GAP:check-news 
Kenny Gainwell,RB,TB,DAL,player_receptions,1.5,2.824324856861661,17,,,5,True,00-0036919,2026-10-09T00:15:00Z,"[{""w"": ""25W17"", ""opp"": ""CLE"", ""v"": 3.0, ""cur"": false}, {""w"": ""25W18"", ""opp"": ""BAL"", ""v"": 8.0, ""cur"": false}, {""w"": ""W1"", ""opp"": ""CIN"", ""v"": 1.0, ""cur"": true}, {""w"": ""W2"", ""opp"": ""CLE"", ""v"": 3.0, ""cur"": true}, {""w"": ""W3"", ""opp"": ""MIN"", ""v"": 2.0, ""cur"": true}, {""w"": ""W4"", ""opp"": ""GB"", ""v"": 2.0, ""cur"": true}]",Over,0.733591080360436,0.5871794871794872,0.6418788483899587,1.66,betrivers,0.06551888832733138,0.02,0.14641159318094876,
Jaylen Waddle,WR,DEN,LAC,player_reception_yds,51.5,47.59892566359944,17,,,1,True,00-0036613,2026-10-11T20:05:00Z,"[{""w"": ""25W16"", ""opp"": ""CIN"", ""v"": 72.0, ""cur"": false}, {""w"": ""25W17"", ""opp"": ""TB"", ""v"": 0.0, ""cur"": false}, {""w"": ""W1"", ""opp"": ""KC"", ""v"": 2.0, ""cur"": true}, {""w"": ""W2"", ""opp"": ""JAX"", ""v"": 138.0, ""cur"": true}, {""w"": ""W3"", ""opp"": ""LA"", ""v"": 10.0, ""cur"": true}, {""w"": ""W4"", ""opp"": ""SF"", ""v"": 35.0, ""cur"": true}]",Under,0.6532293951347035,0.4652406417112299,0.5327337052092871,2.0,betmgm,0.06546741041857418,0.016366852604643545,0.18798875342347354,BIG-GAP:check-news 
Keenan Allen,WR,IND,PIT,player_reception_yds,26.5,43.14684897914815,17,Limited,,3,True,00-0030279,2026-10-11T17:00:00Z,"[{""w"": ""25W16"", ""opp"": ""DAL"", ""v"": 44.0, ""cur"": false}, {""w"": ""25W17"", ""opp"": ""HOU"", ""v"": 17.0, ""cur"": false}, {""w"": ""25W18"", ""opp"": ""DEN"", ""v"": 36.0, ""cur"": false}, {""w"": ""W1"", ""opp"": ""BAL"", ""v"": 32.0, ""cur"": true}, {""w"": ""W2"", ""opp"": ""KC"", ""v"": 5.0, ""cur"": true}, {""w"": ""W3"", ""opp"": ""HOU"", ""v"": 63.0, ""cur"": true}]",Over,0.6729912901783733,0.5106382978723405,0.569613569743787,1.87,draftkings,0.0651773754208817,0.018729130868069453,0.16235299230603284,BIG-GAP:check-news 
Justin Herbert,QB,LAC,DEN,player_rush_yds,26.5,22.85785648618686,17,,,3,True,00-0036355,2026-10-11T20:05:00Z,"[{""w"": ""25W16"", ""opp"": ""DAL"", ""v"": 42.0, ""cur"": false}, {""w"": ""25W17"", ""opp"": ""HOU"", ""v"": 37.0, ""cur"": false}, {""w"": ""W1"", ""opp"": ""ARI"", ""v"": 29.0, ""cur"": true}, {""w"": ""W2"", ""opp"": ""LV"", ""v"": 2.0, ""cur"": true}, {""w"": ""W3"", ""opp"": ""BUF"", ""v"": 17.0, ""cur"": true}, {""w"": ""W4"", ""opp"": ""SEA"", ""v"": 40.0, ""cur"": true}]",Under,0.6778869649909864,0.5026455026455026,0.566431334645856,1.88,draftkings,0.06489090913420931,0.018434917367673102,0.17524146234548388,BIG-GAP:check-news 
Jameson Williams,WR,DET,ARI,player_receptions,3.5,4.295348788415159,17,,,6,True,00-0037240,2026-10-11T20:25:00Z,"[{""w"": ""25W17"", ""opp"": ""MIN"", ""v"": 2.0, ""cur"": false}, {""w"": ""25W18"", ""opp"": ""CHI"", ""v"": 6.0, ""cur"": false}, {""w"": ""W1"", ""opp"": ""NO"", ""v"": 4.0, ""cur"": true}, {""w"": ""W2"", ""opp"": ""BUF"", ""v"": 2.0, ""cur"": true}, {""w"": ""W3"", ""opp"": ""NYJ"", ""v"": 4.0, ""cur"": true}, {""w"": ""W4"", ""opp"": ""CAR"", ""v"": 6.0, ""cur"": true}]",Over,0.6048740589125523,0.5310205221276002,0.5571966784839358,1.91,betrivers,0.06424565590431747,0.017649905468219085,0.0738535367849521,
Garrett Wilson,WR,NYJ,CLE,player_receptions,5.5,4.976327093280895,11,,,1,True,00-0037740,2026-10-11T17:00:00Z,"[{""w"": ""25W6"", ""opp"": ""DEN"", ""v"": 3.0, ""cur"": false}, {""w"": ""25W10"", ""opp"": ""CLE"", ""v"": 0.0, ""cur"": false}, {""w"": ""W1"", ""opp"": ""TEN"", ""v"": 6.0, ""cur"": true}, {""w"": ""W2"", ""opp"": ""GB"", ""v"": 5.0, ""cur"": true}, {""w"": ""W3"", ""opp"": ""DET"", ""v"": 10.0, ""cur"": true}, {""w"": ""W4"", ""opp"": ""CHI"", ""v"": 3.0, ""cur"": true}]",Under,0.622924712042209,0.442970822281167,0.5066919406121612,2.1,betmgm,0.0640530752855385,0.014557517110349657,0.17995388976104199,BIG-GAP:check-news 
Drake London,WR,ATL,BAL,player_receptions,6.5,4.978223268482991,16,,,3,True,00-0037238,2026-10-12T00:20:00Z,"[{""w"": ""25W17"", ""opp"": ""LA"", ""v"": 1.0, ""cur"": false}, {""w"": ""25W18"", ""opp"": ""NO"", ""v"": 4.0, ""cur"": false}, {""w"": ""W1"", ""opp"": ""PIT"", ""v"": 2.0, ""cur"": true}, {""w"": ""W2"", ""opp"": ""CAR"", ""v"": 4.0, ""cur"": true}, {""w"": ""W3"", ""opp"": ""GB"", ""v"": 9.0, ""cur"": true}, {""w"": ""W4"", ""opp"": ""NO"", ""v"": 5.0, ""cur"": true}]",Under,0.7383540046675374,0.5876288659793814,0.6441248292422713,1.65,betmgm,0.06280596824974771,0.02,0.15072513868815607,BIG-GAP:check-news 
Matthew Golden,WR,GB,CHI,player_reception_yds,56.5,48.378959633343534,17,,,4,True,00-0040667,2026-10-11T17:00:00Z,"[{""w"": ""25W17"", ""opp"": ""BAL"", ""v"": 12.0, ""cur"": false}, {""w"": ""25W18"", ""opp"": ""MIN"", ""v"": 8.0, ""cur"": false}, {""w"": ""W1"", ""opp"": ""MIN"", ""v"": 95.0, ""cur"": true}, {""w"": ""W2"", ""opp"": ""NYJ"", ""v"": 58.0, ""cur"": true}, {""w"": ""W3"", ""opp"": ""ATL"", ""v"": 100.0, ""cur"": true}, {""w"": ""W4"", ""opp"": ""TB"", ""v"": 21.0, ""cur"": true}]",Under,0.6789914464741045,0.5,0.5651768431236761,1.88,betrivers,0.06253246507251103,0.01776490485014518,0.17899144647410448,BIG-GAP:check-news 
Kyren Williams,RB,LA,BUF,player_receptions,2.5,4.5655349596732515,17,,,6,True,00-0037840,2026-10-13T00:15:00Z,"[{""w"": ""25W17"", ""opp"": ""ATL"", ""v"": 3.0, ""cur"": false}, {""w"": ""25W18"", ""opp"": ""ARI"", ""v"": 3.0, ""cur"": false}, {""w"": ""W1"", ""opp"": ""SF"", ""v"": 3.0, ""cur"": true}, {""w"": ""W2"", ""opp"": ""NYG"", ""v"": 2.0, ""cur"": true}, {""w"": ""W3"", ""opp"": ""DEN"", ""v"": 6.0, ""cur"": true}, {""w"": ""W4"", ""opp"": ""PHI"", ""v"": 10.0, ""cur"": true}]",Over,0.7088302694138332,0.575699628455534,0.6247460571526587,1.7,betrivers,0.062068297159519836,0.02,0.13313064095829918,
Sam Darnold,QB,SEA,SF,player_pass_yds,227.5,195.48562068731982,17,,,4,True,00-0034869,2026-10-11T20:25:00Z,"[{""w"": ""25W16"", ""opp"": ""LA"", ""v"": 270.0, ""cur"": false}, {""w"": ""25W17"", ""opp"": ""CAR"", ""v"": 147.0, ""cur"": false}, {""w"": ""25W18"", ""opp"": ""SF"", ""v"": 198.0, ""cur"": false}, {""w"": ""W1"", ""opp"": ""NE"", ""v"": 13.0, ""cur"": true}, {""w"": ""W3"", ""opp"": ""WAS"", ""v"": 379.0, ""cur"": true}, {""w"": ""W4"", ""opp"": ""LAC"", ""v"": 168.0, ""cur"": true}]",Under,0.6780618264809855,0.5,0.5648102359159356,1.88,betonlineag,0.06184324352195886,0.01756910327328377,0.17806182648098545,BIG-GAP:check-news 
Ashton Jeanty,RB,LV,NE,player_receptions,3.5,4.2327547340837635,17,,,6,True,00-0040122,2026-10-11T17:00:00Z,"[{""w"": ""25W17"", ""opp"": ""NYG"", ""v"": 2.0, ""cur"": false}, {""w"": ""25W18"", ""opp"": ""KC"", ""v"": 3.0, ""cur"": false}, {""w"": ""W1"", ""opp"": ""MIA"", ""v"": 6.0, ""cur"": true}, {""w"": ""W2"", ""opp"": ""LAC"", ""v"": 4.0, ""cur"": true}, {""w"": ""W3"", ""opp"": ""NO"", ""v"": 3.0, ""cur"": true}, {""w"": ""W4"", ""opp"": ""KC"", ""v"": 6.0, ""cur"": true}]",Over,0.6026453468835792,0.48335815602836885,0.525600119487595,2.02,betrivers,0.06171224136494191,0.015125549354152428,0.11928719085521033,
Troy Franklin,WR,DEN,LAC,player_reception_yds,18.5,16.475408989548093,17,,,3,True,00-0039868,2026-10-11T20:05:00Z,"[{""w"": ""25W16"", ""opp"": ""JAX"", ""v"": 66.0, ""cur"": false}, {""w"": ""25W17"", ""opp"": ""KC"", ""v"": 17.0, ""cur"": false}, {""w"": ""25W18"", ""opp"": ""LAC"", ""v"": 0.0, ""cur"": false}, {""w"": ""W1"", ""opp"": ""KC"", ""v"": 0.0, ""cur"": true}, {""w"": ""W2"", ""opp"": ""JAX"", ""v"": 27.0, ""cur"": true}, {""w"": ""W3"", ""opp"": ""LA"", ""v"": 21.0, ""cur"": true}]",Under,0.6773037981432191,0.5,0.5645116570484701,1.88,betonlineag,0.06128191525112364,0.017409635014523764,0.17730379814321906,BIG-GAP:check-news 
Bijan Robinson,RB,ATL,BAL,player_reception_yds,26.5,25.867387837708183,17,,,4,True,00-0038542,2026-10-12T00:20:00Z,"[{""w"": ""25W17"", ""opp"": ""LA"", ""v"": 34.0, ""cur"": false}, {""w"": ""25W18"", ""opp"": ""NO"", ""v"": 10.0, ""cur"": false}, {""w"": ""W1"", ""opp"": ""PIT"", ""v"": 90.0, ""cur"": true}, {""w"": ""W2"", ""opp"": ""CAR"", ""v"": 9.0, ""cur"": true}, {""w"": ""W3"", ""opp"": ""GB"", ""v"": 19.0, ""cur"": true}, {""w"": ""W4"", ""opp"": ""NO"", ""v"": 2.0, ""cur"": true}]",Under,0.6512763574984125,0.4967018469656992,0.5523211843071152,1.92,draftkings,0.06045667386966114,0.016428443986320963,0.15457451053271332,BIG-GAP:check-news 
Brock Bowers,TE,LV,NE,player_reception_yds,72.5,62.298270604571606,14,,,2,True,00-0039338,2026-10-11T17:00:00Z,"[{""w"": ""25W13"", ""opp"": ""LAC"", ""v"": 63.0, ""cur"": false}, {""w"": ""25W14"", ""opp"": ""DEN"", ""v"": 46.0, ""cur"": false}, {""w"": ""25W15"", ""opp"": ""PHI"", ""v"": 28.0, ""cur"": false}, {""w"": ""25W16"", ""opp"": ""HOU"", ""v"": 33.0, ""cur"": false}, {""w"": ""W3"", ""opp"": ""NO"", ""v"": 116.0, ""cur"": true}, {""w"": ""W4"", ""opp"": ""KC"", ""v"": 86.0, ""cur"": true}]",Under,0.6756694149481504,0.4993333333333334,0.5634426688267734,1.88,betrivers,0.05927221739433397,0.016838698123390335,0.17633608161481695,BIG-GAP:check-news 
Romeo Doubs,WR,NE,LV,player_reception_yds,52.5,46.010860425096254,17,,,3,True,00-0037816,2026-10-11T17:00:00Z,"[{""w"": ""25W16"", ""opp"": ""CHI"", ""v"": 84.0, ""cur"": false}, {""w"": ""25W17"", ""opp"": ""BAL"", ""v"": 62.0, ""cur"": false}, {""w"": ""W1"", ""opp"": ""SEA"", ""v"": 0.0, ""cur"": true}, {""w"": ""W2"", ""opp"": ""PIT"", ""v"": 96.0, ""cur"": true}, {""w"": ""W3"", ""opp"": ""JAX"", ""v"": 49.0, ""cur"": true}, {""w"": ""W4"", ""opp"": ""BUF"", ""v"": 58.0, ""cur"": true}]",Under,0.6665759180556652,0.5,0.5603194418323292,1.89,draftkings,0.059003745063102075,0.016574085691882606,0.16657591805566518,BIG-GAP:check-news 
Tyler Allgeier,RB,ARI,DET,player_reception_yds,11.5,10.258579976534744,17,,,2,True,00-0037263,2026-10-11T20:25:00Z,"[{""w"": ""25W17"", ""opp"": ""LA"", ""v"": 0.0, ""cur"": false}, {""w"": ""25W18"", ""opp"": ""NO"", ""v"": 3.0, ""cur"": false}, {""w"": ""W1"", ""opp"": ""LAC"", ""v"": 9.0, ""cur"": true}, {""w"": ""W2"", ""opp"": ""SEA"", ""v"": 9.0, ""cur"": true}, {""w"": ""W3"", ""opp"": ""SF"", ""v"": 10.0, ""cur"": true}, {""w"": ""W4"", ""opp"": ""NYG"", ""v"": 7.0, ""cur"": true}]",Under,0.6663507239265827,0.49530831099195716,0.5572244828581963,1.9,betmgm,0.05872651743057289,0.01631292150849247,0.17104241293462552,BIG-GAP:check-news 
Jahmyr Gibbs,RB,DET,ARI,player_rush_yds,90.5,78.20618885443969,17,,,3,True,00-0039139,2026-10-11T20:25:00Z,"[{""w"": ""25W17"", ""opp"": ""MIN"", ""v"": 41.0, ""cur"": false}, {""w"": ""25W18"", ""opp"": ""CHI"", ""v"": 80.0, ""cur"": false}, {""w"": ""W1"", ""opp"": ""NO"", ""v"": 156.0, ""cur"": true}, {""w"": ""W2"", ""opp"": ""BUF"", ""v"": 52.0, ""cur"": true}, {""w"": ""W3"", ""opp"": ""NYJ"", ""v"": 99.0, ""cur"": true}, {""w"": ""W4"", ""opp"": ""CAR"", ""v"": 46.0, ""cur"": true}]",Under,0.6722306553888636,0.5,0.5625215461597531,1.88,betonlineag,0.05754050678033584,0.01634673488077723,0.17223065538886362,BIG-GAP:check-news 
Jalen Hurts,QB,PHI,JAX,player_rush_yds,25.5,22.936553173919705,17,,,2,True,00-0036389,2026-10-11T13:30:00Z,"[{""w"": ""25W16"", ""opp"": ""WAS"", ""v"": 40.0, ""cur"": false}, {""w"": ""25W17"", ""opp"": ""BUF"", ""v"": 5.0, ""cur"": false}, {""w"": ""W1"", ""opp"": ""WAS"", ""v"": 46.0, ""cur"": true}, {""w"": ""W2"", ""opp"": ""TEN"", ""v"": 16.0, ""cur"": true}, {""w"": ""W3"", ""opp"": ""CHI"", ""v"": 25.0, ""cur"": true}, {""w"": ""W4"", ""opp"": ""LA"", ""v"": 18.0, ""cur"": true}]",Under,0.6509499200506659,0.4900349921690912,0.5479059970931984,1.93,draftkings,0.057458574389872896,0.015445853330610994,0.1609149278815747,BIG-GAP:check-news 
Jalen Hurts,QB,PHI,JAX,player_rush_yds,26.5,22.936553173919705,17,,,3,True,00-0036389,2026-10-11T13:30:00Z,"[{""w"": ""25W16"", ""opp"": ""WAS"", ""v"": 40.0, ""cur"": false}, {""w"": ""25W17"", ""opp"": ""BUF"", ""v"": 5.0, ""cur"": false}, {""w"": ""W1"", ""opp"": ""WAS"", ""v"": 46.0, ""cur"": true}, {""w"": ""W2"", ""opp"": ""TEN"", ""v"": 16.0, ""cur"": true}, {""w"": ""W3"", ""opp"": ""CHI"", ""v"": 25.0, ""cur"": true}, {""w"": ""W4"", ""opp"": ""LA"", ""v"": 18.0, ""cur"": true}]",Under,0.6715541847134235,0.5,0.562257228560569,1.88,betonlineag,0.057043589693869745,0.01620556525394027,0.17155418471342354,BIG-GAP:check-news 
Tez Johnson,WR,TB,DAL,player_receptions,1.5,1.4541785038666462,17,,,6,True,00-0040237,2026-10-09T00:15:00Z,"[{""w"": ""25W17"", ""opp"": ""MIA"", ""v"": 2.0, ""cur"": false}, {""w"": ""25W18"", ""opp"": ""CAR"", ""v"": 1.0, ""cur"": false}, {""w"": ""W1"", ""opp"": ""CIN"", ""v"": 0.0, ""cur"": true}, {""w"": ""W2"", ""opp"": ""CLE"", ""v"": 1.0, ""cur"": true}, {""w"": ""W3"", ""opp"": ""MIN"", ""v"": 1.0, ""cur"": true}, {""w"": ""W4"", ""opp"": ""GB"", ""v"": 2.0, ""cur"": true}]",Over,0.42671537920493136,0.4076949881327294,0.41432378527895025,2.55,betrivers,0.05652565246132313,0.009117040719568247,0.019020391072201936,
Matthew Golden,WR,GB,CHI,player_reception_yds,55.5,48.378959633343534,17,,,2,True,00-0040667,2026-10-11T17:00:00Z,"[{""w"": ""25W17"", ""opp"": ""BAL"", ""v"": 12.0, ""cur"": false}, {""w"": ""25W18"", ""opp"": ""MIN"", ""v"": 8.0, ""cur"": false}, {""w"": ""W1"", ""opp"": ""MIN"", ""v"": 95.0, ""cur"": true}, {""w"": ""W2"", ""opp"": ""NYJ"", ""v"": 58.0, ""cur"": true}, {""w"": ""W3"", ""opp"": ""ATL"", ""v"": 100.0, ""cur"": true}, {""w"": ""W4"", ""opp"": ""TB"", ""v"": 21.0, ""cur"": true}]",Under,0.670633259920648,0.5,0.5618977851539056,1.88,betonlineag,0.05636783608934254,0.016013589798108678,0.17063325992064804,BIG-GAP:check-news 
Najee Harris,RB,NYG,WAS,player_rush_yds,33.5,27.76248410151595,6,Did Not Participate In Practice,,1,True,00-0036893,2026-10-11T17:00:00Z,"[{""w"": ""25W1"", ""opp"": ""KC"", ""v"": 5.0, ""cur"": false}, {""w"": ""25W2"", ""opp"": ""LV"", ""v"": 28.0, ""cur"": false}, {""w"": ""25W3"", ""opp"": ""DEN"", ""v"": 28.0, ""cur"": false}, {""w"": ""W2"", ""opp"": ""LA"", ""v"": 6.0, ""cur"": true}, {""w"": ""W3"", ""opp"": ""TEN"", ""v"": 52.0, ""cur"": true}, {""w"": ""W4"", ""opp"": ""ARI"", ""v"": 30.0, ""cur"": true}]",Under,0.6955814619060985,0.5080645161290321,0.5769316795025838,1.83,betrivers,0.05578497348972844,0.016802702858351937,0.18751694577706635,BIG-GAP:check-news 
Parker Washington,WR,JAX,PHI,player_receptions,4.5,4.017166935950076,17,,,5,True,00-0038606,2026-10-11T13:30:00Z,"[{""w"": ""25W17"", ""opp"": ""IND"", ""v"": 8.0, ""cur"": false}, {""w"": ""25W18"", ""opp"": ""TEN"", ""v"": 5.0, ""cur"": false}, {""w"": ""W1"", ""opp"": ""CLE"", ""v"": 5.0, ""cur"": true}, {""w"": ""W2"", ""opp"": ""DEN"", ""v"": 7.0, ""cur"": true}, {""w"": ""W3"", ""opp"": ""NE"", ""v"": 3.0, ""cur"": true}, {""w"": ""W4"", ""opp"": ""CIN"", ""v"": 1.0, ""cur"": true}]",Under,0.6286268598241203,0.4800000000000001,0.5329989441296948,1.98,fanduel,0.055337909376795724,0.014116813616529523,0.14862685982412016,
Hunter Henry,TE,NE,LV,player_receptions,3.5,3.2338576113228266,17,,,6,True,00-0033090,2026-10-11T17:00:00Z,"[{""w"": ""25W17"", ""opp"": ""NYJ"", ""v"": 3.0, ""cur"": false}, {""w"": ""25W18"", ""opp"": ""MIA"", ""v"": 5.0, ""cur"": false}, {""w"": ""W1"", ""opp"": ""SEA"", ""v"": 3.0, ""cur"": true}, {""w"": ""W2"", ""opp"": ""PIT"", ""v"": 3.0, ""cur"": true}, {""w"": ""W3"", ""opp"": ""JAX"", ""v"": 1.0, ""cur"": true}, {""w"": ""W4"", ""opp"": ""BUF"", ""v"": 5.0, ""cur"": true}]",Under,0.5968152742814383,0.46607342485355274,0.5122299699760837,2.06,fanduel,0.055193738150732474,0.01301739107328596,0.13074184942788558,
Jaylen Waddle,WR,DEN,LAC,player_reception_yds,53.5,47.59892566359944,17,,,4,True,00-0036613,2026-10-11T20:05:00Z,"[{""w"": ""25W16"", ""opp"": ""CIN"", ""v"": 72.0, ""cur"": false}, {""w"": ""25W17"", ""opp"": ""TB"", ""v"": 0.0, ""cur"": false}, {""w"": ""W1"", ""opp"": ""KC"", ""v"": 2.0, ""cur"": true}, {""w"": ""W2"", ""opp"": ""JAX"", ""v"": 138.0, ""cur"": true}, {""w"": ""W3"", ""opp"": ""LA"", ""v"": 10.0, ""cur"": true}, {""w"": ""W4"", ""opp"": ""SF"", ""v"": 35.0, ""cur"": true}]",Under,0.6686504295323306,0.5,0.561125382559697,1.88,betrivers,0.05491571921223032,0.015601056594383616,0.16865042953233056,BIG-GAP:check-news 
Garrett Wilson,WR,NYJ,CLE,player_reception_yds,68.5,58.97019341019723,11,,,1,True,00-0037740,2026-10-11T17:00:00Z,"[{""w"": ""25W6"", ""opp"": ""DEN"", ""v"": 13.0, ""cur"": false}, {""w"": ""25W10"", ""opp"": ""CLE"", ""v"": 0.0, ""cur"": false}, {""w"": ""W1"", ""opp"": ""TEN"", ""v"": 79.0, ""cur"": true}, {""w"": ""W2"", ""opp"": ""GB"", ""v"": 57.0, ""cur"": true}, {""w"": ""W3"", ""opp"": ""DET"", ""v"": 107.0, ""cur"": true}, {""w"": ""W4"", ""opp"": ""CHI"", ""v"": 27.0, ""cur"": true}]",Under,0.6743459553479914,0.4959785522788204,0.5607759227831315,1.88,betrivers,0.05425873483228716,0.015414413304627035,0.17836740306917098,BIG-GAP:check-news 
Jaylen Waddle,WR,DEN,LAC,player_reception_yds,52.5,47.59892566359944,17,,,1,True,00-0036613,2026-10-11T20:05:00Z,"[{""w"": ""25W16"", ""opp"": ""CIN"", ""v"": 72.0, ""cur"": false}, {""w"": ""25W17"", ""opp"": ""TB"", ""v"": 0.0, ""cur"": false}, {""w"": ""W1"", ""opp"": ""KC"", ""v"": 2.0, ""cur"": true}, {""w"": ""W2"", ""opp"": ""JAX"", ""v"": 138.0, ""cur"": true}, {""w"": ""W3"", ""opp"": ""LA"", ""v"": 10.0, ""cur"": true}, {""w"": ""W4"", ""opp"": ""SF"", ""v"": 35.0, ""cur"": true}]",Under,0.6610223722749033,0.49468085106382975,0.5547590903255496,1.9,betonlineag,0.05404227161854419,0.015011742116262277,0.1663415212110736,BIG-GAP:check-news 
Josh Allen,QB,BUF,LA,player_rush_yds,37.5,31.187217977287094,17,,,1,True,00-0034857,2026-10-13T00:15:00Z,"[{""w"": ""25W16"", ""opp"": ""CLE"", ""v"": 17.0, ""cur"": false}, {""w"": ""25W17"", ""opp"": ""PHI"", ""v"": 27.0, ""cur"": false}, {""w"": ""W1"", ""opp"": ""HOU"", ""v"": 23.0, ""cur"": true}, {""w"": ""W2"", ""opp"": ""DET"", ""v"": 69.0, ""cur"": true}, {""w"": ""W3"", ""opp"": ""LAC"", ""v"": 22.0, ""cur"": true}, {""w"": ""W4"", ""opp"": ""NE"", ""v"": 4.0, ""cur"": true}]",Under,0.6923821300609396,0.5080645161290321,0.5756441859504186,1.83,betrivers,0.05342886028926597,0.01609303020761023,0.1843176139319075,BIG-GAP:check-news 
Michael Penix Jr.,QB,ATL,BAL,player_pass_yds,223.5,198.5287307241522,11,,,1,True,00-0039917,2026-10-12T00:20:00Z,"[{""w"": ""25W7"", ""opp"": ""SF"", ""v"": 241.0, ""cur"": false}, {""w"": ""25W9"", ""opp"": ""NE"", ""v"": 221.0, ""cur"": false}, {""w"": ""25W10"", ""opp"": ""IND"", ""v"": 177.0, ""cur"": false}, {""w"": ""25W11"", ""opp"": ""CAR"", ""v"": 175.0, ""cur"": false}, {""w"": ""W3"", ""opp"": ""GB"", ""v"": 256.0, ""cur"": true}, {""w"": ""W4"", ""opp"": ""NO"", ""v"": 223.0, ""cur"": true}]",Under,0.6734134512246082,0.5,0.5629842878063649,1.87,betrivers,0.05278061819790242,0.015166844309742073,0.17341345122460816,BIG-GAP:check-news 
Troy Franklin,WR,DEN,LAC,player_reception_yds,17.5,16.475408989548093,17,,,2,True,00-0039868,2026-10-11T20:05:00Z,"[{""w"": ""25W16"", ""opp"": ""JAX"", ""v"": 66.0, ""cur"": false}, {""w"": ""25W17"", ""opp"": ""KC"", ""v"": 17.0, ""cur"": false}, {""w"": ""25W18"", ""opp"": ""LAC"", ""v"": 0.0, ""cur"": false}, {""w"": ""W1"", ""opp"": ""KC"", ""v"": 0.0, ""cur"": true}, {""w"": ""W2"", ""opp"": ""JAX"", ""v"": 27.0, ""cur"": true}, {""w"": ""W3"", ""opp"": ""LA"", ""v"": 21.0, ""cur"": true}]",Under,0.657693566523324,0.5,0.5568929080385006,1.89,draftkings,0.05252759619276598,0.014754942750776961,0.157693566523324,BIG-GAP:check-news 
Chris Olave,WR,NO,MIN,player_receptions,6.5,7.247082099355369,17,Did Not Participate In Practice,,5,True,00-0037239,2026-10-11T17:00:00Z,"[{""w"": ""25W16"", ""opp"": ""NYJ"", ""v"": 10.0, ""cur"": false}, {""w"": ""25W17"", ""opp"": ""TEN"", ""v"": 8.0, ""cur"": false}, {""w"": ""W1"", ""opp"": ""DET"", ""v"": 10.0, ""cur"": true}, {""w"": ""W2"", ""opp"": ""BAL"", ""v"": 8.0, ""cur"": true}, {""w"": ""W3"", ""opp"": ""LV"", ""v"": 9.0, ""cur"": true}, {""w"": ""W4"", ""opp"": ""ATL"", ""v"": 8.0, ""cur"": true}]",Over,0.575439757948672,0.5159574468085106,0.5369156232931003,1.96,betrivers,0.052354621654476574,0.013634016055853276,0.05948231114016134,
Tyjae Spears,RB,TEN,HOU,player_reception_yds,10.5,9.736068803181091,17,,,1,True,00-0039032,2026-10-11T17:00:00Z,"[{""w"": ""25W17"", ""opp"": ""NO"", ""v"": -1.0, ""cur"": false}, {""w"": ""25W18"", ""opp"": ""JAX"", ""v"": 9.0, ""cur"": false}, {""w"": ""W1"", ""opp"": ""NYJ"", ""v"": 12.0, ""cur"": true}, {""w"": ""W2"", ""opp"": ""PHI"", ""v"": 29.0, ""cur"": true}, {""w"": ""W3"", ""opp"": ""NYG"", ""v"": 0.0, ""cur"": true}, {""w"": ""W4"", ""opp"": ""BAL"", ""v"": -1.0, ""cur"": true}]",Under,0.6706091053710939,0.5105820105820105,0.5686503591655255,1.85,draftkings,0.052003164456222384,0.01529504836947717,0.1600270947890834,BIG-GAP:check-news 
Ted Hurst III,WR,TB,DAL,player_reception_yds,20.5,31.393522997186828,4,,,3,True,00-0041048,2026-10-09T00:15:00Z,"[{""w"": ""W1"", ""opp"": ""CIN"", ""v"": 36.0, ""cur"": true}, {""w"": ""W2"", ""opp"": ""CLE"", ""v"": 27.0, ""cur"": true}, {""w"": ""W3"", ""opp"": ""MIN"", ""v"": 40.0, ""cur"": true}, {""w"": ""W4"", ""opp"": ""GB"", ""v"": 25.0, ""cur"": true}]",Over,0.6567133190777243,0.5,0.5565170830627053,1.89,draftkings,0.051817286988512956,0.014555417693402517,0.15671331907772434,BIG-GAP:check-news 
Michael Penix Jr.,QB,ATL,BAL,player_pass_yds,221.5,198.5287307241522,11,,,1,True,00-0039917,2026-10-12T00:20:00Z,"[{""w"": ""25W7"", ""opp"": ""SF"", ""v"": 241.0, ""cur"": false}, {""w"": ""25W9"", ""opp"": ""NE"", ""v"": 221.0, ""cur"": false}, {""w"": ""25W10"", ""opp"": ""IND"", ""v"": 177.0, ""cur"": false}, {""w"": ""25W11"", ""opp"": ""CAR"", ""v"": 175.0, ""cur"": false}, {""w"": ""W3"", ""opp"": ""GB"", ""v"": 256.0, ""cur"": true}, {""w"": ""W4"", ""opp"": ""NO"", ""v"": 223.0, ""cur"": true}]",Under,0.6642838183217931,0.5,0.559431508699507,1.88,fanduel,0.05173123635507304,0.014696373964509388,0.16428381832179306,BIG-GAP:check-news 
Sam Darnold,QB,SEA,SF,player_pass_yds,221.5,195.48562068731982,17,,,2,True,00-0034869,2026-10-11T20:25:00Z,"[{""w"": ""25W16"", ""opp"": ""LA"", ""v"": 270.0, ""cur"": false}, {""w"": ""25W17"", ""opp"": ""CAR"", ""v"": 147.0, ""cur"": false}, {""w"": ""25W18"", ""opp"": ""SF"", ""v"": 198.0, ""cur"": false}, {""w"": ""W1"", ""opp"": ""NE"", ""v"": 13.0, ""cur"": true}, {""w"": ""W3"", ""opp"": ""WAS"", ""v"": 379.0, ""cur"": true}, {""w"": ""W4"", ""opp"": ""LAC"", ""v"": 168.0, ""cur"": true}]",Under,0.6603151389240924,0.5013227513227513,0.558748332658535,1.88,draftkings,0.05044686539804566,0.014331495851717519,0.15899238760134116,BIG-GAP:check-news 
Hunter Henry,TE,NE,LV,player_reception_yds,37.5,34.07305288679988,17,,,5,True,00-0033090,2026-10-11T17:00:00Z,"[{""w"": ""25W17"", ""opp"": ""NYJ"", ""v"": 49.0, ""cur"": false}, {""w"": ""25W18"", ""opp"": ""MIA"", ""v"": 56.0, ""cur"": false}, {""w"": ""W1"", ""opp"": ""SEA"", ""v"": 26.0, ""cur"": true}, {""w"": ""W2"", ""opp"": ""PIT"", ""v"": 40.0, ""cur"": true}, {""w"": ""W3"", ""opp"": ""JAX"", ""v"": 5.0, ""cur"": true}, {""w"": ""W4"", ""opp"": ""BUF"", ""v"": 62.0, ""cur"": true}]",Under,0.6502594184302173,0.4973544973544973,0.5523535356190801,1.9,draftkings,0.04947171767625208,0.013742143798958913,0.15290492107571996,BIG-GAP:check-news 
Bijan Robinson,RB,ATL,BAL,player_reception_yds,29.5,25.867387837708183,17,,,1,True,00-0038542,2026-10-12T00:20:00Z,"[{""w"": ""25W17"", ""opp"": ""LA"", ""v"": 34.0, ""cur"": false}, {""w"": ""25W18"", ""opp"": ""NO"", ""v"": 10.0, ""cur"": false}, {""w"": ""W1"", ""opp"": ""PIT"", ""v"": 90.0, ""cur"": true}, {""w"": ""W2"", ""opp"": ""CAR"", ""v"": 9.0, ""cur"": true}, {""w"": ""W3"", ""opp"": ""GB"", ""v"": 19.0, ""cur"": true}, {""w"": ""W4"", ""opp"": ""NO"", ""v"": 2.0, ""cur"": true}]",Under,0.6869405969534622,0.5080645161290321,0.5734689829292668,1.83,betrivers,0.04944823876055837,0.014894047819445292,0.17887608082443007,BIG-GAP:check-news 
Jacory Croskey-Merritt,RB,WAS,NYG,player_rush_yds,55.5,48.93856153333604,17,Limited,,3,True,00-0040242,2026-10-11T17:00:00Z,"[{""w"": ""25W17"", ""opp"": ""DAL"", ""v"": 105.0, ""cur"": false}, {""w"": ""25W18"", ""opp"": ""PHI"", ""v"": 29.0, ""cur"": false}, {""w"": ""W1"", ""opp"": ""PHI"", ""v"": 63.0, ""cur"": true}, {""w"": ""W2"", ""opp"": ""DAL"", ""v"": 43.0, ""cur"": true}, {""w"": ""W3"", ""opp"": ""SEA"", ""v"": 36.0, ""cur"": true}, {""w"": ""W4"", ""opp"": ""IND"", ""v"": 15.0, ""cur"": true}]",Under,0.6603698892121784,0.5,0.5579213142104025,1.88,betonlineag,0.04889207071555657,0.013889792816919481,0.16036988921217843,BIG-GAP:check-news 
Javonte Williams,RB,DAL,TB,player_rush_yds,73.5,64.38952938538046,17,,,1,True,00-0036997,2026-10-09T00:15:00Z,"[{""w"": ""25W16"", ""opp"": ""LAC"", ""v"": 34.0, ""cur"": false}, {""w"": ""25W17"", ""opp"": ""WAS"", ""v"": 54.0, ""cur"": false}, {""w"": ""W1"", ""opp"": ""NYG"", ""v"": 41.0, ""cur"": true}, {""w"": ""W2"", ""opp"": ""WAS"", ""v"": 30.0, ""cur"": true}, {""w"": ""W3"", ""opp"": ""BAL"", ""v"": 98.0, ""cur"": true}, {""w"": ""W4"", ""opp"": ""HOU"", ""v"": 62.0, ""cur"": true}]",Under,0.6661507366388155,0.4959785522788204,0.5575767719212591,1.88,betrivers,0.04824433121196703,0.013705775912490635,0.17017218435999515,BIG-GAP:check-news 
George Kittle,TE,SF,SEA,player_reception_yds,58.5,50.27796864274037,15,,,1,True,00-0033288,2026-10-11T20:25:00Z,"[{""w"": ""25W16"", ""opp"": ""IND"", ""v"": 115.0, ""cur"": false}, {""w"": ""25W18"", ""opp"": ""SEA"", ""v"": 29.0, ""cur"": false}, {""w"": ""W1"", ""opp"": ""LA"", ""v"": 12.0, ""cur"": true}, {""w"": ""W2"", ""opp"": ""MIA"", ""v"": 80.0, ""cur"": true}, {""w"": ""W3"", ""opp"": ""ARI"", ""v"": 82.0, ""cur"": true}, {""w"": ""W4"", ""opp"": ""DEN"", ""v"": 70.0, ""cur"": true}]",Under,0.6752059475139136,0.5040214477211795,0.5662568533275406,1.85,betrivers,0.04757517865595018,0.013992699604691228,0.1711844997927341,BIG-GAP:check-news 
Jakobi Meyers,WR,JAX,PHI,player_receptions,3.5,3.32721293426318,17,Full,,5,True,00-0034960,2026-10-11T13:30:00Z,"[{""w"": ""25W17"", ""opp"": ""IND"", ""v"": 6.0, ""cur"": false}, {""w"": ""25W18"", ""opp"": ""TEN"", ""v"": 5.0, ""cur"": false}, {""w"": ""W1"", ""opp"": ""CLE"", ""v"": 2.0, ""cur"": true}, {""w"": ""W2"", ""opp"": ""DEN"", ""v"": 1.0, ""cur"": true}, {""w"": ""W3"", ""opp"": ""NE"", ""v"": 7.0, ""cur"": true}, {""w"": ""W4"", ""opp"": ""CIN"", ""v"": 3.0, ""cur"": true}]",Under,0.5886224171005918,0.48404255319148937,0.5209607694385735,2.01,betonlineag,0.047131146571532834,0.011666125388993278,0.10457986390910246,
Cade Otton,TE,TB,DAL,player_receptions,3.5,4.07728814376646,17,,,6,True,00-0038129,2026-10-09T00:15:00Z,"[{""w"": ""25W17"", ""opp"": ""MIA"", ""v"": 4.0, ""cur"": false}, {""w"": ""25W18"", ""opp"": ""CAR"", ""v"": 7.0, ""cur"": false}, {""w"": ""W1"", ""opp"": ""CIN"", ""v"": 3.0, ""cur"": true}, {""w"": ""W2"", ""opp"": ""CLE"", ""v"": 5.0, ""cur"": true}, {""w"": ""W3"", ""opp"": ""MIN"", ""v"": 3.0, ""cur"": true}, {""w"": ""W4"", ""opp"": ""GB"", ""v"": 4.0, ""cur"": true}]",Over,0.581471409400406,0.46825724543857555,0.5081101638448706,2.06,betonlineag,0.046706937520433534,0.011015787151045644,0.11321416396183043,
Romeo Doubs,WR,NE,LV,player_reception_yds,51.5,46.010860425096254,17,,,2,True,00-0037816,2026-10-11T17:00:00Z,"[{""w"": ""25W16"", ""opp"": ""CHI"", ""v"": 84.0, ""cur"": false}, {""w"": ""25W17"", ""opp"": ""BAL"", ""v"": 62.0, ""cur"": false}, {""w"": ""W1"", ""opp"": ""SEA"", ""v"": 0.0, ""cur"": true}, {""w"": ""W2"", ""opp"": ""PIT"", ""v"": 96.0, ""cur"": true}, {""w"": ""W3"", ""opp"": ""JAX"", ""v"": 49.0, ""cur"": true}, {""w"": ""W4"", ""opp"": ""BUF"", ""v"": 58.0, ""cur"": true}]",Under,0.6570513684649744,0.5,0.5566466398199476,1.88,betonlineag,0.04649568286150135,0.013209000812926521,0.15705136846497436,BIG-GAP:check-news 
Trevor Lawrence,QB,JAX,PHI,player_rush_yds,15.5,14.43182956138831,17,,,2,True,00-0036971,2026-10-11T13:30:00Z,"[{""w"": ""25W17"", ""opp"": ""IND"", ""v"": 26.0, ""cur"": false}, {""w"": ""25W18"", ""opp"": ""TEN"", ""v"": 11.0, ""cur"": false}, {""w"": ""W1"", ""opp"": ""CLE"", ""v"": 3.0, ""cur"": true}, {""w"": ""W2"", ""opp"": ""DEN"", ""v"": 6.0, ""cur"": true}, {""w"": ""W3"", ""opp"": ""NE"", ""v"": 25.0, ""cur"": true}, {""w"": ""W4"", ""opp"": ""CIN"", ""v"": 0.0, ""cur"": true}]",Under,0.6501953830619047,0.5086457466171885,0.5595770050682298,1.87,draftkings,0.04640899947758986,0.013335919390112028,0.1415496364447162,
Javonte Williams,RB,DAL,TB,player_rush_yds,72.5,64.38952938538046,17,,,1,True,00-0036997,2026-10-09T00:15:00Z,"[{""w"": ""25W16"", ""opp"": ""LAC"", ""v"": 34.0, ""cur"": false}, {""w"": ""25W17"", ""opp"": ""WAS"", ""v"": 54.0, ""cur"": false}, {""w"": ""W1"", ""opp"": ""NYG"", ""v"": 41.0, ""cur"": true}, {""w"": ""W2"", ""opp"": ""WAS"", ""v"": 30.0, ""cur"": true}, {""w"": ""W3"", ""opp"": ""BAL"", ""v"": 98.0, ""cur"": true}, {""w"": ""W4"", ""opp"": ""HOU"", ""v"": 62.0, ""cur"": true}]",Under,0.6566025401465156,0.5,0.5564746388366604,1.88,betonlineag,0.04617232101292146,0.013117136651398143,0.15660254014651565,BIG-GAP:check-news 
Tucker Kraft,TE,GB,CHI,player_reception_yds,47.5,41.99715851166777,12,,,1,True,00-0038996,2026-10-11T17:00:00Z,"[{""w"": ""25W8"", ""opp"": ""PIT"", ""v"": 143.0, ""cur"": false}, {""w"": ""25W9"", ""opp"": ""CAR"", ""v"": 20.0, ""cur"": false}, {""w"": ""W1"", ""opp"": ""MIN"", ""v"": 65.0, ""cur"": true}, {""w"": ""W2"", ""opp"": ""NYJ"", ""v"": 15.0, ""cur"": true}, {""w"": ""W3"", ""opp"": ""ATL"", ""v"": 26.0, ""cur"": true}, {""w"": ""W4"", ""opp"": ""TB"", ""v"": 42.0, ""cur"": true}]",Under,0.6639488133881574,0.5,0.5593019519238973,1.87,betmgm,0.045894650097688006,0.013188117844163218,0.16394881338815737,BIG-GAP:check-news 
Parker Washington,WR,JAX,PHI,player_reception_yds,61.5,56.438904725874885,17,,,3,True,00-0038606,2026-10-11T13:30:00Z,"[{""w"": ""25W17"", ""opp"": ""IND"", ""v"": 115.0, ""cur"": false}, {""w"": ""25W18"", ""opp"": ""TEN"", ""v"": 87.0, ""cur"": false}, {""w"": ""W1"", ""opp"": ""CLE"", ""v"": 83.0, ""cur"": true}, {""w"": ""W2"", ""opp"": ""DEN"", ""v"": 98.0, ""cur"": true}, {""w"": ""W3"", ""opp"": ""NE"", ""v"": 40.0, ""cur"": true}, {""w"": ""W4"", ""opp"": ""CIN"", ""v"": 7.0, ""cur"": true}]",Under,0.64521320530421,0.4973544973544973,0.5504388421523809,1.9,betonlineag,0.0458338000895237,0.012731611135978807,0.14785870794971268,
Keenan Allen,WR,IND,PIT,player_reception_yds,27.5,43.14684897914815,17,Limited,,2,True,00-0030279,2026-10-11T17:00:00Z,"[{""w"": ""25W16"", ""opp"": ""DAL"", ""v"": 44.0, ""cur"": false}, {""w"": ""25W17"", ""opp"": ""HOU"", ""v"": 17.0, ""cur"": false}, {""w"": ""25W18"", ""opp"": ""DEN"", ""v"": 36.0, ""cur"": false}, {""w"": ""W1"", ""opp"": ""BAL"", ""v"": 32.0, ""cur"": true}, {""w"": ""W2"", ""opp"": ""KC"", ""v"": 5.0, ""cur"": true}, {""w"": ""W3"", ""opp"": ""HOU"", ""v"": 63.0, ""cur"": true}]",Over,0.6556797725655492,0.5,0.5561213076587772,1.88,fanduel,0.04550805839850108,0.012928425681392354,0.1556797725655492,BIG-GAP:check-news 
Geno Smith,QB,NYJ,CLE,player_rush_yds,10.5,9.595328198876482,17,,,5,True,00-0030565,2026-10-11T17:00:00Z,"[{""w"": ""25W16"", ""opp"": ""HOU"", ""v"": 0.0, ""cur"": false}, {""w"": ""25W17"", ""opp"": ""NYG"", ""v"": 1.0, ""cur"": false}, {""w"": ""W1"", ""opp"": ""TEN"", ""v"": 7.0, ""cur"": true}, {""w"": ""W2"", ""opp"": ""GB"", ""v"": 17.0, ""cur"": true}, {""w"": ""W3"", ""opp"": ""DET"", ""v"": 12.0, ""cur"": true}, {""w"": ""W4"", ""opp"": ""CHI"", ""v"": 0.0, ""cur"": true}]",Under,0.650927697676261,0.5026595744680851,0.5560155653762383,1.88,draftkings,0.04530926290732795,0.012871949689581805,0.14826812320817595,
Cam Ward,QB,TEN,HOU,player_pass_yds,193.5,175.2098559262845,17,,,2,True,00-0040676,2026-10-11T17:00:00Z,"[{""w"": ""25W17"", ""opp"": ""NO"", ""v"": 251.0, ""cur"": false}, {""w"": ""25W18"", ""opp"": ""JAX"", ""v"": 52.0, ""cur"": false}, {""w"": ""W1"", ""opp"": ""NYJ"", ""v"": 140.0, ""cur"": true}, {""w"": ""W2"", ""opp"": ""PHI"", ""v"": 183.0, ""cur"": true}, {""w"": ""W3"", ""opp"": ""NYG"", ""v"": 181.0, ""cur"": true}, {""w"": ""W4"", ""opp"": ""BAL"", ""v"": 222.0, ""cur"": true}]",Under,0.6528970466917428,0.5013227513227513,0.5559073593399453,1.88,draftkings,0.045105835559097085,0.012814157829288946,0.15157429536899147,BIG-GAP:check-news 
Keaton Mitchell,RB,LAC,DEN,player_rush_yds,32.5,29.076211969222424,17,,,1,True,00-0038454,2026-10-11T20:05:00Z,"[{""w"": ""25W17"", ""opp"": ""GB"", ""v"": 31.0, ""cur"": false}, {""w"": ""25W18"", ""opp"": ""PIT"", ""v"": 2.0, ""cur"": false}, {""w"": ""W1"", ""opp"": ""ARI"", ""v"": 9.0, ""cur"": true}, {""w"": ""W2"", ""opp"": ""LV"", ""v"": 24.0, ""cur"": true}, {""w"": ""W3"", ""opp"": ""BUF"", ""v"": 52.0, ""cur"": true}, {""w"": ""W4"", ""opp"": ""SEA"", ""v"": 39.0, ""cur"": true}]",Under,0.6545523932453021,0.5,0.555690162528066,1.88,fanduel,0.04469750555276408,0.012698154986580707,0.15455239324530212,BIG-GAP:check-news 
Jacory Croskey-Merritt,RB,WAS,NYG,player_rush_yds,56.5,48.93856153333604,17,Limited,,1,True,00-0040242,2026-10-11T17:00:00Z,"[{""w"": ""25W17"", ""opp"": ""DAL"", ""v"": 105.0, ""cur"": false}, {""w"": ""25W18"", ""opp"": ""PHI"", ""v"": 29.0, ""cur"": false}, {""w"": ""W1"", ""opp"": ""PHI"", ""v"": 63.0, ""cur"": true}, {""w"": ""W2"", ""opp"": ""DAL"", ""v"": 43.0, ""cur"": true}, {""w"": ""W3"", ""opp"": ""SEA"", ""v"": 36.0, ""cur"": true}, {""w"": ""W4"", ""opp"": ""IND"", ""v"": 15.0, ""cur"": true}]",Under,0.6710265864888788,0.5040214477211795,0.5646232943657101,1.85,betrivers,0.04455309457656381,0.01310385134604818,0.1670051387676993,BIG-GAP:check-news 
Tucker Kraft,TE,GB,CHI,player_receptions,4.5,3.901015180522815,12,,,6,True,00-0038996,2026-10-11T17:00:00Z,"[{""w"": ""25W8"", ""opp"": ""PIT"", ""v"": 7.0, ""cur"": false}, {""w"": ""25W9"", ""opp"": ""CAR"", ""v"": 2.0, ""cur"": false}, {""w"": ""W1"", ""opp"": ""MIN"", ""v"": 3.0, ""cur"": true}, {""w"": ""W2"", ""opp"": ""NYJ"", ""v"": 2.0, ""cur"": true}, {""w"": ""W3"", ""opp"": ""ATL"", ""v"": 4.0, ""cur"": true}, {""w"": ""W4"", ""opp"": ""TB"", ""v"": 6.0, ""cur"": true}]",Under,0.6481663275476971,0.512680926916221,0.5613945173408805,1.86,draftkings,0.04419380225403785,0.01284703553896449,0.13548540063147607,
Trey McBride,TE,ARI,DET,player_receptions,7.5,9.412937595402342,17,,,6,True,00-0037744,2026-10-11T20:25:00Z,"[{""w"": ""25W17"", ""opp"": ""CIN"", ""v"": 10.0, ""cur"": false}, {""w"": ""25W18"", ""opp"": ""LA"", ""v"": 7.0, ""cur"": false}, {""w"": ""W1"", ""opp"": ""LAC"", ""v"": 9.0, ""cur"": true}, {""w"": ""W2"", ""opp"": ""SEA"", ""v"": 8.0, ""cur"": true}, {""w"": ""W3"", ""opp"": ""SF"", ""v"": 9.0, ""cur"": true}, {""w"": ""W4"", ""opp"": ""NYG"", ""v"": 7.0, ""cur"": true}]",Over,0.7002252019511264,0.5529069238467837,0.6070680709466793,1.72,draftkings,0.044157082028288275,0.015332320148711207,0.14731827810434261,
George Holani,RB,SEA,SF,player_rush_yds,19.5,17.419867197369527,14,,,2,True,00-0039299,2026-10-11T20:25:00Z,"[{""w"": ""25W10"", ""opp"": ""ARI"", ""v"": 31.0, ""cur"": false}, {""w"": ""25W11"", ""opp"": ""LA"", ""v"": 6.0, ""cur"": false}, {""w"": ""W1"", ""opp"": ""NE"", ""v"": 29.0, ""cur"": true}, {""w"": ""W2"", ""opp"": ""ARI"", ""v"": 13.0, ""cur"": true}, {""w"": ""W3"", ""opp"": ""WAS"", ""v"": 10.0, ""cur"": true}, {""w"": ""W4"", ""opp"": ""LAC"", ""v"": 18.0, ""cur"": true}]",Under,0.6533659273292662,0.5,0.5552370474170412,1.88,betonlineag,0.043845649144037324,0.012456150325010604,0.15336592732926624,BIG-GAP:check-news 
Malik Nabers,WR,NYG,WAS,player_reception_yds,55.5,53.68610652265828,8,Did Not Participate In Practice,,3,True,00-0039337,2026-10-11T17:00:00Z,"[{""w"": ""25W3"", ""opp"": ""KC"", ""v"": 13.0, ""cur"": false}, {""w"": ""25W4"", ""opp"": ""LAC"", ""v"": 20.0, ""cur"": false}, {""w"": ""W1"", ""opp"": ""DAL"", ""v"": 69.0, ""cur"": true}, {""w"": ""W2"", ""opp"": ""LA"", ""v"": 1.0, ""cur"": true}, {""w"": ""W3"", ""opp"": ""TEN"", ""v"": 26.0, ""cur"": true}, {""w"": ""W4"", ""opp"": ""ARI"", ""v"": 112.0, ""cur"": true}]",Under,0.6285554587477397,0.5,0.5458975885719846,1.91,draftkings,0.04266439417249046,0.011720987410024853,0.12855545874773966,
Javonte Williams,RB,DAL,TB,player_rush_yds,69.5,64.38952938538046,17,,,3,True,00-0036997,2026-10-09T00:15:00Z,"[{""w"": ""25W16"", ""opp"": ""LAC"", ""v"": 34.0, ""cur"": false}, {""w"": ""25W17"", ""opp"": ""WAS"", ""v"": 54.0, ""cur"": false}, {""w"": ""W1"", ""opp"": ""NYG"", ""v"": 41.0, ""cur"": true}, {""w"": ""W2"", ""opp"": ""WAS"", ""v"": 30.0, ""cur"": true}, {""w"": ""W3"", ""opp"": ""BAL"", ""v"": 98.0, ""cur"": true}, {""w"": ""W4"", ""opp"": ""HOU"", ""v"": 62.0, ""cur"": true}]",Under,0.6268228573324666,0.5,0.5452542590809368,1.91,draftkings,0.041435634844589286,0.011383416166095959,0.12682285733246657,
Keaton Mitchell,RB,LAC,DEN,player_rush_yds,31.5,29.076211969222424,17,,,3,True,00-0038454,2026-10-11T20:05:00Z,"[{""w"": ""25W17"", ""opp"": ""GB"", ""v"": 31.0, ""cur"": false}, {""w"": ""25W18"", ""opp"": ""PIT"", ""v"": 2.0, ""cur"": false}, {""w"": ""W1"", ""opp"": ""ARI"", ""v"": 9.0, ""cur"": true}, {""w"": ""W2"", ""opp"": ""LV"", ""v"": 24.0, ""cur"": true}, {""w"": ""W3"", ""opp"": ""BUF"", ""v"": 52.0, ""cur"": true}, {""w"": ""W4"", ""opp"": ""SEA"", ""v"": 39.0, ""cur"": true}]",Under,0.6381162052196032,0.4973544973544973,0.5477640739363564,1.9,draftkings,0.04075174047907709,0.01131992791085475,0.1407617078651059,
George Kittle,TE,SF,SEA,player_reception_yds,56.5,50.27796864274037,15,,,1,True,00-0033288,2026-10-11T20:25:00Z,"[{""w"": ""25W16"", ""opp"": ""IND"", ""v"": 115.0, ""cur"": false}, {""w"": ""25W18"", ""opp"": ""SEA"", ""v"": 29.0, ""cur"": false}, {""w"": ""W1"", ""opp"": ""LA"", ""v"": 12.0, ""cur"": true}, {""w"": ""W2"", ""opp"": ""MIA"", ""v"": 80.0, ""cur"": true}, {""w"": ""W3"", ""opp"": ""ARI"", ""v"": 82.0, ""cur"": true}, {""w"": ""W4"", ""opp"": ""DEN"", ""v"": 70.0, ""cur"": true}]",Under,0.655968268805035,0.5,0.5562317316058252,1.87,betmgm,0.04015333810289312,0.011538315546808366,0.155968268805035,BIG-GAP:check-news 
Jake Ferguson,TE,DAL,TB,player_receptions,3.5,3.092630033141918,17,,,6,True,00-0038041,2026-10-09T00:15:00Z,"[{""w"": ""25W17"", ""opp"": ""WAS"", ""v"": 1.0, ""cur"": false}, {""w"": ""25W18"", ""opp"": ""NYG"", ""v"": 1.0, ""cur"": false}, {""w"": ""W1"", ""opp"": ""NYG"", ""v"": 2.0, ""cur"": true}, {""w"": ""W2"", ""opp"": ""WAS"", ""v"": 4.0, ""cur"": true}, {""w"": ""W3"", ""opp"": ""BAL"", ""v"": 3.0, ""cur"": true}, {""w"": ""W4"", ""opp"": ""HOU"", ""v"": 3.0, ""cur"": true}]",Under,0.6264896635957976,0.5119965297531004,0.5528548614061184,1.88,fanduel,0.03936713944350251,0.011183846432813213,0.11449313384269721,
Drake Maye,QB,NE,LV,player_rush_yds,31.5,28.624167806925005,17,Full,,1,True,00-0039851,2026-10-11T17:00:00Z,"[{""w"": ""25W17"", ""opp"": ""NYJ"", ""v"": 22.0, ""cur"": false}, {""w"": ""25W18"", ""opp"": ""MIA"", ""v"": 41.0, ""cur"": false}, {""w"": ""W1"", ""opp"": ""SEA"", ""v"": 47.0, ""cur"": true}, {""w"": ""W2"", ""opp"": ""PIT"", ""v"": 17.0, ""cur"": true}, {""w"": ""W3"", ""opp"": ""JAX"", ""v"": 18.0, ""cur"": true}, {""w"": ""W4"", ""opp"": ""BUF"", ""v"": 54.0, ""cur"": true}]",Under,0.647100264006875,0.5,0.5528545573580604,1.88,fanduel,0.039366567833153565,0.011183684043509537,0.14710026400687504,
Javonte Williams,RB,DAL,TB,player_rush_yds,71.5,64.38952938538046,17,,,1,True,00-0036997,2026-10-09T00:15:00Z,"[{""w"": ""25W16"", ""opp"": ""LAC"", ""v"": 34.0, ""cur"": false}, {""w"": ""25W17"", ""opp"": ""WAS"", ""v"": 54.0, ""cur"": false}, {""w"": ""W1"", ""opp"": ""NYG"", ""v"": 41.0, ""cur"": true}, {""w"": ""W2"", ""opp"": ""WAS"", ""v"": 30.0, ""cur"": true}, {""w"": ""W3"", ""opp"": ""BAL"", ""v"": 98.0, ""cur"": true}, {""w"": ""W4"", ""opp"": ""HOU"", ""v"": 62.0, ""cur"": true}]",Under,0.6468645701846482,0.5,0.5527652688781168,1.88,fanduel,0.039198705490859576,0.011135995878085107,0.14686457018464816,
Drake London,WR,ATL,BAL,player_reception_yds,81.5,76.47001485468907,16,,,4,True,00-0037238,2026-10-12T00:20:00Z,"[{""w"": ""25W17"", ""opp"": ""LA"", ""v"": 4.0, ""cur"": false}, {""w"": ""25W18"", ""opp"": ""NO"", ""v"": 78.0, ""cur"": false}, {""w"": ""W1"", ""opp"": ""PIT"", ""v"": 29.0, ""cur"": true}, {""w"": ""W2"", ""opp"": ""CAR"", ""v"": 51.0, ""cur"": true}, {""w"": ""W3"", ""opp"": ""GB"", ""v"": 194.0, ""cur"": true}, {""w"": ""W4"", ""opp"": ""NO"", ""v"": 96.0, ""cur"": true}]",Under,0.6404434692313314,0.49867021276595747,0.5494859276555063,1.89,betonlineag,0.03852840326890683,0.010822585187895178,0.14177325646537398,
Drake London,WR,ATL,BAL,player_reception_yds,82.5,76.47001485468907,16,,,1,True,00-0037238,2026-10-12T00:20:00Z,"[{""w"": ""25W17"", ""opp"": ""LA"", ""v"": 4.0, ""cur"": false}, {""w"": ""25W18"", ""opp"": ""NO"", ""v"": 78.0, ""cur"": false}, {""w"": ""W1"", ""opp"": ""PIT"", ""v"": 29.0, ""cur"": true}, {""w"": ""W2"", ""opp"": ""CAR"", ""v"": 51.0, ""cur"": true}, {""w"": ""W3"", ""opp"": ""GB"", ""v"": 194.0, ""cur"": true}, {""w"": ""W4"", ""opp"": ""NO"", ""v"": 96.0, ""cur"": true}]",Under,0.645853837164815,0.5,0.5523826379477963,1.88,fanduel,0.03847935934185698,0.010931636176663916,0.14585383716481504,
Kyren Williams,RB,LA,BUF,player_reception_yds,19.5,37.27972414028575,17,,,3,True,00-0037840,2026-10-13T00:15:00Z,"[{""w"": ""25W17"", ""opp"": ""ATL"", ""v"": 38.0, ""cur"": false}, {""w"": ""25W18"", ""opp"": ""ARI"", ""v"": 21.0, ""cur"": false}, {""w"": ""W1"", ""opp"": ""SF"", ""v"": 24.0, ""cur"": true}, {""w"": ""W2"", ""opp"": ""NYG"", ""v"": 12.0, ""cur"": true}, {""w"": ""W3"", ""opp"": ""DEN"", ""v"": 70.0, ""cur"": true}, {""w"": ""W4"", ""opp"": ""PHI"", ""v"": 67.0, ""cur"": true}]",Over,0.6389765395126483,0.5040214477211796,0.552377060357869,1.88,fanduel,0.03846887347279382,0.010928657236589154,0.1349550917914687,
Marvin Harrison Jr.,WR,ARI,DET,player_receptions,2.5,2.4582983391509985,16,,,6,True,00-0039849,2026-10-11T20:25:00Z,"[{""w"": ""25W16"", ""opp"": ""ATL"", ""v"": 1.0, ""cur"": false}, {""w"": ""25W17"", ""opp"": ""CIN"", ""v"": 0.0, ""cur"": false}, {""w"": ""W1"", ""opp"": ""LAC"", ""v"": 1.0, ""cur"": true}, {""w"": ""W2"", ""opp"": ""SEA"", ""v"": 0.0, ""cur"": true}, {""w"": ""W3"", ""opp"": ""SF"", ""v"": 3.0, ""cur"": true}, {""w"": ""W4"", ""opp"": ""NYG"", ""v"": 1.0, ""cur"": true}]",Under,0.5756160858186897,0.45059366754617414,0.4944511864748597,2.1,bovada,0.03834749159720541,0.008715338999364865,0.1250224182725156,
Michael Penix Jr.,QB,ATL,BAL,player_pass_yds,217.5,198.5287307241522,11,,,3,True,00-0039917,2026-10-12T00:20:00Z,"[{""w"": ""25W7"", ""opp"": ""SF"", ""v"": 241.0, ""cur"": false}, {""w"": ""25W9"", ""opp"": ""NE"", ""v"": 221.0, ""cur"": false}, {""w"": ""25W10"", ""opp"": ""IND"", ""v"": 177.0, ""cur"": false}, {""w"": ""25W11"", ""opp"": ""CAR"", ""v"": 175.0, ""cur"": false}, {""w"": ""W3"", ""opp"": ""GB"", ""v"": 256.0, ""cur"": true}, {""w"": ""W4"", ""opp"": ""NO"", ""v"": 223.0, ""cur"": true}]",Under,0.6455663291120333,0.5,0.5522738755789403,1.88,betonlineag,0.03827488608840762,0.010873547184206711,0.14556632911203327,
Parker Washington,WR,JAX,PHI,player_reception_yds,62.5,56.438904725874885,17,,,1,True,00-0038606,2026-10-11T13:30:00Z,"[{""w"": ""25W17"", ""opp"": ""IND"", ""v"": 115.0, ""cur"": false}, {""w"": ""25W18"", ""opp"": ""TEN"", ""v"": 87.0, ""cur"": false}, {""w"": ""W1"", ""opp"": ""CLE"", ""v"": 83.0, ""cur"": true}, {""w"": ""W2"", ""opp"": ""DEN"", ""v"": 98.0, ""cur"": true}, {""w"": ""W3"", ""opp"": ""NE"", ""v"": 40.0, ""cur"": true}, {""w"": ""W4"", ""opp"": ""CIN"", ""v"": 7.0, ""cur"": true}]",Under,0.6530109556459596,0.5,0.5551016064907437,1.87,betrivers,0.038040004137690764,0.010931035671750218,0.15301095564595957,BIG-GAP:check-news 
Trevor Lawrence,QB,JAX,PHI,player_pass_yds,226.5,210.08031802719012,17,,,2,True,00-0036971,2026-10-11T13:30:00Z,"[{""w"": ""25W17"", ""opp"": ""IND"", ""v"": 263.0, ""cur"": false}, {""w"": ""25W18"", ""opp"": ""TEN"", ""v"": 255.0, ""cur"": false}, {""w"": ""W1"", ""opp"": ""CLE"", ""v"": 245.0, ""cur"": true}, {""w"": ""W2"", ""opp"": ""DEN"", ""v"": 189.0, ""cur"": true}, {""w"": ""W3"", ""opp"": ""NE"", ""v"": 182.0, ""cur"": true}, {""w"": ""W4"", ""opp"": ""CIN"", ""v"": 227.0, ""cur"": true}]",Under,0.6316709213205103,0.4986772486772486,0.5462047908529212,1.9,draftkings,0.037789102620550186,0.01049697295015283,0.13299367264326167,
Justin Herbert,QB,LAC,DEN,player_rush_yds,24.5,22.85785648618686,17,,,3,True,00-0036355,2026-10-11T20:05:00Z,"[{""w"": ""25W16"", ""opp"": ""DAL"", ""v"": 42.0, ""cur"": false}, {""w"": ""25W17"", ""opp"": ""HOU"", ""v"": 37.0, ""cur"": false}, {""w"": ""W1"", ""opp"": ""ARI"", ""v"": 29.0, ""cur"": true}, {""w"": ""W2"", ""opp"": ""LV"", ""v"": 2.0, ""cur"": true}, {""w"": ""W3"", ""opp"": ""BUF"", ""v"": 17.0, ""cur"": true}, {""w"": ""W4"", ""opp"": ""SEA"", ""v"": 40.0, ""cur"": true}]",Under,0.6435580935061245,0.5,0.5515151383587166,1.88,betonlineag,0.03684846011438708,0.010468312532496332,0.14355809350612447,
Deshaun Watson,QB,CLE,NYJ,player_pass_yds,209.5,192.83718027906298,4,,,1,True,00-0033537,2026-10-11T17:00:00Z,"[{""w"": ""W1"", ""opp"": ""JAX"", ""v"": 205.0, ""cur"": true}, {""w"": ""W2"", ""opp"": ""TB"", ""v"": 238.0, ""cur"": true}, {""w"": ""W3"", ""opp"": ""CAR"", ""v"": 144.0, ""cur"": true}, {""w"": ""W4"", ""opp"": ""PIT"", ""v"": 268.0, ""cur"": true}]",Under,0.6356862690531755,0.5,0.5485568367341922,1.89,draftkings,0.036772421427623214,0.010329331861691915,0.1356862690531755,
Najee Harris,RB,NYG,WAS,player_rush_yds,29.5,27.76248410151595,6,Did Not Participate In Practice,,1,True,00-0036893,2026-10-11T17:00:00Z,"[{""w"": ""25W1"", ""opp"": ""KC"", ""v"": 5.0, ""cur"": false}, {""w"": ""25W2"", ""opp"": ""LV"", ""v"": 28.0, ""cur"": false}, {""w"": ""25W3"", ""opp"": ""DEN"", ""v"": 28.0, ""cur"": false}, {""w"": ""W2"", ""opp"": ""LA"", ""v"": 6.0, ""cur"": true}, {""w"": ""W3"", ""opp"": ""TEN"", ""v"": 52.0, ""cur"": true}, {""w"": ""W4"", ""opp"": ""ARI"", ""v"": 30.0, ""cur"": true}]",Under,0.6234836032843754,0.4934036939313985,0.539759605003735,1.92,draftkings,0.036338441607171146,0.009874576523687811,0.13007990935297686,
Kyren Williams,RB,LA,BUF,player_reception_yds,20.5,37.27972414028575,17,,,2,True,00-0037840,2026-10-13T00:15:00Z,"[{""w"": ""25W17"", ""opp"": ""ATL"", ""v"": 38.0, ""cur"": false}, {""w"": ""25W18"", ""opp"": ""ARI"", ""v"": 21.0, ""cur"": false}, {""w"": ""W1"", ""opp"": ""SF"", ""v"": 24.0, ""cur"": true}, {""w"": ""W2"", ""opp"": ""NYG"", ""v"": 12.0, ""cur"": true}, {""w"": ""W3"", ""opp"": ""DEN"", ""v"": 70.0, ""cur"": true}, {""w"": ""W4"", ""opp"": ""PHI"", ""v"": 67.0, ""cur"": true}]",Over,0.6216593625864363,0.4980211081794196,0.5420663052209341,1.91,draftkings,0.035346642971984144,0.009710616201094546,0.1236382544070167,
Christian McCaffrey,RB,SF,SEA,player_reception_yds,36.5,33.46043979411575,17,,,2,True,00-0033280,2026-10-11T20:25:00Z,"[{""w"": ""25W17"", ""opp"": ""CHI"", ""v"": 41.0, ""cur"": false}, {""w"": ""25W18"", ""opp"": ""SEA"", ""v"": 34.0, ""cur"": false}, {""w"": ""W1"", ""opp"": ""LA"", ""v"": 20.0, ""cur"": true}, {""w"": ""W2"", ""opp"": ""MIA"", ""v"": 43.0, ""cur"": true}, {""w"": ""W3"", ""opp"": ""ARI"", ""v"": 41.0, ""cur"": true}, {""w"": ""W4"", ""opp"": ""DEN"", ""v"": 18.0, ""cur"": true}]",Under,0.6378634857843579,0.5019788918205804,0.5506460172563216,1.88,draftkings,0.035214512441884505,0.0100041228528081,0.1358845939637775,
Cooper Kupp,WR,SEA,SF,player_receptions,2.5,2.1455521491356793,17,,,6,True,00-0033908,2026-10-11T20:25:00Z,"[{""w"": ""25W17"", ""opp"": ""CAR"", ""v"": 1.0, ""cur"": false}, {""w"": ""25W18"", ""opp"": ""SF"", ""v"": 2.0, ""cur"": false}, {""w"": ""W1"", ""opp"": ""NE"", ""v"": 2.0, ""cur"": true}, {""w"": ""W2"", ""opp"": ""ARI"", ""v"": 2.0, ""cur"": true}, {""w"": ""W3"", ""opp"": ""WAS"", ""v"": 4.0, ""cur"": true}, {""w"": ""W4"", ""opp"": ""LAC"", ""v"": 1.0, ""cur"": true}]",Under,0.6373487189594982,0.5304234933477041,0.5687014963204651,1.82,fanduel,0.035036723303246475,0.010681927836355631,0.10692522561179407,
Bijan Robinson,RB,ATL,BAL,player_reception_yds,27.5,25.867387837708183,17,,,1,True,00-0038542,2026-10-12T00:20:00Z,"[{""w"": ""25W17"", ""opp"": ""LA"", ""v"": 34.0, ""cur"": false}, {""w"": ""25W18"", ""opp"": ""NO"", ""v"": 10.0, ""cur"": false}, {""w"": ""W1"", ""opp"": ""PIT"", ""v"": 90.0, ""cur"": true}, {""w"": ""W2"", ""opp"": ""CAR"", ""v"": 9.0, ""cur"": true}, {""w"": ""W3"", ""opp"": ""GB"", ""v"": 19.0, ""cur"": true}, {""w"": ""W4"", ""opp"": ""NO"", ""v"": 2.0, ""cur"": true}]",Under,0.663621833860872,0.5093833780160859,0.5651810539941178,1.83,betmgm,0.03428132880923568,0.010325701448564963,0.15423845584478613,BIG-GAP:check-news 
Michael Penix Jr.,QB,ATL,BAL,player_pass_yds,212.5,198.5287307241522,11,,,1,True,00-0039917,2026-10-12T00:20:00Z,"[{""w"": ""25W7"", ""opp"": ""SF"", ""v"": 241.0, ""cur"": false}, {""w"": ""25W9"", ""opp"": ""NE"", ""v"": 221.0, ""cur"": false}, {""w"": ""25W10"", ""opp"": ""IND"", ""v"": 177.0, ""cur"": false}, {""w"": ""25W11"", ""opp"": ""CAR"", ""v"": 175.0, ""cur"": false}, {""w"": ""W3"", ""opp"": ""GB"", ""v"": 256.0, ""cur"": true}, {""w"": ""W4"", ""opp"": ""NO"", ""v"": 223.0, ""cur"": true}]",Under,0.6213368969215056,0.4800000000000001,0.530288252955262,1.95,betmgm,0.034062093262760995,0.008963708753358158,0.14133689692150553,
Romeo Doubs,WR,NE,LV,player_reception_yds,50.5,46.010860425096254,17,,,1,True,00-0037816,2026-10-11T17:00:00Z,"[{""w"": ""25W16"", ""opp"": ""CHI"", ""v"": 84.0, ""cur"": false}, {""w"": ""25W17"", ""opp"": ""BAL"", ""v"": 62.0, ""cur"": false}, {""w"": ""W1"", ""opp"": ""SEA"", ""v"": 0.0, ""cur"": true}, {""w"": ""W2"", ""opp"": ""PIT"", ""v"": 96.0, ""cur"": true}, {""w"": ""W3"", ""opp"": ""JAX"", ""v"": 49.0, ""cur"": true}, {""w"": ""W4"", ""opp"": ""BUF"", ""v"": 58.0, ""cur"": true}]",Under,0.6473008361489473,0.5,0.5529305592722961,1.87,betmgm,0.033980145839193676,0.009764409723906228,0.1473008361489473,
Chase Brown,RB,CIN,MIA,player_rush_yds,67.5,61.5238633473625,17,,,1,True,00-0038597,2026-10-11T17:00:00Z,"[{""w"": ""25W17"", ""opp"": ""ARI"", ""v"": 101.0, ""cur"": false}, {""w"": ""25W18"", ""opp"": ""CLE"", ""v"": 72.0, ""cur"": false}, {""w"": ""W1"", ""opp"": ""TB"", ""v"": 56.0, ""cur"": true}, {""w"": ""W2"", ""opp"": ""HOU"", ""v"": 80.0, ""cur"": true}, {""w"": ""W3"", ""opp"": ""PIT"", ""v"": 61.0, ""cur"": true}, {""w"": ""W4"", ""opp"": ""JAX"", ""v"": 10.0, ""cur"": true}]",Under,0.6392425916562101,0.5,0.5498902824523332,1.88,fanduel,0.033793731010386296,0.00960049176431429,0.1392425916562101,
Tyjae Spears,RB,TEN,HOU,player_reception_yds,9.5,9.736068803181091,17,,,1,True,00-0039032,2026-10-11T17:00:00Z,"[{""w"": ""25W17"", ""opp"": ""NO"", ""v"": -1.0, ""cur"": false}, {""w"": ""25W18"", ""opp"": ""JAX"", ""v"": 9.0, ""cur"": false}, {""w"": ""W1"", ""opp"": ""NYJ"", ""v"": 12.0, ""cur"": true}, {""w"": ""W2"", ""opp"": ""PHI"", ""v"": 29.0, ""cur"": true}, {""w"": ""W3"", ""opp"": ""NYG"", ""v"": 0.0, ""cur"": true}, {""w"": ""W4"", ""opp"": ""BAL"", ""v"": -1.0, ""cur"": true}]",Under,0.6380410780135884,0.5,0.5494392211035963,1.88,fanduel,0.03294573567476139,0.009359583998511759,0.13804107801358845,
Chase Brown,RB,CIN,MIA,player_rush_yds,66.5,61.5238633473625,17,,,1,True,00-0038597,2026-10-11T17:00:00Z,"[{""w"": ""25W17"", ""opp"": ""ARI"", ""v"": 101.0, ""cur"": false}, {""w"": ""25W18"", ""opp"": ""CLE"", ""v"": 72.0, ""cur"": false}, {""w"": ""W1"", ""opp"": ""TB"", ""v"": 56.0, ""cur"": true}, {""w"": ""W2"", ""opp"": ""HOU"", ""v"": 80.0, ""cur"": true}, {""w"": ""W3"", ""opp"": ""PIT"", ""v"": 61.0, ""cur"": true}, {""w"": ""W4"", ""opp"": ""JAX"", ""v"": 10.0, ""cur"": true}]",Under,0.629616066092761,0.5,0.546291930287141,1.89,draftkings,0.03249174824269635,0.009126895573791111,0.129616066092761,
Parker Washington,WR,JAX,PHI,player_reception_yds,60.5,56.438904725874885,17,,,1,True,00-0038606,2026-10-11T13:30:00Z,"[{""w"": ""25W17"", ""opp"": ""IND"", ""v"": 115.0, ""cur"": false}, {""w"": ""25W18"", ""opp"": ""TEN"", ""v"": 87.0, ""cur"": false}, {""w"": ""W1"", ""opp"": ""CLE"", ""v"": 83.0, ""cur"": true}, {""w"": ""W2"", ""opp"": ""DEN"", ""v"": 98.0, ""cur"": true}, {""w"": ""W3"", ""opp"": ""NE"", ""v"": 40.0, ""cur"": true}, {""w"": ""W4"", ""opp"": ""CIN"", ""v"": 7.0, ""cur"": true}]",Under,0.6372685682902812,0.5,0.5491495120230514,1.88,fanduel,0.03240108260333657,0.009204853012311527,0.13726856829028122,
Cam Ward,QB,TEN,HOU,player_pass_yds,190.5,175.2098559262845,17,,,3,True,00-0040676,2026-10-11T17:00:00Z,"[{""w"": ""25W17"", ""opp"": ""NO"", ""v"": 251.0, ""cur"": false}, {""w"": ""25W18"", ""opp"": ""JAX"", ""v"": 52.0, ""cur"": false}, {""w"": ""W1"", ""opp"": ""NYJ"", ""v"": 140.0, ""cur"": true}, {""w"": ""W2"", ""opp"": ""PHI"", ""v"": 183.0, ""cur"": true}, {""w"": ""W3"", ""opp"": ""NYG"", ""v"": 181.0, ""cur"": true}, {""w"": ""W4"", ""opp"": ""BAL"", ""v"": 222.0, ""cur"": true}]",Under,0.6370122572036079,0.5,0.5490534408445058,1.88,betonlineag,0.032220468787670875,0.009153542269224681,0.13701225720360788,
Malik Nabers,WR,NYG,WAS,player_receptions,5.5,4.435180042007057,8,Did Not Participate In Practice,,5,True,00-0039337,2026-10-11T17:00:00Z,"[{""w"": ""25W3"", ""opp"": ""KC"", ""v"": 2.0, ""cur"": false}, {""w"": ""25W4"", ""opp"": ""LAC"", ""v"": 2.0, ""cur"": false}, {""w"": ""W1"", ""opp"": ""DAL"", ""v"": 6.0, ""cur"": true}, {""w"": ""W2"", ""opp"": ""LA"", ""v"": 1.0, ""cur"": true}, {""w"": ""W3"", ""opp"": ""TEN"", ""v"": 5.0, ""cur"": true}, {""w"": ""W4"", ""opp"": ""ARI"", ""v"": 6.0, ""cur"": true}]",Under,0.7026860678498938,0.5628272251308901,0.6142615615569045,1.68,draftkings,0.031959423415599486,0.011749788020440988,0.13985884271900373,
George Kittle,TE,SF,SEA,player_reception_yds,54.5,50.27796864274037,15,,,1,True,00-0033288,2026-10-11T20:25:00Z,"[{""w"": ""25W16"", ""opp"": ""IND"", ""v"": 115.0, ""cur"": false}, {""w"": ""25W18"", ""opp"": ""SEA"", ""v"": 29.0, ""cur"": false}, {""w"": ""W1"", ""opp"": ""LA"", ""v"": 12.0, ""cur"": true}, {""w"": ""W2"", ""opp"": ""MIA"", ""v"": 80.0, ""cur"": true}, {""w"": ""W3"", ""opp"": ""ARI"", ""v"": 82.0, ""cur"": true}, {""w"": ""W4"", ""opp"": ""DEN"", ""v"": 70.0, ""cur"": true}]",Under,0.6358481076794906,0.5,0.5486174116206166,1.88,betonlineag,0.03140073384675918,0.008920663024647495,0.13584810767949063,
Tyler Shough,QB,NO,MIN,player_rush_yds,9.5,17.600466575086003,15,Limited,,1,True,00-0040743,2026-10-11T17:00:00Z,"[{""w"": ""25W17"", ""opp"": ""TEN"", ""v"": 6.0, ""cur"": false}, {""w"": ""25W18"", ""opp"": ""ATL"", ""v"": 34.0, ""cur"": false}, {""w"": ""W1"", ""opp"": ""DET"", ""v"": 8.0, ""cur"": true}, {""w"": ""W2"", ""opp"": ""BAL"", ""v"": 23.0, ""cur"": true}, {""w"": ""W3"", ""opp"": ""LV"", ""v"": 36.0, ""cur"": true}, {""w"": ""W4"", ""opp"": ""ATL"", ""v"": 5.0, ""cur"": true}]",Over,0.6350786997657678,0.5,0.5483295180124336,1.88,fanduel,0.03085949386337511,0.008766901665731566,0.1350786997657678,
Rome Odunze,WR,CHI,GB,player_receptions,3.5,3.6875808161047128,16,,,5,True,00-0039919,2026-10-11T17:00:00Z,"[{""w"": ""25W12"", ""opp"": ""PIT"", ""v"": 3.0, ""cur"": false}, {""w"": ""25W13"", ""opp"": ""PHI"", ""v"": 2.0, ""cur"": false}, {""w"": ""W1"", ""opp"": ""CAR"", ""v"": 2.0, ""cur"": true}, {""w"": ""W2"", ""opp"": ""MIN"", ""v"": 3.0, ""cur"": true}, {""w"": ""W3"", ""opp"": ""PHI"", ""v"": 3.0, ""cur"": true}, {""w"": ""W4"", ""opp"": ""NYJ"", ""v"": 6.0, ""cur"": true}]",Over,0.4951577908760416,0.4087403598971723,0.43862528893726643,2.35,betrivers,0.030769429002576065,0.005698042407884456,0.08641743097886934,
Christian McCaffrey,RB,SF,SEA,player_reception_yds,35.5,33.46043979411575,17,,,4,True,00-0033280,2026-10-11T20:25:00Z,"[{""w"": ""25W17"", ""opp"": ""CHI"", ""v"": 41.0, ""cur"": false}, {""w"": ""25W18"", ""opp"": ""SEA"", ""v"": 34.0, ""cur"": false}, {""w"": ""W1"", ""opp"": ""LA"", ""v"": 20.0, ""cur"": true}, {""w"": ""W2"", ""opp"": ""MIA"", ""v"": 43.0, ""cur"": true}, {""w"": ""W3"", ""opp"": ""ARI"", ""v"": 41.0, ""cur"": true}, {""w"": ""W4"", ""opp"": ""DEN"", ""v"": 18.0, ""cur"": true}]",Under,0.6215333939305594,0.49867021276595747,0.5424386890219517,1.9,betmgm,0.03063350914170815,0.00850930809491893,0.12286318116460193,
Trevor Lawrence,QB,JAX,PHI,player_pass_yds,230.5,210.08031802719012,17,,,1,True,00-0036971,2026-10-11T13:30:00Z,"[{""w"": ""25W17"", ""opp"": ""IND"", ""v"": 263.0, ""cur"": false}, {""w"": ""25W18"", ""opp"": ""TEN"", ""v"": 255.0, ""cur"": false}, {""w"": ""W1"", ""opp"": ""CLE"", ""v"": 245.0, ""cur"": true}, {""w"": ""W2"", ""opp"": ""DEN"", ""v"": 189.0, ""cur"": true}, {""w"": ""W3"", ""opp"": ""NE"", ""v"": 182.0, ""cur"": true}, {""w"": ""W4"", ""opp"": ""CIN"", ""v"": 227.0, ""cur"": true}]",Under,0.6512485608255398,0.5040214477211795,0.5570115214765805,1.85,betrivers,0.03047131473167397,0.008962151391668813,0.14722711310436032,
Woody Marks,RB,HOU,TEN,player_receptions,1.5,1.5529887016745736,17,,,3,True,00-0040583,2026-10-11T17:00:00Z,"[{""w"": ""25W17"", ""opp"": ""LAC"", ""v"": 1.0, ""cur"": false}, {""w"": ""25W18"", ""opp"": ""IND"", ""v"": 2.0, ""cur"": false}, {""w"": ""W1"", ""opp"": ""BUF"", ""v"": 1.0, ""cur"": true}, {""w"": ""W2"", ""opp"": ""CIN"", ""v"": 5.0, ""cur"": true}, {""w"": ""W3"", ""opp"": ""IND"", ""v"": 1.0, ""cur"": true}, {""w"": ""W4"", ""opp"": ""DAL"", ""v"": 0.0, ""cur"": true}]",Under,0.5761704040317969,0.528,0.5449660422830112,1.89,draftkings,0.02998581991489102,0.0084229831221604,0.04817040403179684,
RJ Harvey,RB,DEN,LAC,player_rush_yds,17.5,26.758175737847054,17,,,1,True,00-0040730,2026-10-11T20:05:00Z,"[{""w"": ""25W16"", ""opp"": ""JAX"", ""v"": 50.0, ""cur"": false}, {""w"": ""25W17"", ""opp"": ""KC"", ""v"": 43.0, ""cur"": false}, {""w"": ""25W18"", ""opp"": ""LAC"", ""v"": 28.0, ""cur"": false}, {""w"": ""W1"", ""opp"": ""KC"", ""v"": 18.0, ""cur"": true}, {""w"": ""W3"", ""opp"": ""LA"", ""v"": 6.0, ""cur"": true}, {""w"": ""W4"", ""opp"": ""SF"", ""v"": 25.0, ""cur"": true}]",Over,0.6292421564959618,0.48930481283422456,0.5392507562557484,1.91,betrivers,0.029968944448479307,0.008233226496834976,0.13993734366173727,
Gunnar Helm,TE,TEN,HOU,player_receptions,2.5,2.112064845453244,17,,,2,True,00-0040584,2026-10-11T17:00:00Z,"[{""w"": ""25W16"", ""opp"": ""KC"", ""v"": 2.0, ""cur"": false}, {""w"": ""25W17"", ""opp"": ""NO"", ""v"": 1.0, ""cur"": false}, {""w"": ""W1"", ""opp"": ""NYJ"", ""v"": 4.0, ""cur"": true}, {""w"": ""W2"", ""opp"": ""PHI"", ""v"": 2.0, ""cur"": true}, {""w"": ""W3"", ""opp"": ""NYG"", ""v"": 2.0, ""cur"": true}, {""w"": ""W4"", ""opp"": ""BAL"", ""v"": 1.0, ""cur"": true}]",Under,0.6463967949475602,0.5159296041648983,0.5628075729132945,1.83,fanduel,0.029937858431329012,0.009017427238352112,0.1304671907826619,
Keenan Allen,WR,IND,PIT,player_receptions,2.5,4.1996244586108675,17,Limited,,3,True,00-0030279,2026-10-11T17:00:00Z,"[{""w"": ""25W16"", ""opp"": ""DAL"", ""v"": 5.0, ""cur"": false}, {""w"": ""25W17"", ""opp"": ""HOU"", ""v"": 1.0, ""cur"": false}, {""w"": ""25W18"", ""opp"": ""DEN"", ""v"": 7.0, ""cur"": false}, {""w"": ""W1"", ""opp"": ""BAL"", ""v"": 6.0, ""cur"": true}, {""w"": ""W2"", ""opp"": ""KC"", ""v"": 1.0, ""cur"": true}, {""w"": ""W3"", ""opp"": ""HOU"", ""v"": 6.0, ""cur"": true}]",Over,0.7365566360049527,0.5943877551020408,0.6475389820381274,1.59,bovada,0.02958698144062266,0.01253685654263672,0.1421688809029119,
Ted Hurst III,WR,TB,DAL,player_reception_yds,21.5,31.393522997186828,4,,,2,True,00-0041048,2026-10-09T00:15:00Z,"[{""w"": ""W1"", ""opp"": ""CIN"", ""v"": 36.0, ""cur"": true}, {""w"": ""W2"", ""opp"": ""CLE"", ""v"": 27.0, ""cur"": true}, {""w"": ""W3"", ""opp"": ""MIN"", ""v"": 40.0, ""cur"": true}, {""w"": ""W4"", ""opp"": ""GB"", ""v"": 25.0, ""cur"": true}]",Over,0.6325238945366916,0.5,0.5473751828712061,1.88,betonlineag,0.029065343797867516,0.008257199942576,0.13252389453669156,
KC Concepcion,WR,CLE,NYJ,player_receptions,4.5,4.193714583323906,4,,,6,True,00-0041547,2026-10-11T17:00:00Z,"[{""w"": ""W1"", ""opp"": ""JAX"", ""v"": 4.0, ""cur"": true}, {""w"": ""W2"", ""opp"": ""TB"", ""v"": 6.0, ""cur"": true}, {""w"": ""W3"", ""opp"": ""CAR"", ""v"": 2.0, ""cur"": true}, {""w"": ""W4"", ""opp"": ""PIT"", ""v"": 5.0, ""cur"": true}]",Under,0.592489540668385,0.5602094240837696,0.5715801731835869,1.8,betmgm,0.02884431173045643,0.009013847415767634,0.03228011658461538,
Chase Brown,RB,CIN,MIA,player_rush_yds,68.5,61.5238633473625,17,,,1,True,00-0038597,2026-10-11T17:00:00Z,"[{""w"": ""25W17"", ""opp"": ""ARI"", ""v"": 101.0, ""cur"": false}, {""w"": ""25W18"", ""opp"": ""CLE"", ""v"": 72.0, ""cur"": false}, {""w"": ""W1"", ""opp"": ""TB"", ""v"": 56.0, ""cur"": true}, {""w"": ""W2"", ""opp"": ""HOU"", ""v"": 80.0, ""cur"": true}, {""w"": ""W3"", ""opp"": ""PIT"", ""v"": 61.0, ""cur"": true}, {""w"": ""W4"", ""opp"": ""JAX"", ""v"": 10.0, ""cur"": true}]",Under,0.6486890066449186,0.5040214477211795,0.5560396963950477,1.85,betrivers,0.028673438330838297,0.00843336421495244,0.14466755892373906,
George Kittle,TE,SF,SEA,player_reception_yds,52.5,50.27796864274037,15,,,3,True,00-0033288,2026-10-11T20:25:00Z,"[{""w"": ""25W16"", ""opp"": ""IND"", ""v"": 115.0, ""cur"": false}, {""w"": ""25W18"", ""opp"": ""SEA"", ""v"": 29.0, ""cur"": false}, {""w"": ""W1"", ""opp"": ""LA"", ""v"": 12.0, ""cur"": true}, {""w"": ""W2"", ""opp"": ""MIA"", ""v"": 80.0, ""cur"": true}, {""w"": ""W3"", ""opp"": ""ARI"", ""v"": 82.0, ""cur"": true}, {""w"": ""W4"", ""opp"": ""DEN"", ""v"": 70.0, ""cur"": true}]",Under,0.614836725059626,0.5,0.5408316908228633,1.9,draftkings,0.027580212563440232,0.0076611701565111765,0.11483672505962605,
Cade Otton,TE,TB,DAL,player_reception_yds,28.5,40.56474487940717,17,,,4,True,00-0038129,2026-10-09T00:15:00Z,"[{""w"": ""25W17"", ""opp"": ""MIA"", ""v"": 33.0, ""cur"": false}, {""w"": ""25W18"", ""opp"": ""CAR"", ""v"": 94.0, ""cur"": false}, {""w"": ""W1"", ""opp"": ""CIN"", ""v"": 26.0, ""cur"": true}, {""w"": ""W2"", ""opp"": ""CLE"", ""v"": 38.0, ""cur"": true}, {""w"": ""W3"", ""opp"": ""MIN"", ""v"": 56.0, ""cur"": true}, {""w"": ""W4"", ""opp"": ""GB"", ""v"": 37.0, ""cur"": true}]",Over,0.6165297974345111,0.49867021276595747,0.5405949979177029,1.9,betmgm,0.027130496043635544,0.007536248901009874,0.11785958466855362,
Nico Collins,WR,HOU,TEN,player_receptions,5.5,5.070089594048165,17,Limited,,5,True,00-0036554,2026-10-11T17:00:00Z,"[{""w"": ""25W14"", ""opp"": ""KC"", ""v"": 4.0, ""cur"": false}, {""w"": ""25W15"", ""opp"": ""ARI"", ""v"": 3.0, ""cur"": false}, {""w"": ""25W16"", ""opp"": ""LV"", ""v"": 4.0, ""cur"": false}, {""w"": ""25W17"", ""opp"": ""LAC"", ""v"": 3.0, ""cur"": false}, {""w"": ""W1"", ""opp"": ""BUF"", ""v"": 7.0, ""cur"": true}, {""w"": ""W4"", ""opp"": ""DAL"", ""v"": 7.0, ""cur"": true}]",Under,0.6042942799441529,0.4841269841269843,0.5267003164878418,1.95,betmgm,0.02706561715129141,0.007122530829287214,0.12016729581716856,
Hunter Henry,TE,NE,LV,player_reception_yds,36.5,34.07305288679988,17,,,1,True,00-0033090,2026-10-11T17:00:00Z,"[{""w"": ""25W17"", ""opp"": ""NYJ"", ""v"": 49.0, ""cur"": false}, {""w"": ""25W18"", ""opp"": ""MIA"", ""v"": 56.0, ""cur"": false}, {""w"": ""W1"", ""opp"": ""SEA"", ""v"": 26.0, ""cur"": true}, {""w"": ""W2"", ""opp"": ""PIT"", ""v"": 40.0, ""cur"": true}, {""w"": ""W3"", ""opp"": ""JAX"", ""v"": 5.0, ""cur"": true}, {""w"": ""W4"", ""opp"": ""BUF"", ""v"": 62.0, ""cur"": true}]",Under,0.6372330839070682,0.5,0.5491362101512194,1.87,betmgm,0.02688471298278028,0.007725492236431114,0.13723308390706823,
Malik Nabers,WR,NYG,WAS,player_reception_yds,56.5,53.68610652265828,8,Did Not Participate In Practice,,1,True,00-0039337,2026-10-11T17:00:00Z,"[{""w"": ""25W3"", ""opp"": ""KC"", ""v"": 13.0, ""cur"": false}, {""w"": ""25W4"", ""opp"": ""LAC"", ""v"": 20.0, ""cur"": false}, {""w"": ""W1"", ""opp"": ""DAL"", ""v"": 69.0, ""cur"": true}, {""w"": ""W2"", ""opp"": ""LA"", ""v"": 1.0, ""cur"": true}, {""w"": ""W3"", ""opp"": ""TEN"", ""v"": 26.0, ""cur"": true}, {""w"": ""W4"", ""opp"": ""ARI"", ""v"": 112.0, ""cur"": true}]",Under,0.6363425303056387,0.4959785522788204,0.5462121396913161,1.88,betrivers,0.026878822619674225,0.0076360291533165425,0.14036397802681833,
Sam Darnold,QB,SEA,SF,player_rush_yds,4.5,7.570815895524525,17,,,4,True,00-0034869,2026-10-11T20:25:00Z,"[{""w"": ""25W16"", ""opp"": ""LA"", ""v"": 7.0, ""cur"": false}, {""w"": ""25W17"", ""opp"": ""CAR"", ""v"": 2.0, ""cur"": false}, {""w"": ""25W18"", ""opp"": ""SF"", ""v"": 9.0, ""cur"": false}, {""w"": ""W1"", ""opp"": ""NE"", ""v"": 0.0, ""cur"": true}, {""w"": ""W3"", ""opp"": ""WAS"", ""v"": 5.0, ""cur"": true}, {""w"": ""W4"", ""opp"": ""LAC"", ""v"": 6.0, ""cur"": true}]",Over,0.6235370252363315,0.5119965297531004,0.5517645888673812,1.86,draftkings,0.026282135293329123,0.007640155608525907,0.11154049548323108,
Nico Collins,WR,HOU,TEN,player_reception_yds,79.5,73.73896454453674,17,Limited,,1,True,00-0036554,2026-10-11T17:00:00Z,"[{""w"": ""25W14"", ""opp"": ""KC"", ""v"": 121.0, ""cur"": false}, {""w"": ""25W15"", ""opp"": ""ARI"", ""v"": 85.0, ""cur"": false}, {""w"": ""25W16"", ""opp"": ""LV"", ""v"": 59.0, ""cur"": false}, {""w"": ""25W17"", ""opp"": ""LAC"", ""v"": 57.0, ""cur"": false}, {""w"": ""W1"", ""opp"": ""BUF"", ""v"": 75.0, ""cur"": true}, {""w"": ""W4"", ""opp"": ""DAL"", ""v"": 118.0, ""cur"": true}]",Under,0.6268643848258342,0.5,0.5452696661548808,1.88,fanduel,0.025106972371175873,0.007132662605447692,0.12686438482583418,
Trevor Lawrence,QB,JAX,PHI,player_pass_yds,225.5,210.08031802719012,17,,,2,True,00-0036971,2026-10-11T13:30:00Z,"[{""w"": ""25W17"", ""opp"": ""IND"", ""v"": 263.0, ""cur"": false}, {""w"": ""25W18"", ""opp"": ""TEN"", ""v"": 255.0, ""cur"": false}, {""w"": ""W1"", ""opp"": ""CLE"", ""v"": 245.0, ""cur"": true}, {""w"": ""W2"", ""opp"": ""DEN"", ""v"": 189.0, ""cur"": true}, {""w"": ""W3"", ""opp"": ""NE"", ""v"": 182.0, ""cur"": true}, {""w"": ""W4"", ""opp"": ""CIN"", ""v"": 227.0, ""cur"": true}]",Under,0.6266840244465149,0.5,0.5452027552364894,1.88,betonlineag,0.024981179844600077,0.007096926092215932,0.12668402444651494,
Nico Collins,WR,HOU,TEN,player_reception_yds,78.5,73.73896454453674,17,Limited,,2,True,00-0036554,2026-10-11T17:00:00Z,"[{""w"": ""25W14"", ""opp"": ""KC"", ""v"": 121.0, ""cur"": false}, {""w"": ""25W15"", ""opp"": ""ARI"", ""v"": 85.0, ""cur"": false}, {""w"": ""25W16"", ""opp"": ""LV"", ""v"": 59.0, ""cur"": false}, {""w"": ""25W17"", ""opp"": ""LAC"", ""v"": 57.0, ""cur"": false}, {""w"": ""W1"", ""opp"": ""BUF"", ""v"": 75.0, ""cur"": true}, {""w"": ""W4"", ""opp"": ""DAL"", ""v"": 118.0, ""cur"": true}]",Under,0.6182779172885615,0.5,0.5420965671516959,1.89,draftkings,0.02456251191670511,0.00689958199907447,0.11827791728856152,
David Montgomery,RB,HOU,TEN,player_receptions,1.5,1.1653559485929095,17,,,3,True,00-0035685,2026-10-11T17:00:00Z,"[{""w"": ""25W17"", ""opp"": ""MIN"", ""v"": 2.0, ""cur"": false}, {""w"": ""25W18"", ""opp"": ""CHI"", ""v"": 1.0, ""cur"": false}, {""w"": ""W1"", ""opp"": ""BUF"", ""v"": 3.0, ""cur"": true}, {""w"": ""W2"", ""opp"": ""CIN"", ""v"": 2.0, ""cur"": true}, {""w"": ""W3"", ""opp"": ""IND"", ""v"": 2.0, ""cur"": true}, {""w"": ""W4"", ""opp"": ""DAL"", ""v"": 0.0, ""cur"": true}]",Under,0.6751862227615304,0.5555555555555556,0.5989641899406966,1.71,betmgm,0.024228764798591096,0.008531255210771513,0.11963066720597482,
Tyler Warren,TE,IND,PIT,player_receptions,5.5,4.736023618841058,17,,,6,True,00-0040128,2026-10-11T17:00:00Z,"[{""w"": ""25W17"", ""opp"": ""JAX"", ""v"": 5.0, ""cur"": false}, {""w"": ""25W18"", ""opp"": ""HOU"", ""v"": 5.0, ""cur"": false}, {""w"": ""W1"", ""opp"": ""BAL"", ""v"": 3.0, ""cur"": true}, {""w"": ""W2"", ""opp"": ""KC"", ""v"": 6.0, ""cur"": true}, {""w"": ""W3"", ""opp"": ""HOU"", ""v"": 9.0, ""cur"": true}, {""w"": ""W4"", ""opp"": ""WAS"", ""v"": 5.0, ""cur"": true}]",Under,0.659739425136887,0.5484684519442407,0.5885953280498245,1.74,bovada,0.024155870806694624,0.00816076716442386,0.11127097319264634,
Rashod Bateman,WR,BAL,ATL,player_receptions,1.5,2.083277253923326,17,Limited,,4,True,00-0036550,2026-10-12T00:20:00Z,"[{""w"": ""25W16"", ""opp"": ""NE"", ""v"": 0.0, ""cur"": false}, {""w"": ""25W17"", ""opp"": ""GB"", ""v"": 1.0, ""cur"": false}, {""w"": ""W1"", ""opp"": ""IND"", ""v"": 0.0, ""cur"": true}, {""w"": ""W2"", ""opp"": ""NO"", ""v"": 7.0, ""cur"": true}, {""w"": ""W3"", ""opp"": ""DAL"", ""v"": 2.0, ""cur"": true}, {""w"": ""W4"", ""opp"": ""TEN"", ""v"": 2.0, ""cur"": true}]",Under,0.4815104628556251,0.42595264597160953,0.4452586616321229,2.3,betonlineag,0.024094921753882614,0.00463363879882358,0.055557816884015565,
Josh Allen,QB,BUF,LA,player_pass_yds,244.5,229.34733615247436,17,,,3,True,00-0034857,2026-10-13T00:15:00Z,"[{""w"": ""25W16"", ""opp"": ""CLE"", ""v"": 130.0, ""cur"": false}, {""w"": ""25W17"", ""opp"": ""PHI"", ""v"": 262.0, ""cur"": false}, {""w"": ""W1"", ""opp"": ""HOU"", ""v"": 334.0, ""cur"": true}, {""w"": ""W2"", ""opp"": ""DET"", ""v"": 248.0, ""cur"": true}, {""w"": ""W3"", ""opp"": ""LAC"", ""v"": 204.0, ""cur"": true}, {""w"": ""W4"", ""opp"": ""NE"", ""v"": 253.0, ""cur"": true}]",Under,0.6169160198063972,0.5,0.5415955257196953,1.89,draftkings,0.023615543610224,0.006633579665793259,0.11691601980639721,
Jordan Love,QB,GB,CHI,player_rush_yds,6.5,7.580275188272824,17,,,1,True,00-0036264,2026-10-11T17:00:00Z,"[{""w"": ""25W15"", ""opp"": ""DEN"", ""v"": 29.0, ""cur"": false}, {""w"": ""25W16"", ""opp"": ""CHI"", ""v"": 7.0, ""cur"": false}, {""w"": ""W1"", ""opp"": ""MIN"", ""v"": 0.0, ""cur"": true}, {""w"": ""W2"", ""opp"": ""NYJ"", ""v"": 0.0, ""cur"": true}, {""w"": ""W3"", ""opp"": ""ATL"", ""v"": 0.0, ""cur"": true}, {""w"": ""W4"", ""opp"": ""TB"", ""v"": -8.0, ""cur"": true}]",Under,0.6244865541181958,0.5,0.5443884400714688,1.88,fanduel,0.023450267334361286,0.006662007765443548,0.12448655411819576,
George Pickens,WR,DAL,TB,player_receptions,4.5,4.437664482371738,17,,,6,True,00-0037247,2026-10-09T00:15:00Z,"[{""w"": ""25W17"", ""opp"": ""WAS"", ""v"": 4.0, ""cur"": false}, {""w"": ""25W18"", ""opp"": ""NYG"", ""v"": 1.0, ""cur"": false}, {""w"": ""W1"", ""opp"": ""NYG"", ""v"": 3.0, ""cur"": true}, {""w"": ""W2"", ""opp"": ""WAS"", ""v"": 6.0, ""cur"": true}, {""w"": ""W3"", ""opp"": ""BAL"", ""v"": 7.0, ""cur"": true}, {""w"": ""W4"", ""opp"": ""HOU"", ""v"": 2.0, ""cur"": true}]",Under,0.5584832463266571,0.505975224335459,0.5244278745601911,1.95,betmgm,0.022634355392372685,0.005956409313782286,0.052508021991198084,
Marvin Harrison Jr.,WR,ARI,DET,player_reception_yds,35.5,33.92502030291295,16,,,1,True,00-0039849,2026-10-11T20:25:00Z,"[{""w"": ""25W16"", ""opp"": ""ATL"", ""v"": 14.0, ""cur"": false}, {""w"": ""25W17"", ""opp"": ""CIN"", ""v"": 0.0, ""cur"": false}, {""w"": ""W1"", ""opp"": ""LAC"", ""v"": 33.0, ""cur"": true}, {""w"": ""W2"", ""opp"": ""SEA"", ""v"": 0.0, ""cur"": true}, {""w"": ""W3"", ""opp"": ""SF"", ""v"": 40.0, ""cur"": true}, {""w"": ""W4"", ""opp"": ""NYG"", ""v"": 12.0, ""cur"": true}]",Under,0.6306240757834845,0.5,0.5466670929856113,1.87,betrivers,0.022267463883093253,0.006398696518130244,0.13062407578348445,
Jared Goff,QB,DET,ARI,player_pass_yds,278.5,324.9867757027896,17,,,2,True,00-0033106,2026-10-11T20:25:00Z,"[{""w"": ""25W17"", ""opp"": ""MIN"", ""v"": 197.0, ""cur"": false}, {""w"": ""25W18"", ""opp"": ""CHI"", ""v"": 331.0, ""cur"": false}, {""w"": ""W1"", ""opp"": ""NO"", ""v"": 206.0, ""cur"": true}, {""w"": ""W2"", ""opp"": ""BUF"", ""v"": 327.0, ""cur"": true}, {""w"": ""W3"", ""opp"": ""NYJ"", ""v"": 269.0, ""cur"": true}, {""w"": ""W4"", ""opp"": ""CAR"", ""v"": 412.0, ""cur"": true}]",Over,0.6143395073976764,0.5,0.5406492372279825,1.89,draftkings,0.02182705836088694,0.006131196168788468,0.1143395073976764,
Jeremiyah Love,RB,ARI,DET,player_receptions,2.5,2.642685678107302,4,,,5,True,00-0041027,2026-10-11T20:25:00Z,"[{""w"": ""W1"", ""opp"": ""LAC"", ""v"": 2.0, ""cur"": true}, {""w"": ""W2"", ""opp"": ""SEA"", ""v"": 3.0, ""cur"": true}, {""w"": ""W3"", ""opp"": ""SF"", ""v"": 5.0, ""cur"": true}, {""w"": ""W4"", ""opp"": ""NYG"", ""v"": 1.0, ""cur"": true}]",Over,0.4808017946840771,0.47200000000000003,0.4750789296286225,2.15,betrivers,0.02141969870153837,0.0046564562394648635,0.008801794684077047,
Drake London,WR,ATL,BAL,player_reception_yds,79.5,76.47001485468907,16,,,1,True,00-0037238,2026-10-12T00:20:00Z,"[{""w"": ""25W17"", ""opp"": ""LA"", ""v"": 4.0, ""cur"": false}, {""w"": ""25W18"", ""opp"": ""NO"", ""v"": 78.0, ""cur"": false}, {""w"": ""W1"", ""opp"": ""PIT"", ""v"": 29.0, ""cur"": true}, {""w"": ""W2"", ""opp"": ""CAR"", ""v"": 51.0, ""cur"": true}, {""w"": ""W3"", ""opp"": ""GB"", ""v"": 194.0, ""cur"": true}, {""w"": ""W4"", ""opp"": ""NO"", ""v"": 96.0, ""cur"": true}]",Under,0.6294031296138767,0.5,0.5462127263968192,1.87,betmgm,0.021417798362051932,0.0061545397592103245,0.12940312961387668,
Bijan Robinson,RB,ATL,BAL,player_receptions,3.5,3.6457427621295637,17,,,6,True,00-0038542,2026-10-12T00:20:00Z,"[{""w"": ""25W17"", ""opp"": ""LA"", ""v"": 5.0, ""cur"": false}, {""w"": ""25W18"", ""opp"": ""NO"", ""v"": 3.0, ""cur"": false}, {""w"": ""W1"", ""opp"": ""PIT"", ""v"": 8.0, ""cur"": true}, {""w"": ""W2"", ""opp"": ""CAR"", ""v"": 3.0, ""cur"": true}, {""w"": ""W3"", ""opp"": ""GB"", ""v"": 2.0, ""cur"": true}, {""w"": ""W4"", ""opp"": ""NO"", ""v"": 1.0, ""cur"": true}]",Under,0.5426369725726479,0.4853723404255319,0.5054483621664014,2.02,fanduel,0.021005691576130858,0.005148453817679132,0.05726463214711597,
Malik Nabers,WR,NYG,WAS,player_reception_yds,54.5,53.68610652265828,8,Did Not Participate In Practice,,1,True,00-0039337,2026-10-11T17:00:00Z,"[{""w"": ""25W3"", ""opp"": ""KC"", ""v"": 13.0, ""cur"": false}, {""w"": ""25W4"", ""opp"": ""LAC"", ""v"": 20.0, ""cur"": false}, {""w"": ""W1"", ""opp"": ""DAL"", ""v"": 69.0, ""cur"": true}, {""w"": ""W2"", ""opp"": ""LA"", ""v"": 1.0, ""cur"": true}, {""w"": ""W3"", ""opp"": ""TEN"", ""v"": 26.0, ""cur"": true}, {""w"": ""W4"", ""opp"": ""ARI"", ""v"": 112.0, ""cur"": true}]",Under,0.6206202828810568,0.5,0.542959728395468,1.88,fanduel,0.02076428938347985,0.005898945847579504,0.12062028288105675,
Emeka Egbuka,WR,TB,DAL,player_receptions,3.5,3.6416160824863915,17,,,5,True,00-0040129,2026-10-09T00:15:00Z,"[{""w"": ""25W17"", ""opp"": ""MIA"", ""v"": 3.0, ""cur"": false}, {""w"": ""25W18"", ""opp"": ""CAR"", ""v"": 1.0, ""cur"": false}, {""w"": ""W1"", ""opp"": ""CIN"", ""v"": 5.0, ""cur"": true}, {""w"": ""W2"", ""opp"": ""CLE"", ""v"": 3.0, ""cur"": true}, {""w"": ""W3"", ""opp"": ""MIN"", ""v"": 5.0, ""cur"": true}, {""w"": ""W4"", ""opp"": ""GB"", ""v"": 2.0, ""cur"": true}]",Over,0.49358808247591707,0.4030612244897959,0.4343194662536699,2.35,betmgm,0.02065074569612435,0.0038242121659489534,0.09052685798612115,
MarShawn Lloyd,RB,GB,CHI,player_rush_yds,28.5,26.90868348661148,4,,,1,True,00-0039811,2026-10-11T17:00:00Z,"[{""w"": ""W1"", ""opp"": ""MIN"", ""v"": 37.0, ""cur"": true}, {""w"": ""W2"", ""opp"": ""NYJ"", ""v"": 20.0, ""cur"": true}, {""w"": ""W3"", ""opp"": ""ATL"", ""v"": 11.0, ""cur"": true}, {""w"": ""W4"", ""opp"": ""TB"", ""v"": 13.0, ""cur"": true}]",Under,0.6195041297313177,0.5,0.542548202430899,1.88,fanduel,0.01999062057008999,0.005679153571048293,0.11950412973131774,
Calvin Ridley,WR,TEN,HOU,player_receptions,0.5,1.3016648758522895,10,,,2,True,00-0034837,2026-10-11T17:00:00Z,"[{""w"": ""25W5"", ""opp"": ""ARI"", ""v"": 5.0, ""cur"": false}, {""w"": ""25W6"", ""opp"": ""LV"", ""v"": 1.0, ""cur"": false}, {""w"": ""25W11"", ""opp"": ""HOU"", ""v"": 1.0, ""cur"": false}, {""w"": ""W2"", ""opp"": ""PHI"", ""v"": 2.0, ""cur"": true}, {""w"": ""W3"", ""opp"": ""NYG"", ""v"": 0.0, ""cur"": true}, {""w"": ""W4"", ""opp"": ""BAL"", ""v"": 1.0, ""cur"": true}]",Over,0.7254326159477624,0.6050884094095653,0.6496300035078597,1.57,draftkings,0.019919105507339774,0.008736449783920953,0.12034420653819711,
Josh Allen,QB,BUF,LA,player_pass_yds,243.5,229.34733615247436,17,,,1,True,00-0034857,2026-10-13T00:15:00Z,"[{""w"": ""25W16"", ""opp"": ""CLE"", ""v"": 130.0, ""cur"": false}, {""w"": ""25W17"", ""opp"": ""PHI"", ""v"": 262.0, ""cur"": false}, {""w"": ""W1"", ""opp"": ""HOU"", ""v"": 334.0, ""cur"": true}, {""w"": ""W2"", ""opp"": ""DET"", ""v"": 248.0, ""cur"": true}, {""w"": ""W3"", ""opp"": ""LAC"", ""v"": 204.0, ""cur"": true}, {""w"": ""W4"", ""opp"": ""NE"", ""v"": 253.0, ""cur"": true}]",Under,0.6126472620249425,0.49468085106382975,0.5365915762543306,1.9,betonlineag,0.019523994883228146,0.005423331912007819,0.11796641096111271,
Tre Tucker,WR,LV,NE,player_receptions,3.5,3.5900290252527696,17,,,6,True,00-0038563,2026-10-11T17:00:00Z,"[{""w"": ""25W17"", ""opp"": ""NYG"", ""v"": 5.0, ""cur"": false}, {""w"": ""25W18"", ""opp"": ""KC"", ""v"": 2.0, ""cur"": false}, {""w"": ""W1"", ""opp"": ""MIA"", ""v"": 2.0, ""cur"": true}, {""w"": ""W2"", ""opp"": ""LAC"", ""v"": 5.0, ""cur"": true}, {""w"": ""W3"", ""opp"": ""NO"", ""v"": 4.0, ""cur"": true}, {""w"": ""W4"", ""opp"": ""KC"", ""v"": 4.0, ""cur"": true}]",Over,0.4826573325027688,0.48677143213015284,0.4853312647653876,2.1,betmgm,0.019195656007313988,0.004362649092571361,-0.004114099627384016,
Colston Loveland,TE,CHI,GB,player_receptions,3.5,3.7761223747776973,17,,,6,True,00-0040126,2026-10-11T17:00:00Z,"[{""w"": ""25W17"", ""opp"": ""SF"", ""v"": 6.0, ""cur"": false}, {""w"": ""25W18"", ""opp"": ""DET"", ""v"": 10.0, ""cur"": false}, {""w"": ""W1"", ""opp"": ""CAR"", ""v"": 0.0, ""cur"": true}, {""w"": ""W2"", ""opp"": ""MIN"", ""v"": 1.0, ""cur"": true}, {""w"": ""W3"", ""opp"": ""PHI"", ""v"": 4.0, ""cur"": true}, {""w"": ""W4"", ""opp"": ""NYJ"", ""v"": 6.0, ""cur"": true}]",Under,0.5181424306771305,0.427502477291007,0.4589871411064987,2.22,draftkings,0.01895145325642733,0.0038834945197596983,0.09063995338612352,
Aaron Jones,RB,MIN,NO,player_receptions,2.5,2.7331973471727364,16,Limited,,1,True,00-0033293,2026-10-11T17:00:00Z,"[{""w"": ""25W16"", ""opp"": ""NYG"", ""v"": 2.0, ""cur"": false}, {""w"": ""25W17"", ""opp"": ""DET"", ""v"": 3.0, ""cur"": false}, {""w"": ""W1"", ""opp"": ""GB"", ""v"": 0.0, ""cur"": true}, {""w"": ""W2"", ""opp"": ""CHI"", ""v"": 0.0, ""cur"": true}, {""w"": ""W3"", ""opp"": ""TB"", ""v"": 5.0, ""cur"": true}, {""w"": ""W4"", ""opp"": ""MIA"", ""v"": 4.0, ""cur"": true}]",Under,0.5134879392401507,0.40568475452196384,0.4429238514886878,2.3,fanduel,0.01872485842398175,0.003600934312304183,0.10780318471818684,
Marvin Harrison Jr.,WR,ARI,DET,player_reception_yds,34.5,33.92502030291295,16,,,3,True,00-0039849,2026-10-11T20:25:00Z,"[{""w"": ""25W16"", ""opp"": ""ATL"", ""v"": 14.0, ""cur"": false}, {""w"": ""25W17"", ""opp"": ""CIN"", ""v"": 0.0, ""cur"": false}, {""w"": ""W1"", ""opp"": ""LAC"", ""v"": 33.0, ""cur"": true}, {""w"": ""W2"", ""opp"": ""SEA"", ""v"": 0.0, ""cur"": true}, {""w"": ""W3"", ""opp"": ""SF"", ""v"": 40.0, ""cur"": true}, {""w"": ""W4"", ""opp"": ""NYG"", ""v"": 12.0, ""cur"": true}]",Under,0.6176359072861877,0.5,0.5418602978483494,1.88,betonlineag,0.01869735995489691,0.0053117499871866225,0.11763590728618767,
Cam Skattebo,RB,NYG,WAS,player_receptions,2.5,2.0148538556336915,12,Limited,,4,True,00-0040715,2026-10-11T17:00:00Z,"[{""w"": ""25W7"", ""opp"": ""DEN"", ""v"": 3.0, ""cur"": false}, {""w"": ""25W8"", ""opp"": ""PHI"", ""v"": 1.0, ""cur"": false}, {""w"": ""W1"", ""opp"": ""DAL"", ""v"": 0.0, ""cur"": true}, {""w"": ""W2"", ""opp"": ""LA"", ""v"": 4.0, ""cur"": true}, {""w"": ""W3"", ""opp"": ""TEN"", ""v"": 3.0, ""cur"": true}, {""w"": ""W4"", ""opp"": ""ARI"", ""v"": 1.0, ""cur"": true}]",Under,0.6743745527968041,0.591026239488754,0.6210834321457835,1.64,betonlineag,0.018576828719084948,0.007256573718392559,0.08334831330805015,
Quinshon Judkins,RB,CLE,NYJ,player_rush_yds,59.5,56.7174207053799,17,,,5,True,00-0040784,2026-10-11T17:00:00Z,"[{""w"": ""25W15"", ""opp"": ""CHI"", ""v"": 21.0, ""cur"": false}, {""w"": ""25W16"", ""opp"": ""BUF"", ""v"": 22.0, ""cur"": false}, {""w"": ""W1"", ""opp"": ""JAX"", ""v"": 33.0, ""cur"": true}, {""w"": ""W2"", ""opp"": ""TB"", ""v"": 21.0, ""cur"": true}, {""w"": ""W3"", ""opp"": ""CAR"", ""v"": 70.0, ""cur"": true}, {""w"": ""W4"", ""opp"": ""PIT"", ""v"": 53.0, ""cur"": true}]",Under,0.608292603165801,0.5,0.5384363468423762,1.89,betrivers,0.017644695532090915,0.004956375149463741,0.10829260316580103,
Matthew Stafford,QB,LA,BUF,player_pass_yds,277.5,328.5199119074335,17,,,1,True,00-0026498,2026-10-13T00:15:00Z,"[{""w"": ""25W17"", ""opp"": ""ATL"", ""v"": 269.0, ""cur"": false}, {""w"": ""25W18"", ""opp"": ""ARI"", ""v"": 259.0, ""cur"": false}, {""w"": ""W1"", ""opp"": ""SF"", ""v"": 155.0, ""cur"": true}, {""w"": ""W2"", ""opp"": ""NYG"", ""v"": 327.0, ""cur"": true}, {""w"": ""W3"", ""opp"": ""DEN"", ""v"": 390.0, ""cur"": true}, {""w"": ""W4"", ""opp"": ""PHI"", ""v"": 317.0, ""cur"": true}]",Over,0.6158600387581075,0.5,0.5412074378253444,1.88,fanduel,0.017469983111647436,0.004963063383990749,0.11586003875810746,
Zay Flowers,WR,BAL,ATL,player_receptions,5.5,5.096862545885588,17,Limited,,6,True,00-0039064,2026-10-12T00:20:00Z,"[{""w"": ""25W16"", ""opp"": ""NE"", ""v"": 7.0, ""cur"": false}, {""w"": ""25W17"", ""opp"": ""GB"", ""v"": 4.0, ""cur"": false}, {""w"": ""25W18"", ""opp"": ""PIT"", ""v"": 4.0, ""cur"": false}, {""w"": ""W1"", ""opp"": ""IND"", ""v"": 5.0, ""cur"": true}, {""w"": ""W3"", ""opp"": ""DAL"", ""v"": 5.0, ""cur"": true}, {""w"": ""W4"", ""opp"": ""TEN"", ""v"": 8.0, ""cur"": true}]",Under,0.5997048009431125,0.5225994694960212,0.5499035547910907,1.85,betmgm,0.017321576363517777,0.005094581283387581,0.07710533144709131,
Ted Hurst III,WR,TB,DAL,player_receptions,1.5,2.3177283056040197,4,,,6,True,00-0041048,2026-10-09T00:15:00Z,"[{""w"": ""W1"", ""opp"": ""CIN"", ""v"": 3.0, ""cur"": true}, {""w"": ""W2"", ""opp"": ""CLE"", ""v"": 2.0, ""cur"": true}, {""w"": ""W3"", ""opp"": ""MIN"", ""v"": 1.0, ""cur"": true}, {""w"": ""W4"", ""opp"": ""GB"", ""v"": 2.0, ""cur"": true}]",Over,0.6731983862052472,0.5723736995988304,0.6088409795296537,1.67,betmgm,0.016764435814521583,0.006255386497955815,0.10082468660641675,
Cam Ward,QB,TEN,HOU,player_rush_yds,10.5,11.185238728353095,17,,,3,True,00-0040676,2026-10-11T17:00:00Z,"[{""w"": ""25W17"", ""opp"": ""NO"", ""v"": 10.0, ""cur"": false}, {""w"": ""25W18"", ""opp"": ""JAX"", ""v"": 11.0, ""cur"": false}, {""w"": ""W1"", ""opp"": ""NYJ"", ""v"": 21.0, ""cur"": true}, {""w"": ""W2"", ""opp"": ""PHI"", ""v"": 7.0, ""cur"": true}, {""w"": ""W3"", ""opp"": ""NYG"", ""v"": 2.0, ""cur"": true}, {""w"": ""W4"", ""opp"": ""BAL"", ""v"": 27.0, ""cur"": true}]",Under,0.5907329632100025,0.5,0.5320680912712387,1.91,betmgm,0.01625005432806581,0.0044643006395785195,0.09073296321000246,
Colston Loveland,TE,CHI,GB,player_reception_yds,37.5,37.30436119377248,17,,,3,True,00-0040126,2026-10-11T17:00:00Z,"[{""w"": ""25W17"", ""opp"": ""SF"", ""v"": 94.0, ""cur"": false}, {""w"": ""25W18"", ""opp"": ""DET"", ""v"": 91.0, ""cur"": false}, {""w"": ""W1"", ""opp"": ""CAR"", ""v"": 0.0, ""cur"": true}, {""w"": ""W2"", ""opp"": ""MIN"", ""v"": 3.0, ""cur"": true}, {""w"": ""W3"", ""opp"": ""PHI"", ""v"": 31.0, ""cur"": true}, {""w"": ""W4"", ""opp"": ""NYJ"", ""v"": 57.0, ""cur"": true}]",Under,0.6099705686009566,0.5065963060686016,0.5433080478616796,1.87,betonlineag,0.01598604950134097,0.004593692385442807,0.10337426253235493,
Josh Allen,QB,BUF,LA,player_pass_yds,245.5,229.34733615247436,17,,,1,True,00-0034857,2026-10-13T00:15:00Z,"[{""w"": ""25W16"", ""opp"": ""CLE"", ""v"": 130.0, ""cur"": false}, {""w"": ""25W17"", ""opp"": ""PHI"", ""v"": 262.0, ""cur"": false}, {""w"": ""W1"", ""opp"": ""HOU"", ""v"": 334.0, ""cur"": true}, {""w"": ""W2"", ""opp"": ""DET"", ""v"": 248.0, ""cur"": true}, {""w"": ""W3"", ""opp"": ""LAC"", ""v"": 204.0, ""cur"": true}, {""w"": ""W4"", ""opp"": ""NE"", ""v"": 253.0, ""cur"": true}]",Under,0.6211591195193347,0.5,0.5431585448368943,1.87,betrivers,0.015706478844992378,0.004513355989940338,0.12115911951933467,
Deshaun Watson,QB,CLE,NYJ,player_pass_yds,206.5,192.83718027906298,4,,,1,True,00-0033537,2026-10-11T17:00:00Z,"[{""w"": ""W1"", ""opp"": ""JAX"", ""v"": 205.0, ""cur"": true}, {""w"": ""W2"", ""opp"": ""TB"", ""v"": 238.0, ""cur"": true}, {""w"": ""W3"", ""opp"": ""CAR"", ""v"": 144.0, ""cur"": true}, {""w"": ""W4"", ""opp"": ""PIT"", ""v"": 268.0, ""cur"": true}]",Under,0.6210891979160644,0.5,0.5431327401758304,1.87,betmgm,0.0156582241288028,0.004499489692184712,0.12108919791606443,
Jared Goff,QB,DET,ARI,player_pass_yds,280.5,324.9867757027896,17,,,2,True,00-0033106,2026-10-11T20:25:00Z,"[{""w"": ""25W17"", ""opp"": ""MIN"", ""v"": 197.0, ""cur"": false}, {""w"": ""25W18"", ""opp"": ""CHI"", ""v"": 331.0, ""cur"": false}, {""w"": ""W1"", ""opp"": ""NO"", ""v"": 206.0, ""cur"": true}, {""w"": ""W2"", ""opp"": ""BUF"", ""v"": 327.0, ""cur"": true}, {""w"": ""W3"", ""opp"": ""NYJ"", ""v"": 269.0, ""cur"": true}, {""w"": ""W4"", ""opp"": ""CAR"", ""v"": 412.0, ""cur"": true}]",Over,0.6071868237804782,0.49867021276595747,0.5371733774975865,1.89,betonlineag,0.015257683470438488,0.004285866143381598,0.1085166110145207,
Keaton Mitchell,RB,LAC,DEN,player_rush_yds,29.5,29.076211969222424,17,,,1,True,00-0038454,2026-10-11T20:05:00Z,"[{""w"": ""25W17"", ""opp"": ""GB"", ""v"": 31.0, ""cur"": false}, {""w"": ""25W18"", ""opp"": ""PIT"", ""v"": 2.0, ""cur"": false}, {""w"": ""W1"", ""opp"": ""ARI"", ""v"": 9.0, ""cur"": true}, {""w"": ""W2"", ""opp"": ""LV"", ""v"": 24.0, ""cur"": true}, {""w"": ""W3"", ""opp"": ""BUF"", ""v"": 52.0, ""cur"": true}, {""w"": ""W4"", ""opp"": ""SEA"", ""v"": 39.0, ""cur"": true}]",Under,0.603387291472141,0.4920212765957447,0.5314865819369297,1.91,betonlineag,0.015139371499535592,0.00415916799437791,0.1113660148763963,
Kendrick Bourne,WR,ARI,DET,player_receptions,2.5,2.7997947337438913,17,,,5,True,00-0033307,2026-10-11T20:25:00Z,"[{""w"": ""25W16"", ""opp"": ""IND"", ""v"": 3.0, ""cur"": false}, {""w"": ""25W17"", ""opp"": ""CHI"", ""v"": 1.0, ""cur"": false}, {""w"": ""25W18"", ""opp"": ""SEA"", ""v"": 0.0, ""cur"": false}, {""w"": ""W1"", ""opp"": ""LAC"", ""v"": 8.0, ""cur"": true}, {""w"": ""W2"", ""opp"": ""SEA"", ""v"": 2.0, ""cur"": true}, {""w"": ""W3"", ""opp"": ""SF"", ""v"": 2.0, ""cur"": true}]",Over,0.45061215487850764,0.44210526315789467,0.44507907369999916,2.28,betrivers,0.014780288035998068,0.002886775007030873,0.008506891720612975,
Kenny Gainwell,RB,TB,DAL,player_reception_yds,10.5,19.788061069719724,17,,,4,True,00-0036919,2026-10-09T00:15:00Z,"[{""w"": ""25W17"", ""opp"": ""CLE"", ""v"": 12.0, ""cur"": false}, {""w"": ""25W18"", ""opp"": ""BAL"", ""v"": 64.0, ""cur"": false}, {""w"": ""W1"", ""opp"": ""CIN"", ""v"": 3.0, ""cur"": true}, {""w"": ""W2"", ""opp"": ""CLE"", ""v"": 5.0, ""cur"": true}, {""w"": ""W3"", ""opp"": ""MIN"", ""v"": 14.0, ""cur"": true}, {""w"": ""W4"", ""opp"": ""GB"", ""v"": 22.0, ""cur"": true}]",Over,0.60390767137137,0.5,0.5368383499312578,1.89,draftkings,0.014624481370077214,0.004108000384853151,0.10390767137137003,
Sam LaPorta,TE,DET,ARI,player_receptions,4.5,5.599264842145857,13,,,6,True,00-0039065,2026-10-11T20:25:00Z,"[{""w"": ""25W9"", ""opp"": ""MIN"", ""v"": 6.0, ""cur"": false}, {""w"": ""25W10"", ""opp"": ""WAS"", ""v"": 5.0, ""cur"": false}, {""w"": ""W1"", ""opp"": ""NO"", ""v"": 5.0, ""cur"": true}, {""w"": ""W2"", ""opp"": ""BUF"", ""v"": 6.0, ""cur"": true}, {""w"": ""W3"", ""opp"": ""NYJ"", ""v"": 3.0, ""cur"": true}, {""w"": ""W4"", ""opp"": ""CAR"", ""v"": 8.0, ""cur"": true}]",Over,0.6543068546978856,0.5643083494075503,0.596629700219851,1.7,betonlineag,0.014270490373746614,0.005096603704909506,0.08999850529033537,
Aaron Jones,RB,MIN,NO,player_receptions,3.5,2.7331973471727364,16,Limited,,4,True,00-0033293,2026-10-11T17:00:00Z,"[{""w"": ""25W16"", ""opp"": ""NYG"", ""v"": 2.0, ""cur"": false}, {""w"": ""25W17"", ""opp"": ""DET"", ""v"": 3.0, ""cur"": false}, {""w"": ""W1"", ""opp"": ""GB"", ""v"": 0.0, ""cur"": true}, {""w"": ""W2"", ""opp"": ""CHI"", ""v"": 0.0, ""cur"": true}, {""w"": ""W3"", ""opp"": ""TB"", ""v"": 5.0, ""cur"": true}, {""w"": ""W4"", ""opp"": ""MIA"", ""v"": 4.0, ""cur"": true}]",Under,0.70016076796951,0.5826878906041344,0.6256976737201956,1.62,betonlineag,0.013630231426717043,0.005496061059160097,0.1174728773653756,
Colston Loveland,TE,CHI,GB,player_reception_yds,38.5,37.30436119377248,17,,,1,True,00-0040126,2026-10-11T17:00:00Z,"[{""w"": ""25W17"", ""opp"": ""SF"", ""v"": 94.0, ""cur"": false}, {""w"": ""25W18"", ""opp"": ""DET"", ""v"": 91.0, ""cur"": false}, {""w"": ""W1"", ""opp"": ""CAR"", ""v"": 0.0, ""cur"": true}, {""w"": ""W2"", ""opp"": ""MIN"", ""v"": 3.0, ""cur"": true}, {""w"": ""W3"", ""opp"": ""PHI"", ""v"": 31.0, ""cur"": true}, {""w"": ""W4"", ""opp"": ""NYJ"", ""v"": 57.0, ""cur"": true}]",Under,0.6222470278669744,0.5066666666666666,0.5478575948960465,1.85,betmgm,0.013536550557685989,0.003981338399319408,0.11558036120030779,
Daniel Jones,QB,IND,PIT,player_pass_yds,217.5,203.8109108275874,17,,,1,True,00-0035710,2026-10-11T17:00:00Z,"[{""w"": ""25W13"", ""opp"": ""HOU"", ""v"": 201.0, ""cur"": false}, {""w"": ""25W14"", ""opp"": ""JAX"", ""v"": 60.0, ""cur"": false}, {""w"": ""W1"", ""opp"": ""BAL"", ""v"": 166.0, ""cur"": true}, {""w"": ""W2"", ""opp"": ""KC"", ""v"": 210.0, ""cur"": true}, {""w"": ""W3"", ""opp"": ""HOU"", ""v"": 235.0, ""cur"": true}, {""w"": ""W4"", ""opp"": ""WAS"", ""v"": 143.0, ""cur"": true}]",Under,0.6171449276838399,0.4959785522788204,0.539082757928724,1.88,betrivers,0.013475584906000981,0.003828291166477552,0.12116637540501951,
Nico Collins,WR,HOU,TEN,player_reception_yds,76.5,73.73896454453674,17,Limited,,1,True,00-0036554,2026-10-11T17:00:00Z,"[{""w"": ""25W14"", ""opp"": ""KC"", ""v"": 121.0, ""cur"": false}, {""w"": ""25W15"", ""opp"": ""ARI"", ""v"": 85.0, ""cur"": false}, {""w"": ""25W16"", ""opp"": ""LV"", ""v"": 59.0, ""cur"": false}, {""w"": ""25W17"", ""opp"": ""LAC"", ""v"": 57.0, ""cur"": false}, {""w"": ""W1"", ""opp"": ""BUF"", ""v"": 75.0, ""cur"": true}, {""w"": ""W4"", ""opp"": ""DAL"", ""v"": 118.0, ""cur"": true}]",Under,0.60070924640052,0.4920212765957447,0.5305122817789696,1.91,betonlineag,0.013278458197831855,0.003647928076327433,0.10868796980477535,
Geno Smith,QB,NYJ,CLE,player_pass_yds,206.5,196.5966131625516,17,,,4,True,00-0030565,2026-10-11T17:00:00Z,"[{""w"": ""25W16"", ""opp"": ""HOU"", ""v"": 201.0, ""cur"": false}, {""w"": ""25W17"", ""opp"": ""NYG"", ""v"": 176.0, ""cur"": false}, {""w"": ""W1"", ""opp"": ""TEN"", ""v"": 215.0, ""cur"": true}, {""w"": ""W2"", ""opp"": ""GB"", ""v"": 247.0, ""cur"": true}, {""w"": ""W3"", ""opp"": ""DET"", ""v"": 321.0, ""cur"": true}, {""w"": ""W4"", ""opp"": ""CHI"", ""v"": 119.0, ""cur"": true}]",Under,0.6019120652672421,0.5,0.5361128713669406,1.89,betonlineag,0.013253326883517769,0.003722844630201621,0.10191206526724206,
Devaughn Vele,WR,NO,MIN,player_reception_yds,36.5,49.72711024693077,13,,,5,True,00-0039424,2026-10-11T17:00:00Z,"[{""w"": ""25W14"", ""opp"": ""TB"", ""v"": 40.0, ""cur"": false}, {""w"": ""25W15"", ""opp"": ""CAR"", ""v"": 69.0, ""cur"": false}, {""w"": ""W1"", ""opp"": ""DET"", ""v"": 69.0, ""cur"": true}, {""w"": ""W2"", ""opp"": ""BAL"", ""v"": 64.0, ""cur"": true}, {""w"": ""W3"", ""opp"": ""LV"", ""v"": 39.0, ""cur"": true}, {""w"": ""W4"", ""opp"": ""ATL"", ""v"": 54.0, ""cur"": true}]",Over,0.6089311844082745,0.5,0.5386695242629796,1.88,draftkings,0.012698705614401729,0.0036075868222732186,0.10893118440827454,
Kyren Williams,RB,LA,BUF,player_reception_yds,21.5,37.27972414028575,17,,,1,True,00-0037840,2026-10-13T00:15:00Z,"[{""w"": ""25W17"", ""opp"": ""ATL"", ""v"": 38.0, ""cur"": false}, {""w"": ""25W18"", ""opp"": ""ARI"", ""v"": 21.0, ""cur"": false}, {""w"": ""W1"", ""opp"": ""SF"", ""v"": 24.0, ""cur"": true}, {""w"": ""W2"", ""opp"": ""NYG"", ""v"": 12.0, ""cur"": true}, {""w"": ""W3"", ""opp"": ""DEN"", ""v"": 70.0, ""cur"": true}, {""w"": ""W4"", ""opp"": ""PHI"", ""v"": 67.0, ""cur"": true}]",Over,0.6046925310399033,0.48930481283422456,0.5302026745539676,1.91,betmgm,0.012687108398078129,0.0034854693401313542,0.11538771820567872,
Deshaun Watson,QB,CLE,NYJ,player_pass_yds,203.5,192.83718027906298,4,,,2,True,00-0033537,2026-10-11T17:00:00Z,"[{""w"": ""W1"", ""opp"": ""JAX"", ""v"": 205.0, ""cur"": true}, {""w"": ""W2"", ""opp"": ""TB"", ""v"": 238.0, ""cur"": true}, {""w"": ""W3"", ""opp"": ""CAR"", ""v"": 144.0, ""cur"": true}, {""w"": ""W4"", ""opp"": ""PIT"", ""v"": 268.0, ""cur"": true}]",Under,0.606173556224324,0.5013297872340425,0.5385227695748592,1.88,fanduel,0.012422806800735264,0.00352920647748161,0.10484376899028147,
George Pickens,WR,DAL,TB,player_reception_yds,63.5,61.607842750002966,17,,,2,True,00-0037247,2026-10-09T00:15:00Z,"[{""w"": ""25W17"", ""opp"": ""WAS"", ""v"": 78.0, ""cur"": false}, {""w"": ""25W18"", ""opp"": ""NYG"", ""v"": 9.0, ""cur"": false}, {""w"": ""W1"", ""opp"": ""NYG"", ""v"": 28.0, ""cur"": true}, {""w"": ""W2"", ""opp"": ""WAS"", ""v"": 40.0, ""cur"": true}, {""w"": ""W3"", ""opp"": ""BAL"", ""v"": 82.0, ""cur"": true}, {""w"": ""W4"", ""opp"": ""HOU"", ""v"": 75.0, ""cur"": true}]",Under,0.6080473125066086,0.5,0.5383468107056363,1.88,betonlineag,0.012092004126596168,0.00343522844505573,0.1080473125066086,
Marvin Harrison Jr.,WR,ARI,DET,player_reception_yds,33.5,33.92502030291295,16,,,2,True,00-0039849,2026-10-11T20:25:00Z,"[{""w"": ""25W16"", ""opp"": ""ATL"", ""v"": 14.0, ""cur"": false}, {""w"": ""25W17"", ""opp"": ""CIN"", ""v"": 0.0, ""cur"": false}, {""w"": ""W1"", ""opp"": ""LAC"", ""v"": 33.0, ""cur"": true}, {""w"": ""W2"", ""opp"": ""SEA"", ""v"": 0.0, ""cur"": true}, {""w"": ""W3"", ""opp"": ""SF"", ""v"": 40.0, ""cur"": true}, {""w"": ""W4"", ""opp"": ""NYG"", ""v"": 12.0, ""cur"": true}]",Under,0.6042562342691918,0.5019788918205804,0.5382441880558256,1.88,draftkings,0.011899073544952121,0.003380418620725035,0.10227734244861142,
RJ Harvey,RB,DEN,LAC,player_rush_yds,18.5,26.758175737847054,17,,,5,True,00-0040730,2026-10-11T20:05:00Z,"[{""w"": ""25W16"", ""opp"": ""JAX"", ""v"": 50.0, ""cur"": false}, {""w"": ""25W17"", ""opp"": ""KC"", ""v"": 43.0, ""cur"": false}, {""w"": ""25W18"", ""opp"": ""LAC"", ""v"": 28.0, ""cur"": false}, {""w"": ""W1"", ""opp"": ""KC"", ""v"": 18.0, ""cur"": true}, {""w"": ""W3"", ""opp"": ""LA"", ""v"": 6.0, ""cur"": true}, {""w"": ""W4"", ""opp"": ""SF"", ""v"": 25.0, ""cur"": true}]",Over,0.6026951770350065,0.5026455026455027,0.538107477976938,1.88,draftkings,0.011642058596643468,0.0033074030104100764,0.10004967438950385,
Geno Smith,QB,NYJ,CLE,player_pass_yds,209.5,196.5966131625516,17,,,1,True,00-0030565,2026-10-11T17:00:00Z,"[{""w"": ""25W16"", ""opp"": ""HOU"", ""v"": 201.0, ""cur"": false}, {""w"": ""25W17"", ""opp"": ""NYG"", ""v"": 176.0, ""cur"": false}, {""w"": ""W1"", ""opp"": ""TEN"", ""v"": 215.0, ""cur"": true}, {""w"": ""W2"", ""opp"": ""GB"", ""v"": 247.0, ""cur"": true}, {""w"": ""W3"", ""opp"": ""DET"", ""v"": 321.0, ""cur"": true}, {""w"": ""W4"", ""opp"": ""CHI"", ""v"": 119.0, ""cur"": true}]",Under,0.6151037344648058,0.5,0.5409297014680479,1.87,betmgm,0.011538541745249542,0.0033156729153015923,0.11510373446480582,
Joe Burrow,QB,CIN,MIA,player_pass_yds,235.5,275.3972036392014,12,,,3,True,00-0036442,2026-10-11T17:00:00Z,"[{""w"": ""25W17"", ""opp"": ""ARI"", ""v"": 305.0, ""cur"": false}, {""w"": ""25W18"", ""opp"": ""CLE"", ""v"": 236.0, ""cur"": false}, {""w"": ""W1"", ""opp"": ""TB"", ""v"": 254.0, ""cur"": true}, {""w"": ""W2"", ""opp"": ""HOU"", ""v"": 207.0, ""cur"": true}, {""w"": ""W3"", ""opp"": ""PIT"", ""v"": 282.0, ""cur"": true}, {""w"": ""W4"", ""opp"": ""JAX"", ""v"": 428.0, ""cur"": true}]",Over,0.595746217331511,0.4973544973544974,0.5321659649298915,1.9,draftkings,0.011115333366793878,0.0030875926018871886,0.09839171997701363,
Daniel Jones,QB,IND,PIT,player_pass_yds,213.5,203.8109108275874,17,,,4,True,00-0035710,2026-10-11T17:00:00Z,"[{""w"": ""25W13"", ""opp"": ""HOU"", ""v"": 201.0, ""cur"": false}, {""w"": ""25W14"", ""opp"": ""JAX"", ""v"": 60.0, ""cur"": false}, {""w"": ""W1"", ""opp"": ""BAL"", ""v"": 166.0, ""cur"": true}, {""w"": ""W2"", ""opp"": ""KC"", ""v"": 210.0, ""cur"": true}, {""w"": ""W3"", ""opp"": ""HOU"", ""v"": 235.0, ""cur"": true}, {""w"": ""W4"", ""opp"": ""WAS"", ""v"": 143.0, ""cur"": true}]",Under,0.5987218313371616,0.5,0.5349553292684818,1.89,draftkings,0.011065572317430494,0.0031083068307389034,0.09872183133716161,
Daniel Jones,QB,IND,PIT,player_rush_yds,10.5,11.25645891429954,17,,,5,True,00-0035710,2026-10-11T17:00:00Z,"[{""w"": ""25W13"", ""opp"": ""HOU"", ""v"": 1.0, ""cur"": false}, {""w"": ""25W14"", ""opp"": ""JAX"", ""v"": 4.0, ""cur"": false}, {""w"": ""W1"", ""opp"": ""BAL"", ""v"": 4.0, ""cur"": true}, {""w"": ""W2"", ""opp"": ""KC"", ""v"": 10.0, ""cur"": true}, {""w"": ""W3"", ""opp"": ""HOU"", ""v"": 5.0, ""cur"": true}, {""w"": ""W4"", ""opp"": ""WAS"", ""v"": 2.0, ""cur"": true}]",Under,0.5968534409503637,0.5053191489361701,0.5377182841167353,1.88,fanduel,0.010910374139462276,0.0030995381078017833,0.09153429201419361,
Najee Harris,RB,NYG,WAS,player_rush_yds,28.5,27.76248410151595,6,Did Not Participate In Practice,,2,True,00-0036893,2026-10-11T17:00:00Z,"[{""w"": ""25W1"", ""opp"": ""KC"", ""v"": 5.0, ""cur"": false}, {""w"": ""25W2"", ""opp"": ""LV"", ""v"": 28.0, ""cur"": false}, {""w"": ""25W3"", ""opp"": ""DEN"", ""v"": 28.0, ""cur"": false}, {""w"": ""W2"", ""opp"": ""LA"", ""v"": 6.0, ""cur"": true}, {""w"": ""W3"", ""opp"": ""TEN"", ""v"": 52.0, ""cur"": true}, {""w"": ""W4"", ""opp"": ""ARI"", ""v"": 30.0, ""cur"": true}]",Under,0.6035826398821285,0.5,0.5367201141345789,1.88,betonlineag,0.009033814573008225,0.0025664245946046098,0.10358263988212846,
Matthew Stafford,QB,LA,BUF,player_pass_yds,283.5,328.5199119074335,17,,,3,True,00-0026498,2026-10-13T00:15:00Z,"[{""w"": ""25W17"", ""opp"": ""ATL"", ""v"": 269.0, ""cur"": false}, {""w"": ""25W18"", ""opp"": ""ARI"", ""v"": 259.0, ""cur"": false}, {""w"": ""W1"", ""opp"": ""SF"", ""v"": 155.0, ""cur"": true}, {""w"": ""W2"", ""opp"": ""NYG"", ""v"": 327.0, ""cur"": true}, {""w"": ""W3"", ""opp"": ""DEN"", ""v"": 390.0, ""cur"": true}, {""w"": ""W4"", ""opp"": ""PHI"", ""v"": 317.0, ""cur"": true}]",Over,0.5956921572376542,0.5,0.5338585047186786,1.89,draftkings,0.008992573918302438,0.0025260039096355164,0.09569215723765423,
Christian McCaffrey,RB,SF,SEA,player_receptions,4.5,4.586320168271276,17,,,6,True,00-0033280,2026-10-11T20:25:00Z,"[{""w"": ""25W17"", ""opp"": ""CHI"", ""v"": 4.0, ""cur"": false}, {""w"": ""25W18"", ""opp"": ""SEA"", ""v"": 6.0, ""cur"": false}, {""w"": ""W1"", ""opp"": ""LA"", ""v"": 5.0, ""cur"": true}, {""w"": ""W2"", ""opp"": ""MIA"", ""v"": 4.0, ""cur"": true}, {""w"": ""W3"", ""opp"": ""ARI"", ""v"": 4.0, ""cur"": true}, {""w"": ""W4"", ""opp"": ""DEN"", ""v"": 3.0, ""cur"": true}]",Under,0.5158071303451933,0.4794179894179895,0.4921491142153864,2.05,betonlineag,0.008905684141542025,0.002120400986081435,0.0363891409272038,
Jalen Hurts,QB,PHI,JAX,player_pass_yds,193.5,185.00567546131572,17,,,2,True,00-0036389,2026-10-11T13:30:00Z,"[{""w"": ""25W16"", ""opp"": ""WAS"", ""v"": 185.0, ""cur"": false}, {""w"": ""25W17"", ""opp"": ""BUF"", ""v"": 110.0, ""cur"": false}, {""w"": ""W1"", ""opp"": ""WAS"", ""v"": 203.0, ""cur"": true}, {""w"": ""W2"", ""opp"": ""TEN"", ""v"": 264.0, ""cur"": true}, {""w"": ""W3"", ""opp"": ""CHI"", ""v"": 153.0, ""cur"": true}, {""w"": ""W4"", ""opp"": ""LA"", ""v"": 93.0, ""cur"": true}]",Under,0.5977583021560833,0.49867021276595747,0.533745924542853,1.89,betonlineag,0.00877979738599205,0.002466235220784284,0.09908808939012581,
Kyler Murray,QB,MIN,NO,player_rush_yds,16.5,16.848543122542416,8,,,3,True,00-0035228,2026-10-11T17:00:00Z,"[{""w"": ""25W3"", ""opp"": ""SF"", ""v"": 37.0, ""cur"": false}, {""w"": ""25W4"", ""opp"": ""SEA"", ""v"": 41.0, ""cur"": false}, {""w"": ""25W5"", ""opp"": ""TEN"", ""v"": 25.0, ""cur"": false}, {""w"": ""W1"", ""opp"": ""GB"", ""v"": 9.0, ""cur"": true}, {""w"": ""W3"", ""opp"": ""TB"", ""v"": 17.0, ""cur"": true}, {""w"": ""W4"", ""opp"": ""MIA"", ""v"": 16.0, ""cur"": true}]",Under,0.586294084093743,0.4920634920634922,0.5253274277200662,1.92,draftkings,0.008628661222527145,0.0023447448974258547,0.09423059203025075,
Jakobi Meyers,WR,JAX,PHI,player_reception_yds,41.5,40.84022109195565,17,Full,,3,True,00-0034960,2026-10-11T13:30:00Z,"[{""w"": ""25W17"", ""opp"": ""IND"", ""v"": 39.0, ""cur"": false}, {""w"": ""25W18"", ""opp"": ""TEN"", ""v"": 44.0, ""cur"": false}, {""w"": ""W1"", ""opp"": ""CLE"", ""v"": 40.0, ""cur"": true}, {""w"": ""W2"", ""opp"": ""DEN"", ""v"": 28.0, ""cur"": true}, {""w"": ""W3"", ""opp"": ""NE"", ""v"": 64.0, ""cur"": true}, {""w"": ""W4"", ""opp"": ""CIN"", ""v"": 33.0, ""cur"": true}]",Under,0.5865607197767473,0.5,0.5305663209171507,1.9,draftkings,0.008076009742586321,0.0022433360396073116,0.08656071977674729,
Brock Purdy,QB,SF,SEA,player_pass_yds,226.5,213.8764436982597,13,,,2,True,00-0037834,2026-10-11T20:25:00Z,"[{""w"": ""25W17"", ""opp"": ""CHI"", ""v"": 303.0, ""cur"": false}, {""w"": ""25W18"", ""opp"": ""SEA"", ""v"": 127.0, ""cur"": false}, {""w"": ""W1"", ""opp"": ""LA"", ""v"": 205.0, ""cur"": true}, {""w"": ""W2"", ""opp"": ""MIA"", ""v"": 287.0, ""cur"": true}, {""w"": ""W3"", ""opp"": ""ARI"", ""v"": 297.0, ""cur"": true}, {""w"": ""W4"", ""opp"": ""DEN"", ""v"": 218.0, ""cur"": true}]",Under,0.6100077335501042,0.5,0.5390628958969613,1.87,betmgm,0.008047615327317736,0.002312533140033832,0.11000773355010418,
Jakobi Meyers,WR,JAX,PHI,player_reception_yds,43.5,40.84022109195565,17,Full,,1,True,00-0034960,2026-10-11T13:30:00Z,"[{""w"": ""25W17"", ""opp"": ""IND"", ""v"": 39.0, ""cur"": false}, {""w"": ""25W18"", ""opp"": ""TEN"", ""v"": 44.0, ""cur"": false}, {""w"": ""W1"", ""opp"": ""CLE"", ""v"": 40.0, ""cur"": true}, {""w"": ""W2"", ""opp"": ""DEN"", ""v"": 28.0, ""cur"": true}, {""w"": ""W3"", ""opp"": ""NE"", ""v"": 64.0, ""cur"": true}, {""w"": ""W4"", ""opp"": ""CIN"", ""v"": 33.0, ""cur"": true}]",Under,0.6186380309062353,0.5040214477211795,0.5448233347023842,1.85,betrivers,0.007923169199410829,0.002330343882179655,0.11461658318505574,
Isaiah Likely,TE,NYG,WAS,player_receptions,4.5,4.271249024447231,16,Limited,,5,True,00-0037838,2026-10-11T17:00:00Z,"[{""w"": ""25W17"", ""opp"": ""GB"", ""v"": 3.0, ""cur"": false}, {""w"": ""25W18"", ""opp"": ""PIT"", ""v"": 2.0, ""cur"": false}, {""w"": ""W1"", ""opp"": ""DAL"", ""v"": 8.0, ""cur"": true}, {""w"": ""W2"", ""opp"": ""LA"", ""v"": 5.0, ""cur"": true}, {""w"": ""W3"", ""opp"": ""TEN"", ""v"": 2.0, ""cur"": true}, {""w"": ""W4"", ""opp"": ""ARI"", ""v"": 7.0, ""cur"": true}]",Under,0.5879102451472917,0.5305039787798409,0.5507683321571128,1.83,bovada,0.007906047847516529,0.002381339713107388,0.05740626636745083,
Drake Maye,QB,NE,LV,player_pass_yds,229.5,221.69974934467868,17,Full,,3,True,00-0039851,2026-10-11T17:00:00Z,"[{""w"": ""25W17"", ""opp"": ""NYJ"", ""v"": 256.0, ""cur"": false}, {""w"": ""25W18"", ""opp"": ""MIA"", ""v"": 191.0, ""cur"": false}, {""w"": ""W1"", ""opp"": ""SEA"", ""v"": 178.0, ""cur"": true}, {""w"": ""W2"", ""opp"": ""PIT"", ""v"": 208.0, ""cur"": true}, {""w"": ""W3"", ""opp"": ""JAX"", ""v"": 199.0, ""cur"": true}, {""w"": ""W4"", ""opp"": ""BUF"", ""v"": 269.0, ""cur"": true}]",Under,0.5859218352219133,0.5,0.5303367097133863,1.9,draftkings,0.00763974845543397,0.0021221523487316585,0.08592183522191332,
Ted Hurst III,WR,TB,DAL,player_reception_yds,22.5,31.393522997186828,4,,,1,True,00-0041048,2026-10-09T00:15:00Z,"[{""w"": ""W1"", ""opp"": ""CIN"", ""v"": 36.0, ""cur"": true}, {""w"": ""W2"", ""opp"": ""CLE"", ""v"": 27.0, ""cur"": true}, {""w"": ""W3"", ""opp"": ""MIN"", ""v"": 40.0, ""cur"": true}, {""w"": ""W4"", ""opp"": ""GB"", ""v"": 25.0, ""cur"": true}]",Over,0.6085852379557293,0.4959785522788205,0.5359436993044825,1.88,betrivers,0.007574154692427004,0.002151748492166763,0.11260668567690879,
Mike Evans,WR,SF,SEA,player_receptions,3.5,3.8874920137669196,12,,,5,True,00-0031408,2026-10-11T20:25:00Z,"[{""w"": ""25W17"", ""opp"": ""MIA"", ""v"": 3.0, ""cur"": false}, {""w"": ""25W18"", ""opp"": ""CAR"", ""v"": 2.0, ""cur"": false}, {""w"": ""W1"", ""opp"": ""LA"", ""v"": 6.0, ""cur"": true}, {""w"": ""W2"", ""opp"": ""MIA"", ""v"": 3.0, ""cur"": true}, {""w"": ""W3"", ""opp"": ""ARI"", ""v"": 3.0, ""cur"": true}, {""w"": ""W4"", ""opp"": ""DEN"", ""v"": 5.0, ""cur"": true}]",Under,0.4557623875797916,0.41709844559585496,0.4305402117318507,2.34,fanduel,0.0074640954525304615,0.0013925551217407578,0.038663941983936634,
Josh Cameron,WR,JAX,PHI,player_reception_yds,12.5,13.504524568416496,4,,,3,True,00-0041100,2026-10-11T13:30:00Z,"[{""w"": ""W1"", ""opp"": ""CLE"", ""v"": 20.0, ""cur"": true}, {""w"": ""W2"", ""opp"": ""DEN"", ""v"": 0.0, ""cur"": true}, {""w"": ""W3"", ""opp"": ""NE"", ""v"": 12.0, ""cur"": true}, {""w"": ""W4"", ""opp"": ""CIN"", ""v"": 42.0, ""cur"": true}]",Under,0.6009181063223752,0.5,0.5357519332632577,1.88,betonlineag,0.007213634534924573,0.0020493279928762995,0.10091810632237519,
Josh Allen,QB,BUF,LA,player_pass_yds,242.5,229.34733615247436,17,,,1,True,00-0034857,2026-10-13T00:15:00Z,"[{""w"": ""25W16"", ""opp"": ""CLE"", ""v"": 130.0, ""cur"": false}, {""w"": ""25W17"", ""opp"": ""PHI"", ""v"": 262.0, ""cur"": false}, {""w"": ""W1"", ""opp"": ""HOU"", ""v"": 334.0, ""cur"": true}, {""w"": ""W2"", ""opp"": ""DET"", ""v"": 248.0, ""cur"": true}, {""w"": ""W3"", ""opp"": ""LAC"", ""v"": 204.0, ""cur"": true}, {""w"": ""W4"", ""opp"": ""NE"", ""v"": 253.0, ""cur"": true}]",Under,0.6083531364603724,0.5,0.5384584454283216,1.87,betmgm,0.0069172929509613845,0.001987727859471662,0.10835313646037237,
Aaron Rodgers,QB,PIT,IND,player_pass_yds,222.5,255.2514991830369,17,,,1,True,00-0023459,2026-10-11T17:00:00Z,"[{""w"": ""25W17"", ""opp"": ""CLE"", ""v"": 168.0, ""cur"": false}, {""w"": ""25W18"", ""opp"": ""BAL"", ""v"": 294.0, ""cur"": false}, {""w"": ""W1"", ""opp"": ""ATL"", ""v"": 221.0, ""cur"": true}, {""w"": ""W2"", ""opp"": ""NE"", ""v"": 187.0, ""cur"": true}, {""w"": ""W3"", ""opp"": ""CIN"", ""v"": 292.0, ""cur"": true}, {""w"": ""W4"", ""opp"": ""CLE"", ""v"": 299.0, ""cur"": true}]",Over,0.5999218189092339,0.5,0.5353904149528402,1.88,fanduel,0.006533980111339599,0.0018562443498123863,0.0999218189092339,
Roman Wilson,WR,PIT,IND,player_receptions,2.5,2.741031636971143,13,,,4,True,00-0039739,2026-10-11T17:00:00Z,"[{""w"": ""25W12"", ""opp"": ""CHI"", ""v"": 0.0, ""cur"": false}, {""w"": ""25W13"", ""opp"": ""BUF"", ""v"": 0.0, ""cur"": false}, {""w"": ""W1"", ""opp"": ""ATL"", ""v"": 3.0, ""cur"": true}, {""w"": ""W2"", ""opp"": ""NE"", ""v"": 5.0, ""cur"": true}, {""w"": ""W3"", ""opp"": ""CIN"", ""v"": 3.0, ""cur"": true}, {""w"": ""W4"", ""opp"": ""CLE"", ""v"": 3.0, ""cur"": true}]",Under,0.48684059996958573,0.4322276814477909,0.45122395969038176,2.23,draftkings,0.006229430109551348,0.0012661443312096236,0.05461291852179484,
Chris Rodriguez Jr.,RB,JAX,PHI,player_rush_yds,26.5,35.840363839376124,16,,,2,True,00-0038611,2026-10-11T13:30:00Z,"[{""w"": ""25W16"", ""opp"": ""PHI"", ""v"": 63.0, ""cur"": false}, {""w"": ""25W18"", ""opp"": ""PHI"", ""v"": 65.0, ""cur"": false}, {""w"": ""W1"", ""opp"": ""CLE"", ""v"": 23.0, ""cur"": true}, {""w"": ""W2"", ""opp"": ""DEN"", ""v"": 13.0, ""cur"": true}, {""w"": ""W3"", ""opp"": ""NE"", ""v"": 37.0, ""cur"": true}, {""w"": ""W4"", ""opp"": ""CIN"", ""v"": 35.0, ""cur"": true}]",Over,0.5993996711451075,0.5,0.5352010506319184,1.88,betonlineag,0.0061779751880065015,0.0017551065875018473,0.0993996711451075,
Kenny Gainwell,RB,TB,DAL,player_rush_yds,12.5,15.960346421005148,17,,,3,True,00-0036919,2026-10-09T00:15:00Z,"[{""w"": ""25W17"", ""opp"": ""CLE"", ""v"": 26.0, ""cur"": false}, {""w"": ""25W18"", ""opp"": ""BAL"", ""v"": 10.0, ""cur"": false}, {""w"": ""W1"", ""opp"": ""CIN"", ""v"": 15.0, ""cur"": true}, {""w"": ""W2"", ""opp"": ""CLE"", ""v"": 10.0, ""cur"": true}, {""w"": ""W3"", ""opp"": ""MIN"", ""v"": -4.0, ""cur"": true}, {""w"": ""W4"", ""opp"": ""GB"", ""v"": 5.0, ""cur"": true}]",Under,0.5528066211662741,0.5,0.518542991043267,1.94,betonlineag,0.005973402623937862,0.001588670910621772,0.052806621166274104,
Tyler Allgeier,RB,ARI,DET,player_receptions,2.5,1.6895029045228651,17,,,1,True,00-0037263,2026-10-11T20:25:00Z,"[{""w"": ""25W17"", ""opp"": ""LA"", ""v"": 0.0, ""cur"": false}, {""w"": ""25W18"", ""opp"": ""NO"", ""v"": 1.0, ""cur"": false}, {""w"": ""W1"", ""opp"": ""LAC"", ""v"": 2.0, ""cur"": true}, {""w"": ""W2"", ""opp"": ""SEA"", ""v"": 2.0, ""cur"": true}, {""w"": ""W3"", ""opp"": ""SF"", ""v"": 4.0, ""cur"": true}, {""w"": ""W4"", ""opp"": ""NYG"", ""v"": 2.0, ""cur"": true}]",Under,0.7588681213807249,0.6318407960199005,0.6796902535272719,1.48,fanduel,0.005941575220362316,0.00309457042727204,0.1270273253608244,
Cade Otton,TE,TB,DAL,player_reception_yds,29.5,40.56474487940717,17,,,1,True,00-0038129,2026-10-09T00:15:00Z,"[{""w"": ""25W17"", ""opp"": ""MIA"", ""v"": 33.0, ""cur"": false}, {""w"": ""25W18"", ""opp"": ""CAR"", ""v"": 94.0, ""cur"": false}, {""w"": ""W1"", ""opp"": ""CIN"", ""v"": 26.0, ""cur"": true}, {""w"": ""W2"", ""opp"": ""CLE"", ""v"": 38.0, ""cur"": true}, {""w"": ""W3"", ""opp"": ""MIN"", ""v"": 56.0, ""cur"": true}, {""w"": ""W4"", ""opp"": ""GB"", ""v"": 37.0, ""cur"": true}]",Over,0.5982462957432351,0.5,0.5347830161179231,1.88,fanduel,0.005392070301695473,0.0015318381538907595,0.09824629574323507,
Aaron Rodgers,QB,PIT,IND,player_pass_yds,223.5,255.2514991830369,17,,,2,True,00-0023459,2026-10-11T17:00:00Z,"[{""w"": ""25W17"", ""opp"": ""CLE"", ""v"": 168.0, ""cur"": false}, {""w"": ""25W18"", ""opp"": ""BAL"", ""v"": 294.0, ""cur"": false}, {""w"": ""W1"", ""opp"": ""ATL"", ""v"": 221.0, ""cur"": true}, {""w"": ""W2"", ""opp"": ""NE"", ""v"": 187.0, ""cur"": true}, {""w"": ""W3"", ""opp"": ""CIN"", ""v"": 292.0, ""cur"": true}, {""w"": ""W4"", ""opp"": ""CLE"", ""v"": 299.0, ""cur"": true}]",Over,0.5953103011702454,0.5013227513227514,0.5345762078728374,1.88,draftkings,0.0050032708009343785,0.0014213837502654485,0.09398754984749402,
Brian Thomas Jr,WR,JAX,PHI,player_receptions,2.5,2.510197379705405,17,,,5,True,00-0039893,2026-10-11T13:30:00Z,"[{""w"": ""25W17"", ""opp"": ""IND"", ""v"": 4.0, ""cur"": false}, {""w"": ""25W18"", ""opp"": ""TEN"", ""v"": 3.0, ""cur"": false}, {""w"": ""W1"", ""opp"": ""CLE"", ""v"": 3.0, ""cur"": true}, {""w"": ""W2"", ""opp"": ""DEN"", ""v"": 3.0, ""cur"": true}, {""w"": ""W3"", ""opp"": ""NE"", ""v"": 1.0, ""cur"": true}, {""w"": ""W4"", ""opp"": ""CIN"", ""v"": 2.0, ""cur"": true}]",Over,0.4587934612938276,0.3844221105527638,0.41002706733672317,2.45,betrivers,0.004566314974971952,0.0007872956853399917,0.07437135074106377,
Jakobi Meyers,WR,JAX,PHI,player_reception_yds,42.5,40.84022109195565,17,Full,,1,True,00-0034960,2026-10-11T13:30:00Z,"[{""w"": ""25W17"", ""opp"": ""IND"", ""v"": 39.0, ""cur"": false}, {""w"": ""25W18"", ""opp"": ""TEN"", ""v"": 44.0, ""cur"": false}, {""w"": ""W1"", ""opp"": ""CLE"", ""v"": 40.0, ""cur"": true}, {""w"": ""W2"", ""opp"": ""DEN"", ""v"": 28.0, ""cur"": true}, {""w"": ""W3"", ""opp"": ""NE"", ""v"": 64.0, ""cur"": true}, {""w"": ""W4"", ""opp"": ""CIN"", ""v"": 33.0, ""cur"": true}]",Under,0.6028117388097856,0.5053191489361701,0.5398772273167661,1.86,betonlineag,0.004171642809185028,0.0012126868631351824,0.09749258987361542,
Jonathan Taylor,RB,IND,PIT,player_receptions,2.5,2.6661588666497367,17,Limited,,5,True,00-0036223,2026-10-11T17:00:00Z,"[{""w"": ""25W17"", ""opp"": ""JAX"", ""v"": 3.0, ""cur"": false}, {""w"": ""25W18"", ""opp"": ""HOU"", ""v"": 2.0, ""cur"": false}, {""w"": ""W1"", ""opp"": ""BAL"", ""v"": 3.0, ""cur"": true}, {""w"": ""W2"", ""opp"": ""KC"", ""v"": 4.0, ""cur"": true}, {""w"": ""W3"", ""opp"": ""HOU"", ""v"": 2.0, ""cur"": true}, {""w"": ""W4"", ""opp"": ""WAS"", ""v"": 1.0, ""cur"": true}]",Over,0.4980413839563355,0.4854111405835544,0.4898304325323955,2.05,betrivers,0.004152386691410603,0.0009886634979549057,0.012630243372781125,
Denzel Boston,WR,CLE,NYJ,player_reception_yds,48.5,50.08629186774511,4,,,3,True,00-0041037,2026-10-11T17:00:00Z,"[{""w"": ""W1"", ""opp"": ""JAX"", ""v"": 59.0, ""cur"": true}, {""w"": ""W2"", ""opp"": ""TB"", ""v"": 95.0, ""cur"": true}, {""w"": ""W3"", ""opp"": ""CAR"", ""v"": 41.0, ""cur"": true}, {""w"": ""W4"", ""opp"": ""PIT"", ""v"": 89.0, ""cur"": true}]",Under,0.580497611360772,0.5,0.5283908693596037,1.9,draftkings,0.003942651783246931,0.0010951810509019254,0.08049761136077205,
Ashton Jeanty,RB,LV,NE,player_reception_yds,23.5,33.1990592525822,17,,,5,True,00-0040122,2026-10-11T17:00:00Z,"[{""w"": ""25W17"", ""opp"": ""NYG"", ""v"": 13.0, ""cur"": false}, {""w"": ""25W18"", ""opp"": ""KC"", ""v"": 7.0, ""cur"": false}, {""w"": ""W1"", ""opp"": ""MIA"", ""v"": 45.0, ""cur"": true}, {""w"": ""W2"", ""opp"": ""LAC"", ""v"": 15.0, ""cur"": true}, {""w"": ""W3"", ""opp"": ""NO"", ""v"": 37.0, ""cur"": true}, {""w"": ""W4"", ""opp"": ""KC"", ""v"": 68.0, ""cur"": true}]",Over,0.5573746350850937,0.5,0.5201590301112201,1.93,draftkings,0.003906928114654817,0.001050249493186779,0.05737463508509366,
Daniel Jones,QB,IND,PIT,player_pass_yds,214.5,203.8109108275874,17,,,1,True,00-0035710,2026-10-11T17:00:00Z,"[{""w"": ""25W13"", ""opp"": ""HOU"", ""v"": 201.0, ""cur"": false}, {""w"": ""25W14"", ""opp"": ""JAX"", ""v"": 60.0, ""cur"": false}, {""w"": ""W1"", ""opp"": ""BAL"", ""v"": 166.0, ""cur"": true}, {""w"": ""W2"", ""opp"": ""KC"", ""v"": 210.0, ""cur"": true}, {""w"": ""W3"", ""opp"": ""HOU"", ""v"": 235.0, ""cur"": true}, {""w"": ""W4"", ""opp"": ""WAS"", ""v"": 143.0, ""cur"": true}]",Under,0.6033713996426946,0.5,0.5366432874937007,1.87,betmgm,0.0035229476132204174,0.0010123412681667865,0.1033713996426946,
Jonathan Taylor,RB,IND,PIT,player_rush_yds,88.5,85.21759957182266,17,Limited,,2,True,00-0036223,2026-10-11T17:00:00Z,"[{""w"": ""25W17"", ""opp"": ""JAX"", ""v"": 70.0, ""cur"": false}, {""w"": ""25W18"", ""opp"": ""HOU"", ""v"": 26.0, ""cur"": false}, {""w"": ""W1"", ""opp"": ""BAL"", ""v"": 98.0, ""cur"": true}, {""w"": ""W2"", ""opp"": ""KC"", ""v"": 92.0, ""cur"": true}, {""w"": ""W3"", ""opp"": ""HOU"", ""v"": 68.0, ""cur"": true}, {""w"": ""W4"", ""opp"": ""WAS"", ""v"": 95.0, ""cur"": true}]",Under,0.5990087674867379,0.49798927613941024,0.5337585437220718,1.88,betrivers,0.003466062197494846,0.000984676760651945,0.10101949134732768,
D'Andre Swift,RB,CHI,GB,player_reception_yds,14.5,16.173846313498988,17,Did Not Participate In Practice,,2,True,00-0036275,2026-10-11T17:00:00Z,"[{""w"": ""25W17"", ""opp"": ""SF"", ""v"": 25.0, ""cur"": false}, {""w"": ""25W18"", ""opp"": ""DET"", ""v"": 8.0, ""cur"": false}, {""w"": ""W1"", ""opp"": ""CAR"", ""v"": 10.0, ""cur"": true}, {""w"": ""W2"", ""opp"": ""MIN"", ""v"": 54.0, ""cur"": true}, {""w"": ""W3"", ""opp"": ""PHI"", ""v"": 4.0, ""cur"": true}, {""w"": ""W4"", ""opp"": ""NYJ"", ""v"": 16.0, ""cur"": true}]",Under,0.5996529197483085,0.510638598873893,0.5421674098904133,1.85,draftkings,0.0030097082972647127,0.0008852083227249154,0.08901432087441552,
George Pickens,WR,DAL,TB,player_reception_yds,60.5,61.607842750002966,17,,,2,True,00-0037247,2026-10-09T00:15:00Z,"[{""w"": ""25W17"", ""opp"": ""WAS"", ""v"": 78.0, ""cur"": false}, {""w"": ""25W18"", ""opp"": ""NYG"", ""v"": 9.0, ""cur"": false}, {""w"": ""W1"", ""opp"": ""NYG"", ""v"": 28.0, ""cur"": true}, {""w"": ""W2"", ""opp"": ""WAS"", ""v"": 40.0, ""cur"": true}, {""w"": ""W3"", ""opp"": ""BAL"", ""v"": 82.0, ""cur"": true}, {""w"": ""W4"", ""opp"": ""HOU"", ""v"": 75.0, ""cur"": true}]",Under,0.5809543416961385,0.4986772486772486,0.5276974016369906,1.9,draftkings,0.0026250631102821553,0.0007291841973005987,0.08227709301888986,
Mike Evans,WR,SF,SEA,player_reception_yds,48.5,48.45332380438835,12,,,4,True,00-0031408,2026-10-11T20:25:00Z,"[{""w"": ""25W17"", ""opp"": ""MIA"", ""v"": 31.0, ""cur"": false}, {""w"": ""25W18"", ""opp"": ""CAR"", ""v"": 34.0, ""cur"": false}, {""w"": ""W1"", ""opp"": ""LA"", ""v"": 49.0, ""cur"": true}, {""w"": ""W2"", ""opp"": ""MIA"", ""v"": 54.0, ""cur"": true}, {""w"": ""W3"", ""opp"": ""ARI"", ""v"": 34.0, ""cur"": true}, {""w"": ""W4"", ""opp"": ""DEN"", ""v"": 76.0, ""cur"": true}]",Under,0.586216359504991,0.5,0.5304425485835002,1.89,draftkings,0.002536416822815246,0.0007124766356222602,0.08621635950499096,
Trevor Lawrence,QB,JAX,PHI,player_rush_yds,13.5,14.43182956138831,17,,,2,True,00-0036971,2026-10-11T13:30:00Z,"[{""w"": ""25W17"", ""opp"": ""IND"", ""v"": 26.0, ""cur"": false}, {""w"": ""25W18"", ""opp"": ""TEN"", ""v"": 11.0, ""cur"": false}, {""w"": ""W1"", ""opp"": ""CLE"", ""v"": 3.0, ""cur"": true}, {""w"": ""W2"", ""opp"": ""DEN"", ""v"": 6.0, ""cur"": true}, {""w"": ""W3"", ""opp"": ""NE"", ""v"": 25.0, ""cur"": true}, {""w"": ""W4"", ""opp"": ""CIN"", ""v"": 0.0, ""cur"": true}]",Under,0.5939637309851186,0.5,0.5332338080643979,1.88,betonlineag,0.0024795591610680123,0.0007044202162125036,0.09396373098511857,
Bo Nix,QB,DEN,LAC,player_rush_yds,14.5,15.731155219984846,17,,,4,True,00-0039732,2026-10-11T20:05:00Z,"[{""w"": ""25W17"", ""opp"": ""KC"", ""v"": 42.0, ""cur"": false}, {""w"": ""25W18"", ""opp"": ""LAC"", ""v"": 49.0, ""cur"": false}, {""w"": ""W1"", ""opp"": ""KC"", ""v"": 2.0, ""cur"": true}, {""w"": ""W2"", ""opp"": ""JAX"", ""v"": 6.0, ""cur"": true}, {""w"": ""W3"", ""opp"": ""LA"", ""v"": 7.0, ""cur"": true}, {""w"": ""W4"", ""opp"": ""SF"", ""v"": 10.0, ""cur"": true}]",Under,0.5818791930508057,0.5066207925250478,0.5331730534614302,1.88,fanduel,0.0023653405074886558,0.0006719717350820045,0.07525840052575794,
George Pickens,WR,DAL,TB,player_reception_yds,61.5,61.607842750002966,17,,,2,True,00-0037247,2026-10-09T00:15:00Z,"[{""w"": ""25W17"", ""opp"": ""WAS"", ""v"": 78.0, ""cur"": false}, {""w"": ""25W18"", ""opp"": ""NYG"", ""v"": 9.0, ""cur"": false}, {""w"": ""W1"", ""opp"": ""NYG"", ""v"": 28.0, ""cur"": true}, {""w"": ""W2"", ""opp"": ""WAS"", ""v"": 40.0, ""cur"": true}, {""w"": ""W3"", ""opp"": ""BAL"", ""v"": 82.0, ""cur"": true}, {""w"": ""W4"", ""opp"": ""HOU"", ""v"": 75.0, ""cur"": true}]",Under,0.5901328919403395,0.5020107238605898,0.5331533045982272,1.88,fanduel,0.002328212644667038,0.0006614240467804086,0.08812216807974971,
Calvin Ridley,WR,TEN,HOU,player_reception_yds,8.5,16.6835905180415,10,,,3,True,00-0034837,2026-10-11T17:00:00Z,"[{""w"": ""25W5"", ""opp"": ""ARI"", ""v"": 131.0, ""cur"": false}, {""w"": ""25W6"", ""opp"": ""LV"", ""v"": 18.0, ""cur"": false}, {""w"": ""25W11"", ""opp"": ""HOU"", ""v"": 13.0, ""cur"": false}, {""w"": ""W2"", ""opp"": ""PHI"", ""v"": 35.0, ""cur"": true}, {""w"": ""W3"", ""opp"": ""NYG"", ""v"": 0.0, ""cur"": true}, {""w"": ""W4"", ""opp"": ""BAL"", ""v"": 13.0, ""cur"": true}]",Over,0.5619156684425866,0.5,0.5217685113395263,1.92,draftkings,0.001795541771890452,0.00048791895975284024,0.06191566844258656,
Matthew Stafford,QB,LA,BUF,player_pass_yds,282.5,328.5199119074335,17,,,1,True,00-0026498,2026-10-13T00:15:00Z,"[{""w"": ""25W17"", ""opp"": ""ATL"", ""v"": 269.0, ""cur"": false}, {""w"": ""25W18"", ""opp"": ""ARI"", ""v"": 259.0, ""cur"": false}, {""w"": ""W1"", ""opp"": ""SF"", ""v"": 155.0, ""cur"": true}, {""w"": ""W2"", ""opp"": ""NYG"", ""v"": 327.0, ""cur"": true}, {""w"": ""W3"", ""opp"": ""DEN"", ""v"": 390.0, ""cur"": true}, {""w"": ""W4"", ""opp"": ""PHI"", ""v"": 317.0, ""cur"": true}]",Over,0.5990525169470275,0.5053191489361702,0.5385140291793317,1.86,betonlineag,0.0016360942735569872,0.00047560880045261254,0.0937333680108573,
Jared Goff,QB,DET,ARI,player_pass_yds,282.5,324.9867757027896,17,,,1,True,00-0033106,2026-10-11T20:25:00Z,"[{""w"": ""25W17"", ""opp"": ""MIN"", ""v"": 197.0, ""cur"": false}, {""w"": ""25W18"", ""opp"": ""CHI"", ""v"": 331.0, ""cur"": false}, {""w"": ""W1"", ""opp"": ""NO"", ""v"": 206.0, ""cur"": true}, {""w"": ""W2"", ""opp"": ""BUF"", ""v"": 327.0, ""cur"": true}, {""w"": ""W3"", ""opp"": ""NYJ"", ""v"": 269.0, ""cur"": true}, {""w"": ""W4"", ""opp"": ""CAR"", ""v"": 412.0, ""cur"": true}]",Over,0.600032371086676,0.5,0.5354305175126531,1.87,betrivers,0.0012550677486614092,0.000360651651914198,0.10003237108667595,
Mike Evans,WR,SF,SEA,player_reception_yds,49.5,48.45332380438835,12,,,2,True,00-0031408,2026-10-11T20:25:00Z,"[{""w"": ""25W17"", ""opp"": ""MIA"", ""v"": 31.0, ""cur"": false}, {""w"": ""25W18"", ""opp"": ""CAR"", ""v"": 34.0, ""cur"": false}, {""w"": ""W1"", ""opp"": ""LA"", ""v"": 49.0, ""cur"": true}, {""w"": ""W2"", ""opp"": ""MIA"", ""v"": 54.0, ""cur"": true}, {""w"": ""W3"", ""opp"": ""ARI"", ""v"": 34.0, ""cur"": true}, {""w"": ""W4"", ""opp"": ""DEN"", ""v"": 76.0, ""cur"": true}]",Under,0.5984310401031891,0.5006666666666666,0.5352811546143363,1.87,betmgm,0.0009757591288090395,0.0002803905542554711,0.09776437343652256,
Marvin Mims Jr.,WR,DEN,LAC,player_receptions,1.5,1.3585639543789663,17,,,5,True,00-0038976,2026-10-11T20:05:00Z,"[{""w"": ""25W15"", ""opp"": ""GB"", ""v"": 4.0, ""cur"": false}, {""w"": ""25W16"", ""opp"": ""JAX"", ""v"": 3.0, ""cur"": false}, {""w"": ""25W17"", ""opp"": ""KC"", ""v"": 3.0, ""cur"": false}, {""w"": ""25W18"", ""opp"": ""LAC"", ""v"": 2.0, ""cur"": false}, {""w"": ""W1"", ""opp"": ""KC"", ""v"": 0.0, ""cur"": true}, {""w"": ""W4"", ""opp"": ""SF"", ""v"": 1.0, ""cur"": true}]",Under,0.626683146768122,0.5625,0.5853218318777861,1.71,fanduel,0.0009003325110141791,0.0003170184897937251,0.06418314676812198,
Brock Purdy,QB,SF,SEA,player_pass_yds,222.5,213.8764436982597,13,,,2,True,00-0037834,2026-10-11T20:25:00Z,"[{""w"": ""25W17"", ""opp"": ""CHI"", ""v"": 303.0, ""cur"": false}, {""w"": ""25W18"", ""opp"": ""SEA"", ""v"": 127.0, ""cur"": false}, {""w"": ""W1"", ""opp"": ""LA"", ""v"": 205.0, ""cur"": true}, {""w"": ""W2"", ""opp"": ""MIA"", ""v"": 287.0, ""cur"": true}, {""w"": ""W3"", ""opp"": ""ARI"", ""v"": 297.0, ""cur"": true}, {""w"": ""W4"", ""opp"": ""DEN"", ""v"": 218.0, ""cur"": true}]",Under,0.5913444602132678,0.5,0.5322885370715642,1.88,betonlineag,0.0007024496945406411,0.00019955957231268217,0.09134446021326781,
Kayshon Boutte,WR,HOU,TEN,player_receptions,2.5,1.9909109936694207,17,,,2,True,00-0038608,2026-10-11T17:00:00Z,"[{""w"": ""25W16"", ""opp"": ""BAL"", ""v"": 1.0, ""cur"": false}, {""w"": ""25W18"", ""opp"": ""MIA"", ""v"": 2.0, ""cur"": false}, {""w"": ""W1"", ""opp"": ""BUF"", ""v"": 1.0, ""cur"": true}, {""w"": ""W2"", ""opp"": ""CIN"", ""v"": 3.0, ""cur"": true}, {""w"": ""W3"", ""opp"": ""IND"", ""v"": 2.0, ""cur"": true}, {""w"": ""W4"", ""opp"": ""DAL"", ""v"": 3.0, ""cur"": true}]",Under,0.6791364029323097,0.5823643410852714,0.6174050684164201,1.62,draftkings,0.0001962108346005853,7.911727201636503e-05,0.09677206184703835,
Brock Purdy,QB,SF,SEA,player_pass_yds,219.5,213.8764436982597,13,,,2,True,00-0037834,2026-10-11T20:25:00Z,"[{""w"": ""25W17"", ""opp"": ""CHI"", ""v"": 303.0, ""cur"": false}, {""w"": ""25W18"", ""opp"": ""SEA"", ""v"": 127.0, ""cur"": false}, {""w"": ""W1"", ""opp"": ""LA"", ""v"": 205.0, ""cur"": true}, {""w"": ""W2"", ""opp"": ""MIA"", ""v"": 287.0, ""cur"": true}, {""w"": ""W3"", ""opp"": ""ARI"", ""v"": 297.0, ""cur"": true}, {""w"": ""W4"", ""opp"": ""DEN"", ""v"": 218.0, ""cur"": true}]",Under,0.5770583502026829,0.4986772486772486,0.526302957536888,1.9,draftkings,-2.4380679912727743e-05,0.0,0.07838110152543432,
Isaiah Likely,TE,NYG,WAS,player_reception_yds,41.5,42.25087320974704,16,Limited,,4,True,00-0037838,2026-10-11T17:00:00Z,"[{""w"": ""25W17"", ""opp"": ""GB"", ""v"": 27.0, ""cur"": false}, {""w"": ""25W18"", ""opp"": ""PIT"", ""v"": 32.0, ""cur"": false}, {""w"": ""W1"", ""opp"": ""DAL"", ""v"": 78.0, ""cur"": true}, {""w"": ""W2"", ""opp"": ""LA"", ""v"": 33.0, ""cur"": true}, {""w"": ""W3"", ""opp"": ""TEN"", ""v"": 13.0, ""cur"": true}, {""w"": ""W4"", ""opp"": ""ARI"", ""v"": 66.0, ""cur"": true}]",Under,0.5874390368467228,0.5013227513227513,0.5317385513197533,1.88,betonlineag,-0.0003315235188637855,0.0,0.08611628552397155,
Courtland Sutton,WR,DEN,LAC,player_reception_yds,39.5,40.06841819603555,17,,,1,True,00-0034348,2026-10-11T20:05:00Z,"[{""w"": ""25W17"", ""opp"": ""KC"", ""v"": 40.0, ""cur"": false}, {""w"": ""25W18"", ""opp"": ""LAC"", ""v"": 5.0, ""cur"": false}, {""w"": ""W1"", ""opp"": ""KC"", ""v"": 11.0, ""cur"": true}, {""w"": ""W2"", ""opp"": ""JAX"", ""v"": 25.0, ""cur"": true}, {""w"": ""W3"", ""opp"": ""LA"", ""v"": 46.0, ""cur"": true}, {""w"": ""W4"", ""opp"": ""SF"", ""v"": 4.0, ""cur"": true}]",Under,0.5968712668802679,0.5,0.5342850952196252,1.87,betmgm,-0.0008868719393008151,0.0,0.09687126688026793,
Jared Goff,QB,DET,ARI,player_pass_yds,283.5,324.9867757027896,17,,,1,True,00-0033106,2026-10-11T20:25:00Z,"[{""w"": ""25W17"", ""opp"": ""MIN"", ""v"": 197.0, ""cur"": false}, {""w"": ""25W18"", ""opp"": ""CHI"", ""v"": 331.0, ""cur"": false}, {""w"": ""W1"", ""opp"": ""NO"", ""v"": 206.0, ""cur"": true}, {""w"": ""W2"", ""opp"": ""BUF"", ""v"": 327.0, ""cur"": true}, {""w"": ""W3"", ""opp"": ""NYJ"", ""v"": 269.0, ""cur"": true}, {""w"": ""W4"", ""opp"": ""CAR"", ""v"": 412.0, ""cur"": true}]",Over,0.5964552227149428,0.5,0.5341345341757548,1.87,betmgm,-0.0011684210913383564,0.0,0.09645522271494278,
Bucky Irving,RB,TB,DAL,player_reception_yds,14.5,17.092400208763898,14,,,1,True,00-0039361,2026-10-09T00:15:00Z,"[{""w"": ""25W17"", ""opp"": ""MIA"", ""v"": 14.0, ""cur"": false}, {""w"": ""25W18"", ""opp"": ""CAR"", ""v"": 13.0, ""cur"": false}, {""w"": ""W1"", ""opp"": ""CIN"", ""v"": 48.0, ""cur"": true}, {""w"": ""W2"", ""opp"": ""CLE"", ""v"": 1.0, ""cur"": true}, {""w"": ""W3"", ""opp"": ""MIN"", ""v"": 12.0, ""cur"": true}, {""w"": ""W4"", ""opp"": ""GB"", ""v"": 0.0, ""cur"": true}]",Under,0.5953602784705637,0.4959785522788204,0.5311355075080586,1.88,betrivers,-0.001465245884849864,0.0,0.09938172619174335,
Christian Watson,WR,GB,CHI,player_reception_yds,61.5,62.88372235815713,14,,,3,True,00-0038124,2026-10-11T17:00:00Z,"[{""w"": ""25W16"", ""opp"": ""CHI"", ""v"": 17.0, ""cur"": false}, {""w"": ""25W17"", ""opp"": ""BAL"", ""v"": 113.0, ""cur"": false}, {""w"": ""W1"", ""opp"": ""MIN"", ""v"": 147.0, ""cur"": true}, {""w"": ""W2"", ""opp"": ""NYJ"", ""v"": 41.0, ""cur"": true}, {""w"": ""W3"", ""opp"": ""ATL"", ""v"": 96.0, ""cur"": true}, {""w"": ""W4"", ""opp"": ""TB"", ""v"": 47.0, ""cur"": true}]",Under,0.5833572984695063,0.5026455026455026,0.5311292270362633,1.88,draftkings,-0.0014770531718250601,0.0,0.08071179582400378,
Luther Burden III,WR,CHI,GB,player_receptions,4.5,4.354629480126622,17,,,6,True,00-0040735,2026-10-11T17:00:00Z,"[{""w"": ""25W17"", ""opp"": ""SF"", ""v"": 8.0, ""cur"": false}, {""w"": ""25W18"", ""opp"": ""DET"", ""v"": 3.0, ""cur"": false}, {""w"": ""W1"", ""opp"": ""CAR"", ""v"": 5.0, ""cur"": true}, {""w"": ""W2"", ""opp"": ""MIN"", ""v"": 3.0, ""cur"": true}, {""w"": ""W3"", ""opp"": ""PHI"", ""v"": 7.0, ""cur"": true}, {""w"": ""W4"", ""opp"": ""NYJ"", ""v"": 4.0, ""cur"": true}]",Under,0.5625118932951766,0.48069148936170225,0.5094363443693201,1.96,fanduel,-0.001504765036132727,0.0,0.08182040393347434,
Drake Maye,QB,NE,LV,player_pass_yds,231.5,221.69974934467868,17,Full,,1,True,00-0039851,2026-10-11T17:00:00Z,"[{""w"": ""25W17"", ""opp"": ""NYJ"", ""v"": 256.0, ""cur"": false}, {""w"": ""25W18"", ""opp"": ""MIA"", ""v"": 191.0, ""cur"": false}, {""w"": ""W1"", ""opp"": ""SEA"", ""v"": 178.0, ""cur"": true}, {""w"": ""W2"", ""opp"": ""PIT"", ""v"": 208.0, ""cur"": true}, {""w"": ""W3"", ""opp"": ""JAX"", ""v"": 199.0, ""cur"": true}, {""w"": ""W4"", ""opp"": ""BUF"", ""v"": 269.0, ""cur"": true}]",Under,0.5952138605506014,0.5,0.5336855616665297,1.87,betmgm,-0.00200799968358939,0.0,0.09521386055060144,
Aaron Rodgers,QB,PIT,IND,player_pass_yds,224.5,255.2514991830369,17,,,2,True,00-0023459,2026-10-11T17:00:00Z,"[{""w"": ""25W17"", ""opp"": ""CLE"", ""v"": 168.0, ""cur"": false}, {""w"": ""25W18"", ""opp"": ""BAL"", ""v"": 294.0, ""cur"": false}, {""w"": ""W1"", ""opp"": ""ATL"", ""v"": 221.0, ""cur"": true}, {""w"": ""W2"", ""opp"": ""NE"", ""v"": 187.0, ""cur"": true}, {""w"": ""W3"", ""opp"": ""CIN"", ""v"": 292.0, ""cur"": true}, {""w"": ""W4"", ""opp"": ""CLE"", ""v"": 299.0, ""cur"": true}]",Over,0.5906994598892572,0.49798927613941024,0.5307541952115578,1.88,betonlineag,-0.002182113002271502,0.0,0.09271018374984696,
Malachi Fields,WR,NYG,WAS,player_receptions,2.5,2.2187529144611844,4,,,5,True,00-0041042,2026-10-11T17:00:00Z,"[{""w"": ""W1"", ""opp"": ""DAL"", ""v"": 2.0, ""cur"": true}, {""w"": ""W2"", ""opp"": ""LA"", ""v"": 2.0, ""cur"": true}, {""w"": ""W3"", ""opp"": ""TEN"", ""v"": 2.0, ""cur"": true}, {""w"": ""W4"", ""opp"": ""ARI"", ""v"": 2.0, ""cur"": true}]",Under,0.6176926078081595,0.580906081052764,0.5939066799209085,1.68,betonlineag,-0.0022367777328737293,0.0,0.03678652675539551,
Courtland Sutton,WR,DEN,LAC,player_receptions,3.5,3.2469160280244034,17,,,6,True,00-0034348,2026-10-11T20:05:00Z,"[{""w"": ""25W17"", ""opp"": ""KC"", ""v"": 4.0, ""cur"": false}, {""w"": ""25W18"", ""opp"": ""LAC"", ""v"": 1.0, ""cur"": false}, {""w"": ""W1"", ""opp"": ""KC"", ""v"": 2.0, ""cur"": true}, {""w"": ""W2"", ""opp"": ""JAX"", ""v"": 3.0, ""cur"": true}, {""w"": ""W3"", ""opp"": ""LA"", ""v"": 3.0, ""cur"": true}, {""w"": ""W4"", ""opp"": ""SF"", ""v"": 1.0, ""cur"": true}]",Under,0.5963727560798875,0.5359967004209807,0.5573427325796245,1.79,draftkings,-0.0023565086824720582,0.0,0.0603760556589068,
Gunnar Helm,TE,TEN,HOU,player_reception_yds,17.5,18.150908081012588,17,,,2,True,00-0040584,2026-10-11T17:00:00Z,"[{""w"": ""25W16"", ""opp"": ""KC"", ""v"": 9.0, ""cur"": false}, {""w"": ""25W17"", ""opp"": ""NO"", ""v"": 1.0, ""cur"": false}, {""w"": ""W1"", ""opp"": ""NYJ"", ""v"": 28.0, ""cur"": true}, {""w"": ""W2"", ""opp"": ""PHI"", ""v"": 13.0, ""cur"": true}, {""w"": ""W3"", ""opp"": ""NYG"", ""v"": 14.0, ""cur"": true}, {""w"": ""W4"", ""opp"": ""BAL"", ""v"": 5.0, ""cur"": true}]",Under,0.5771796524470839,0.5052910052910052,0.5306314161265799,1.88,fanduel,-0.00241293768202977,0.0,0.07188864715607868,
Jalen Hurts,QB,PHI,JAX,player_pass_yds,190.5,185.00567546131572,17,,,2,True,00-0036389,2026-10-11T13:30:00Z,"[{""w"": ""25W16"", ""opp"": ""WAS"", ""v"": 185.0, ""cur"": false}, {""w"": ""25W17"", ""opp"": ""BUF"", ""v"": 110.0, ""cur"": false}, {""w"": ""W1"", ""opp"": ""WAS"", ""v"": 203.0, ""cur"": true}, {""w"": ""W2"", ""opp"": ""TEN"", ""v"": 264.0, ""cur"": true}, {""w"": ""W3"", ""opp"": ""CHI"", ""v"": 153.0, ""cur"": true}, {""w"": ""W4"", ""opp"": ""LA"", ""v"": 93.0, ""cur"": true}]",Under,0.5831154529738745,0.5013227513227513,0.5301859260944656,1.88,draftkings,-0.003250458942404777,0.0,0.08179270165112318,
Aaron Rodgers,QB,PIT,IND,player_pass_yds,226.5,255.2514991830369,17,,,1,True,00-0023459,2026-10-11T17:00:00Z,"[{""w"": ""25W17"", ""opp"": ""CLE"", ""v"": 168.0, ""cur"": false}, {""w"": ""25W18"", ""opp"": ""BAL"", ""v"": 294.0, ""cur"": false}, {""w"": ""W1"", ""opp"": ""ATL"", ""v"": 221.0, ""cur"": true}, {""w"": ""W2"", ""opp"": ""NE"", ""v"": 187.0, ""cur"": true}, {""w"": ""W3"", ""opp"": ""CIN"", ""v"": 292.0, ""cur"": true}, {""w"": ""W4"", ""opp"": ""CLE"", ""v"": 299.0, ""cur"": true}]",Over,0.5814822901473415,0.48930481283422456,0.5218085865845818,1.91,betmgm,-0.003345599623448714,0.0,0.09217747731311698,
Woody Marks,RB,HOU,TEN,player_rush_yds,27.5,35.90832287728123,17,,,2,True,00-0040583,2026-10-11T17:00:00Z,"[{""w"": ""25W17"", ""opp"": ""LAC"", ""v"": 71.0, ""cur"": false}, {""w"": ""25W18"", ""opp"": ""IND"", ""v"": 48.0, ""cur"": false}, {""w"": ""W1"", ""opp"": ""BUF"", ""v"": 42.0, ""cur"": true}, {""w"": ""W2"", ""opp"": ""CIN"", ""v"": 8.0, ""cur"": true}, {""w"": ""W3"", ""opp"": ""IND"", ""v"": 15.0, ""cur"": true}, {""w"": ""W4"", ""opp"": ""DAL"", ""v"": 22.0, ""cur"": true}]",Over,0.5656230898277034,0.4980211081794196,0.5218012226600521,1.91,draftkings,-0.0033596647193004925,0.0,0.0676019816482838,
Quinshon Judkins,RB,CLE,NYJ,player_rush_yds,58.5,56.7174207053799,17,,,1,True,00-0040784,2026-10-11T17:00:00Z,"[{""w"": ""25W15"", ""opp"": ""CHI"", ""v"": 21.0, ""cur"": false}, {""w"": ""25W16"", ""opp"": ""BUF"", ""v"": 22.0, ""cur"": false}, {""w"": ""W1"", ""opp"": ""JAX"", ""v"": 33.0, ""cur"": true}, {""w"": ""W2"", ""opp"": ""TB"", ""v"": 21.0, ""cur"": true}, {""w"": ""W3"", ""opp"": ""CAR"", ""v"": 70.0, ""cur"": true}, {""w"": ""W4"", ""opp"": ""PIT"", ""v"": 53.0, ""cur"": true}]",Under,0.5967352384025366,0.5066666666666666,0.538546469956095,1.85,betmgm,-0.003689030581224162,0.0,0.09006857173587002,
Cam Skattebo,RB,NYG,WAS,player_rush_yds,58.5,58.04643894374816,12,Limited,,1,True,00-0040715,2026-10-11T17:00:00Z,"[{""w"": ""25W7"", ""opp"": ""DEN"", ""v"": 60.0, ""cur"": false}, {""w"": ""25W8"", ""opp"": ""PHI"", ""v"": 12.0, ""cur"": false}, {""w"": ""W1"", ""opp"": ""DAL"", ""v"": 81.0, ""cur"": true}, {""w"": ""W2"", ""opp"": ""LA"", ""v"": 36.0, ""cur"": true}, {""w"": ""W3"", ""opp"": ""TEN"", ""v"": 60.0, ""cur"": true}, {""w"": ""W4"", ""opp"": ""ARI"", ""v"": 58.0, ""cur"": true}]",Under,0.5775704838256688,0.5039577836411608,0.5299075573916395,1.88,draftkings,-0.0037737921037177546,0.0,0.07361270018450794,
Bo Nix,QB,DEN,LAC,player_rush_yds,15.5,15.731155219984846,17,,,1,True,00-0039732,2026-10-11T20:05:00Z,"[{""w"": ""25W17"", ""opp"": ""KC"", ""v"": 42.0, ""cur"": false}, {""w"": ""25W18"", ""opp"": ""LAC"", ""v"": 49.0, ""cur"": false}, {""w"": ""W1"", ""opp"": ""KC"", ""v"": 2.0, ""cur"": true}, {""w"": ""W2"", ""opp"": ""JAX"", ""v"": 6.0, ""cur"": true}, {""w"": ""W3"", ""opp"": ""LA"", ""v"": 7.0, ""cur"": true}, {""w"": ""W4"", ""opp"": ""SF"", ""v"": 10.0, ""cur"": true}]",Under,0.6102386719093775,0.5080645161290321,0.5443531152426394,1.83,betrivers,-0.0038337991059698706,0.0,0.10217415578034539,
Matthew Stafford,QB,LA,BUF,player_pass_yds,284.5,328.5199119074335,17,,,1,True,00-0026498,2026-10-13T00:15:00Z,"[{""w"": ""25W17"", ""opp"": ""ATL"", ""v"": 269.0, ""cur"": false}, {""w"": ""25W18"", ""opp"": ""ARI"", ""v"": 259.0, ""cur"": false}, {""w"": ""W1"", ""opp"": ""SF"", ""v"": 155.0, ""cur"": true}, {""w"": ""W2"", ""opp"": ""NYG"", ""v"": 327.0, ""cur"": true}, {""w"": ""W3"", ""opp"": ""DEN"", ""v"": 390.0, ""cur"": true}, {""w"": ""W4"", ""opp"": ""PHI"", ""v"": 317.0, ""cur"": true}]",Over,0.5923327424213308,0.5,0.5326450037550711,1.87,betmgm,-0.003953842978017041,0.0,0.09233274242133083,
Colston Loveland,TE,CHI,GB,player_reception_yds,35.5,37.30436119377248,17,,,1,True,00-0040126,2026-10-11T17:00:00Z,"[{""w"": ""25W17"", ""opp"": ""SF"", ""v"": 94.0, ""cur"": false}, {""w"": ""25W18"", ""opp"": ""DET"", ""v"": 91.0, ""cur"": false}, {""w"": ""W1"", ""opp"": ""CAR"", ""v"": 0.0, ""cur"": true}, {""w"": ""W2"", ""opp"": ""MIN"", ""v"": 3.0, ""cur"": true}, {""w"": ""W3"", ""opp"": ""PHI"", ""v"": 31.0, ""cur"": true}, {""w"": ""W4"", ""opp"": ""NYJ"", ""v"": 57.0, ""cur"": true}]",Under,0.5844102031472544,0.5,0.5297937995746723,1.88,fanduel,-0.003987656799616102,0.0,0.08441020314725445,
Nico Collins,WR,HOU,TEN,player_reception_yds,75.5,73.73896454453674,17,Limited,,1,True,00-0036554,2026-10-11T17:00:00Z,"[{""w"": ""25W14"", ""opp"": ""KC"", ""v"": 121.0, ""cur"": false}, {""w"": ""25W15"", ""opp"": ""ARI"", ""v"": 85.0, ""cur"": false}, {""w"": ""25W16"", ""opp"": ""LV"", ""v"": 59.0, ""cur"": false}, {""w"": ""25W17"", ""opp"": ""LAC"", ""v"": 57.0, ""cur"": false}, {""w"": ""W1"", ""opp"": ""BUF"", ""v"": 75.0, ""cur"": true}, {""w"": ""W4"", ""opp"": ""DAL"", ""v"": 118.0, ""cur"": true}]",Under,0.5917292581497915,0.5,0.5324273031837213,1.87,betmgm,-0.004360943046441024,0.0,0.09172925814979149,
Dalton Schultz,TE,HOU,TEN,player_reception_yds,38.5,41.6521080936423,17,,,1,True,00-0034383,2026-10-11T17:00:00Z,"[{""w"": ""25W17"", ""opp"": ""LAC"", ""v"": 19.0, ""cur"": false}, {""w"": ""25W18"", ""opp"": ""IND"", ""v"": 73.0, ""cur"": false}, {""w"": ""W1"", ""opp"": ""BUF"", ""v"": 35.0, ""cur"": true}, {""w"": ""W2"", ""opp"": ""CIN"", ""v"": 140.0, ""cur"": true}, {""w"": ""W3"", ""opp"": ""IND"", ""v"": 30.0, ""cur"": true}, {""w"": ""W4"", ""opp"": ""DAL"", ""v"": 9.0, ""cur"": true}]",Under,0.5850597295569107,0.4906166219839143,0.5239449514731876,1.9,betmgm,-0.0045045922009435135,0.0,0.09444310757299634,
C.J. Stroud,QB,HOU,TEN,player_pass_yds,241.5,236.09097702256665,17,,,2,True,00-0039163,2026-10-11T17:00:00Z,"[{""w"": ""25W17"", ""opp"": ""LAC"", ""v"": 244.0, ""cur"": false}, {""w"": ""25W18"", ""opp"": ""IND"", ""v"": 169.0, ""cur"": false}, {""w"": ""W1"", ""opp"": ""BUF"", ""v"": 274.0, ""cur"": true}, {""w"": ""W2"", ""opp"": ""CIN"", ""v"": 353.0, ""cur"": true}, {""w"": ""W3"", ""opp"": ""IND"", ""v"": 167.0, ""cur"": true}, {""w"": ""W4"", ""opp"": ""DAL"", ""v"": 347.0, ""cur"": true}]",Under,0.5755206470109278,0.5,0.5266108587486086,1.89,draftkings,-0.004705476965129851,0.0,0.07552064701092776,
Gunnar Helm,TE,TEN,HOU,player_reception_yds,18.5,18.150908081012588,17,,,1,True,00-0040584,2026-10-11T17:00:00Z,"[{""w"": ""25W16"", ""opp"": ""KC"", ""v"": 9.0, ""cur"": false}, {""w"": ""25W17"", ""opp"": ""NO"", ""v"": 1.0, ""cur"": false}, {""w"": ""W1"", ""opp"": ""NYJ"", ""v"": 28.0, ""cur"": true}, {""w"": ""W2"", ""opp"": ""PHI"", ""v"": 13.0, ""cur"": true}, {""w"": ""W3"", ""opp"": ""NYG"", ""v"": 14.0, ""cur"": true}, {""w"": ""W4"", ""opp"": ""BAL"", ""v"": 5.0, ""cur"": true}]",Under,0.6064331903473728,0.5093833780160859,0.5438172988242381,1.83,betmgm,-0.004814343151644196,0.0,0.09704981233128684,
D'Andre Swift,RB,CHI,GB,player_reception_yds,13.5,16.173846313498988,17,Did Not Participate In Practice,,3,True,00-0036275,2026-10-11T17:00:00Z,"[{""w"": ""25W17"", ""opp"": ""SF"", ""v"": 25.0, ""cur"": false}, {""w"": ""25W18"", ""opp"": ""DET"", ""v"": 8.0, ""cur"": false}, {""w"": ""W1"", ""opp"": ""CAR"", ""v"": 10.0, ""cur"": true}, {""w"": ""W2"", ""opp"": ""MIN"", ""v"": 54.0, ""cur"": true}, {""w"": ""W3"", ""opp"": ""PHI"", ""v"": 4.0, ""cur"": true}, {""w"": ""W4"", ""opp"": ""NYJ"", ""v"": 16.0, ""cur"": true}]",Under,0.5748945556727066,0.4959785522788204,0.5237798712897703,1.9,betonlineag,-0.004818244549436412,0.0,0.07891600339388627,
Pat Freiermuth,TE,PIT,IND,player_receptions,3.5,3.1772616313558157,17,,,5,True,00-0036894,2026-10-11T17:00:00Z,"[{""w"": ""25W17"", ""opp"": ""CLE"", ""v"": 3.0, ""cur"": false}, {""w"": ""25W18"", ""opp"": ""BAL"", ""v"": 3.0, ""cur"": false}, {""w"": ""W1"", ""opp"": ""ATL"", ""v"": 5.0, ""cur"": true}, {""w"": ""W2"", ""opp"": ""NE"", ""v"": 4.0, ""cur"": true}, {""w"": ""W3"", ""opp"": ""CIN"", ""v"": 2.0, ""cur"": true}, {""w"": ""W4"", ""opp"": ""CLE"", ""v"": 3.0, ""cur"": true}]",Under,0.6075870946422572,0.5373369112612196,0.5622430380268577,1.77,bovada,-0.004829822692461849,0.0,0.07025018338103761,
Colston Loveland,TE,CHI,GB,player_reception_yds,36.5,37.30436119377248,17,,,1,True,00-0040126,2026-10-11T17:00:00Z,"[{""w"": ""25W17"", ""opp"": ""SF"", ""v"": 94.0, ""cur"": false}, {""w"": ""25W18"", ""opp"": ""DET"", ""v"": 91.0, ""cur"": false}, {""w"": ""W1"", ""opp"": ""CAR"", ""v"": 0.0, ""cur"": true}, {""w"": ""W2"", ""opp"": ""MIN"", ""v"": 3.0, ""cur"": true}, {""w"": ""W3"", ""opp"": ""PHI"", ""v"": 31.0, ""cur"": true}, {""w"": ""W4"", ""opp"": ""NYJ"", ""v"": 57.0, ""cur"": true}]",Under,0.5973596769672639,0.5053475935828876,0.5379197437210426,1.85,betrivers,-0.0048484741160712,0.0,0.09201208338437628,
Skyy Moore,WR,GB,CHI,player_reception_yds,12.5,13.89111241192303,17,,,1,True,00-0038090,2026-10-11T17:00:00Z,"[{""w"": ""25W17"", ""opp"": ""CHI"", ""v"": 0.0, ""cur"": false}, {""w"": ""25W18"", ""opp"": ""SEA"", ""v"": 0.0, ""cur"": false}, {""w"": ""W1"", ""opp"": ""MIN"", ""v"": 0.0, ""cur"": true}, {""w"": ""W2"", ""opp"": ""NYJ"", ""v"": 6.0, ""cur"": true}, {""w"": ""W3"", ""opp"": ""ATL"", ""v"": 31.0, ""cur"": true}, {""w"": ""W4"", ""opp"": ""TB"", ""v"": -2.0, ""cur"": true}]",Under,0.5830259991182073,0.5,0.5292970944261051,1.88,fanduel,-0.004921462478922556,0.0,0.0830259991182073,
Skyy Moore,WR,GB,CHI,player_receptions,1.5,1.1945981217507573,17,,,1,True,00-0038090,2026-10-11T17:00:00Z,"[{""w"": ""25W17"", ""opp"": ""CHI"", ""v"": 0.0, ""cur"": false}, {""w"": ""25W18"", ""opp"": ""SEA"", ""v"": 0.0, ""cur"": false}, {""w"": ""W1"", ""opp"": ""MIN"", ""v"": 0.0, ""cur"": true}, {""w"": ""W2"", ""opp"": ""NYJ"", ""v"": 2.0, ""cur"": true}, {""w"": ""W3"", ""opp"": ""ATL"", ""v"": 3.0, ""cur"": true}, {""w"": ""W4"", ""opp"": ""TB"", ""v"": 1.0, ""cur"": true}]",Under,0.6664871914221355,0.5669291338582678,0.6028574024676039,1.65,fanduel,-0.00528528592845362,0.0,0.09955805756386771,
Jordan Love,QB,GB,CHI,player_pass_yds,236.5,230.14863724390602,17,,,3,True,00-0036264,2026-10-11T17:00:00Z,"[{""w"": ""25W15"", ""opp"": ""DEN"", ""v"": 276.0, ""cur"": false}, {""w"": ""25W16"", ""opp"": ""CHI"", ""v"": 77.0, ""cur"": false}, {""w"": ""W1"", ""opp"": ""MIN"", ""v"": 387.0, ""cur"": true}, {""w"": ""W2"", ""opp"": ""NYJ"", ""v"": 145.0, ""cur"": true}, {""w"": ""W3"", ""opp"": ""ATL"", ""v"": 312.0, ""cur"": true}, {""w"": ""W4"", ""opp"": ""TB"", ""v"": 197.0, ""cur"": true}]",Under,0.5824003360575445,0.5,0.5290727181531629,1.88,draftkings,-0.005343289872053736,0.0,0.08240033605754449,
Jonathan Taylor,RB,IND,PIT,player_rush_yds,85.5,85.21759957182266,17,Limited,,2,True,00-0036223,2026-10-11T17:00:00Z,"[{""w"": ""25W17"", ""opp"": ""JAX"", ""v"": 70.0, ""cur"": false}, {""w"": ""25W18"", ""opp"": ""HOU"", ""v"": 26.0, ""cur"": false}, {""w"": ""W1"", ""opp"": ""BAL"", ""v"": 98.0, ""cur"": true}, {""w"": ""W2"", ""opp"": ""KC"", ""v"": 92.0, ""cur"": true}, {""w"": ""W3"", ""opp"": ""HOU"", ""v"": 68.0, ""cur"": true}, {""w"": ""W4"", ""opp"": ""WAS"", ""v"": 95.0, ""cur"": true}]",Under,0.5741209859415666,0.5,0.5261111489272615,1.89,draftkings,-0.005649928527475756,0.0,0.07412098594156658,
Cam Skattebo,RB,NYG,WAS,player_reception_yds,13.5,15.451586966287538,12,Limited,,2,True,00-0040715,2026-10-11T17:00:00Z,"[{""w"": ""25W7"", ""opp"": ""DEN"", ""v"": 34.0, ""cur"": false}, {""w"": ""25W8"", ""opp"": ""PHI"", ""v"": 18.0, ""cur"": false}, {""w"": ""W1"", ""opp"": ""DAL"", ""v"": 0.0, ""cur"": true}, {""w"": ""W2"", ""opp"": ""LA"", ""v"": 19.0, ""cur"": true}, {""w"": ""W3"", ""opp"": ""TEN"", ""v"": 40.0, ""cur"": true}, {""w"": ""W4"", ""opp"": ""ARI"", ""v"": 8.0, ""cur"": true}]",Under,0.5795924027311629,0.5099650078309088,0.5345193959388344,1.86,draftkings,-0.0057939235537680656,0.0,0.06962739490025405,
Geno Smith,QB,NYJ,CLE,player_pass_yds,203.5,196.5966131625516,17,,,1,True,00-0030565,2026-10-11T17:00:00Z,"[{""w"": ""25W16"", ""opp"": ""HOU"", ""v"": 201.0, ""cur"": false}, {""w"": ""25W17"", ""opp"": ""NYG"", ""v"": 176.0, ""cur"": false}, {""w"": ""W1"", ""opp"": ""TEN"", ""v"": 215.0, ""cur"": true}, {""w"": ""W2"", ""opp"": ""GB"", ""v"": 247.0, ""cur"": true}, {""w"": ""W3"", ""opp"": ""DET"", ""v"": 321.0, ""cur"": true}, {""w"": ""W4"", ""opp"": ""CHI"", ""v"": 119.0, ""cur"": true}]",Under,0.5884732701075672,0.4959785522788204,0.5286496204129567,1.88,betrivers,-0.006138713623641434,0.0,0.09249471782874685,
Chris Godwin,WR,TB,DAL,player_receptions,3.5,3.514456640068489,13,,,6,True,00-0033921,2026-10-09T00:15:00Z,"[{""w"": ""25W17"", ""opp"": ""MIA"", ""v"": 7.0, ""cur"": false}, {""w"": ""25W18"", ""opp"": ""CAR"", ""v"": 1.0, ""cur"": false}, {""w"": ""W1"", ""opp"": ""CIN"", ""v"": 4.0, ""cur"": true}, {""w"": ""W2"", ""opp"": ""CLE"", ""v"": 3.0, ""cur"": true}, {""w"": ""W3"", ""opp"": ""MIN"", ""v"": 3.0, ""cur"": true}, {""w"": ""W4"", ""opp"": ""GB"", ""v"": 6.0, ""cur"": true}]",Under,0.5370168682100471,0.4867158984806045,0.5043428447209146,1.97,betonlineag,-0.006444595899798233,0.0,0.050300969729442646,
Jayden Daniels,QB,WAS,NYG,player_rush_yds,30.5,32.405418801443844,9,Full,,4,True,00-0039910,2026-10-11T17:00:00Z,"[{""w"": ""25W6"", ""opp"": ""CHI"", ""v"": 52.0, ""cur"": false}, {""w"": ""25W7"", ""opp"": ""DAL"", ""v"": 35.0, ""cur"": false}, {""w"": ""25W9"", ""opp"": ""SEA"", ""v"": 51.0, ""cur"": false}, {""w"": ""25W14"", ""opp"": ""MIN"", ""v"": 16.0, ""cur"": false}, {""w"": ""W1"", ""opp"": ""PHI"", ""v"": 31.0, ""cur"": true}, {""w"": ""W2"", ""opp"": ""DAL"", ""v"": 69.0, ""cur"": true}]",Under,0.5728372118511951,0.5,0.5256531402461713,1.89,draftkings,-0.006515564934736373,0.0,0.07283721185119507,
Aaron Jones,RB,MIN,NO,player_reception_yds,18.5,19.81232695254021,16,Limited,,5,True,00-0033293,2026-10-11T17:00:00Z,"[{""w"": ""25W16"", ""opp"": ""NYG"", ""v"": 8.0, ""cur"": false}, {""w"": ""25W17"", ""opp"": ""DET"", ""v"": 10.0, ""cur"": false}, {""w"": ""W1"", ""opp"": ""GB"", ""v"": 0.0, ""cur"": true}, {""w"": ""W2"", ""opp"": ""CHI"", ""v"": 0.0, ""cur"": true}, {""w"": ""W3"", ""opp"": ""TB"", ""v"": 34.0, ""cur"": true}, {""w"": ""W4"", ""opp"": ""MIA"", ""v"": 34.0, ""cur"": true}]",Under,0.5805317882326241,0.5,0.5284031100887912,1.88,betonlineag,-0.006602153033072711,0.0,0.08053178823262408,
Dak Prescott,QB,DAL,TB,player_rush_yds,9.5,13.539834113765002,17,,,6,True,00-0033077,2026-10-09T00:15:00Z,"[{""w"": ""25W17"", ""opp"": ""WAS"", ""v"": 24.0, ""cur"": false}, {""w"": ""25W18"", ""opp"": ""NYG"", ""v"": -1.0, ""cur"": false}, {""w"": ""W1"", ""opp"": ""NYG"", ""v"": 14.0, ""cur"": true}, {""w"": ""W2"", ""opp"": ""WAS"", ""v"": 26.0, ""cur"": true}, {""w"": ""W3"", ""opp"": ""BAL"", ""v"": 19.0, ""cur"": true}, {""w"": ""W4"", ""opp"": ""HOU"", ""v"": 7.0, ""cur"": true}]",Over,0.5618630402471725,0.5059472014820636,0.5256070143671165,1.89,betrivers,-0.006602742846149812,0.0,0.05591583876510886,
Christian Watson,WR,GB,CHI,player_reception_yds,60.5,62.88372235815713,14,,,2,True,00-0038124,2026-10-11T17:00:00Z,"[{""w"": ""25W16"", ""opp"": ""CHI"", ""v"": 17.0, ""cur"": false}, {""w"": ""25W17"", ""opp"": ""BAL"", ""v"": 113.0, ""cur"": false}, {""w"": ""W1"", ""opp"": ""MIN"", ""v"": 147.0, ""cur"": true}, {""w"": ""W2"", ""opp"": ""NYJ"", ""v"": 41.0, ""cur"": true}, {""w"": ""W3"", ""opp"": ""ATL"", ""v"": 96.0, ""cur"": true}, {""w"": ""W4"", ""opp"": ""TB"", ""v"": 47.0, ""cur"": true}]",Under,0.5746161625989751,0.49867021276595747,0.5254258430772881,1.89,betonlineag,-0.006945156583925471,0.0,0.07594594983301761,
Rome Odunze,WR,CHI,GB,player_reception_yds,38.5,51.68556829268294,16,,,2,True,00-0039919,2026-10-11T17:00:00Z,"[{""w"": ""25W12"", ""opp"": ""PIT"", ""v"": 53.0, ""cur"": false}, {""w"": ""25W13"", ""opp"": ""PHI"", ""v"": 8.0, ""cur"": false}, {""w"": ""W1"", ""opp"": ""CAR"", ""v"": 52.0, ""cur"": true}, {""w"": ""W2"", ""opp"": ""MIN"", ""v"": 43.0, ""cur"": true}, {""w"": ""W3"", ""opp"": ""PHI"", ""v"": 44.0, ""cur"": true}, {""w"": ""W4"", ""opp"": ""NYJ"", ""v"": 94.0, ""cur"": true}]",Over,0.5737583468017916,0.503336869722298,0.5281443794174719,1.88,betrivers,-0.007088566695152787,0.0,0.07042147707949364,
Kayshon Boutte,WR,HOU,TEN,player_reception_yds,25.5,26.249203736833284,17,,,2,True,00-0038608,2026-10-11T17:00:00Z,"[{""w"": ""25W16"", ""opp"": ""BAL"", ""v"": 16.0, ""cur"": false}, {""w"": ""25W18"", ""opp"": ""MIA"", ""v"": 24.0, ""cur"": false}, {""w"": ""W1"", ""opp"": ""BUF"", ""v"": 21.0, ""cur"": true}, {""w"": ""W2"", ""opp"": ""CIN"", ""v"": 37.0, ""cur"": true}, {""w"": ""W3"", ""opp"": ""IND"", ""v"": 21.0, ""cur"": true}, {""w"": ""W4"", ""opp"": ""DAL"", ""v"": 36.0, ""cur"": true}]",Under,0.5765768643428315,0.5013227513227513,0.5278454072565754,1.88,draftkings,-0.007650634357638353,0.0,0.07525411302008023,
Dalton Schultz,TE,HOU,TEN,player_reception_yds,36.5,41.6521080936423,17,,,1,True,00-0034383,2026-10-11T17:00:00Z,"[{""w"": ""25W17"", ""opp"": ""LAC"", ""v"": 19.0, ""cur"": false}, {""w"": ""25W18"", ""opp"": ""IND"", ""v"": 73.0, ""cur"": false}, {""w"": ""W1"", ""opp"": ""BUF"", ""v"": 35.0, ""cur"": true}, {""w"": ""W2"", ""opp"": ""CIN"", ""v"": 140.0, ""cur"": true}, {""w"": ""W3"", ""opp"": ""IND"", ""v"": 30.0, ""cur"": true}, {""w"": ""W4"", ""opp"": ""DAL"", ""v"": 9.0, ""cur"": true}]",Under,0.5628221848310085,0.49604221635883905,0.5195220342386185,1.91,draftkings,-0.007712914604238619,0.0,0.06677996847216949,
Deshaun Watson,QB,CLE,NYJ,player_pass_yds,199.5,192.83718027906298,4,,,1,True,00-0033537,2026-10-11T17:00:00Z,"[{""w"": ""W1"", ""opp"": ""JAX"", ""v"": 205.0, ""cur"": true}, {""w"": ""W2"", ""opp"": ""TB"", ""v"": 238.0, ""cur"": true}, {""w"": ""W3"", ""opp"": ""CAR"", ""v"": 144.0, ""cur"": true}, {""w"": ""W4"", ""opp"": ""PIT"", ""v"": 268.0, ""cur"": true}]",Under,0.5858117679158201,0.4959785522788204,0.5276919602090141,1.88,betrivers,-0.00793911480705356,0.0,0.08983321563699975,
Cade Otton,TE,TB,DAL,player_reception_yds,30.5,40.56474487940717,17,,,1,True,00-0038129,2026-10-09T00:15:00Z,"[{""w"": ""25W17"", ""opp"": ""MIA"", ""v"": 33.0, ""cur"": false}, {""w"": ""25W18"", ""opp"": ""CAR"", ""v"": 94.0, ""cur"": false}, {""w"": ""W1"", ""opp"": ""CIN"", ""v"": 26.0, ""cur"": true}, {""w"": ""W2"", ""opp"": ""CLE"", ""v"": 38.0, ""cur"": true}, {""w"": ""W3"", ""opp"": ""MIN"", ""v"": 56.0, ""cur"": true}, {""w"": ""W4"", ""opp"": ""GB"", ""v"": 37.0, ""cur"": true}]",Over,0.5801728973252851,0.4986666666666667,0.5274106013193789,1.88,betrivers,-0.00846806951956769,0.0,0.0815062306586184,
Keaton Mitchell,RB,LAC,DEN,player_rush_yds,28.5,29.076211969222424,17,,,1,True,00-0038454,2026-10-11T20:05:00Z,"[{""w"": ""25W17"", ""opp"": ""GB"", ""v"": 31.0, ""cur"": false}, {""w"": ""25W18"", ""opp"": ""PIT"", ""v"": 2.0, ""cur"": false}, {""w"": ""W1"", ""opp"": ""ARI"", ""v"": 9.0, ""cur"": true}, {""w"": ""W2"", ""opp"": ""LV"", ""v"": 24.0, ""cur"": true}, {""w"": ""W3"", ""opp"": ""BUF"", ""v"": 52.0, ""cur"": true}, {""w"": ""W4"", ""opp"": ""SEA"", ""v"": 39.0, ""cur"": true}]",Under,0.5850846778394992,0.5,0.530035978161526,1.87,betmgm,-0.008832720837946284,0.0,0.08508467783949925,
D'Andre Swift,RB,CHI,GB,player_receptions,2.5,1.9981972835896358,17,Did Not Participate In Practice,,4,True,00-0036275,2026-10-11T17:00:00Z,"[{""w"": ""25W17"", ""opp"": ""SF"", ""v"": 2.0, ""cur"": false}, {""w"": ""25W18"", ""opp"": ""DET"", ""v"": 1.0, ""cur"": false}, {""w"": ""W1"", ""opp"": ""CAR"", ""v"": 1.0, ""cur"": true}, {""w"": ""W2"", ""opp"": ""MIN"", ""v"": 5.0, ""cur"": true}, {""w"": ""W3"", ""opp"": ""PHI"", ""v"": 2.0, ""cur"": true}, {""w"": ""W4"", ""opp"": ""NYJ"", ""v"": 2.0, ""cur"": true}]",Under,0.6771989665780082,0.6118733138129883,0.6353413943692553,1.56,draftkings,-0.008867424783961686,0.0,0.06532565276501989,
Cam Skattebo,RB,NYG,WAS,player_receptions,1.5,2.0148538556336915,12,Limited,,1,True,00-0040715,2026-10-11T17:00:00Z,"[{""w"": ""25W7"", ""opp"": ""DEN"", ""v"": 3.0, ""cur"": false}, {""w"": ""25W8"", ""opp"": ""PHI"", ""v"": 1.0, ""cur"": false}, {""w"": ""W1"", ""opp"": ""DAL"", ""v"": 0.0, ""cur"": true}, {""w"": ""W2"", ""opp"": ""LA"", ""v"": 4.0, ""cur"": true}, {""w"": ""W3"", ""opp"": ""TEN"", ""v"": 3.0, ""cur"": true}, {""w"": ""W4"", ""opp"": ""ARI"", ""v"": 1.0, ""cur"": true}]",Under,0.43443782659271896,0.37157107231920206,0.3931996335974837,2.52,fanduel,-0.009136923334341018,0.0,0.0628667542735169,
Drake Maye,QB,NE,LV,player_pass_yds,227.5,221.69974934467868,17,Full,,1,True,00-0039851,2026-10-11T17:00:00Z,"[{""w"": ""25W17"", ""opp"": ""NYJ"", ""v"": 256.0, ""cur"": false}, {""w"": ""25W18"", ""opp"": ""MIA"", ""v"": 191.0, ""cur"": false}, {""w"": ""W1"", ""opp"": ""SEA"", ""v"": 178.0, ""cur"": true}, {""w"": ""W2"", ""opp"": ""PIT"", ""v"": 208.0, ""cur"": true}, {""w"": ""W3"", ""opp"": ""JAX"", ""v"": 199.0, ""cur"": true}, {""w"": ""W4"", ""opp"": ""BUF"", ""v"": 269.0, ""cur"": true}]",Under,0.5765270443878057,0.5,0.5269703987116418,1.88,betonlineag,-0.009295650422113555,0.0,0.07652704438780566,
Jahan Dotson,WR,ATL,BAL,player_receptions,1.5,1.8205225718408231,17,,,6,True,00-0037741,2026-10-12T00:20:00Z,"[{""w"": ""25W17"", ""opp"": ""BUF"", ""v"": 0.0, ""cur"": false}, {""w"": ""25W18"", ""opp"": ""WAS"", ""v"": 3.0, ""cur"": false}, {""w"": ""W1"", ""opp"": ""PIT"", ""v"": 1.0, ""cur"": true}, {""w"": ""W2"", ""opp"": ""CAR"", ""v"": 2.0, ""cur"": true}, {""w"": ""W3"", ""opp"": ""GB"", ""v"": 1.0, ""cur"": true}, {""w"": ""W4"", ""opp"": ""NO"", ""v"": 2.0, ""cur"": true}]",Under,0.45677063080523583,0.4405347769028871,0.4462046815695066,2.22,fanduel,-0.009425606915695162,0.0,0.016235853902348718,
Kalif Raymond,WR,CHI,GB,player_receptions,3.5,3.1292720439461563,17,,,6,True,00-0032464,2026-10-11T17:00:00Z,"[{""w"": ""25W17"", ""opp"": ""MIN"", ""v"": 1.0, ""cur"": false}, {""w"": ""25W18"", ""opp"": ""CHI"", ""v"": 3.0, ""cur"": false}, {""w"": ""W1"", ""opp"": ""CAR"", ""v"": 8.0, ""cur"": true}, {""w"": ""W2"", ""opp"": ""MIN"", ""v"": 5.0, ""cur"": true}, {""w"": ""W3"", ""opp"": ""PHI"", ""v"": 6.0, ""cur"": true}, {""w"": ""W4"", ""opp"": ""NYJ"", ""v"": 2.0, ""cur"": true}]",Under,0.6342052042956413,0.5702422178637718,0.5930167634741378,1.67,betmgm,-0.00966200499818981,0.0,0.06396298643186948,
Wan'Dale Robinson,WR,TEN,HOU,player_reception_yds,31.5,44.07837027641298,17,,,3,True,00-0038117,2026-10-11T17:00:00Z,"[{""w"": ""25W16"", ""opp"": ""MIN"", ""v"": 19.0, ""cur"": false}, {""w"": ""25W17"", ""opp"": ""LV"", ""v"": 113.0, ""cur"": false}, {""w"": ""W1"", ""opp"": ""NYJ"", ""v"": 38.0, ""cur"": true}, {""w"": ""W2"", ""opp"": ""PHI"", ""v"": 9.0, ""cur"": true}, {""w"": ""W3"", ""opp"": ""NYG"", ""v"": 57.0, ""cur"": true}, {""w"": ""W4"", ""opp"": ""BAL"", ""v"": 19.0, ""cur"": true}]",Over,0.5642353555265474,0.5106382978723405,0.529488976717868,1.87,draftkings,-0.009855613537586794,0.0,0.05359705765420686,
Courtland Sutton,WR,DEN,LAC,player_reception_yds,37.5,40.06841819603555,17,,,2,True,00-0034348,2026-10-11T20:05:00Z,"[{""w"": ""25W17"", ""opp"": ""KC"", ""v"": 40.0, ""cur"": false}, {""w"": ""25W18"", ""opp"": ""LAC"", ""v"": 5.0, ""cur"": false}, {""w"": ""W1"", ""opp"": ""KC"", ""v"": 11.0, ""cur"": true}, {""w"": ""W2"", ""opp"": ""JAX"", ""v"": 25.0, ""cur"": true}, {""w"": ""W3"", ""opp"": ""LA"", ""v"": 46.0, ""cur"": true}, {""w"": ""W4"", ""opp"": ""SF"", ""v"": 4.0, ""cur"": true}]",Under,0.5716904086137724,0.5019788918205804,0.5265270959950341,1.88,draftkings,-0.010129059529335904,0.0,0.06971151679319199,
Woody Marks,RB,HOU,TEN,player_reception_yds,8.5,10.448780444826749,17,,,2,True,00-0040583,2026-10-11T17:00:00Z,"[{""w"": ""25W17"", ""opp"": ""LAC"", ""v"": 4.0, ""cur"": false}, {""w"": ""25W18"", ""opp"": ""IND"", ""v"": 0.0, ""cur"": false}, {""w"": ""W1"", ""opp"": ""BUF"", ""v"": -2.0, ""cur"": true}, {""w"": ""W2"", ""opp"": ""CIN"", ""v"": 27.0, ""cur"": true}, {""w"": ""W3"", ""opp"": ""IND"", ""v"": 6.0, ""cur"": true}, {""w"": ""W4"", ""opp"": ""DAL"", ""v"": 0.0, ""cur"": true}]",Under,0.5726271528498457,0.5013227513227513,0.5264356914488718,1.88,draftkings,-0.010300900076121056,0.0,0.07130440152709439,
Wan'Dale Robinson,WR,TEN,HOU,player_receptions,3.5,4.397105851966182,17,,,5,True,00-0038117,2026-10-11T17:00:00Z,"[{""w"": ""25W16"", ""opp"": ""MIN"", ""v"": 3.0, ""cur"": false}, {""w"": ""25W17"", ""opp"": ""LV"", ""v"": 11.0, ""cur"": false}, {""w"": ""W1"", ""opp"": ""NYJ"", ""v"": 5.0, ""cur"": true}, {""w"": ""W2"", ""opp"": ""PHI"", ""v"": 1.0, ""cur"": true}, {""w"": ""W3"", ""opp"": ""NYG"", ""v"": 7.0, ""cur"": true}, {""w"": ""W4"", ""opp"": ""BAL"", ""v"": 3.0, ""cur"": true}]",Over,0.5818490534657959,0.5517241379310345,0.5623228437014953,1.76,betonlineag,-0.010311795085368225,0.0,0.030124915534761376,
Aaron Jones,RB,MIN,NO,player_rush_yds,72.5,72.81124816870614,16,Limited,,2,True,00-0033293,2026-10-11T17:00:00Z,"[{""w"": ""25W16"", ""opp"": ""NYG"", ""v"": 85.0, ""cur"": false}, {""w"": ""25W17"", ""opp"": ""DET"", ""v"": 53.0, ""cur"": false}, {""w"": ""W1"", ""opp"": ""GB"", ""v"": 40.0, ""cur"": true}, {""w"": ""W2"", ""opp"": ""CHI"", ""v"": 105.0, ""cur"": true}, {""w"": ""W3"", ""opp"": ""TB"", ""v"": 58.0, ""cur"": true}, {""w"": ""W4"", ""opp"": ""MIA"", ""v"": 94.0, ""cur"": true}]",Under,0.5710664471208545,0.5020107238605898,0.5263254223289461,1.88,fanduel,-0.010508206021581423,0.0,0.06905572326026477,
Isaiah Likely,TE,NYG,WAS,player_reception_yds,40.5,42.25087320974704,16,Limited,,1,True,00-0037838,2026-10-11T17:00:00Z,"[{""w"": ""25W17"", ""opp"": ""GB"", ""v"": 27.0, ""cur"": false}, {""w"": ""25W18"", ""opp"": ""PIT"", ""v"": 32.0, ""cur"": false}, {""w"": ""W1"", ""opp"": ""DAL"", ""v"": 78.0, ""cur"": true}, {""w"": ""W2"", ""opp"": ""LA"", ""v"": 33.0, ""cur"": true}, {""w"": ""W3"", ""opp"": ""TEN"", ""v"": 13.0, ""cur"": true}, {""w"": ""W4"", ""opp"": ""ARI"", ""v"": 66.0, ""cur"": true}]",Under,0.5746687527739198,0.5,0.5263066690670836,1.88,fanduel,-0.010543462153882965,0.0,0.07466875277391982,
Jonathan Taylor,RB,IND,PIT,player_rush_yds,86.5,85.21759957182266,17,Limited,,1,True,00-0036223,2026-10-11T17:00:00Z,"[{""w"": ""25W17"", ""opp"": ""JAX"", ""v"": 70.0, ""cur"": false}, {""w"": ""25W18"", ""opp"": ""HOU"", ""v"": 26.0, ""cur"": false}, {""w"": ""W1"", ""opp"": ""BAL"", ""v"": 98.0, ""cur"": true}, {""w"": ""W2"", ""opp"": ""KC"", ""v"": 92.0, ""cur"": true}, {""w"": ""W3"", ""opp"": ""HOU"", ""v"": 68.0, ""cur"": true}, {""w"": ""W4"", ""opp"": ""WAS"", ""v"": 95.0, ""cur"": true}]",Under,0.5825188709359372,0.5,0.5291152208961662,1.87,betmgm,-0.010554536924169078,0.0,0.08251887093593724,
Dalton Schultz,TE,HOU,TEN,player_reception_yds,37.5,41.6521080936423,17,,,1,True,00-0034383,2026-10-11T17:00:00Z,"[{""w"": ""25W17"", ""opp"": ""LAC"", ""v"": 19.0, ""cur"": false}, {""w"": ""25W18"", ""opp"": ""IND"", ""v"": 73.0, ""cur"": false}, {""w"": ""W1"", ""opp"": ""BUF"", ""v"": 35.0, ""cur"": true}, {""w"": ""W2"", ""opp"": ""CIN"", ""v"": 140.0, ""cur"": true}, {""w"": ""W3"", ""opp"": ""IND"", ""v"": 30.0, ""cur"": true}, {""w"": ""W4"", ""opp"": ""DAL"", ""v"": 9.0, ""cur"": true}]",Under,0.5740705681175405,0.5,0.5260931556339682,1.88,fanduel,-0.01094486740813988,0.0,0.07407056811754054,
Evan Engram,TE,DEN,LAC,player_receptions,2.5,2.2316915561596544,17,,,5,True,00-0033881,2026-10-11T20:05:00Z,"[{""w"": ""25W17"", ""opp"": ""KC"", ""v"": 4.0, ""cur"": false}, {""w"": ""25W18"", ""opp"": ""LAC"", ""v"": 3.0, ""cur"": false}, {""w"": ""W1"", ""opp"": ""KC"", ""v"": 4.0, ""cur"": true}, {""w"": ""W2"", ""opp"": ""JAX"", ""v"": 1.0, ""cur"": true}, {""w"": ""W3"", ""opp"": ""LA"", ""v"": 0.0, ""cur"": true}, {""w"": ""W4"", ""opp"": ""SF"", ""v"": 1.0, ""cur"": true}]",Under,0.6220140998014005,0.5759162303664922,0.5922458316788167,1.67,betmgm,-0.010949461096376123,0.0,0.046097869434908345,
D'Andre Swift,RB,CHI,GB,player_rush_yds,60.5,73.25816850803986,17,Did Not Participate In Practice,,3,True,00-0036275,2026-10-11T17:00:00Z,"[{""w"": ""25W17"", ""opp"": ""SF"", ""v"": 54.0, ""cur"": false}, {""w"": ""25W18"", ""opp"": ""DET"", ""v"": 40.0, ""cur"": false}, {""w"": ""W1"", ""opp"": ""CAR"", ""v"": 124.0, ""cur"": true}, {""w"": ""W2"", ""opp"": ""MIN"", ""v"": 45.0, ""cur"": true}, {""w"": ""W3"", ""opp"": ""PHI"", ""v"": 84.0, ""cur"": true}, {""w"": ""W4"", ""opp"": ""NYJ"", ""v"": 58.0, ""cur"": true}]",Over,0.5579694728853137,0.4960422163588391,0.517800824845645,1.91,draftkings,-0.011000424544817922,0.0,0.06192725652647463,
Chris Rodriguez Jr.,RB,JAX,PHI,player_rush_yds,27.5,35.840363839376124,16,,,2,True,00-0038611,2026-10-11T13:30:00Z,"[{""w"": ""25W16"", ""opp"": ""PHI"", ""v"": 63.0, ""cur"": false}, {""w"": ""25W18"", ""opp"": ""PHI"", ""v"": 65.0, ""cur"": false}, {""w"": ""W1"", ""opp"": ""CLE"", ""v"": 23.0, ""cur"": true}, {""w"": ""W2"", ""opp"": ""DEN"", ""v"": 13.0, ""cur"": true}, {""w"": ""W3"", ""opp"": ""NE"", ""v"": 37.0, ""cur"": true}, {""w"": ""W4"", ""opp"": ""CIN"", ""v"": 35.0, ""cur"": true}]",Over,0.5783866227745624,0.510638598873893,0.5345245659617642,1.85,draftkings,-0.011129552970736145,0.0,0.06774802390066947,
Jaylin Noel,WR,HOU,TEN,player_receptions,1.5,1.6101868646080493,17,,,2,True,00-0040138,2026-10-11T17:00:00Z,"[{""w"": ""25W17"", ""opp"": ""LAC"", ""v"": 3.0, ""cur"": false}, {""w"": ""25W18"", ""opp"": ""IND"", ""v"": 1.0, ""cur"": false}, {""w"": ""W1"", ""opp"": ""BUF"", ""v"": 2.0, ""cur"": true}, {""w"": ""W2"", ""opp"": ""CIN"", ""v"": 1.0, ""cur"": true}, {""w"": ""W3"", ""opp"": ""IND"", ""v"": 2.0, ""cur"": true}, {""w"": ""W4"", ""opp"": ""DAL"", ""v"": 3.0, ""cur"": true}]",Under,0.5216563555837941,0.4576707726763718,0.48001510904027134,2.06,draftkings,-0.011168875377041032,0.0,0.06398558290742229,
Bucky Irving,RB,TB,DAL,player_rush_yds,51.5,60.82082590910394,14,,,4,True,00-0039361,2026-10-09T00:15:00Z,"[{""w"": ""25W17"", ""opp"": ""MIA"", ""v"": 19.0, ""cur"": false}, {""w"": ""25W18"", ""opp"": ""CAR"", ""v"": 85.0, ""cur"": false}, {""w"": ""W1"", ""opp"": ""CIN"", ""v"": 45.0, ""cur"": true}, {""w"": ""W2"", ""opp"": ""CLE"", ""v"": 89.0, ""cur"": true}, {""w"": ""W3"", ""opp"": ""MIN"", ""v"": 46.0, ""cur"": true}, {""w"": ""W4"", ""opp"": ""GB"", ""v"": 61.0, ""cur"": true}]",Over,0.5651328681061851,0.5046279402683432,0.5259117913535558,1.88,fanduel,-0.011285832255315154,0.0,0.06050492783784189,
Jordan Love,QB,GB,CHI,player_pass_yds,235.5,230.14863724390602,17,,,2,True,00-0036264,2026-10-11T17:00:00Z,"[{""w"": ""25W15"", ""opp"": ""DEN"", ""v"": 276.0, ""cur"": false}, {""w"": ""25W16"", ""opp"": ""CHI"", ""v"": 77.0, ""cur"": false}, {""w"": ""W1"", ""opp"": ""MIN"", ""v"": 387.0, ""cur"": true}, {""w"": ""W2"", ""opp"": ""NYJ"", ""v"": 145.0, ""cur"": true}, {""w"": ""W3"", ""opp"": ""ATL"", ""v"": 312.0, ""cur"": true}, {""w"": ""W4"", ""opp"": ""TB"", ""v"": 197.0, ""cur"": true}]",Under,0.578576500598186,0.5013297872340425,0.5285648210096139,1.87,betmgm,-0.011583784712021983,0.0,0.07724671336414346,
Darnell Washington,TE,PIT,IND,player_receptions,2.5,2.396489653279613,17,,,5,True,00-0038558,2026-10-11T17:00:00Z,"[{""w"": ""25W16"", ""opp"": ""DET"", ""v"": 3.0, ""cur"": false}, {""w"": ""25W17"", ""opp"": ""CLE"", ""v"": 2.0, ""cur"": false}, {""w"": ""W1"", ""opp"": ""ATL"", ""v"": 2.0, ""cur"": true}, {""w"": ""W2"", ""opp"": ""NE"", ""v"": 1.0, ""cur"": true}, {""w"": ""W3"", ""opp"": ""CIN"", ""v"": 3.0, ""cur"": true}, {""w"": ""W4"", ""opp"": ""CLE"", ""v"": 3.0, ""cur"": true}]",Over,0.4293686630957426,0.42408376963350786,0.4259315725014563,2.32,betrivers,-0.011838751796621416,0.0,0.005284893462234763,
Bucky Irving,RB,TB,DAL,player_rush_yds,50.5,60.82082590910394,14,,,1,True,00-0039361,2026-10-09T00:15:00Z,"[{""w"": ""25W17"", ""opp"": ""MIA"", ""v"": 19.0, ""cur"": false}, {""w"": ""25W18"", ""opp"": ""CAR"", ""v"": 85.0, ""cur"": false}, {""w"": ""W1"", ""opp"": ""CIN"", ""v"": 45.0, ""cur"": true}, {""w"": ""W2"", ""opp"": ""CLE"", ""v"": 89.0, ""cur"": true}, {""w"": ""W3"", ""opp"": ""MIN"", ""v"": 46.0, ""cur"": true}, {""w"": ""W4"", ""opp"": ""GB"", ""v"": 61.0, ""cur"": true}]",Over,0.5798539213122564,0.4959785522788205,0.5255539221784465,1.88,betrivers,-0.011958626304520548,0.0,0.08387536903343595,
Rome Odunze,WR,CHI,GB,player_receptions,2.5,3.6875808161047128,16,,,1,True,00-0039919,2026-10-11T17:00:00Z,"[{""w"": ""25W12"", ""opp"": ""PIT"", ""v"": 3.0, ""cur"": false}, {""w"": ""25W13"", ""opp"": ""PHI"", ""v"": 2.0, ""cur"": false}, {""w"": ""W1"", ""opp"": ""CAR"", ""v"": 2.0, ""cur"": true}, {""w"": ""W2"", ""opp"": ""MIN"", ""v"": 3.0, ""cur"": true}, {""w"": ""W3"", ""opp"": ""PHI"", ""v"": 3.0, ""cur"": true}, {""w"": ""W4"", ""opp"": ""NYJ"", ""v"": 6.0, ""cur"": true}]",Over,0.6962391881323038,0.6035805626598465,0.6372788096499205,1.55,fanduel,-0.012217845042623243,0.0,0.09265862547245729,
David Montgomery,RB,HOU,TEN,player_reception_yds,8.5,9.382872431316843,17,,,1,True,00-0035685,2026-10-11T17:00:00Z,"[{""w"": ""25W17"", ""opp"": ""MIN"", ""v"": 15.0, ""cur"": false}, {""w"": ""25W18"", ""opp"": ""CHI"", ""v"": 13.0, ""cur"": false}, {""w"": ""W1"", ""opp"": ""BUF"", ""v"": 19.0, ""cur"": true}, {""w"": ""W2"", ""opp"": ""CIN"", ""v"": 14.0, ""cur"": true}, {""w"": ""W3"", ""opp"": ""IND"", ""v"": 15.0, ""cur"": true}, {""w"": ""W4"", ""opp"": ""DAL"", ""v"": 19.0, ""cur"": true}]",Under,0.5683690587003978,0.48930481283422467,0.5171203756186321,1.91,betmgm,-0.012300082568412696,0.0,0.07906424586617311,
Kirk Cousins,QB,LV,NE,player_pass_yds,233.5,230.72299770852962,14,,,2,True,00-0029604,2026-10-11T17:00:00Z,"[{""w"": ""25W17"", ""opp"": ""LA"", ""v"": 126.0, ""cur"": false}, {""w"": ""25W18"", ""opp"": ""NO"", ""v"": 180.0, ""cur"": false}, {""w"": ""W1"", ""opp"": ""MIA"", ""v"": 160.0, ""cur"": true}, {""w"": ""W2"", ""opp"": ""LAC"", ""v"": 253.0, ""cur"": true}, {""w"": ""W3"", ""opp"": ""NO"", ""v"": 248.0, ""cur"": true}, {""w"": ""W4"", ""opp"": ""KC"", ""v"": 365.0, ""cur"": true}]",Under,0.5682056535813625,0.5020107238605898,0.5253070583422867,1.88,fanduel,-0.012422730316500985,0.0,0.06619492972077279,
Drake Maye,QB,NE,LV,player_pass_yds,226.5,221.69974934467868,17,Full,,1,True,00-0039851,2026-10-11T17:00:00Z,"[{""w"": ""25W17"", ""opp"": ""NYJ"", ""v"": 256.0, ""cur"": false}, {""w"": ""25W18"", ""opp"": ""MIA"", ""v"": 191.0, ""cur"": false}, {""w"": ""W1"", ""opp"": ""SEA"", ""v"": 178.0, ""cur"": true}, {""w"": ""W2"", ""opp"": ""PIT"", ""v"": 208.0, ""cur"": true}, {""w"": ""W3"", ""opp"": ""JAX"", ""v"": 199.0, ""cur"": true}, {""w"": ""W4"", ""opp"": ""BUF"", ""v"": 269.0, ""cur"": true}]",Under,0.5717922154374331,0.5,0.5252805464161817,1.88,fanduel,-0.012472572737578458,0.0,0.07179221543743308,
Jake Ferguson,TE,DAL,TB,player_reception_yds,27.5,28.822160402335676,17,,,3,True,00-0038041,2026-10-09T00:15:00Z,"[{""w"": ""25W17"", ""opp"": ""WAS"", ""v"": 6.0, ""cur"": false}, {""w"": ""25W18"", ""opp"": ""NYG"", ""v"": 5.0, ""cur"": false}, {""w"": ""W1"", ""opp"": ""NYG"", ""v"": 6.0, ""cur"": true}, {""w"": ""W2"", ""opp"": ""WAS"", ""v"": 43.0, ""cur"": true}, {""w"": ""W3"", ""opp"": ""BAL"", ""v"": 23.0, ""cur"": true}, {""w"": ""W4"", ""opp"": ""HOU"", ""v"": 11.0, ""cur"": true}]",Under,0.5717253640732204,0.5,0.5252567173838356,1.88,draftkings,-0.012517371318389092,0.0,0.07172536407322039,
C.J. Stroud,QB,HOU,TEN,player_pass_yds,242.5,236.09097702256665,17,,,1,True,00-0039163,2026-10-11T17:00:00Z,"[{""w"": ""25W17"", ""opp"": ""LAC"", ""v"": 244.0, ""cur"": false}, {""w"": ""25W18"", ""opp"": ""IND"", ""v"": 169.0, ""cur"": false}, {""w"": ""W1"", ""opp"": ""BUF"", ""v"": 274.0, ""cur"": true}, {""w"": ""W2"", ""opp"": ""CIN"", ""v"": 353.0, ""cur"": true}, {""w"": ""W3"", ""opp"": ""IND"", ""v"": 167.0, ""cur"": true}, {""w"": ""W4"", ""opp"": ""DAL"", ""v"": 347.0, ""cur"": true}]",Under,0.5795772728737333,0.5,0.5280613333206481,1.87,betmgm,-0.012525306690388038,0.0,0.07957727287373328,
Jeremiyah Love,RB,ARI,DET,player_rush_yds,45.5,58.342885957796156,4,,,2,True,00-0041027,2026-10-11T20:25:00Z,"[{""w"": ""W1"", ""opp"": ""LAC"", ""v"": 41.0, ""cur"": true}, {""w"": ""W2"", ""opp"": ""SEA"", ""v"": 29.0, ""cur"": true}, {""w"": ""W3"", ""opp"": ""SF"", ""v"": 90.0, ""cur"": true}, {""w"": ""W4"", ""opp"": ""NYG"", ""v"": 63.0, ""cur"": true}]",Over,0.571461616862761,0.5,0.5251627132031677,1.88,fanduel,-0.012694099178044871,0.0,0.07146161686276098,
Jordan Love,QB,GB,CHI,player_pass_yds,233.5,230.14863724390602,17,,,1,True,00-0036264,2026-10-11T17:00:00Z,"[{""w"": ""25W15"", ""opp"": ""DEN"", ""v"": 276.0, ""cur"": false}, {""w"": ""25W16"", ""opp"": ""CHI"", ""v"": 77.0, ""cur"": false}, {""w"": ""W1"", ""opp"": ""MIN"", ""v"": 387.0, ""cur"": true}, {""w"": ""W2"", ""opp"": ""NYJ"", ""v"": 145.0, ""cur"": true}, {""w"": ""W3"", ""opp"": ""ATL"", ""v"": 312.0, ""cur"": true}, {""w"": ""W4"", ""opp"": ""TB"", ""v"": 197.0, ""cur"": true}]",Under,0.5708742011056631,0.5,0.5249533933309796,1.88,fanduel,-0.013087620537758471,0.0,0.07087420110566311,
Mark Andrews,TE,BAL,ATL,player_receptions,3.5,3.7071255142623905,17,Full,,6,True,00-0034753,2026-10-12T00:20:00Z,"[{""w"": ""25W17"", ""opp"": ""GB"", ""v"": 4.0, ""cur"": false}, {""w"": ""25W18"", ""opp"": ""PIT"", ""v"": 2.0, ""cur"": false}, {""w"": ""W1"", ""opp"": ""IND"", ""v"": 4.0, ""cur"": true}, {""w"": ""W2"", ""opp"": ""NO"", ""v"": 6.0, ""cur"": true}, {""w"": ""W3"", ""opp"": ""DAL"", ""v"": 3.0, ""cur"": true}, {""w"": ""W4"", ""opp"": ""TEN"", ""v"": 5.0, ""cur"": true}]",Over,0.5073256201591885,0.5382941522352449,0.5274764818622912,1.87,betmgm,-0.013618978917515345,0.0,-0.030968532076056432,
Sam LaPorta,TE,DET,ARI,player_reception_yds,50.5,63.3999791483144,13,,,2,True,00-0039065,2026-10-11T20:25:00Z,"[{""w"": ""25W9"", ""opp"": ""MIN"", ""v"": 97.0, ""cur"": false}, {""w"": ""25W10"", ""opp"": ""WAS"", ""v"": 53.0, ""cur"": false}, {""w"": ""W1"", ""opp"": ""NO"", ""v"": 48.0, ""cur"": true}, {""w"": ""W2"", ""opp"": ""BUF"", ""v"": 52.0, ""cur"": true}, {""w"": ""W3"", ""opp"": ""NYJ"", ""v"": 44.0, ""cur"": true}, {""w"": ""W4"", ""opp"": ""CAR"", ""v"": 84.0, ""cur"": true}]",Over,0.5660475269035372,0.5019788918205805,0.5245191186058041,1.88,draftkings,-0.013904057021088212,0.0,0.06406863508295668,
Denzel Boston,WR,CLE,NYJ,player_reception_yds,47.5,50.08629186774511,4,,,3,True,00-0041037,2026-10-11T17:00:00Z,"[{""w"": ""W1"", ""opp"": ""JAX"", ""v"": 59.0, ""cur"": true}, {""w"": ""W2"", ""opp"": ""TB"", ""v"": 95.0, ""cur"": true}, {""w"": ""W3"", ""opp"": ""CAR"", ""v"": 41.0, ""cur"": true}, {""w"": ""W4"", ""opp"": ""PIT"", ""v"": 89.0, ""cur"": true}]",Under,0.5696525410237521,0.5,0.5245182657799902,1.88,betonlineag,-0.013905660333618564,0.0,0.06965254102375207,
KC Concepcion,WR,CLE,NYJ,player_reception_yds,41.5,44.09480559680307,4,,,3,True,00-0041547,2026-10-11T17:00:00Z,"[{""w"": ""W1"", ""opp"": ""JAX"", ""v"": 43.0, ""cur"": true}, {""w"": ""W2"", ""opp"": ""TB"", ""v"": 28.0, ""cur"": true}, {""w"": ""W3"", ""opp"": ""CAR"", ""v"": 9.0, ""cur"": true}, {""w"": ""W4"", ""opp"": ""PIT"", ""v"": 64.0, ""cur"": true}]",Under,0.5652608765880557,0.5065963060686016,0.5272332262896547,1.87,betmgm,-0.01407386683834555,0.0,0.05866457051945406,
Michael Wilson,WR,ARI,DET,player_receptions,5.5,6.979940622583683,17,,,5,True,00-0038559,2026-10-11T20:25:00Z,"[{""w"": ""25W17"", ""opp"": ""CIN"", ""v"": 5.0, ""cur"": false}, {""w"": ""25W18"", ""opp"": ""LA"", ""v"": 5.0, ""cur"": false}, {""w"": ""W1"", ""opp"": ""LAC"", ""v"": 5.0, ""cur"": true}, {""w"": ""W2"", ""opp"": ""SEA"", ""v"": 2.0, ""cur"": true}, {""w"": ""W3"", ""opp"": ""SF"", ""v"": 11.0, ""cur"": true}, {""w"": ""W4"", ""opp"": ""NYG"", ""v"": 7.0, ""cur"": true}]",Over,0.6110677745222568,0.5628272251308901,0.5798967879518772,1.7,betrivers,-0.014175460481808844,0.0,0.04824054939136668,
Christian Watson,WR,GB,CHI,player_receptions,4.5,4.196299289843409,14,,,6,True,00-0038124,2026-10-11T17:00:00Z,"[{""w"": ""25W16"", ""opp"": ""CHI"", ""v"": 2.0, ""cur"": false}, {""w"": ""25W17"", ""opp"": ""BAL"", ""v"": 5.0, ""cur"": false}, {""w"": ""W1"", ""opp"": ""MIN"", ""v"": 6.0, ""cur"": true}, {""w"": ""W2"", ""opp"": ""NYJ"", ""v"": 4.0, ""cur"": true}, {""w"": ""W3"", ""opp"": ""ATL"", ""v"": 7.0, ""cur"": true}, {""w"": ""W4"", ""opp"": ""TB"", ""v"": 3.0, ""cur"": true}]",Under,0.5905484985286402,0.5533606443549507,0.5664666968509581,1.74,betmgm,-0.014347947479332934,0.0,0.03718785417368953,
George Kittle,TE,SF,SEA,player_receptions,4.5,4.450273313882522,15,,,5,True,00-0033288,2026-10-11T20:25:00Z,"[{""w"": ""25W16"", ""opp"": ""IND"", ""v"": 7.0, ""cur"": false}, {""w"": ""25W18"", ""opp"": ""SEA"", ""v"": 5.0, ""cur"": false}, {""w"": ""W1"", ""opp"": ""LA"", ""v"": 2.0, ""cur"": true}, {""w"": ""W2"", ""opp"": ""MIA"", ""v"": 4.0, ""cur"": true}, {""w"": ""W3"", ""opp"": ""ARI"", ""v"": 6.0, ""cur"": true}, {""w"": ""W4"", ""opp"": ""DEN"", ""v"": 4.0, ""cur"": true}]",Under,0.5427358967262618,0.48930481283422467,0.508040522724705,1.94,draftkings,-0.014401385914072307,0.0,0.0534310838920371,
Darnell Mooney,WR,NYG,WAS,player_receptions,1.5,1.8411457158504334,17,,,5,True,00-0036309,2026-10-11T17:00:00Z,"[{""w"": ""25W17"", ""opp"": ""LA"", ""v"": 2.0, ""cur"": false}, {""w"": ""25W18"", ""opp"": ""NO"", ""v"": 3.0, ""cur"": false}, {""w"": ""W1"", ""opp"": ""DAL"", ""v"": 2.0, ""cur"": true}, {""w"": ""W2"", ""opp"": ""LA"", ""v"": 2.0, ""cur"": true}, {""w"": ""W3"", ""opp"": ""TEN"", ""v"": 2.0, ""cur"": true}, {""w"": ""W4"", ""opp"": ""ARI"", ""v"": 0.0, ""cur"": true}]",Over,0.5492809449352218,0.5106991471324243,0.524240998901261,1.88,draftkings,-0.014426922065629455,0.0,0.03858179780279758,
Marvin Mims Jr.,WR,DEN,LAC,player_reception_yds,14.5,16.43620585730451,17,,,1,True,00-0038976,2026-10-11T20:05:00Z,"[{""w"": ""25W15"", ""opp"": ""GB"", ""v"": 29.0, ""cur"": false}, {""w"": ""25W16"", ""opp"": ""JAX"", ""v"": 26.0, ""cur"": false}, {""w"": ""25W17"", ""opp"": ""KC"", ""v"": 10.0, ""cur"": false}, {""w"": ""25W18"", ""opp"": ""LAC"", ""v"": 10.0, ""cur"": false}, {""w"": ""W1"", ""opp"": ""KC"", ""v"": 0.0, ""cur"": true}, {""w"": ""W4"", ""opp"": ""SF"", ""v"": 10.0, ""cur"": true}]",Under,0.575475321245831,0.49193548387096775,0.5213643865561577,1.89,betrivers,-0.014621309408862027,0.0,0.08353983737486326,
Kyren Williams,RB,LA,BUF,player_rush_yds,68.5,69.43734508843357,17,,,3,True,00-0037840,2026-10-13T00:15:00Z,"[{""w"": ""25W17"", ""opp"": ""ATL"", ""v"": 92.0, ""cur"": false}, {""w"": ""25W18"", ""opp"": ""ARI"", ""v"": 60.0, ""cur"": false}, {""w"": ""W1"", ""opp"": ""SF"", ""v"": 41.0, ""cur"": true}, {""w"": ""W2"", ""opp"": ""NYG"", ""v"": 85.0, ""cur"": true}, {""w"": ""W3"", ""opp"": ""DEN"", ""v"": 88.0, ""cur"": true}, {""w"": ""W4"", ""opp"": ""PHI"", ""v"": 80.0, ""cur"": true}]",Under,0.5496942066135334,0.4934036939313985,0.5131596961456516,1.92,draftkings,-0.014733383400348965,0.0,0.05629051268213492,
Kirk Cousins,QB,LV,NE,player_pass_yds,231.5,230.72299770852962,14,,,2,True,00-0029604,2026-10-11T17:00:00Z,"[{""w"": ""25W17"", ""opp"": ""LA"", ""v"": 126.0, ""cur"": false}, {""w"": ""25W18"", ""opp"": ""NO"", ""v"": 180.0, ""cur"": false}, {""w"": ""W1"", ""opp"": ""MIA"", ""v"": 160.0, ""cur"": true}, {""w"": ""W2"", ""opp"": ""LAC"", ""v"": 253.0, ""cur"": true}, {""w"": ""W3"", ""opp"": ""NO"", ""v"": 248.0, ""cur"": true}, {""w"": ""W4"", ""opp"": ""KC"", ""v"": 365.0, ""cur"": true}]",Under,0.5603587325000329,0.5,0.5212163345925868,1.89,draftkings,-0.014901127620011057,0.0,0.060358732500032874,
C.J. Stroud,QB,HOU,TEN,player_pass_yds,239.5,236.09097702256665,17,,,2,True,00-0039163,2026-10-11T17:00:00Z,"[{""w"": ""25W17"", ""opp"": ""LAC"", ""v"": 244.0, ""cur"": false}, {""w"": ""25W18"", ""opp"": ""IND"", ""v"": 169.0, ""cur"": false}, {""w"": ""W1"", ""opp"": ""BUF"", ""v"": 274.0, ""cur"": true}, {""w"": ""W2"", ""opp"": ""CIN"", ""v"": 353.0, ""cur"": true}, {""w"": ""W3"", ""opp"": ""IND"", ""v"": 167.0, ""cur"": true}, {""w"": ""W4"", ""opp"": ""DAL"", ""v"": 347.0, ""cur"": true}]",Under,0.5673499375855406,0.5,0.5236988466197986,1.88,betonlineag,-0.015446168354778689,0.0,0.06734993758554064,
Chris Godwin,WR,TB,DAL,player_reception_yds,28.5,38.12511032347244,13,,,1,True,00-0033921,2026-10-09T00:15:00Z,"[{""w"": ""25W17"", ""opp"": ""MIA"", ""v"": 108.0, ""cur"": false}, {""w"": ""25W18"", ""opp"": ""CAR"", ""v"": 8.0, ""cur"": false}, {""w"": ""W1"", ""opp"": ""CIN"", ""v"": 40.0, ""cur"": true}, {""w"": ""W2"", ""opp"": ""CLE"", ""v"": 46.0, ""cur"": true}, {""w"": ""W3"", ""opp"": ""MIN"", ""v"": 25.0, ""cur"": true}, {""w"": ""W4"", ""opp"": ""GB"", ""v"": 31.0, ""cur"": true}]",Over,0.5671672545076667,0.5,0.5236338751392897,1.88,fanduel,-0.015568314738135358,0.0,0.0671672545076667,
Tyler Shough,QB,NO,MIN,player_pass_yds,237.5,265.85155144901853,15,Limited,,1,True,00-0040743,2026-10-11T17:00:00Z,"[{""w"": ""25W17"", ""opp"": ""TEN"", ""v"": 333.0, ""cur"": false}, {""w"": ""25W18"", ""opp"": ""ATL"", ""v"": 259.0, ""cur"": false}, {""w"": ""W1"", ""opp"": ""DET"", ""v"": 410.0, ""cur"": true}, {""w"": ""W2"", ""opp"": ""BAL"", ""v"": 252.0, ""cur"": true}, {""w"": ""W3"", ""opp"": ""LV"", ""v"": 255.0, ""cur"": true}, {""w"": ""W4"", ""opp"": ""ATL"", ""v"": 286.0, ""cur"": true}]",Over,0.5669339965115616,0.5,0.5235509248973532,1.88,fanduel,-0.015724261192975986,0.0,0.06693399651156162,
Cam Skattebo,RB,NYG,WAS,player_reception_yds,12.5,15.451586966287538,12,Limited,,3,True,00-0040715,2026-10-11T17:00:00Z,"[{""w"": ""25W7"", ""opp"": ""DEN"", ""v"": 34.0, ""cur"": false}, {""w"": ""25W8"", ""opp"": ""PHI"", ""v"": 18.0, ""cur"": false}, {""w"": ""W1"", ""opp"": ""DAL"", ""v"": 0.0, ""cur"": true}, {""w"": ""W2"", ""opp"": ""LA"", ""v"": 19.0, ""cur"": true}, {""w"": ""W3"", ""opp"": ""TEN"", ""v"": 40.0, ""cur"": true}, {""w"": ""W4"", ""opp"": ""ARI"", ""v"": 8.0, ""cur"": true}]",Under,0.5511697302208682,0.5,0.5179645891663552,1.9,betonlineag,-0.015867280583925114,0.0,0.05116973022086824,
Tyler Shough,QB,NO,MIN,player_pass_yds,239.5,265.85155144901853,15,Limited,,3,True,00-0040743,2026-10-11T17:00:00Z,"[{""w"": ""25W17"", ""opp"": ""TEN"", ""v"": 333.0, ""cur"": false}, {""w"": ""25W18"", ""opp"": ""ATL"", ""v"": 259.0, ""cur"": false}, {""w"": ""W1"", ""opp"": ""DET"", ""v"": 410.0, ""cur"": true}, {""w"": ""W2"", ""opp"": ""BAL"", ""v"": 252.0, ""cur"": true}, {""w"": ""W3"", ""opp"": ""LV"", ""v"": 255.0, ""cur"": true}, {""w"": ""W4"", ""opp"": ""ATL"", ""v"": 286.0, ""cur"": true}]",Over,0.55846771413156,0.5,0.5205461692166331,1.89,draftkings,-0.016167740180563495,0.0,0.058467714131560045,
Puka Nacua,WR,LA,BUF,player_receptions,7.5,7.869533375816585,17,,,4,True,00-0039075,2026-10-13T00:15:00Z,"[{""w"": ""25W15"", ""opp"": ""DET"", ""v"": 9.0, ""cur"": false}, {""w"": ""25W16"", ""opp"": ""SEA"", ""v"": 12.0, ""cur"": false}, {""w"": ""25W17"", ""opp"": ""ATL"", ""v"": 5.0, ""cur"": false}, {""w"": ""25W18"", ""opp"": ""ARI"", ""v"": 10.0, ""cur"": false}, {""w"": ""W1"", ""opp"": ""SF"", ""v"": 5.0, ""cur"": true}, {""w"": ""W4"", ""opp"": ""PHI"", ""v"": 9.0, ""cur"": true}]",Over,0.5091870754701694,0.4466393556450493,0.4684408438526968,2.1,betmgm,-0.016274227909336636,0.0,0.06254771982512008,
Jalen Hurts,QB,PHI,JAX,player_pass_yds,188.5,185.00567546131572,17,,,1,True,00-0036389,2026-10-11T13:30:00Z,"[{""w"": ""25W16"", ""opp"": ""WAS"", ""v"": 185.0, ""cur"": false}, {""w"": ""25W17"", ""opp"": ""BUF"", ""v"": 110.0, ""cur"": false}, {""w"": ""W1"", ""opp"": ""WAS"", ""v"": 203.0, ""cur"": true}, {""w"": ""W2"", ""opp"": ""TEN"", ""v"": 264.0, ""cur"": true}, {""w"": ""W3"", ""opp"": ""CHI"", ""v"": 153.0, ""cur"": true}, {""w"": ""W4"", ""opp"": ""LA"", ""v"": 93.0, ""cur"": true}]",Under,0.5732015327309281,0.5,0.5257830866091532,1.87,betrivers,-0.016785628040883516,0.0,0.07320153273092811,
Malachi Fields,WR,NYG,WAS,player_reception_yds,27.5,29.132682581708426,4,,,5,True,00-0041042,2026-10-11T17:00:00Z,"[{""w"": ""W1"", ""opp"": ""DAL"", ""v"": 25.0, ""cur"": true}, {""w"": ""W2"", ""opp"": ""LA"", ""v"": 30.0, ""cur"": true}, {""w"": ""W3"", ""opp"": ""TEN"", ""v"": 19.0, ""cur"": true}, {""w"": ""W4"", ""opp"": ""ARI"", ""v"": 52.0, ""cur"": true}]",Under,0.5641520118370001,0.5,0.5225623104488213,1.88,betonlineag,-0.017582856356216037,0.0,0.06415201183700014,
Courtland Sutton,WR,DEN,LAC,player_reception_yds,36.5,40.06841819603555,17,,,2,True,00-0034348,2026-10-11T20:05:00Z,"[{""w"": ""25W17"", ""opp"": ""KC"", ""v"": 40.0, ""cur"": false}, {""w"": ""25W18"", ""opp"": ""LAC"", ""v"": 5.0, ""cur"": false}, {""w"": ""W1"", ""opp"": ""KC"", ""v"": 11.0, ""cur"": true}, {""w"": ""W2"", ""opp"": ""JAX"", ""v"": 25.0, ""cur"": true}, {""w"": ""W3"", ""opp"": ""LA"", ""v"": 46.0, ""cur"": true}, {""w"": ""W4"", ""opp"": ""SF"", ""v"": 4.0, ""cur"": true}]",Under,0.5586391767915774,0.49867021276595747,0.5197439563754467,1.89,betonlineag,-0.017683922450405842,0.0,0.05996896402561991,
Emeka Egbuka,WR,TB,DAL,player_receptions,2.5,3.6416160824863915,17,,,1,True,00-0040129,2026-10-09T00:15:00Z,"[{""w"": ""25W17"", ""opp"": ""MIA"", ""v"": 3.0, ""cur"": false}, {""w"": ""25W18"", ""opp"": ""CAR"", ""v"": 1.0, ""cur"": false}, {""w"": ""W1"", ""opp"": ""CIN"", ""v"": 5.0, ""cur"": true}, {""w"": ""W2"", ""opp"": ""CLE"", ""v"": 3.0, ""cur"": true}, {""w"": ""W3"", ""opp"": ""MIN"", ""v"": 5.0, ""cur"": true}, {""w"": ""W4"", ""opp"": ""GB"", ""v"": 2.0, ""cur"": true}]",Over,0.7045392926904673,0.6196473551637279,0.6505338184707061,1.51,fanduel,-0.017693934109233755,0.0,0.0848919375267394,
Tre Tucker,WR,LV,NE,player_reception_yds,42.5,45.889973369920995,17,,,2,True,00-0038563,2026-10-11T17:00:00Z,"[{""w"": ""25W17"", ""opp"": ""NYG"", ""v"": 49.0, ""cur"": false}, {""w"": ""25W18"", ""opp"": ""KC"", ""v"": 30.0, ""cur"": false}, {""w"": ""W1"", ""opp"": ""MIA"", ""v"": 27.0, ""cur"": true}, {""w"": ""W2"", ""opp"": ""LAC"", ""v"": 119.0, ""cur"": true}, {""w"": ""W3"", ""opp"": ""NO"", ""v"": 43.0, ""cur"": true}, {""w"": ""W4"", ""opp"": ""KC"", ""v"": 44.0, ""cur"": true}]",Under,0.5592752861582372,0.5020107238605898,0.5221368659888657,1.88,fanduel,-0.018382691940932616,0.0,0.057264562297647426,
Justin Herbert,QB,LAC,DEN,player_pass_yds,199.5,199.61375579958212,17,,,5,True,00-0036355,2026-10-11T20:05:00Z,"[{""w"": ""25W16"", ""opp"": ""DAL"", ""v"": 300.0, ""cur"": false}, {""w"": ""25W17"", ""opp"": ""HOU"", ""v"": 236.0, ""cur"": false}, {""w"": ""W1"", ""opp"": ""ARI"", ""v"": 209.0, ""cur"": true}, {""w"": ""W2"", ""opp"": ""LV"", ""v"": 192.0, ""cur"": true}, {""w"": ""W3"", ""opp"": ""BUF"", ""v"": 226.0, ""cur"": true}, {""w"": ""W4"", ""opp"": ""SEA"", ""v"": 189.0, ""cur"": true}]",Under,0.5472620072397615,0.5,0.5165851471566244,1.9,draftkings,-0.018488220402413658,0.0,0.04726200723976148,
Michael Wilson,WR,ARI,DET,player_receptions,6.5,6.979940622583683,17,,,1,True,00-0038559,2026-10-11T20:25:00Z,"[{""w"": ""25W17"", ""opp"": ""CIN"", ""v"": 5.0, ""cur"": false}, {""w"": ""25W18"", ""opp"": ""LA"", ""v"": 5.0, ""cur"": false}, {""w"": ""W1"", ""opp"": ""LAC"", ""v"": 5.0, ""cur"": true}, {""w"": ""W2"", ""opp"": ""SEA"", ""v"": 2.0, ""cur"": true}, {""w"": ""W3"", ""opp"": ""SF"", ""v"": 11.0, ""cur"": true}, {""w"": ""W4"", ""opp"": ""NYG"", ""v"": 7.0, ""cur"": true}]",Over,0.49802394141681344,0.43421052631578944,0.45640679981269033,2.15,betmgm,-0.018725380402715763,0.0,0.063813415101024,
Kyren Williams,RB,LA,BUF,player_rush_yds,69.5,69.43734508843357,17,,,3,True,00-0037840,2026-10-13T00:15:00Z,"[{""w"": ""25W17"", ""opp"": ""ATL"", ""v"": 92.0, ""cur"": false}, {""w"": ""25W18"", ""opp"": ""ARI"", ""v"": 60.0, ""cur"": false}, {""w"": ""W1"", ""opp"": ""SF"", ""v"": 41.0, ""cur"": true}, {""w"": ""W2"", ""opp"": ""NYG"", ""v"": 85.0, ""cur"": true}, {""w"": ""W3"", ""opp"": ""DEN"", ""v"": 88.0, ""cur"": true}, {""w"": ""W4"", ""opp"": ""PHI"", ""v"": 80.0, ""cur"": true}]",Under,0.562030999201744,0.5,0.5218094290591008,1.88,betonlineag,-0.018998273368890595,0.0,0.06203099920174404,
Rome Odunze,WR,CHI,GB,player_reception_yds,40.5,51.68556829268294,16,,,2,True,00-0039919,2026-10-11T17:00:00Z,"[{""w"": ""25W12"", ""opp"": ""PIT"", ""v"": 53.0, ""cur"": false}, {""w"": ""25W13"", ""opp"": ""PHI"", ""v"": 8.0, ""cur"": false}, {""w"": ""W1"", ""opp"": ""CAR"", ""v"": 52.0, ""cur"": true}, {""w"": ""W2"", ""opp"": ""MIN"", ""v"": 43.0, ""cur"": true}, {""w"": ""W3"", ""opp"": ""PHI"", ""v"": 44.0, ""cur"": true}, {""w"": ""W4"", ""opp"": ""NYJ"", ""v"": 94.0, ""cur"": true}]",Over,0.546894561115252,0.49135425338281147,0.5108394833015809,1.92,draftkings,-0.01918819206096467,0.0,0.055540307732440564,
Aaron Jones,RB,MIN,NO,player_rush_yds,71.5,72.81124816870614,16,Limited,,3,True,00-0033293,2026-10-11T17:00:00Z,"[{""w"": ""25W16"", ""opp"": ""NYG"", ""v"": 85.0, ""cur"": false}, {""w"": ""25W17"", ""opp"": ""DET"", ""v"": 53.0, ""cur"": false}, {""w"": ""W1"", ""opp"": ""GB"", ""v"": 40.0, ""cur"": true}, {""w"": ""W2"", ""opp"": ""CHI"", ""v"": 105.0, ""cur"": true}, {""w"": ""W3"", ""opp"": ""TB"", ""v"": 58.0, ""cur"": true}, {""w"": ""W4"", ""opp"": ""MIA"", ""v"": 94.0, ""cur"": true}]",Under,0.5613672474956901,0.5,0.5215739677715147,1.88,betonlineag,-0.01944094058955248,0.0,0.061367247495690114,
Denzel Boston,WR,CLE,NYJ,player_receptions,3.5,3.2753956400538717,4,,,6,True,00-0041037,2026-10-11T17:00:00Z,"[{""w"": ""W1"", ""opp"": ""JAX"", ""v"": 2.0, ""cur"": true}, {""w"": ""W2"", ""opp"": ""TB"", ""v"": 5.0, ""cur"": true}, {""w"": ""W3"", ""opp"": ""CAR"", ""v"": 2.0, ""cur"": true}, {""w"": ""W4"", ""opp"": ""PIT"", ""v"": 4.0, ""cur"": true}]",Under,0.5859297010558928,0.5512035499144748,0.5634326100846427,1.74,betmgm,-0.01962725845272162,0.0,0.03472615114141797,
Rome Odunze,WR,CHI,GB,player_reception_yds,39.5,51.68556829268294,16,,,2,True,00-0039919,2026-10-11T17:00:00Z,"[{""w"": ""25W12"", ""opp"": ""PIT"", ""v"": 53.0, ""cur"": false}, {""w"": ""25W13"", ""opp"": ""PHI"", ""v"": 8.0, ""cur"": false}, {""w"": ""W1"", ""opp"": ""CAR"", ""v"": 52.0, ""cur"": true}, {""w"": ""W2"", ""opp"": ""MIN"", ""v"": 43.0, ""cur"": true}, {""w"": ""W3"", ""opp"": ""PHI"", ""v"": 44.0, ""cur"": true}, {""w"": ""W4"", ""opp"": ""NYJ"", ""v"": 94.0, ""cur"": true}]",Over,0.5602449268145021,0.5,0.5211759873241042,1.88,betonlineag,-0.020189143830684153,0.0,0.06024492681450211,
Chris Olave,WR,NO,MIN,player_reception_yds,81.5,96.54662389577994,17,Did Not Participate In Practice,,4,True,00-0037239,2026-10-11T17:00:00Z,"[{""w"": ""25W16"", ""opp"": ""NYJ"", ""v"": 148.0, ""cur"": false}, {""w"": ""25W17"", ""opp"": ""TEN"", ""v"": 119.0, ""cur"": false}, {""w"": ""W1"", ""opp"": ""DET"", ""v"": 182.0, ""cur"": true}, {""w"": ""W2"", ""opp"": ""BAL"", ""v"": 86.0, ""cur"": true}, {""w"": ""W3"", ""opp"": ""LV"", ""v"": 107.0, ""cur"": true}, {""w"": ""W4"", ""opp"": ""ATL"", ""v"": 116.0, ""cur"": true}]",Over,0.536881313657557,0.5,0.5129290650282081,1.91,draftkings,-0.020305485796122458,0.0,0.03688131365755698,
Cam Skattebo,RB,NYG,WAS,player_rush_yds,57.5,58.04643894374816,12,Limited,,1,True,00-0040715,2026-10-11T17:00:00Z,"[{""w"": ""25W7"", ""opp"": ""DEN"", ""v"": 60.0, ""cur"": false}, {""w"": ""25W8"", ""opp"": ""PHI"", ""v"": 12.0, ""cur"": false}, {""w"": ""W1"", ""opp"": ""DAL"", ""v"": 81.0, ""cur"": true}, {""w"": ""W2"", ""opp"": ""LA"", ""v"": 36.0, ""cur"": true}, {""w"": ""W3"", ""opp"": ""TEN"", ""v"": 60.0, ""cur"": true}, {""w"": ""W4"", ""opp"": ""ARI"", ""v"": 58.0, ""cur"": true}]",Under,0.5651597605737697,0.5,0.5229202787569163,1.87,betrivers,-0.022139078724566497,0.0,0.06515976057376971,
Chris Godwin,WR,TB,DAL,player_reception_yds,29.5,38.12511032347244,13,,,4,True,00-0033921,2026-10-09T00:15:00Z,"[{""w"": ""25W17"", ""opp"": ""MIA"", ""v"": 108.0, ""cur"": false}, {""w"": ""25W18"", ""opp"": ""CAR"", ""v"": 8.0, ""cur"": false}, {""w"": ""W1"", ""opp"": ""CIN"", ""v"": 40.0, ""cur"": true}, {""w"": ""W2"", ""opp"": ""CLE"", ""v"": 46.0, ""cur"": true}, {""w"": ""W3"", ""opp"": ""MIN"", ""v"": 25.0, ""cur"": true}, {""w"": ""W4"", ""opp"": ""GB"", ""v"": 31.0, ""cur"": true}]",Over,0.5492298605401251,0.5,0.5172795723313721,1.89,draftkings,-0.02234160829370674,0.0,0.049229860540125125,
Juwan Johnson,TE,NO,MIN,player_reception_yds,43.5,50.65653969084659,17,,,2,True,00-0036040,2026-10-11T17:00:00Z,"[{""w"": ""25W17"", ""opp"": ""TEN"", ""v"": 95.0, ""cur"": false}, {""w"": ""25W18"", ""opp"": ""ATL"", ""v"": 61.0, ""cur"": false}, {""w"": ""W1"", ""opp"": ""DET"", ""v"": 54.0, ""cur"": true}, {""w"": ""W2"", ""opp"": ""BAL"", ""v"": 66.0, ""cur"": true}, {""w"": ""W3"", ""opp"": ""LV"", ""v"": 53.0, ""cur"": true}, {""w"": ""W4"", ""opp"": ""ATL"", ""v"": 59.0, ""cur"": true}]",Over,0.5366197808215358,0.4980211081794196,0.5115515718333312,1.91,draftkings,-0.02293649779833734,0.0,0.03859867264211625,
Sam Darnold,QB,SEA,SF,player_rush_yds,5.5,7.570815895524525,17,,,1,True,00-0034869,2026-10-11T20:25:00Z,"[{""w"": ""25W16"", ""opp"": ""LA"", ""v"": 7.0, ""cur"": false}, {""w"": ""25W17"", ""opp"": ""CAR"", ""v"": 2.0, ""cur"": false}, {""w"": ""25W18"", ""opp"": ""SF"", ""v"": 9.0, ""cur"": false}, {""w"": ""W1"", ""opp"": ""NE"", ""v"": 0.0, ""cur"": true}, {""w"": ""W3"", ""opp"": ""WAS"", ""v"": 5.0, ""cur"": true}, {""w"": ""W4"", ""opp"": ""LAC"", ""v"": 6.0, ""cur"": true}]",Over,0.539872192523988,0.48,0.5009780208134464,1.95,betmgm,-0.023092859413779476,0.0,0.05987219252398801,
Rashid Shaheed,WR,SEA,SF,player_receptions,1.5,2.1172694303505506,17,,,6,True,00-0037545,2026-10-11T20:25:00Z,"[{""w"": ""25W17"", ""opp"": ""CAR"", ""v"": 1.0, ""cur"": false}, {""w"": ""25W18"", ""opp"": ""SF"", ""v"": 1.0, ""cur"": false}, {""w"": ""W1"", ""opp"": ""NE"", ""v"": 1.0, ""cur"": true}, {""w"": ""W2"", ""opp"": ""ARI"", ""v"": 3.0, ""cur"": true}, {""w"": ""W3"", ""opp"": ""WAS"", ""v"": 2.0, ""cur"": true}, {""w"": ""W4"", ""opp"": ""LAC"", ""v"": 1.0, ""cur"": true}]",Under,0.39628679083934304,0.4128408324501397,0.4070224099921669,2.4,betmgm,-0.023146216018799515,0.0,-0.016554041610796655,
Jahmyr Gibbs,RB,DET,ARI,player_reception_yds,40.5,42.45122018993049,17,,,1,True,00-0039139,2026-10-11T20:25:00Z,"[{""w"": ""25W17"", ""opp"": ""MIN"", ""v"": 23.0, ""cur"": false}, {""w"": ""25W18"", ""opp"": ""CHI"", ""v"": 33.0, ""cur"": false}, {""w"": ""W1"", ""opp"": ""NO"", ""v"": 30.0, ""cur"": true}, {""w"": ""W2"", ""opp"": ""BUF"", ""v"": 61.0, ""cur"": true}, {""w"": ""W3"", ""opp"": ""NYJ"", ""v"": 65.0, ""cur"": true}, {""w"": ""W4"", ""opp"": ""CAR"", ""v"": 31.0, ""cur"": true}]",Under,0.5672449916637011,0.5066666666666666,0.5279835260450583,1.85,betmgm,-0.023230476816642143,0.0,0.06057832499703453,
Bo Nix,QB,DEN,LAC,player_rush_yds,13.5,15.731155219984846,17,,,1,True,00-0039732,2026-10-11T20:05:00Z,"[{""w"": ""25W17"", ""opp"": ""KC"", ""v"": 42.0, ""cur"": false}, {""w"": ""25W18"", ""opp"": ""LAC"", ""v"": 49.0, ""cur"": false}, {""w"": ""W1"", ""opp"": ""KC"", ""v"": 2.0, ""cur"": true}, {""w"": ""W2"", ""opp"": ""JAX"", ""v"": 6.0, ""cur"": true}, {""w"": ""W3"", ""opp"": ""LA"", ""v"": 7.0, ""cur"": true}, {""w"": ""W4"", ""opp"": ""SF"", ""v"": 10.0, ""cur"": true}]",Under,0.5517070201685791,0.48930481283422467,0.5112075785846313,1.91,betmgm,-0.023593524903354313,0.0,0.06240220733435442,
Jaylin Noel,WR,HOU,TEN,player_reception_yds,18.5,24.633066456452852,17,,,1,True,00-0040138,2026-10-11T17:00:00Z,"[{""w"": ""25W17"", ""opp"": ""LAC"", ""v"": 54.0, ""cur"": false}, {""w"": ""25W18"", ""opp"": ""IND"", ""v"": 13.0, ""cur"": false}, {""w"": ""W1"", ""opp"": ""BUF"", ""v"": 53.0, ""cur"": true}, {""w"": ""W2"", ""opp"": ""CIN"", ""v"": 31.0, ""cur"": true}, {""w"": ""W3"", ""opp"": ""IND"", ""v"": 17.0, ""cur"": true}, {""w"": ""W4"", ""opp"": ""DAL"", ""v"": 85.0, ""cur"": true}]",Under,0.5547427196349278,0.5,0.5192275780952336,1.88,fanduel,-0.023852153180960955,0.0,0.05474271963492783,
Brian Robinson Jr.,RB,ATL,BAL,player_rush_yds,37.5,38.34490124443671,17,,,1,True,00-0037746,2026-10-12T00:20:00Z,"[{""w"": ""25W17"", ""opp"": ""CHI"", ""v"": 22.0, ""cur"": false}, {""w"": ""25W18"", ""opp"": ""SEA"", ""v"": 9.0, ""cur"": false}, {""w"": ""W1"", ""opp"": ""PIT"", ""v"": 31.0, ""cur"": true}, {""w"": ""W2"", ""opp"": ""CAR"", ""v"": 51.0, ""cur"": true}, {""w"": ""W3"", ""opp"": ""GB"", ""v"": 50.0, ""cur"": true}, {""w"": ""W4"", ""opp"": ""NO"", ""v"": 62.0, ""cur"": true}]",Under,0.5619450502219129,0.4959785522788204,0.5191693270166523,1.88,betrivers,-0.02396166520869375,0.0,0.0659664979430925,
Devaughn Vele,WR,NO,MIN,player_receptions,3.5,4.22737323829951,13,,,5,True,00-0039424,2026-10-11T17:00:00Z,"[{""w"": ""25W14"", ""opp"": ""TB"", ""v"": 3.0, ""cur"": false}, {""w"": ""25W15"", ""opp"": ""CAR"", ""v"": 5.0, ""cur"": false}, {""w"": ""W1"", ""opp"": ""DET"", ""v"": 7.0, ""cur"": true}, {""w"": ""W2"", ""opp"": ""BAL"", ""v"": 5.0, ""cur"": true}, {""w"": ""W3"", ""opp"": ""LV"", ""v"": 3.0, ""cur"": true}, {""w"": ""W4"", ""opp"": ""ATL"", ""v"": 6.0, ""cur"": true}]",Over,0.5870510046052788,0.5317460317460317,0.5512633689399744,1.77,betonlineag,-0.02426383697624529,0.0,0.05530497285924707,
Sam LaPorta,TE,DET,ARI,player_reception_yds,51.5,63.3999791483144,13,,,3,True,00-0039065,2026-10-11T20:25:00Z,"[{""w"": ""25W9"", ""opp"": ""MIN"", ""v"": 97.0, ""cur"": false}, {""w"": ""25W10"", ""opp"": ""WAS"", ""v"": 53.0, ""cur"": false}, {""w"": ""W1"", ""opp"": ""NO"", ""v"": 48.0, ""cur"": true}, {""w"": ""W2"", ""opp"": ""BUF"", ""v"": 52.0, ""cur"": true}, {""w"": ""W3"", ""opp"": ""NYJ"", ""v"": 44.0, ""cur"": true}, {""w"": ""W4"", ""opp"": ""CAR"", ""v"": 84.0, ""cur"": true}]",Over,0.5540312904716163,0.5,0.518975964226058,1.88,betonlineag,-0.024325187255011094,0.0,0.054031290471616256,
Chris Olave,WR,NO,MIN,player_reception_yds,79.5,96.54662389577994,17,Did Not Participate In Practice,,1,True,00-0037239,2026-10-11T17:00:00Z,"[{""w"": ""25W16"", ""opp"": ""NYJ"", ""v"": 148.0, ""cur"": false}, {""w"": ""25W17"", ""opp"": ""TEN"", ""v"": 119.0, ""cur"": false}, {""w"": ""W1"", ""opp"": ""DET"", ""v"": 182.0, ""cur"": true}, {""w"": ""W2"", ""opp"": ""BAL"", ""v"": 86.0, ""cur"": true}, {""w"": ""W3"", ""opp"": ""LV"", ""v"": 107.0, ""cur"": true}, {""w"": ""W4"", ""opp"": ""ATL"", ""v"": 116.0, ""cur"": true}]",Over,0.5529267956142728,0.5,0.5185854690028431,1.88,betonlineag,-0.025059318274655074,0.0,0.052926795614272826,
Puka Nacua,WR,LA,BUF,player_receptions,6.5,7.869533375816585,17,,,2,True,00-0039075,2026-10-13T00:15:00Z,"[{""w"": ""25W15"", ""opp"": ""DET"", ""v"": 9.0, ""cur"": false}, {""w"": ""25W16"", ""opp"": ""SEA"", ""v"": 12.0, ""cur"": false}, {""w"": ""25W17"", ""opp"": ""ATL"", ""v"": 5.0, ""cur"": false}, {""w"": ""25W18"", ""opp"": ""ARI"", ""v"": 10.0, ""cur"": false}, {""w"": ""W1"", ""opp"": ""SF"", ""v"": 5.0, ""cur"": true}, {""w"": ""W4"", ""opp"": ""PHI"", ""v"": 9.0, ""cur"": true}]",Over,0.6333674390772293,0.5728908710528609,0.5944079226569728,1.64,betrivers,-0.02517100684256457,0.0,0.060476568024368405,
Justin Herbert,QB,LAC,DEN,player_pass_yds,200.5,199.61375579958212,17,,,1,True,00-0036355,2026-10-11T20:05:00Z,"[{""w"": ""25W16"", ""opp"": ""DAL"", ""v"": 300.0, ""cur"": false}, {""w"": ""25W17"", ""opp"": ""HOU"", ""v"": 236.0, ""cur"": false}, {""w"": ""W1"", ""opp"": ""ARI"", ""v"": 209.0, ""cur"": true}, {""w"": ""W2"", ""opp"": ""LV"", ""v"": 192.0, ""cur"": true}, {""w"": ""W3"", ""opp"": ""BUF"", ""v"": 226.0, ""cur"": true}, {""w"": ""W4"", ""opp"": ""SEA"", ""v"": 189.0, ""cur"": true}]",Under,0.5527444822044769,0.5,0.5185210275879828,1.88,fanduel,-0.025180468134592404,0.0,0.05274448220447692,
Juwan Johnson,TE,NO,MIN,player_reception_yds,42.5,50.65653969084659,17,,,3,True,00-0036040,2026-10-11T17:00:00Z,"[{""w"": ""25W17"", ""opp"": ""TEN"", ""v"": 95.0, ""cur"": false}, {""w"": ""25W18"", ""opp"": ""ATL"", ""v"": 61.0, ""cur"": false}, {""w"": ""W1"", ""opp"": ""DET"", ""v"": 54.0, ""cur"": true}, {""w"": ""W2"", ""opp"": ""BAL"", ""v"": 66.0, ""cur"": true}, {""w"": ""W3"", ""opp"": ""LV"", ""v"": 53.0, ""cur"": true}, {""w"": ""W4"", ""opp"": ""ATL"", ""v"": 59.0, ""cur"": true}]",Over,0.5526749548813932,0.5,0.5184964532696371,1.88,betonlineag,-0.025226667853082252,0.0,0.05267495488139318,
Cam Skattebo,RB,NYG,WAS,player_rush_yds,56.5,58.04643894374816,12,Limited,,1,True,00-0040715,2026-10-11T17:00:00Z,"[{""w"": ""25W7"", ""opp"": ""DEN"", ""v"": 60.0, ""cur"": false}, {""w"": ""25W8"", ""opp"": ""PHI"", ""v"": 12.0, ""cur"": false}, {""w"": ""W1"", ""opp"": ""DAL"", ""v"": 81.0, ""cur"": true}, {""w"": ""W2"", ""opp"": ""LA"", ""v"": 36.0, ""cur"": true}, {""w"": ""W3"", ""opp"": ""TEN"", ""v"": 60.0, ""cur"": true}, {""w"": ""W4"", ""opp"": ""ARI"", ""v"": 58.0, ""cur"": true}]",Under,0.5525384152328139,0.5,0.5184481954123358,1.88,fanduel,-0.02531739262480881,0.0,0.052538415232813884,
Jake Ferguson,TE,DAL,TB,player_reception_yds,26.5,28.822160402335676,17,,,2,True,00-0038041,2026-10-09T00:15:00Z,"[{""w"": ""25W17"", ""opp"": ""WAS"", ""v"": 6.0, ""cur"": false}, {""w"": ""25W18"", ""opp"": ""NYG"", ""v"": 5.0, ""cur"": false}, {""w"": ""W1"", ""opp"": ""NYG"", ""v"": 6.0, ""cur"": true}, {""w"": ""W2"", ""opp"": ""WAS"", ""v"": 43.0, ""cur"": true}, {""w"": ""W3"", ""opp"": ""BAL"", ""v"": 23.0, ""cur"": true}, {""w"": ""W4"", ""opp"": ""HOU"", ""v"": 11.0, ""cur"": true}]",Under,0.552304994525361,0.5,0.518365702106597,1.88,betonlineag,-0.025472480039597623,0.0,0.05230499452536097,
Brian Thomas Jr,WR,JAX,PHI,player_reception_yds,24.5,32.1086378102638,17,,,5,True,00-0039893,2026-10-11T13:30:00Z,"[{""w"": ""25W17"", ""opp"": ""IND"", ""v"": 39.0, ""cur"": false}, {""w"": ""25W18"", ""opp"": ""TEN"", ""v"": 49.0, ""cur"": false}, {""w"": ""W1"", ""opp"": ""CLE"", ""v"": 40.0, ""cur"": true}, {""w"": ""W2"", ""opp"": ""DEN"", ""v"": 40.0, ""cur"": true}, {""w"": ""W3"", ""opp"": ""NE"", ""v"": 8.0, ""cur"": true}, {""w"": ""W4"", ""opp"": ""CIN"", ""v"": 17.0, ""cur"": true}]",Over,0.5444196626108967,0.5,0.5155829293355692,1.89,draftkings,-0.02554826355577433,0.0,0.04441966261089669,
Roman Wilson,WR,PIT,IND,player_reception_yds,34.5,38.3921618334295,13,,,1,True,00-0039739,2026-10-11T17:00:00Z,"[{""w"": ""25W12"", ""opp"": ""CHI"", ""v"": 0.0, ""cur"": false}, {""w"": ""25W13"", ""opp"": ""BUF"", ""v"": 0.0, ""cur"": false}, {""w"": ""W1"", ""opp"": ""ATL"", ""v"": 26.0, ""cur"": true}, {""w"": ""W2"", ""opp"": ""NE"", ""v"": 28.0, ""cur"": true}, {""w"": ""W3"", ""opp"": ""CIN"", ""v"": 60.0, ""cur"": true}, {""w"": ""W4"", ""opp"": ""CLE"", ""v"": 74.0, ""cur"": true}]",Under,0.5513325742295213,0.5,0.5180221151680914,1.88,betonlineag,-0.02611842348398824,0.0,0.05133257422952131,
Brenton Strange,TE,JAX,PHI,player_reception_yds,35.5,38.87504436411104,16,,,1,True,00-0038935,2026-10-11T13:30:00Z,"[{""w"": ""25W17"", ""opp"": ""IND"", ""v"": 54.0, ""cur"": false}, {""w"": ""25W18"", ""opp"": ""TEN"", ""v"": 52.0, ""cur"": false}, {""w"": ""W1"", ""opp"": ""CLE"", ""v"": 23.0, ""cur"": true}, {""w"": ""W2"", ""opp"": ""DEN"", ""v"": 17.0, ""cur"": true}, {""w"": ""W3"", ""opp"": ""NE"", ""v"": 32.0, ""cur"": true}, {""w"": ""W4"", ""opp"": ""CIN"", ""v"": 95.0, ""cur"": true}]",Under,0.5583335579433016,0.4959785522788204,0.5178885058108033,1.88,betrivers,-0.026369609075689915,0.0,0.06235500566448127,
Tre Tucker,WR,LV,NE,player_reception_yds,41.5,45.889973369920995,17,,,2,True,00-0038563,2026-10-11T17:00:00Z,"[{""w"": ""25W17"", ""opp"": ""NYG"", ""v"": 49.0, ""cur"": false}, {""w"": ""25W18"", ""opp"": ""KC"", ""v"": 30.0, ""cur"": false}, {""w"": ""W1"", ""opp"": ""MIA"", ""v"": 27.0, ""cur"": true}, {""w"": ""W2"", ""opp"": ""LAC"", ""v"": 119.0, ""cur"": true}, {""w"": ""W3"", ""opp"": ""NO"", ""v"": 43.0, ""cur"": true}, {""w"": ""W4"", ""opp"": ""KC"", ""v"": 44.0, ""cur"": true}]",Under,0.5471307773906459,0.5019788918205804,0.5178236215053446,1.88,draftkings,-0.02649159156995229,0.0,0.04515188557006544,
Tony Pollard,RB,TEN,HOU,player_reception_yds,8.5,10.123032525086764,17,Did Not Participate In Practice,,2,True,00-0035261,2026-10-11T17:00:00Z,"[{""w"": ""25W17"", ""opp"": ""NO"", ""v"": 10.0, ""cur"": false}, {""w"": ""25W18"", ""opp"": ""JAX"", ""v"": 17.0, ""cur"": false}, {""w"": ""W1"", ""opp"": ""NYJ"", ""v"": -1.0, ""cur"": true}, {""w"": ""W2"", ""opp"": ""PHI"", ""v"": 1.0, ""cur"": true}, {""w"": ""W3"", ""opp"": ""NYG"", ""v"": 22.0, ""cur"": true}, {""w"": ""W4"", ""opp"": ""BAL"", ""v"": 2.0, ""cur"": true}]",Under,0.5470735436267458,0.5019788918205804,0.5178034359785584,1.88,draftkings,-0.0265295403603103,0.0,0.04509465180616534,
Kyler Murray,QB,MIN,NO,player_rush_yds,15.5,16.848543122542416,8,,,2,True,00-0035228,2026-10-11T17:00:00Z,"[{""w"": ""25W3"", ""opp"": ""SF"", ""v"": 37.0, ""cur"": false}, {""w"": ""25W4"", ""opp"": ""SEA"", ""v"": 41.0, ""cur"": false}, {""w"": ""25W5"", ""opp"": ""TEN"", ""v"": 25.0, ""cur"": false}, {""w"": ""W1"", ""opp"": ""GB"", ""v"": 9.0, ""cur"": true}, {""w"": ""W3"", ""opp"": ""TB"", ""v"": 17.0, ""cur"": true}, {""w"": ""W4"", ""opp"": ""MIA"", ""v"": 16.0, ""cur"": true}]",Under,0.5537582147247245,0.49798927613941024,0.5175741627541988,1.88,betrivers,-0.026960574022106387,0.0,0.05576893858531429,
Wan'Dale Robinson,WR,TEN,HOU,player_reception_yds,32.5,44.07837027641298,17,,,1,True,00-0038117,2026-10-11T17:00:00Z,"[{""w"": ""25W16"", ""opp"": ""MIN"", ""v"": 19.0, ""cur"": false}, {""w"": ""25W17"", ""opp"": ""LV"", ""v"": 113.0, ""cur"": false}, {""w"": ""W1"", ""opp"": ""NYJ"", ""v"": 38.0, ""cur"": true}, {""w"": ""W2"", ""opp"": ""PHI"", ""v"": 9.0, ""cur"": true}, {""w"": ""W3"", ""opp"": ""NYG"", ""v"": 57.0, ""cur"": true}, {""w"": ""W4"", ""opp"": ""BAL"", ""v"": 19.0, ""cur"": true}]",Over,0.5496995056211493,0.5,0.5174453726034864,1.88,fanduel,-0.02720269950544557,0.0,0.04969950562114933,
Josh Cameron,WR,JAX,PHI,player_reception_yds,10.5,13.504524568416496,4,,,2,True,00-0041100,2026-10-11T13:30:00Z,"[{""w"": ""W1"", ""opp"": ""CLE"", ""v"": 20.0, ""cur"": true}, {""w"": ""W2"", ""opp"": ""DEN"", ""v"": 0.0, ""cur"": true}, {""w"": ""W3"", ""opp"": ""NE"", ""v"": 12.0, ""cur"": true}, {""w"": ""W4"", ""opp"": ""CIN"", ""v"": 42.0, ""cur"": true}]",Under,0.5364040452050016,0.4986772486772486,0.5119019627403308,1.9,draftkings,-0.02738627079337147,0.0,0.037726796527753015,
Deebo Samuel,WR,SF,SEA,player_reception_yds,30.5,37.86529490496694,17,,,2,True,00-0035719,2026-10-11T20:25:00Z,"[{""w"": ""25W17"", ""opp"": ""DAL"", ""v"": 68.0, ""cur"": false}, {""w"": ""25W18"", ""opp"": ""PHI"", ""v"": 20.0, ""cur"": false}, {""w"": ""W1"", ""opp"": ""LA"", ""v"": 48.0, ""cur"": true}, {""w"": ""W2"", ""opp"": ""MIA"", ""v"": 31.0, ""cur"": true}, {""w"": ""W3"", ""opp"": ""ARI"", ""v"": 80.0, ""cur"": true}, {""w"": ""W4"", ""opp"": ""DEN"", ""v"": 26.0, ""cur"": true}]",Over,0.5299665661984694,0.4980211081794196,0.5092135537658552,1.91,draftkings,-0.02740211230721662,0.0,0.0319454580190498,
Woody Marks,RB,HOU,TEN,player_rush_yds,28.5,35.90832287728123,17,,,1,True,00-0040583,2026-10-11T17:00:00Z,"[{""w"": ""25W17"", ""opp"": ""LAC"", ""v"": 71.0, ""cur"": false}, {""w"": ""25W18"", ""opp"": ""IND"", ""v"": 48.0, ""cur"": false}, {""w"": ""W1"", ""opp"": ""BUF"", ""v"": 42.0, ""cur"": true}, {""w"": ""W2"", ""opp"": ""CIN"", ""v"": 8.0, ""cur"": true}, {""w"": ""W3"", ""opp"": ""IND"", ""v"": 15.0, ""cur"": true}, {""w"": ""W4"", ""opp"": ""DAL"", ""v"": 22.0, ""cur"": true}]",Over,0.5459906800815308,0.48930481283422456,0.5091883989798272,1.91,betmgm,-0.02745015794853012,0.0,0.05668586724730629,
Cooper Kupp,WR,SEA,SF,player_reception_yds,25.5,27.044176173465857,17,,,2,True,00-0033908,2026-10-11T20:25:00Z,"[{""w"": ""25W17"", ""opp"": ""CAR"", ""v"": 6.0, ""cur"": false}, {""w"": ""25W18"", ""opp"": ""SF"", ""v"": 29.0, ""cur"": false}, {""w"": ""W1"", ""opp"": ""NE"", ""v"": 35.0, ""cur"": true}, {""w"": ""W2"", ""opp"": ""ARI"", ""v"": 20.0, ""cur"": true}, {""w"": ""W3"", ""opp"": ""WAS"", ""v"": 46.0, ""cur"": true}, {""w"": ""W4"", ""opp"": ""LAC"", ""v"": 13.0, ""cur"": true}]",Under,0.5529469329926806,0.49798927613941024,0.5172872928816188,1.88,betrivers,-0.027499889382556708,0.0,0.054957656853270365,
Rashid Shaheed,WR,SEA,SF,player_receptions,1.5,2.1172694303505506,17,,,6,True,00-0037545,2026-10-11T20:25:00Z,"[{""w"": ""25W17"", ""opp"": ""CAR"", ""v"": 1.0, ""cur"": false}, {""w"": ""25W18"", ""opp"": ""SF"", ""v"": 1.0, ""cur"": false}, {""w"": ""W1"", ""opp"": ""NE"", ""v"": 1.0, ""cur"": true}, {""w"": ""W2"", ""opp"": ""ARI"", ""v"": 3.0, ""cur"": true}, {""w"": ""W3"", ""opp"": ""WAS"", ""v"": 2.0, ""cur"": true}, {""w"": ""W4"", ""opp"": ""LAC"", ""v"": 1.0, ""cur"": true}]",Over,0.603713209160657,0.5871591675498603,0.5929775900078331,1.64,draftkings,-0.02751675238715373,0.0,0.016554041610796655,
Jahmyr Gibbs,RB,DET,ARI,player_receptions,4.5,5.02480341345647,17,,,6,True,00-0039139,2026-10-11T20:25:00Z,"[{""w"": ""25W17"", ""opp"": ""MIN"", ""v"": 2.0, ""cur"": false}, {""w"": ""25W18"", ""opp"": ""CHI"", ""v"": 3.0, ""cur"": false}, {""w"": ""W1"", ""opp"": ""NO"", ""v"": 5.0, ""cur"": true}, {""w"": ""W2"", ""opp"": ""BUF"", ""v"": 6.0, ""cur"": true}, {""w"": ""W3"", ""opp"": ""NYJ"", ""v"": 7.0, ""cur"": true}, {""w"": ""W4"", ""opp"": ""CAR"", ""v"": 4.0, ""cur"": true}]",Over,0.54443060518584,0.5333155489000926,0.5372101539178876,1.81,betonlineag,-0.02764962140862337,0.0,0.011115056285747382,
Christian Watson,WR,GB,CHI,player_reception_yds,58.5,62.88372235815713,14,,,1,True,00-0038124,2026-10-11T17:00:00Z,"[{""w"": ""25W16"", ""opp"": ""CHI"", ""v"": 17.0, ""cur"": false}, {""w"": ""25W17"", ""opp"": ""BAL"", ""v"": 113.0, ""cur"": false}, {""w"": ""W1"", ""opp"": ""MIN"", ""v"": 147.0, ""cur"": true}, {""w"": ""W2"", ""opp"": ""NYJ"", ""v"": 41.0, ""cur"": true}, {""w"": ""W3"", ""opp"": ""ATL"", ""v"": 96.0, ""cur"": true}, {""w"": ""W4"", ""opp"": ""TB"", ""v"": 47.0, ""cur"": true}]",Under,0.5567296870095575,0.5,0.5199306880816025,1.87,betmgm,-0.02772961328740331,0.0,0.056729687009557495,
Bucky Irving,RB,TB,DAL,player_reception_yds,12.5,17.092400208763898,14,,,4,True,00-0039361,2026-10-09T00:15:00Z,"[{""w"": ""25W17"", ""opp"": ""MIA"", ""v"": 14.0, ""cur"": false}, {""w"": ""25W18"", ""opp"": ""CAR"", ""v"": 13.0, ""cur"": false}, {""w"": ""W1"", ""opp"": ""CIN"", ""v"": 48.0, ""cur"": true}, {""w"": ""W2"", ""opp"": ""CLE"", ""v"": 1.0, ""cur"": true}, {""w"": ""W3"", ""opp"": ""MIN"", ""v"": 12.0, ""cur"": true}, {""w"": ""W4"", ""opp"": ""GB"", ""v"": 0.0, ""cur"": true}]",Under,0.5487989200253255,0.5,0.5171274599553298,1.88,betonlineag,-0.027800375283979994,0.0,0.04879892002532549,
AJ Barner,TE,SEA,SF,player_reception_yds,25.5,28.709759833188937,17,,,1,True,00-0039793,2026-10-11T20:25:00Z,"[{""w"": ""25W17"", ""opp"": ""CAR"", ""v"": 43.0, ""cur"": false}, {""w"": ""25W18"", ""opp"": ""SF"", ""v"": 14.0, ""cur"": false}, {""w"": ""W1"", ""opp"": ""NE"", ""v"": 13.0, ""cur"": true}, {""w"": ""W2"", ""opp"": ""ARI"", ""v"": 8.0, ""cur"": true}, {""w"": ""W3"", ""opp"": ""WAS"", ""v"": 69.0, ""cur"": true}, {""w"": ""W4"", ""opp"": ""LAC"", ""v"": 12.0, ""cur"": true}]",Under,0.556592441068091,0.5,0.5198821042326403,1.87,betmgm,-0.027820465084962664,0.0,0.056592441068091026,
Jeremiyah Love,RB,ARI,DET,player_reception_yds,13.5,15.423534015766203,4,,,1,True,00-0041027,2026-10-11T20:25:00Z,"[{""w"": ""W1"", ""opp"": ""LAC"", ""v"": 9.0, ""cur"": true}, {""w"": ""W2"", ""opp"": ""SEA"", ""v"": 16.0, ""cur"": true}, {""w"": ""W3"", ""opp"": ""SF"", ""v"": 19.0, ""cur"": true}, {""w"": ""W4"", ""opp"": ""NYG"", ""v"": -8.0, ""cur"": true}]",Under,0.5713926498817459,0.5093833780160859,0.5312185961835069,1.83,betmgm,-0.027869968984182425,0.0,0.062009271865659965,
Jaxon Smith-Njigba,WR,SEA,SF,player_receptions,6.5,7.0359704210985505,17,,,5,True,00-0038543,2026-10-11T20:25:00Z,"[{""w"": ""25W17"", ""opp"": ""CAR"", ""v"": 9.0, ""cur"": false}, {""w"": ""25W18"", ""opp"": ""SF"", ""v"": 6.0, ""cur"": false}, {""w"": ""W1"", ""opp"": ""NE"", ""v"": 8.0, ""cur"": true}, {""w"": ""W2"", ""opp"": ""ARI"", ""v"": 9.0, ""cur"": true}, {""w"": ""W3"", ""opp"": ""WAS"", ""v"": 10.0, ""cur"": true}, {""w"": ""W4"", ""opp"": ""LAC"", ""v"": 5.0, ""cur"": true}]",Over,0.5455819367881336,0.5278514588859416,0.5340674377763586,1.82,draftkings,-0.027997263247027393,0.0,0.017730477902191955,
Jaxon Smith-Njigba,WR,SEA,SF,player_reception_yds,94.5,97.75097940129855,17,,,2,True,00-0038543,2026-10-11T20:25:00Z,"[{""w"": ""25W17"", ""opp"": ""CAR"", ""v"": 72.0, ""cur"": false}, {""w"": ""25W18"", ""opp"": ""SF"", ""v"": 84.0, ""cur"": false}, {""w"": ""W1"", ""opp"": ""NE"", ""v"": 122.0, ""cur"": true}, {""w"": ""W2"", ""opp"": ""ARI"", ""v"": 155.0, ""cur"": true}, {""w"": ""W3"", ""opp"": ""WAS"", ""v"": 128.0, ""cur"": true}, {""w"": ""W4"", ""opp"": ""LAC"", ""v"": 76.0, ""cur"": true}]",Under,0.5484591395921677,0.5,0.5170075410399299,1.88,fanduel,-0.028025822844931936,0.0,0.048459139592167744,
Kirk Cousins,QB,LV,NE,player_pass_yds,228.5,230.72299770852962,14,,,2,True,00-0029604,2026-10-11T17:00:00Z,"[{""w"": ""25W17"", ""opp"": ""LA"", ""v"": 126.0, ""cur"": false}, {""w"": ""25W18"", ""opp"": ""NO"", ""v"": 180.0, ""cur"": false}, {""w"": ""W1"", ""opp"": ""MIA"", ""v"": 160.0, ""cur"": true}, {""w"": ""W2"", ""opp"": ""LAC"", ""v"": 253.0, ""cur"": true}, {""w"": ""W3"", ""opp"": ""NO"", ""v"": 248.0, ""cur"": true}, {""w"": ""W4"", ""opp"": ""KC"", ""v"": 365.0, ""cur"": true}]",Under,0.5484590015058948,0.5,0.5170074923079074,1.88,betonlineag,-0.02802591446113406,0.0,0.04845900150589477,
Dak Prescott,QB,DAL,TB,player_pass_yds,266.5,269.3252527238815,17,,,3,True,00-0033077,2026-10-09T00:15:00Z,"[{""w"": ""25W17"", ""opp"": ""WAS"", ""v"": 307.0, ""cur"": false}, {""w"": ""25W18"", ""opp"": ""NYG"", ""v"": 70.0, ""cur"": false}, {""w"": ""W1"", ""opp"": ""NYG"", ""v"": 175.0, ""cur"": true}, {""w"": ""W2"", ""opp"": ""WAS"", ""v"": 279.0, ""cur"": true}, {""w"": ""W3"", ""opp"": ""BAL"", ""v"": 276.0, ""cur"": true}, {""w"": ""W4"", ""opp"": ""HOU"", ""v"": 335.0, ""cur"": true}]",Under,0.5403395519158994,0.5,0.5141458211076712,1.89,draftkings,-0.028264398106501554,0.0,0.04033955191589944,
Marvin Mims Jr.,WR,DEN,LAC,player_reception_yds,13.5,16.43620585730451,17,,,2,True,00-0038976,2026-10-11T20:05:00Z,"[{""w"": ""25W15"", ""opp"": ""GB"", ""v"": 29.0, ""cur"": false}, {""w"": ""25W16"", ""opp"": ""JAX"", ""v"": 26.0, ""cur"": false}, {""w"": ""25W17"", ""opp"": ""KC"", ""v"": 10.0, ""cur"": false}, {""w"": ""25W18"", ""opp"": ""LAC"", ""v"": 10.0, ""cur"": false}, {""w"": ""W1"", ""opp"": ""KC"", ""v"": 0.0, ""cur"": true}, {""w"": ""W4"", ""opp"": ""SF"", ""v"": 10.0, ""cur"": true}]",Under,0.5477219585158222,0.5,0.5167474152270457,1.88,betonlineag,-0.028514859373154122,0.0,0.04772195851582217,
Elic Ayomanor,WR,TEN,HOU,player_reception_yds,16.5,24.216055604745314,17,,,2,True,00-0040170,2026-10-11T17:00:00Z,"[{""w"": ""25W17"", ""opp"": ""NO"", ""v"": 37.0, ""cur"": false}, {""w"": ""25W18"", ""opp"": ""JAX"", ""v"": 50.0, ""cur"": false}, {""w"": ""W1"", ""opp"": ""NYJ"", ""v"": 11.0, ""cur"": true}, {""w"": ""W2"", ""opp"": ""PHI"", ""v"": 69.0, ""cur"": true}, {""w"": ""W3"", ""opp"": ""NYG"", ""v"": 11.0, ""cur"": true}, {""w"": ""W4"", ""opp"": ""BAL"", ""v"": 22.0, ""cur"": true}]",Over,0.5488577685912035,0.5032981530343008,0.5192892117807254,1.87,betmgm,-0.028929173970043465,0.0,0.04555961555690269,
D'Andre Swift,RB,CHI,GB,player_rush_yds,61.5,73.25816850803986,17,Did Not Participate In Practice,,2,True,00-0036275,2026-10-11T17:00:00Z,"[{""w"": ""25W17"", ""opp"": ""SF"", ""v"": 54.0, ""cur"": false}, {""w"": ""25W18"", ""opp"": ""DET"", ""v"": 40.0, ""cur"": false}, {""w"": ""W1"", ""opp"": ""CAR"", ""v"": 124.0, ""cur"": true}, {""w"": ""W2"", ""opp"": ""MIN"", ""v"": 45.0, ""cur"": true}, {""w"": ""W3"", ""opp"": ""PHI"", ""v"": 84.0, ""cur"": true}, {""w"": ""W4"", ""opp"": ""NYJ"", ""v"": 58.0, ""cur"": true}]",Over,0.5470457338394868,0.5,0.5165088558371672,1.88,betonlineag,-0.028963351026125683,0.0,0.04704573383948685,
Brenton Strange,TE,JAX,PHI,player_reception_yds,34.5,38.87504436411104,16,,,2,True,00-0038935,2026-10-11T13:30:00Z,"[{""w"": ""25W17"", ""opp"": ""IND"", ""v"": 54.0, ""cur"": false}, {""w"": ""25W18"", ""opp"": ""TEN"", ""v"": 52.0, ""cur"": false}, {""w"": ""W1"", ""opp"": ""CLE"", ""v"": 23.0, ""cur"": true}, {""w"": ""W2"", ""opp"": ""DEN"", ""v"": 17.0, ""cur"": true}, {""w"": ""W3"", ""opp"": ""NE"", ""v"": 32.0, ""cur"": true}, {""w"": ""W4"", ""opp"": ""CIN"", ""v"": 95.0, ""cur"": true}]",Under,0.5444391555907366,0.5013227513227513,0.5164487071026003,1.88,draftkings,-0.029076430647111573,0.0,0.04311640426798535,
Kayshon Boutte,WR,HOU,TEN,player_reception_yds,24.5,26.249203736833284,17,,,1,True,00-0038608,2026-10-11T17:00:00Z,"[{""w"": ""25W16"", ""opp"": ""BAL"", ""v"": 16.0, ""cur"": false}, {""w"": ""25W18"", ""opp"": ""MIA"", ""v"": 24.0, ""cur"": false}, {""w"": ""W1"", ""opp"": ""BUF"", ""v"": 21.0, ""cur"": true}, {""w"": ""W2"", ""opp"": ""CIN"", ""v"": 37.0, ""cur"": true}, {""w"": ""W3"", ""opp"": ""IND"", ""v"": 21.0, ""cur"": true}, {""w"": ""W4"", ""opp"": ""DAL"", ""v"": 36.0, ""cur"": true}]",Under,0.5546012197757226,0.5,0.519177527784765,1.87,betmgm,-0.029138023042489414,0.0,0.05460121977572263,
DK Metcalf,WR,PIT,IND,player_receptions,3.5,4.323064766137992,17,,,5,True,00-0035640,2026-10-11T17:00:00Z,"[{""w"": ""25W15"", ""opp"": ""MIA"", ""v"": 3.0, ""cur"": false}, {""w"": ""25W16"", ""opp"": ""DET"", ""v"": 4.0, ""cur"": false}, {""w"": ""W1"", ""opp"": ""ATL"", ""v"": 4.0, ""cur"": true}, {""w"": ""W2"", ""opp"": ""NE"", ""v"": 4.0, ""cur"": true}, {""w"": ""W3"", ""opp"": ""CIN"", ""v"": 3.0, ""cur"": true}, {""w"": ""W4"", ""opp"": ""CLE"", ""v"": 5.0, ""cur"": true}]",Over,0.6269668047192984,0.5841121495327103,0.5992928351505256,1.62,draftkings,-0.029145607056148548,0.0,0.04285465518658815,
Trevor Lawrence,QB,JAX,PHI,player_rush_yds,12.5,14.43182956138831,17,,,1,True,00-0036971,2026-10-11T13:30:00Z,"[{""w"": ""25W17"", ""opp"": ""IND"", ""v"": 26.0, ""cur"": false}, {""w"": ""25W18"", ""opp"": ""TEN"", ""v"": 11.0, ""cur"": false}, {""w"": ""W1"", ""opp"": ""CLE"", ""v"": 3.0, ""cur"": true}, {""w"": ""W2"", ""opp"": ""DEN"", ""v"": 6.0, ""cur"": true}, {""w"": ""W3"", ""opp"": ""NE"", ""v"": 25.0, ""cur"": true}, {""w"": ""W4"", ""opp"": ""CIN"", ""v"": 0.0, ""cur"": true}]",Under,0.5628161228215067,0.5040214477211795,0.5246963053935124,1.85,betrivers,-0.029311835022001964,0.0,0.05879467510032721,
Tyler Shough,QB,NO,MIN,player_pass_yds,238.5,265.85155144901853,15,Limited,,1,True,00-0040743,2026-10-11T17:00:00Z,"[{""w"": ""25W17"", ""opp"": ""TEN"", ""v"": 333.0, ""cur"": false}, {""w"": ""25W18"", ""opp"": ""ATL"", ""v"": 259.0, ""cur"": false}, {""w"": ""W1"", ""opp"": ""DET"", ""v"": 410.0, ""cur"": true}, {""w"": ""W2"", ""opp"": ""BAL"", ""v"": 252.0, ""cur"": true}, {""w"": ""W3"", ""opp"": ""LV"", ""v"": 255.0, ""cur"": true}, {""w"": ""W4"", ""opp"": ""ATL"", ""v"": 286.0, ""cur"": true}]",Over,0.5626984713385892,0.5040214477211796,0.5246545701706589,1.85,betrivers,-0.029389045184281037,0.0,0.05867702361740956,
Bo Nix,QB,DEN,LAC,player_pass_yds,223.5,224.708889381141,17,,,2,True,00-0039732,2026-10-11T20:05:00Z,"[{""w"": ""25W17"", ""opp"": ""KC"", ""v"": 182.0, ""cur"": false}, {""w"": ""25W18"", ""opp"": ""LAC"", ""v"": 141.0, ""cur"": false}, {""w"": ""W1"", ""opp"": ""KC"", ""v"": 131.0, ""cur"": true}, {""w"": ""W2"", ""opp"": ""JAX"", ""v"": 288.0, ""cur"": true}, {""w"": ""W3"", ""opp"": ""LA"", ""v"": 186.0, ""cur"": true}, {""w"": ""W4"", ""opp"": ""SF"", ""v"": 214.0, ""cur"": true}]",Under,0.5456498696798652,0.5,0.5160165901514837,1.88,betonlineag,-0.029888810515210695,0.0,0.045649869679865174,
Rashod Bateman,WR,BAL,ATL,player_reception_yds,17.5,28.06235063984778,17,Limited,,4,True,00-0036550,2026-10-12T00:20:00Z,"[{""w"": ""25W16"", ""opp"": ""NE"", ""v"": 0.0, ""cur"": false}, {""w"": ""25W17"", ""opp"": ""GB"", ""v"": 7.0, ""cur"": false}, {""w"": ""W1"", ""opp"": ""IND"", ""v"": 0.0, ""cur"": true}, {""w"": ""W2"", ""opp"": ""NO"", ""v"": 88.0, ""cur"": true}, {""w"": ""W3"", ""opp"": ""DAL"", ""v"": 37.0, ""cur"": true}, {""w"": ""W4"", ""opp"": ""TEN"", ""v"": 46.0, ""cur"": true}]",Over,0.5377682938663754,0.5,0.5132410340276112,1.89,draftkings,-0.02997444568781482,0.0,0.03776829386637537,
Jameson Williams,WR,DET,ARI,player_reception_yds,50.5,66.5727504707809,17,,,1,True,00-0037240,2026-10-11T20:25:00Z,"[{""w"": ""25W17"", ""opp"": ""MIN"", ""v"": 37.0, ""cur"": false}, {""w"": ""25W18"", ""opp"": ""CHI"", ""v"": 74.0, ""cur"": false}, {""w"": ""W1"", ""opp"": ""NO"", ""v"": 45.0, ""cur"": true}, {""w"": ""W2"", ""opp"": ""BUF"", ""v"": 33.0, ""cur"": true}, {""w"": ""W3"", ""opp"": ""NYJ"", ""v"": 49.0, ""cur"": true}, {""w"": ""W4"", ""opp"": ""CAR"", ""v"": 102.0, ""cur"": true}]",Over,0.5533033098784104,0.5,0.5187185676131116,1.87,betmgm,-0.029996278563481138,0.0,0.053303309878410365,
Trey McBride,TE,ARI,DET,player_reception_yds,82.5,85.74116119360437,17,,,1,True,00-0037744,2026-10-11T20:25:00Z,"[{""w"": ""25W17"", ""opp"": ""CIN"", ""v"": 76.0, ""cur"": false}, {""w"": ""25W18"", ""opp"": ""LA"", ""v"": 65.0, ""cur"": false}, {""w"": ""W1"", ""opp"": ""LAC"", ""v"": 95.0, ""cur"": true}, {""w"": ""W2"", ""opp"": ""SEA"", ""v"": 41.0, ""cur"": true}, {""w"": ""W3"", ""opp"": ""SF"", ""v"": 75.0, ""cur"": true}, {""w"": ""W4"", ""opp"": ""NYG"", ""v"": 31.0, ""cur"": true}]",Under,0.5530671571557524,0.5,0.5186350849049143,1.87,betmgm,-0.03015239122781027,0.0,0.05306715715575239,
Jonathan Taylor,RB,IND,PIT,player_reception_yds,15.5,19.387257083744238,17,Limited,,4,True,00-0036223,2026-10-11T17:00:00Z,"[{""w"": ""25W17"", ""opp"": ""JAX"", ""v"": 14.0, ""cur"": false}, {""w"": ""25W18"", ""opp"": ""HOU"", ""v"": 13.0, ""cur"": false}, {""w"": ""W1"", ""opp"": ""BAL"", ""v"": 23.0, ""cur"": true}, {""w"": ""W2"", ""opp"": ""KC"", ""v"": 40.0, ""cur"": true}, {""w"": ""W3"", ""opp"": ""HOU"", ""v"": 4.0, ""cur"": true}, {""w"": ""W4"", ""opp"": ""WAS"", ""v"": 2.0, ""cur"": true}]",Under,0.5155543898870618,0.4953825857519789,0.5024443695888325,1.93,draftkings,-0.03028236669355322,0.0,0.020171804135082905,
Trey McBride,TE,ARI,DET,player_reception_yds,80.5,85.74116119360437,17,,,4,True,00-0037744,2026-10-11T20:25:00Z,"[{""w"": ""25W17"", ""opp"": ""CIN"", ""v"": 76.0, ""cur"": false}, {""w"": ""25W18"", ""opp"": ""LA"", ""v"": 65.0, ""cur"": false}, {""w"": ""W1"", ""opp"": ""LAC"", ""v"": 95.0, ""cur"": true}, {""w"": ""W2"", ""opp"": ""SEA"", ""v"": 41.0, ""cur"": true}, {""w"": ""W3"", ""opp"": ""SF"", ""v"": 75.0, ""cur"": true}, {""w"": ""W4"", ""opp"": ""NYG"", ""v"": 31.0, ""cur"": true}]",Under,0.536985272461971,0.5,0.5129656256970387,1.89,betonlineag,-0.03049496743259683,0.0,0.03698527246197103,
Dak Prescott,QB,DAL,TB,player_pass_yds,269.5,269.3252527238815,17,,,1,True,00-0033077,2026-10-09T00:15:00Z,"[{""w"": ""25W17"", ""opp"": ""WAS"", ""v"": 307.0, ""cur"": false}, {""w"": ""25W18"", ""opp"": ""NYG"", ""v"": 70.0, ""cur"": false}, {""w"": ""W1"", ""opp"": ""NYG"", ""v"": 175.0, ""cur"": true}, {""w"": ""W2"", ""opp"": ""WAS"", ""v"": 279.0, ""cur"": true}, {""w"": ""W3"", ""opp"": ""BAL"", ""v"": 276.0, ""cur"": true}, {""w"": ""W4"", ""opp"": ""HOU"", ""v"": 335.0, ""cur"": true}]",Under,0.5518131611757683,0.5,0.5181919064339052,1.87,betmgm,-0.030981134968597168,0.0,0.051813161175768285,
Carnell Tate,WR,TEN,HOU,player_receptions,4.5,5.326720369701294,4,,,5,True,00-0041438,2026-10-11T17:00:00Z,"[{""w"": ""W1"", ""opp"": ""NYJ"", ""v"": 4.0, ""cur"": true}, {""w"": ""W2"", ""opp"": ""PHI"", ""v"": 3.0, ""cur"": true}, {""w"": ""W3"", ""opp"": ""NYG"", ""v"": 6.0, ""cur"": true}, {""w"": ""W4"", ""opp"": ""BAL"", ""v"": 9.0, ""cur"": true}]",Over,0.5852706106131202,0.5669291338582677,0.5733722339595186,1.69,betonlineag,-0.031000924608413527,0.0,0.018341476754852537,
Tez Johnson,WR,TB,DAL,player_reception_yds,13.5,18.85922342196479,17,,,5,True,00-0040237,2026-10-09T00:15:00Z,"[{""w"": ""25W17"", ""opp"": ""MIA"", ""v"": 19.0, ""cur"": false}, {""w"": ""25W18"", ""opp"": ""CAR"", ""v"": 17.0, ""cur"": false}, {""w"": ""W1"", ""opp"": ""CIN"", ""v"": 0.0, ""cur"": true}, {""w"": ""W2"", ""opp"": ""CLE"", ""v"": 49.0, ""cur"": true}, {""w"": ""W3"", ""opp"": ""MIN"", ""v"": 8.0, ""cur"": true}, {""w"": ""W4"", ""opp"": ""GB"", ""v"": 17.0, ""cur"": true}]",Under,0.4909922752247765,0.5,0.4968469969802964,1.95,betmgm,-0.03114835588842202,0.0,-0.009007724775223491,
Mark Andrews,TE,BAL,ATL,player_receptions,3.5,3.7071255142623905,17,Full,,6,True,00-0034753,2026-10-12T00:20:00Z,"[{""w"": ""25W17"", ""opp"": ""GB"", ""v"": 4.0, ""cur"": false}, {""w"": ""25W18"", ""opp"": ""PIT"", ""v"": 2.0, ""cur"": false}, {""w"": ""W1"", ""opp"": ""IND"", ""v"": 4.0, ""cur"": true}, {""w"": ""W2"", ""opp"": ""NO"", ""v"": 6.0, ""cur"": true}, {""w"": ""W3"", ""opp"": ""DAL"", ""v"": 3.0, ""cur"": true}, {""w"": ""W4"", ""opp"": ""TEN"", ""v"": 5.0, ""cur"": true}]",Under,0.4926743798408115,0.4617058477647551,0.47252351813770876,2.05,bovada,-0.0313267878176971,0.0,0.030968532076056432,
Jameson Williams,WR,DET,ARI,player_reception_yds,51.5,66.5727504707809,17,,,1,True,00-0037240,2026-10-11T20:25:00Z,"[{""w"": ""25W17"", ""opp"": ""MIN"", ""v"": 37.0, ""cur"": false}, {""w"": ""25W18"", ""opp"": ""CHI"", ""v"": 74.0, ""cur"": false}, {""w"": ""W1"", ""opp"": ""NO"", ""v"": 45.0, ""cur"": true}, {""w"": ""W2"", ""opp"": ""BUF"", ""v"": 33.0, ""cur"": true}, {""w"": ""W3"", ""opp"": ""NYJ"", ""v"": 49.0, ""cur"": true}, {""w"": ""W4"", ""opp"": ""CAR"", ""v"": 102.0, ""cur"": true}]",Over,0.5433115034204945,0.5,0.5151924352829842,1.88,fanduel,-0.03143822166798976,0.0,0.0433115034204945,
Darnell Washington,TE,PIT,IND,player_reception_yds,22.5,26.56297414715449,17,,,5,True,00-0038558,2026-10-11T17:00:00Z,"[{""w"": ""25W16"", ""opp"": ""DET"", ""v"": 36.0, ""cur"": false}, {""w"": ""25W17"", ""opp"": ""CLE"", ""v"": 15.0, ""cur"": false}, {""w"": ""W1"", ""opp"": ""ATL"", ""v"": 18.0, ""cur"": true}, {""w"": ""W2"", ""opp"": ""NE"", ""v"": 7.0, ""cur"": true}, {""w"": ""W3"", ""opp"": ""CIN"", ""v"": 67.0, ""cur"": true}, {""w"": ""W4"", ""opp"": ""CLE"", ""v"": 27.0, ""cur"": true}]",Under,0.5352847300322316,0.5,0.512367694340956,1.89,betonlineag,-0.03162505769559326,0.0,0.03528473003223165,
Tyjae Spears,RB,TEN,HOU,player_rush_yds,14.5,16.92579232414502,17,,,1,True,00-0039032,2026-10-11T17:00:00Z,"[{""w"": ""25W17"", ""opp"": ""NO"", ""v"": 2.0, ""cur"": false}, {""w"": ""25W18"", ""opp"": ""JAX"", ""v"": 18.0, ""cur"": false}, {""w"": ""W1"", ""opp"": ""NYJ"", ""v"": 12.0, ""cur"": true}, {""w"": ""W2"", ""opp"": ""PHI"", ""v"": 41.0, ""cur"": true}, {""w"": ""W3"", ""opp"": ""NYG"", ""v"": 5.0, ""cur"": true}, {""w"": ""W4"", ""opp"": ""BAL"", ""v"": 7.0, ""cur"": true}]",Under,0.5429958715388865,0.5,0.5150812370558894,1.88,fanduel,-0.03164727433492803,0.0,0.04299587153888651,
Kalif Raymond,WR,CHI,GB,player_reception_yds,28.5,36.646262001644814,17,,,3,True,00-0032464,2026-10-11T17:00:00Z,"[{""w"": ""25W17"", ""opp"": ""MIN"", ""v"": 5.0, ""cur"": false}, {""w"": ""25W18"", ""opp"": ""CHI"", ""v"": 52.0, ""cur"": false}, {""w"": ""W1"", ""opp"": ""CAR"", ""v"": 84.0, ""cur"": true}, {""w"": ""W2"", ""opp"": ""MIN"", ""v"": 40.0, ""cur"": true}, {""w"": ""W3"", ""opp"": ""PHI"", ""v"": 90.0, ""cur"": true}, {""w"": ""W4"", ""opp"": ""NYJ"", ""v"": 6.0, ""cur"": true}]",Under,0.5199211049715771,0.5,0.5069756269583877,1.91,draftkings,-0.03167655250947948,0.0,0.019921104971577064,
Bucky Irving,RB,TB,DAL,player_rush_yds,52.5,60.82082590910394,14,,,1,True,00-0039361,2026-10-09T00:15:00Z,"[{""w"": ""25W17"", ""opp"": ""MIA"", ""v"": 19.0, ""cur"": false}, {""w"": ""25W18"", ""opp"": ""CAR"", ""v"": 85.0, ""cur"": false}, {""w"": ""W1"", ""opp"": ""CIN"", ""v"": 45.0, ""cur"": true}, {""w"": ""W2"", ""opp"": ""CLE"", ""v"": 89.0, ""cur"": true}, {""w"": ""W3"", ""opp"": ""MIN"", ""v"": 46.0, ""cur"": true}, {""w"": ""W4"", ""opp"": ""GB"", ""v"": 61.0, ""cur"": true}]",Over,0.5505148174929315,0.5,0.5177332700024115,1.87,betmgm,-0.031838785095490374,0.0,0.05051481749293152,
Roman Wilson,WR,PIT,IND,player_reception_yds,33.5,38.3921618334295,13,,,3,True,00-0039739,2026-10-11T17:00:00Z,"[{""w"": ""25W12"", ""opp"": ""CHI"", ""v"": 0.0, ""cur"": false}, {""w"": ""25W13"", ""opp"": ""BUF"", ""v"": 0.0, ""cur"": false}, {""w"": ""W1"", ""opp"": ""ATL"", ""v"": 26.0, ""cur"": true}, {""w"": ""W2"", ""opp"": ""NE"", ""v"": 28.0, ""cur"": true}, {""w"": ""W3"", ""opp"": ""CIN"", ""v"": 60.0, ""cur"": true}, {""w"": ""W4"", ""opp"": ""CLE"", ""v"": 74.0, ""cur"": true}]",Under,0.5371508082160472,0.5026455026455026,0.5147421094064814,1.88,draftkings,-0.032284834315815136,0.0,0.03450530557054465,
Kyle Monangai,RB,CHI,GB,player_rush_yds,51.5,68.82843363627678,17,Did Not Participate In Practice,,2,True,00-0040236,2026-10-11T17:00:00Z,"[{""w"": ""25W17"", ""opp"": ""SF"", ""v"": 38.0, ""cur"": false}, {""w"": ""25W18"", ""opp"": ""DET"", ""v"": 14.0, ""cur"": false}, {""w"": ""W1"", ""opp"": ""CAR"", ""v"": 100.0, ""cur"": true}, {""w"": ""W2"", ""opp"": ""MIN"", ""v"": 47.0, ""cur"": true}, {""w"": ""W3"", ""opp"": ""PHI"", ""v"": 31.0, ""cur"": true}, {""w"": ""W4"", ""opp"": ""NYJ"", ""v"": 146.0, ""cur"": true}]",Over,0.5456597875076636,0.49798927613941024,0.5147143447517801,1.88,betrivers,-0.032337031866653376,0.0,0.0476705113682534,
Jaylin Noel,WR,HOU,TEN,player_reception_yds,17.5,24.633066456452852,17,,,1,True,00-0040138,2026-10-11T17:00:00Z,"[{""w"": ""25W17"", ""opp"": ""LAC"", ""v"": 54.0, ""cur"": false}, {""w"": ""25W18"", ""opp"": ""IND"", ""v"": 13.0, ""cur"": false}, {""w"": ""W1"", ""opp"": ""BUF"", ""v"": 53.0, ""cur"": true}, {""w"": ""W2"", ""opp"": ""CIN"", ""v"": 31.0, ""cur"": true}, {""w"": ""W3"", ""opp"": ""IND"", ""v"": 17.0, ""cur"": true}, {""w"": ""W4"", ""opp"": ""DAL"", ""v"": 85.0, ""cur"": true}]",Under,0.5373697540522029,0.5065963060686016,0.5173846868388714,1.87,draftkings,-0.03249063561131044,0.0,0.030773447983601265,
Carnell Tate,WR,TEN,HOU,player_reception_yds,53.5,64.19641019958024,4,,,3,True,00-0041438,2026-10-11T17:00:00Z,"[{""w"": ""W1"", ""opp"": ""NYJ"", ""v"": 38.0, ""cur"": true}, {""w"": ""W2"", ""opp"": ""PHI"", ""v"": 27.0, ""cur"": true}, {""w"": ""W3"", ""opp"": ""NYG"", ""v"": 58.0, ""cur"": true}, {""w"": ""W4"", ""opp"": ""BAL"", ""v"": 145.0, ""cur"": true}]",Under,0.5186423561383069,0.5,0.5065274797989348,1.91,draftkings,-0.03253251358403464,0.0,0.018642356138306893,
Jeremiyah Love,RB,ARI,DET,player_rush_yds,48.5,58.342885957796156,4,,,4,True,00-0041027,2026-10-11T20:25:00Z,"[{""w"": ""W1"", ""opp"": ""LAC"", ""v"": 41.0, ""cur"": true}, {""w"": ""W2"", ""opp"": ""SEA"", ""v"": 29.0, ""cur"": true}, {""w"": ""W3"", ""opp"": ""SF"", ""v"": 90.0, ""cur"": true}, {""w"": ""W4"", ""opp"": ""NYG"", ""v"": 63.0, ""cur"": true}]",Over,0.5334540733495134,0.5,0.511724295679666,1.89,draftkings,-0.03284108116543122,0.0,0.03345407334951345,
Jaxon Smith-Njigba,WR,SEA,SF,player_reception_yds,93.5,97.75097940129855,17,,,1,True,00-0038543,2026-10-11T20:25:00Z,"[{""w"": ""25W17"", ""opp"": ""CAR"", ""v"": 72.0, ""cur"": false}, {""w"": ""25W18"", ""opp"": ""SF"", ""v"": 84.0, ""cur"": false}, {""w"": ""W1"", ""opp"": ""NE"", ""v"": 122.0, ""cur"": true}, {""w"": ""W2"", ""opp"": ""ARI"", ""v"": 155.0, ""cur"": true}, {""w"": ""W3"", ""opp"": ""WAS"", ""v"": 128.0, ""cur"": true}, {""w"": ""W4"", ""opp"": ""LAC"", ""v"": 76.0, ""cur"": true}]",Under,0.5408880559139048,0.5,0.5143389157826453,1.88,betonlineag,-0.03304283832862681,0.0,0.040888055913904764,
Emeka Egbuka,WR,TB,DAL,player_reception_yds,34.5,43.21228711707941,17,,,3,True,00-0040129,2026-10-09T00:15:00Z,"[{""w"": ""25W17"", ""opp"": ""MIA"", ""v"": 20.0, ""cur"": false}, {""w"": ""25W18"", ""opp"": ""CAR"", ""v"": 8.0, ""cur"": false}, {""w"": ""W1"", ""opp"": ""CIN"", ""v"": 63.0, ""cur"": true}, {""w"": ""W2"", ""opp"": ""CLE"", ""v"": 16.0, ""cur"": true}, {""w"": ""W3"", ""opp"": ""MIN"", ""v"": 62.0, ""cur"": true}, {""w"": ""W4"", ""opp"": ""GB"", ""v"": 13.0, ""cur"": true}]",Over,0.5173737408058661,0.5,0.5060829582155789,1.91,draftkings,-0.033381549808244315,0.0,0.017373740805866067,
Harold Fannin Jr.,TE,CLE,NYJ,player_reception_yds,36.5,39.7568666958326,17,,,2,True,00-0040663,2026-10-11T17:00:00Z,"[{""w"": ""25W16"", ""opp"": ""BUF"", ""v"": 34.0, ""cur"": false}, {""w"": ""25W17"", ""opp"": ""PIT"", ""v"": 30.0, ""cur"": false}, {""w"": ""W1"", ""opp"": ""JAX"", ""v"": 21.0, ""cur"": true}, {""w"": ""W2"", ""opp"": ""TB"", ""v"": 54.0, ""cur"": true}, {""w"": ""W3"", ""opp"": ""CAR"", ""v"": 51.0, ""cur"": true}, {""w"": ""W4"", ""opp"": ""PIT"", ""v"": 27.0, ""cur"": true}]",Under,0.5273161961798524,0.4986772486772486,0.5087095262199504,1.9,draftkings,-0.033451900182094374,0.0,0.028638947502603762,
Tez Johnson,WR,TB,DAL,player_receptions,1.5,1.4541785038666462,17,,,6,True,00-0040237,2026-10-09T00:15:00Z,"[{""w"": ""25W17"", ""opp"": ""MIA"", ""v"": 2.0, ""cur"": false}, {""w"": ""25W18"", ""opp"": ""CAR"", ""v"": 1.0, ""cur"": false}, {""w"": ""W1"", ""opp"": ""CIN"", ""v"": 0.0, ""cur"": true}, {""w"": ""W2"", ""opp"": ""CLE"", ""v"": 1.0, ""cur"": true}, {""w"": ""W3"", ""opp"": ""MIN"", ""v"": 1.0, ""cur"": true}, {""w"": ""W4"", ""opp"": ""GB"", ""v"": 2.0, ""cur"": true}]",Under,0.5732846207950686,0.5923050118672706,0.5856762147210498,1.65,betmgm,-0.03363424571026785,0.0,-0.019020391072201992,
Bucky Irving,RB,TB,DAL,player_receptions,2.5,2.542691918459357,14,,,6,True,00-0039361,2026-10-09T00:15:00Z,"[{""w"": ""25W17"", ""opp"": ""MIA"", ""v"": 5.0, ""cur"": false}, {""w"": ""25W18"", ""opp"": ""CAR"", ""v"": 1.0, ""cur"": false}, {""w"": ""W1"", ""opp"": ""CIN"", ""v"": 7.0, ""cur"": true}, {""w"": ""W2"", ""opp"": ""CLE"", ""v"": 4.0, ""cur"": true}, {""w"": ""W3"", ""opp"": ""MIN"", ""v"": 2.0, ""cur"": true}, {""w"": ""W4"", ""opp"": ""GB"", ""v"": 0.0, ""cur"": true}]",Over,0.4235577325470619,0.42392818972631463,0.4237985199655159,2.28,betonlineag,-0.03373937447862374,0.0,-0.0003704571792527145,
Isaac TeSlaa,WR,DET,ARI,player_receptions,2.5,2.259296509278623,17,,,6,True,00-0040669,2026-10-11T20:25:00Z,"[{""w"": ""25W17"", ""opp"": ""MIN"", ""v"": 3.0, ""cur"": false}, {""w"": ""25W18"", ""opp"": ""CHI"", ""v"": 1.0, ""cur"": false}, {""w"": ""W1"", ""opp"": ""NO"", ""v"": 0.0, ""cur"": true}, {""w"": ""W2"", ""opp"": ""BUF"", ""v"": 2.0, ""cur"": true}, {""w"": ""W3"", ""opp"": ""NYJ"", ""v"": 3.0, ""cur"": true}, {""w"": ""W4"", ""opp"": ""CAR"", ""v"": 4.0, ""cur"": true}]",Under,0.6114299299236872,0.5939881794232927,0.6001222576601362,1.61,draftkings,-0.03380316516718074,0.0,0.017441750500394426,
Jaxon Smith-Njigba,WR,SEA,SF,player_reception_yds,95.5,97.75097940129855,17,,,1,True,00-0038543,2026-10-11T20:25:00Z,"[{""w"": ""25W17"", ""opp"": ""CAR"", ""v"": 72.0, ""cur"": false}, {""w"": ""25W18"", ""opp"": ""SF"", ""v"": 84.0, ""cur"": false}, {""w"": ""W1"", ""opp"": ""NE"", ""v"": 122.0, ""cur"": true}, {""w"": ""W2"", ""opp"": ""ARI"", ""v"": 155.0, ""cur"": true}, {""w"": ""W3"", ""opp"": ""WAS"", ""v"": 128.0, ""cur"": true}, {""w"": ""W4"", ""opp"": ""LAC"", ""v"": 76.0, ""cur"": true}]",Under,0.5559593992821944,0.5040214477211795,0.522267444313299,1.85,betrivers,-0.03380522802039687,0.0,0.05193795156101488,
Rashid Shaheed,WR,SEA,SF,player_reception_yds,19.5,25.69674842212687,17,,,3,True,00-0037545,2026-10-11T20:25:00Z,"[{""w"": ""25W17"", ""opp"": ""CAR"", ""v"": 8.0, ""cur"": false}, {""w"": ""25W18"", ""opp"": ""SF"", ""v"": 2.0, ""cur"": false}, {""w"": ""W1"", ""opp"": ""NE"", ""v"": 4.0, ""cur"": true}, {""w"": ""W2"", ""opp"": ""ARI"", ""v"": 35.0, ""cur"": true}, {""w"": ""W3"", ""opp"": ""WAS"", ""v"": 14.0, ""cur"": true}, {""w"": ""W4"", ""opp"": ""LAC"", ""v"": 20.0, ""cur"": true}]",Over,0.5166173592293417,0.5,0.5058179559316208,1.91,draftkings,-0.033887704170604216,0.0,0.01661735922934171,
Brenton Strange,TE,JAX,PHI,player_receptions,3.5,3.4865952682003423,16,,,5,True,00-0038935,2026-10-11T13:30:00Z,"[{""w"": ""25W17"", ""opp"": ""IND"", ""v"": 3.0, ""cur"": false}, {""w"": ""25W18"", ""opp"": ""TEN"", ""v"": 6.0, ""cur"": false}, {""w"": ""W1"", ""opp"": ""CLE"", ""v"": 2.0, ""cur"": true}, {""w"": ""W2"", ""opp"": ""DEN"", ""v"": 2.0, ""cur"": true}, {""w"": ""W3"", ""opp"": ""NE"", ""v"": 3.0, ""cur"": true}, {""w"": ""W4"", ""opp"": ""CIN"", ""v"": 7.0, ""cur"": true}]",Over,0.4490413316973435,0.4591029023746703,0.4555771311060894,2.12,fanduel,-0.034176482055090385,0.0,-0.01006157067732677,
Jameson Williams,WR,DET,ARI,player_reception_yds,53.5,66.5727504707809,17,,,4,True,00-0037240,2026-10-11T20:25:00Z,"[{""w"": ""25W17"", ""opp"": ""MIN"", ""v"": 37.0, ""cur"": false}, {""w"": ""25W18"", ""opp"": ""CHI"", ""v"": 74.0, ""cur"": false}, {""w"": ""W1"", ""opp"": ""NO"", ""v"": 45.0, ""cur"": true}, {""w"": ""W2"", ""opp"": ""BUF"", ""v"": 33.0, ""cur"": true}, {""w"": ""W3"", ""opp"": ""NYJ"", ""v"": 49.0, ""cur"": true}, {""w"": ""W4"", ""opp"": ""CAR"", ""v"": 102.0, ""cur"": true}]",Over,0.5236446683159998,0.5,0.5082810537846101,1.9,draftkings,-0.03426599780924089,0.0,0.02364466831599976,
Kalif Raymond,WR,CHI,GB,player_reception_yds,30.5,36.646262001644814,17,,,1,True,00-0032464,2026-10-11T17:00:00Z,"[{""w"": ""25W17"", ""opp"": ""MIN"", ""v"": 5.0, ""cur"": false}, {""w"": ""25W18"", ""opp"": ""CHI"", ""v"": 52.0, ""cur"": false}, {""w"": ""W1"", ""opp"": ""CAR"", ""v"": 84.0, ""cur"": true}, {""w"": ""W2"", ""opp"": ""MIN"", ""v"": 40.0, ""cur"": true}, {""w"": ""W3"", ""opp"": ""PHI"", ""v"": 90.0, ""cur"": true}, {""w"": ""W4"", ""opp"": ""NYJ"", ""v"": 6.0, ""cur"": true}]",Under,0.5468286244034317,0.5,0.5164322751302856,1.87,betmgm,-0.034271645506365966,0.0,0.04682862440343172,
C.J. Stroud,QB,HOU,TEN,player_rush_yds,10.5,12.226501396808851,17,,,1,True,00-0039163,2026-10-11T17:00:00Z,"[{""w"": ""25W17"", ""opp"": ""LAC"", ""v"": 0.0, ""cur"": false}, {""w"": ""25W18"", ""opp"": ""IND"", ""v"": 5.0, ""cur"": false}, {""w"": ""W1"", ""opp"": ""BUF"", ""v"": 15.0, ""cur"": true}, {""w"": ""W2"", ""opp"": ""CIN"", ""v"": 29.0, ""cur"": true}, {""w"": ""W3"", ""opp"": ""IND"", ""v"": 10.0, ""cur"": true}, {""w"": ""W4"", ""opp"": ""DAL"", ""v"": 12.0, ""cur"": true}]",Under,0.5438123155607081,0.5145118733509235,0.5247887661965931,1.84,draftkings,-0.03438867019826869,0.0,0.02930044220978456,
Ashton Jeanty,RB,LV,NE,player_reception_yds,24.5,33.1990592525822,17,,,1,True,00-0040122,2026-10-11T17:00:00Z,"[{""w"": ""25W17"", ""opp"": ""NYG"", ""v"": 13.0, ""cur"": false}, {""w"": ""25W18"", ""opp"": ""KC"", ""v"": 7.0, ""cur"": false}, {""w"": ""W1"", ""opp"": ""MIA"", ""v"": 45.0, ""cur"": true}, {""w"": ""W2"", ""opp"": ""LAC"", ""v"": 15.0, ""cur"": true}, {""w"": ""W3"", ""opp"": ""NO"", ""v"": 37.0, ""cur"": true}, {""w"": ""W4"", ""opp"": ""KC"", ""v"": 68.0, ""cur"": true}]",Over,0.5387669089991118,0.5,0.513592355682224,1.88,fanduel,-0.034446371317418845,0.0,0.03876690899911184,
AJ Barner,TE,SEA,SF,player_reception_yds,24.5,28.709759833188937,17,,,3,True,00-0039793,2026-10-11T20:25:00Z,"[{""w"": ""25W17"", ""opp"": ""CAR"", ""v"": 43.0, ""cur"": false}, {""w"": ""25W18"", ""opp"": ""SF"", ""v"": 14.0, ""cur"": false}, {""w"": ""W1"", ""opp"": ""NE"", ""v"": 13.0, ""cur"": true}, {""w"": ""W2"", ""opp"": ""ARI"", ""v"": 8.0, ""cur"": true}, {""w"": ""W3"", ""opp"": ""WAS"", ""v"": 69.0, ""cur"": true}, {""w"": ""W4"", ""opp"": ""LAC"", ""v"": 12.0, ""cur"": true}]",Under,0.538677985530215,0.5,0.5135610677595034,1.88,betonlineag,-0.034505192612133695,0.0,0.03867798553021495,
Kenny Gainwell,RB,TB,DAL,player_reception_yds,12.5,19.788061069719724,17,,,1,True,00-0036919,2026-10-09T00:15:00Z,"[{""w"": ""25W17"", ""opp"": ""CLE"", ""v"": 12.0, ""cur"": false}, {""w"": ""25W18"", ""opp"": ""BAL"", ""v"": 64.0, ""cur"": false}, {""w"": ""W1"", ""opp"": ""CIN"", ""v"": 3.0, ""cur"": true}, {""w"": ""W2"", ""opp"": ""CLE"", ""v"": 5.0, ""cur"": true}, {""w"": ""W3"", ""opp"": ""MIN"", ""v"": 14.0, ""cur"": true}, {""w"": ""W4"", ""opp"": ""GB"", ""v"": 22.0, ""cur"": true}]",Over,0.5451265888112746,0.49193548387096786,0.5105934261896837,1.89,betrivers,-0.034978424501497796,0.0,0.053191104940306766,
Harold Fannin Jr.,TE,CLE,NYJ,player_reception_yds,37.5,39.7568666958326,17,,,2,True,00-0040663,2026-10-11T17:00:00Z,"[{""w"": ""25W16"", ""opp"": ""BUF"", ""v"": 34.0, ""cur"": false}, {""w"": ""25W17"", ""opp"": ""PIT"", ""v"": 30.0, ""cur"": false}, {""w"": ""W1"", ""opp"": ""JAX"", ""v"": 21.0, ""cur"": true}, {""w"": ""W2"", ""opp"": ""TB"", ""v"": 54.0, ""cur"": true}, {""w"": ""W3"", ""opp"": ""CAR"", ""v"": 51.0, ""cur"": true}, {""w"": ""W4"", ""opp"": ""PIT"", ""v"": 27.0, ""cur"": true}]",Under,0.5443126660713775,0.5006666666666666,0.5159781228810308,1.87,betmgm,-0.03512091021247227,0.0,0.04364599940471092,
Tony Pollard,RB,TEN,HOU,player_rush_yds,48.5,58.36386892253474,17,Did Not Participate In Practice,,1,True,00-0035261,2026-10-11T17:00:00Z,"[{""w"": ""25W17"", ""opp"": ""NO"", ""v"": 85.0, ""cur"": false}, {""w"": ""25W18"", ""opp"": ""JAX"", ""v"": 48.0, ""cur"": false}, {""w"": ""W1"", ""opp"": ""NYJ"", ""v"": 35.0, ""cur"": true}, {""w"": ""W2"", ""opp"": ""PHI"", ""v"": 64.0, ""cur"": true}, {""w"": ""W3"", ""opp"": ""NYG"", ""v"": 74.0, ""cur"": true}, {""w"": ""W4"", ""opp"": ""BAL"", ""v"": 48.0, ""cur"": true}]",Over,0.5455166163716836,0.5,0.5159696087321729,1.87,betmgm,-0.035136831670836643,0.0,0.04551661637168358,
Darnell Mooney,WR,NYG,WAS,player_reception_yds,17.5,23.469173975944873,17,,,3,True,00-0036309,2026-10-11T17:00:00Z,"[{""w"": ""25W17"", ""opp"": ""LA"", ""v"": 35.0, ""cur"": false}, {""w"": ""25W18"", ""opp"": ""NO"", ""v"": 20.0, ""cur"": false}, {""w"": ""W1"", ""opp"": ""DAL"", ""v"": 27.0, ""cur"": true}, {""w"": ""W2"", ""opp"": ""LA"", ""v"": 48.0, ""cur"": true}, {""w"": ""W3"", ""opp"": ""TEN"", ""v"": 20.0, ""cur"": true}, {""w"": ""W4"", ""opp"": ""ARI"", ""v"": 0.0, ""cur"": true}]",Over,0.5333551654025337,0.5106951871657753,0.5186359675569735,1.86,draftkings,-0.03533710034402926,0.0,0.02265997823675836,
RJ Harvey,RB,DEN,LAC,player_receptions,4.5,4.509076737841415,17,,,3,True,00-0040730,2026-10-11T20:05:00Z,"[{""w"": ""25W16"", ""opp"": ""JAX"", ""v"": 4.0, ""cur"": false}, {""w"": ""25W17"", ""opp"": ""KC"", ""v"": 5.0, ""cur"": false}, {""w"": ""25W18"", ""opp"": ""LAC"", ""v"": 1.0, ""cur"": false}, {""w"": ""W1"", ""opp"": ""KC"", ""v"": 4.0, ""cur"": true}, {""w"": ""W3"", ""opp"": ""LA"", ""v"": 6.0, ""cur"": true}, {""w"": ""W4"", ""opp"": ""SF"", ""v"": 10.0, ""cur"": true}]",Over,0.436572691164284,0.41025641025641024,0.4194168410156733,2.3,bovada,-0.03534126566395135,0.0,0.026316280907873746,
Darnell Washington,TE,PIT,IND,player_receptions,2.5,2.396489653279613,17,,,5,True,00-0038558,2026-10-11T17:00:00Z,"[{""w"": ""25W16"", ""opp"": ""DET"", ""v"": 3.0, ""cur"": false}, {""w"": ""25W17"", ""opp"": ""CLE"", ""v"": 2.0, ""cur"": false}, {""w"": ""W1"", ""opp"": ""ATL"", ""v"": 2.0, ""cur"": true}, {""w"": ""W2"", ""opp"": ""NE"", ""v"": 1.0, ""cur"": true}, {""w"": ""W3"", ""opp"": ""CIN"", ""v"": 3.0, ""cur"": true}, {""w"": ""W4"", ""opp"": ""CLE"", ""v"": 3.0, ""cur"": true}]",Under,0.5706313369042574,0.5759162303664922,0.5740684274985437,1.68,betonlineag,-0.03556504180244663,0.0,-0.005284893462234819,
Brock Purdy,QB,SF,SEA,player_rush_yds,19.5,23.708218380664913,13,,,4,True,00-0037834,2026-10-11T20:25:00Z,"[{""w"": ""25W17"", ""opp"": ""CHI"", ""v"": 28.0, ""cur"": false}, {""w"": ""25W18"", ""opp"": ""SEA"", ""v"": 21.0, ""cur"": false}, {""w"": ""W1"", ""opp"": ""LA"", ""v"": 29.0, ""cur"": true}, {""w"": ""W2"", ""opp"": ""MIA"", ""v"": 30.0, ""cur"": true}, {""w"": ""W3"", ""opp"": ""ARI"", ""v"": 34.0, ""cur"": true}, {""w"": ""W4"", ""opp"": ""DEN"", ""v"": 29.0, ""cur"": true}]",Over,0.520940113053124,0.5086457466171884,0.5129507271913559,1.88,fanduel,-0.03565263288025089,0.0,0.012294366435935622,
Jacoby Brissett,QB,ARI,DET,player_pass_yds,270.5,275.7612746316478,17,,,1,True,00-0033119,2026-10-11T20:25:00Z,"[{""w"": ""25W17"", ""opp"": ""CIN"", ""v"": 212.0, ""cur"": false}, {""w"": ""25W18"", ""opp"": ""LA"", ""v"": 243.0, ""cur"": false}, {""w"": ""W1"", ""opp"": ""LAC"", ""v"": 277.0, ""cur"": true}, {""w"": ""W2"", ""opp"": ""SEA"", ""v"": 95.0, ""cur"": true}, {""w"": ""W3"", ""opp"": ""SF"", ""v"": 280.0, ""cur"": true}, {""w"": ""W4"", ""opp"": ""NYG"", ""v"": 166.0, ""cur"": true}]",Under,0.5368738277486793,0.5,0.5129264323905568,1.88,betonlineag,-0.03569830710575328,0.0,0.03687382774867931,
Mark Andrews,TE,BAL,ATL,player_reception_yds,31.5,32.88434881761315,17,Full,,1,True,00-0034753,2026-10-12T00:20:00Z,"[{""w"": ""25W17"", ""opp"": ""GB"", ""v"": 28.0, ""cur"": false}, {""w"": ""25W18"", ""opp"": ""PIT"", ""v"": 14.0, ""cur"": false}, {""w"": ""W1"", ""opp"": ""IND"", ""v"": 49.0, ""cur"": true}, {""w"": ""W2"", ""opp"": ""NO"", ""v"": 49.0, ""cur"": true}, {""w"": ""W3"", ""opp"": ""DAL"", ""v"": 24.0, ""cur"": true}, {""w"": ""W4"", ""opp"": ""TEN"", ""v"": 27.0, ""cur"": true}]",Under,0.5480432352164274,0.5066666666666666,0.5211880638271432,1.85,betmgm,-0.03580208191978501,0.0,0.041376568549760795,
Dak Prescott,QB,DAL,TB,player_pass_yds,265.5,269.3252527238815,17,,,1,True,00-0033077,2026-10-09T00:15:00Z,"[{""w"": ""25W17"", ""opp"": ""WAS"", ""v"": 307.0, ""cur"": false}, {""w"": ""25W18"", ""opp"": ""NYG"", ""v"": 70.0, ""cur"": false}, {""w"": ""W1"", ""opp"": ""NYG"", ""v"": 175.0, ""cur"": true}, {""w"": ""W2"", ""opp"": ""WAS"", ""v"": 279.0, ""cur"": true}, {""w"": ""W3"", ""opp"": ""BAL"", ""v"": 276.0, ""cur"": true}, {""w"": ""W4"", ""opp"": ""HOU"", ""v"": 335.0, ""cur"": true}]",Under,0.5364878604150312,0.5,0.5127907026725605,1.88,betonlineag,-0.035953478975586206,0.0,0.03648786041503116,
Michael Mayer,TE,LV,NE,player_reception_yds,31.5,35.74114866652113,17,,,1,True,00-0039066,2026-10-11T17:00:00Z,"[{""w"": ""25W17"", ""opp"": ""NYG"", ""v"": 89.0, ""cur"": false}, {""w"": ""25W18"", ""opp"": ""KC"", ""v"": 47.0, ""cur"": false}, {""w"": ""W1"", ""opp"": ""MIA"", ""v"": 32.0, ""cur"": true}, {""w"": ""W2"", ""opp"": ""LAC"", ""v"": 23.0, ""cur"": true}, {""w"": ""W3"", ""opp"": ""NO"", ""v"": 32.0, ""cur"": true}, {""w"": ""W4"", ""opp"": ""KC"", ""v"": 82.0, ""cur"": true}]",Under,0.5384145568054693,0.4906166219839143,0.5073711971738173,1.9,betmgm,-0.03599472536974718,0.0,0.04779793482155503,
Brian Robinson Jr.,RB,ATL,BAL,player_rush_yds,35.5,38.34490124443671,17,,,4,True,00-0037746,2026-10-12T00:20:00Z,"[{""w"": ""25W17"", ""opp"": ""CHI"", ""v"": 22.0, ""cur"": false}, {""w"": ""25W18"", ""opp"": ""SEA"", ""v"": 9.0, ""cur"": false}, {""w"": ""W1"", ""opp"": ""PIT"", ""v"": 31.0, ""cur"": true}, {""w"": ""W2"", ""opp"": ""CAR"", ""v"": 51.0, ""cur"": true}, {""w"": ""W3"", ""opp"": ""GB"", ""v"": 50.0, ""cur"": true}, {""w"": ""W4"", ""opp"": ""NO"", ""v"": 62.0, ""cur"": true}]",Under,0.5252983307407505,0.5059472014820636,0.5127250980303144,1.88,fanduel,-0.03607681570300897,0.0,0.019351129258686872,
Jacoby Brissett,QB,ARI,DET,player_pass_yds,271.5,275.7612746316478,17,,,2,True,00-0033119,2026-10-11T20:25:00Z,"[{""w"": ""25W17"", ""opp"": ""CIN"", ""v"": 212.0, ""cur"": false}, {""w"": ""25W18"", ""opp"": ""LA"", ""v"": 243.0, ""cur"": false}, {""w"": ""W1"", ""opp"": ""LAC"", ""v"": 277.0, ""cur"": true}, {""w"": ""W2"", ""opp"": ""SEA"", ""v"": 95.0, ""cur"": true}, {""w"": ""W3"", ""opp"": ""SF"", ""v"": 280.0, ""cur"": true}, {""w"": ""W4"", ""opp"": ""NYG"", ""v"": 166.0, ""cur"": true}]",Under,0.5403722424170568,0.5020107238605898,0.5154631586839877,1.87,betmgm,-0.03608389326094291,0.0,0.03836151855646708,
Michael Mayer,TE,LV,NE,player_receptions,3.5,3.8196041797740676,17,,,6,True,00-0039066,2026-10-11T17:00:00Z,"[{""w"": ""25W17"", ""opp"": ""NYG"", ""v"": 9.0, ""cur"": false}, {""w"": ""25W18"", ""opp"": ""KC"", ""v"": 3.0, ""cur"": false}, {""w"": ""W1"", ""opp"": ""MIA"", ""v"": 6.0, ""cur"": true}, {""w"": ""W2"", ""opp"": ""LAC"", ""v"": 3.0, ""cur"": true}, {""w"": ""W3"", ""opp"": ""NO"", ""v"": 3.0, ""cur"": true}, {""w"": ""W4"", ""opp"": ""KC"", ""v"": 8.0, ""cur"": true}]",Under,0.5130701708206534,0.5,0.5045754744505342,1.91,bovada,-0.03626084379947975,0.0,0.013070170820653426,
Rashid Shaheed,WR,SEA,SF,player_reception_yds,19.5,25.69674842212687,17,,,3,True,00-0037545,2026-10-11T20:25:00Z,"[{""w"": ""25W17"", ""opp"": ""CAR"", ""v"": 8.0, ""cur"": false}, {""w"": ""25W18"", ""opp"": ""SF"", ""v"": 2.0, ""cur"": false}, {""w"": ""W1"", ""opp"": ""NE"", ""v"": 4.0, ""cur"": true}, {""w"": ""W2"", ""opp"": ""ARI"", ""v"": 35.0, ""cur"": true}, {""w"": ""W3"", ""opp"": ""WAS"", ""v"": 14.0, ""cur"": true}, {""w"": ""W4"", ""opp"": ""LAC"", ""v"": 20.0, ""cur"": true}]",Under,0.48338264077065823,0.5,0.4941820440683791,1.95,betmgm,-0.0363450140666608,0.0,-0.016617359229341766,
Jahan Dotson,WR,ATL,BAL,player_receptions,1.5,1.8205225718408231,17,,,6,True,00-0037741,2026-10-12T00:20:00Z,"[{""w"": ""25W17"", ""opp"": ""BUF"", ""v"": 0.0, ""cur"": false}, {""w"": ""25W18"", ""opp"": ""WAS"", ""v"": 3.0, ""cur"": false}, {""w"": ""W1"", ""opp"": ""PIT"", ""v"": 1.0, ""cur"": true}, {""w"": ""W2"", ""opp"": ""CAR"", ""v"": 2.0, ""cur"": true}, {""w"": ""W3"", ""opp"": ""GB"", ""v"": 1.0, ""cur"": true}, {""w"": ""W4"", ""opp"": ""NO"", ""v"": 2.0, ""cur"": true}]",Over,0.5432293691947642,0.5594652230971129,0.5537953184304935,1.74,betmgm,-0.03639614593094137,0.0,-0.016235853902348718,
Jacoby Brissett,QB,ARI,DET,player_pass_yds,269.5,275.7612746316478,17,,,2,True,00-0033119,2026-10-11T20:25:00Z,"[{""w"": ""25W17"", ""opp"": ""CIN"", ""v"": 212.0, ""cur"": false}, {""w"": ""25W18"", ""opp"": ""LA"", ""v"": 243.0, ""cur"": false}, {""w"": ""W1"", ""opp"": ""LAC"", ""v"": 277.0, ""cur"": true}, {""w"": ""W2"", ""opp"": ""SEA"", ""v"": 95.0, ""cur"": true}, {""w"": ""W3"", ""opp"": ""SF"", ""v"": 280.0, ""cur"": true}, {""w"": ""W4"", ""opp"": ""NYG"", ""v"": 166.0, ""cur"": true}]",Under,0.5333638977431194,0.5013227513227513,0.5125518948313245,1.88,draftkings,-0.03640243771711005,0.0,0.03204114642036815,
Pat Freiermuth,TE,PIT,IND,player_reception_yds,28.5,32.27748040993976,17,,,2,True,00-0036894,2026-10-11T17:00:00Z,"[{""w"": ""25W17"", ""opp"": ""CLE"", ""v"": 63.0, ""cur"": false}, {""w"": ""25W18"", ""opp"": ""BAL"", ""v"": 51.0, ""cur"": false}, {""w"": ""W1"", ""opp"": ""ATL"", ""v"": 46.0, ""cur"": true}, {""w"": ""W2"", ""opp"": ""NE"", ""v"": 32.0, ""cur"": true}, {""w"": ""W3"", ""opp"": ""CIN"", ""v"": 30.0, ""cur"": true}, {""w"": ""W4"", ""opp"": ""CLE"", ""v"": 17.0, ""cur"": true}]",Under,0.5164014877001901,0.49802110817941947,0.5044561766362474,1.91,draftkings,-0.036488702624767444,0.0,0.01838037952077065,
Javonte Williams,RB,DAL,TB,player_receptions,2.5,2.9880593060454568,17,,,6,True,00-0036997,2026-10-09T00:15:00Z,"[{""w"": ""25W16"", ""opp"": ""LAC"", ""v"": 2.0, ""cur"": false}, {""w"": ""25W17"", ""opp"": ""WAS"", ""v"": 0.0, ""cur"": false}, {""w"": ""W1"", ""opp"": ""NYG"", ""v"": 5.0, ""cur"": true}, {""w"": ""W2"", ""opp"": ""WAS"", ""v"": 3.0, ""cur"": true}, {""w"": ""W3"", ""opp"": ""BAL"", ""v"": 2.0, ""cur"": true}, {""w"": ""W4"", ""opp"": ""HOU"", ""v"": 5.0, ""cur"": true}]",Over,0.552231066461557,0.5259047619047619,0.5351429509176326,1.8,betonlineag,-0.03674268834826122,0.0,0.026326304556795077,
Daniel Jones,QB,IND,PIT,player_rush_yds,9.5,11.25645891429954,17,,,1,True,00-0035710,2026-10-11T17:00:00Z,"[{""w"": ""25W13"", ""opp"": ""HOU"", ""v"": 1.0, ""cur"": false}, {""w"": ""25W14"", ""opp"": ""JAX"", ""v"": 4.0, ""cur"": false}, {""w"": ""W1"", ""opp"": ""BAL"", ""v"": 4.0, ""cur"": true}, {""w"": ""W2"", ""opp"": ""KC"", ""v"": 10.0, ""cur"": true}, {""w"": ""W3"", ""opp"": ""HOU"", ""v"": 5.0, ""cur"": true}, {""w"": ""W4"", ""opp"": ""WAS"", ""v"": 2.0, ""cur"": true}]",Under,0.5576165379861381,0.5093833780160859,0.5263312938314555,1.83,betmgm,-0.03681373228843643,0.0,0.048233159970052175,
Kenny Gainwell,RB,TB,DAL,player_rush_yds,11.5,15.960346421005148,17,,,3,True,00-0036919,2026-10-09T00:15:00Z,"[{""w"": ""25W17"", ""opp"": ""CLE"", ""v"": 26.0, ""cur"": false}, {""w"": ""25W18"", ""opp"": ""BAL"", ""v"": 10.0, ""cur"": false}, {""w"": ""W1"", ""opp"": ""CIN"", ""v"": 15.0, ""cur"": true}, {""w"": ""W2"", ""opp"": ""CLE"", ""v"": 10.0, ""cur"": true}, {""w"": ""W3"", ""opp"": ""MIN"", ""v"": -4.0, ""cur"": true}, {""w"": ""W4"", ""opp"": ""GB"", ""v"": 5.0, ""cur"": true}]",Under,0.5245972986111783,0.4973544973544973,0.5068959795013598,1.9,draftkings,-0.03689763894741643,0.0,0.027242801256680993,
Kyle Monangai,RB,CHI,GB,player_rush_yds,53.5,68.82843363627678,17,Did Not Participate In Practice,,2,True,00-0040236,2026-10-11T17:00:00Z,"[{""w"": ""25W17"", ""opp"": ""SF"", ""v"": 38.0, ""cur"": false}, {""w"": ""25W18"", ""opp"": ""DET"", ""v"": 14.0, ""cur"": false}, {""w"": ""W1"", ""opp"": ""CAR"", ""v"": 100.0, ""cur"": true}, {""w"": ""W2"", ""opp"": ""MIN"", ""v"": 47.0, ""cur"": true}, {""w"": ""W3"", ""opp"": ""PHI"", ""v"": 31.0, ""cur"": true}, {""w"": ""W4"", ""opp"": ""NYJ"", ""v"": 146.0, ""cur"": true}]",Over,0.5273382641191372,0.5,0.5095767731927026,1.89,draftkings,-0.036899898665792186,0.0,0.0273382641191372,
Jahan Dotson,WR,ATL,BAL,player_reception_yds,19.5,24.44607261250215,17,,,5,True,00-0037741,2026-10-12T00:20:00Z,"[{""w"": ""25W17"", ""opp"": ""BUF"", ""v"": 0.0, ""cur"": false}, {""w"": ""25W18"", ""opp"": ""WAS"", ""v"": 40.0, ""cur"": false}, {""w"": ""W1"", ""opp"": ""PIT"", ""v"": 19.0, ""cur"": true}, {""w"": ""W2"", ""opp"": ""CAR"", ""v"": 11.0, ""cur"": true}, {""w"": ""W3"", ""opp"": ""GB"", ""v"": 11.0, ""cur"": true}, {""w"": ""W4"", ""opp"": ""NO"", ""v"": 54.0, ""cur"": true}]",Under,0.5070580668451559,0.49468085106382975,0.49901291153328214,1.93,draftkings,-0.03690508074076543,0.0,0.012377215781326112,
Javonte Williams,RB,DAL,TB,player_reception_yds,14.5,19.104504243312178,17,,,2,True,00-0036997,2026-10-09T00:15:00Z,"[{""w"": ""25W16"", ""opp"": ""LAC"", ""v"": 9.0, ""cur"": false}, {""w"": ""25W17"", ""opp"": ""WAS"", ""v"": 0.0, ""cur"": false}, {""w"": ""W1"", ""opp"": ""NYG"", ""v"": 31.0, ""cur"": true}, {""w"": ""W2"", ""opp"": ""WAS"", ""v"": 20.0, ""cur"": true}, {""w"": ""W3"", ""opp"": ""BAL"", ""v"": 5.0, ""cur"": true}, {""w"": ""W4"", ""opp"": ""HOU"", ""v"": 21.0, ""cur"": true}]",Over,0.5295660582529521,0.5026737967914439,0.512095830871754,1.88,fanduel,-0.03725983796110249,0.0,0.02689226146150825,
RJ Harvey,RB,DEN,LAC,player_receptions,3.5,4.509076737841415,17,,,3,True,00-0040730,2026-10-11T20:05:00Z,"[{""w"": ""25W16"", ""opp"": ""JAX"", ""v"": 4.0, ""cur"": false}, {""w"": ""25W17"", ""opp"": ""KC"", ""v"": 5.0, ""cur"": false}, {""w"": ""25W18"", ""opp"": ""LAC"", ""v"": 1.0, ""cur"": false}, {""w"": ""W1"", ""opp"": ""KC"", ""v"": 4.0, ""cur"": true}, {""w"": ""W3"", ""opp"": ""LA"", ""v"": 6.0, ""cur"": true}, {""w"": ""W4"", ""opp"": ""SF"", ""v"": 10.0, ""cur"": true}]",Under,0.4213337258119725,0.41709844559585496,0.41857943629012234,2.3,fanduel,-0.03726729653271876,0.0,0.004235280216117521,
Rashod Bateman,WR,BAL,ATL,player_receptions,2.5,2.083277253923326,17,Limited,,1,True,00-0036550,2026-10-12T00:20:00Z,"[{""w"": ""25W16"", ""opp"": ""NE"", ""v"": 0.0, ""cur"": false}, {""w"": ""25W17"", ""opp"": ""GB"", ""v"": 1.0, ""cur"": false}, {""w"": ""W1"", ""opp"": ""IND"", ""v"": 0.0, ""cur"": true}, {""w"": ""W2"", ""opp"": ""NO"", ""v"": 7.0, ""cur"": true}, {""w"": ""W3"", ""opp"": ""DAL"", ""v"": 2.0, ""cur"": true}, {""w"": ""W4"", ""opp"": ""TEN"", ""v"": 2.0, ""cur"": true}]",Under,0.6711782853710889,0.625,0.6414741998352628,1.5,betmgm,-0.03778870024710573,0.0,0.04617828537108892,
Brock Purdy,QB,SF,SEA,player_rush_yds,18.5,23.708218380664913,13,,,1,True,00-0037834,2026-10-11T20:25:00Z,"[{""w"": ""25W17"", ""opp"": ""CHI"", ""v"": 28.0, ""cur"": false}, {""w"": ""25W18"", ""opp"": ""SEA"", ""v"": 21.0, ""cur"": false}, {""w"": ""W1"", ""opp"": ""LA"", ""v"": 29.0, ""cur"": true}, {""w"": ""W2"", ""opp"": ""MIA"", ""v"": 30.0, ""cur"": true}, {""w"": ""W3"", ""opp"": ""ARI"", ""v"": 34.0, ""cur"": true}, {""w"": ""W4"", ""opp"": ""DEN"", ""v"": 29.0, ""cur"": true}]",Over,0.5495584856352801,0.5040214477211796,0.520005919772422,1.85,betrivers,-0.037989048421019134,0.0,0.045537037914100464,
Deebo Samuel,WR,SF,SEA,player_reception_yds,31.5,37.86529490496694,17,,,2,True,00-0035719,2026-10-11T20:25:00Z,"[{""w"": ""25W17"", ""opp"": ""DAL"", ""v"": 68.0, ""cur"": false}, {""w"": ""25W18"", ""opp"": ""PHI"", ""v"": 20.0, ""cur"": false}, {""w"": ""W1"", ""opp"": ""LA"", ""v"": 48.0, ""cur"": true}, {""w"": ""W2"", ""opp"": ""MIA"", ""v"": 31.0, ""cur"": true}, {""w"": ""W3"", ""opp"": ""ARI"", ""v"": 80.0, ""cur"": true}, {""w"": ""W4"", ""opp"": ""DEN"", ""v"": 26.0, ""cur"": true}]",Over,0.5124625879985869,0.5112732095490716,0.5116895072161307,1.88,fanduel,-0.0380237264336743,0.0,0.001189378449515277,
Deebo Samuel,WR,SF,SEA,player_reception_yds,31.5,37.86529490496694,17,,,2,True,00-0035719,2026-10-11T20:25:00Z,"[{""w"": ""25W17"", ""opp"": ""DAL"", ""v"": 68.0, ""cur"": false}, {""w"": ""25W18"", ""opp"": ""PHI"", ""v"": 20.0, ""cur"": false}, {""w"": ""W1"", ""opp"": ""LA"", ""v"": 48.0, ""cur"": true}, {""w"": ""W2"", ""opp"": ""MIA"", ""v"": 31.0, ""cur"": true}, {""w"": ""W3"", ""opp"": ""ARI"", ""v"": 80.0, ""cur"": true}, {""w"": ""W4"", ""opp"": ""DEN"", ""v"": 26.0, ""cur"": true}]",Under,0.4875374120014131,0.4887267904509284,0.4883104927838693,1.97,betonlineag,-0.038028329215777534,0.0,-0.001189378449515277,
Jaxon Smith-Njigba,WR,SEA,SF,player_reception_yds,91.5,97.75097940129855,17,,,2,True,00-0038543,2026-10-11T20:25:00Z,"[{""w"": ""25W17"", ""opp"": ""CAR"", ""v"": 72.0, ""cur"": false}, {""w"": ""25W18"", ""opp"": ""SF"", ""v"": 84.0, ""cur"": false}, {""w"": ""W1"", ""opp"": ""NE"", ""v"": 122.0, ""cur"": true}, {""w"": ""W2"", ""opp"": ""ARI"", ""v"": 155.0, ""cur"": true}, {""w"": ""W3"", ""opp"": ""WAS"", ""v"": 128.0, ""cur"": true}, {""w"": ""W4"", ""opp"": ""LAC"", ""v"": 76.0, ""cur"": true}]",Under,0.5255390031073159,0.5,0.5089454821882607,1.89,draftkings,-0.03809303866418723,0.0,0.02553900310731594,
Jahmyr Gibbs,RB,DET,ARI,player_reception_yds,37.5,42.45122018993049,17,,,5,True,00-0039139,2026-10-11T20:25:00Z,"[{""w"": ""25W17"", ""opp"": ""MIN"", ""v"": 23.0, ""cur"": false}, {""w"": ""25W18"", ""opp"": ""CHI"", ""v"": 33.0, ""cur"": false}, {""w"": ""W1"", ""opp"": ""NO"", ""v"": 30.0, ""cur"": true}, {""w"": ""W2"", ""opp"": ""BUF"", ""v"": 61.0, ""cur"": true}, {""w"": ""W3"", ""opp"": ""NYJ"", ""v"": 65.0, ""cur"": true}, {""w"": ""W4"", ""opp"": ""CAR"", ""v"": 31.0, ""cur"": true}]",Under,0.5254201088602103,0.5,0.5089037741505994,1.89,draftkings,-0.038171866855367165,0.0,0.02542010886021029,
Derrick Henry,RB,BAL,ATL,player_rush_yds,85.5,89.25062818598006,17,,,2,True,00-0032764,2026-10-12T00:20:00Z,"[{""w"": ""25W17"", ""opp"": ""GB"", ""v"": 216.0, ""cur"": false}, {""w"": ""25W18"", ""opp"": ""PIT"", ""v"": 126.0, ""cur"": false}, {""w"": ""W1"", ""opp"": ""IND"", ""v"": 144.0, ""cur"": true}, {""w"": ""W2"", ""opp"": ""NO"", ""v"": 68.0, ""cur"": true}, {""w"": ""W3"", ""opp"": ""DAL"", ""v"": 89.0, ""cur"": true}, {""w"": ""W4"", ""opp"": ""TEN"", ""v"": 73.0, ""cur"": true}]",Under,0.540773792710196,0.5,0.5142986881952187,1.87,betmgm,-0.03826145307494089,0.0,0.04077379271019599,
Davante Adams,WR,LA,BUF,player_reception_yds,63.5,85.95271091610613,17,,,3,True,00-0031381,2026-10-13T00:15:00Z,"[{""w"": ""25W14"", ""opp"": ""ARI"", ""v"": 29.0, ""cur"": false}, {""w"": ""25W15"", ""opp"": ""DET"", ""v"": 71.0, ""cur"": false}, {""w"": ""W1"", ""opp"": ""SF"", ""v"": 26.0, ""cur"": true}, {""w"": ""W2"", ""opp"": ""NYG"", ""v"": 195.0, ""cur"": true}, {""w"": ""W3"", ""opp"": ""DEN"", ""v"": 137.0, ""cur"": true}, {""w"": ""W4"", ""opp"": ""PHI"", ""v"": 32.0, ""cur"": true}]",Over,0.5251453782112203,0.5,0.5088074021735136,1.89,draftkings,-0.03835400989205928,0.0,0.025145378211220315,
Tre Tucker,WR,LV,NE,player_reception_yds,39.5,45.889973369920995,17,,,2,True,00-0038563,2026-10-11T17:00:00Z,"[{""w"": ""25W17"", ""opp"": ""NYG"", ""v"": 49.0, ""cur"": false}, {""w"": ""25W18"", ""opp"": ""KC"", ""v"": 30.0, ""cur"": false}, {""w"": ""W1"", ""opp"": ""MIA"", ""v"": 27.0, ""cur"": true}, {""w"": ""W2"", ""opp"": ""LAC"", ""v"": 119.0, ""cur"": true}, {""w"": ""W3"", ""opp"": ""NO"", ""v"": 43.0, ""cur"": true}, {""w"": ""W4"", ""opp"": ""KC"", ""v"": 44.0, ""cur"": true}]",Under,0.5221103485336455,0.49734042553191493,0.5060146422806961,1.9,betonlineag,-0.038572179666677364,0.0,0.02476992300173053,
Derrick Henry,RB,BAL,ATL,player_rush_yds,84.5,89.25062818598006,17,,,3,True,00-0032764,2026-10-12T00:20:00Z,"[{""w"": ""25W17"", ""opp"": ""GB"", ""v"": 216.0, ""cur"": false}, {""w"": ""25W18"", ""opp"": ""PIT"", ""v"": 126.0, ""cur"": false}, {""w"": ""W1"", ""opp"": ""IND"", ""v"": 144.0, ""cur"": true}, {""w"": ""W2"", ""opp"": ""NO"", ""v"": 68.0, ""cur"": true}, {""w"": ""W3"", ""opp"": ""DAL"", ""v"": 89.0, ""cur"": true}, {""w"": ""W4"", ""opp"": ""TEN"", ""v"": 73.0, ""cur"": true}]",Under,0.5323118763770529,0.5,0.5113230032778262,1.88,betonlineag,-0.0387127538376868,0.0,0.032311876377052906,
Davante Adams,WR,LA,BUF,player_reception_yds,62.5,85.95271091610613,17,,,2,True,00-0031381,2026-10-13T00:15:00Z,"[{""w"": ""25W14"", ""opp"": ""ARI"", ""v"": 29.0, ""cur"": false}, {""w"": ""25W15"", ""opp"": ""DET"", ""v"": 71.0, ""cur"": false}, {""w"": ""W1"", ""opp"": ""SF"", ""v"": 26.0, ""cur"": true}, {""w"": ""W2"", ""opp"": ""NYG"", ""v"": 195.0, ""cur"": true}, {""w"": ""W3"", ""opp"": ""DEN"", ""v"": 137.0, ""cur"": true}, {""w"": ""W4"", ""opp"": ""PHI"", ""v"": 32.0, ""cur"": true}]",Over,0.531927179997876,0.5,0.5111878701203416,1.88,betonlineag,-0.03896680417375781,0.0,0.031927179997875976,
Bo Nix,QB,DEN,LAC,player_pass_yds,220.5,224.708889381141,17,,,3,True,00-0039732,2026-10-11T20:05:00Z,"[{""w"": ""25W17"", ""opp"": ""KC"", ""v"": 182.0, ""cur"": false}, {""w"": ""25W18"", ""opp"": ""LAC"", ""v"": 141.0, ""cur"": false}, {""w"": ""W1"", ""opp"": ""KC"", ""v"": 131.0, ""cur"": true}, {""w"": ""W2"", ""opp"": ""JAX"", ""v"": 288.0, ""cur"": true}, {""w"": ""W3"", ""opp"": ""LA"", ""v"": 186.0, ""cur"": true}, {""w"": ""W4"", ""opp"": ""SF"", ""v"": 214.0, ""cur"": true}]",Under,0.5318124829171498,0.5,0.5111475824903017,1.88,draftkings,-0.03904254491823289,0.0,0.031812482917149776,
Tony Pollard,RB,TEN,HOU,player_rush_yds,50.5,58.36386892253474,17,Did Not Participate In Practice,,4,True,00-0035261,2026-10-11T17:00:00Z,"[{""w"": ""25W17"", ""opp"": ""NO"", ""v"": 85.0, ""cur"": false}, {""w"": ""25W18"", ""opp"": ""JAX"", ""v"": 48.0, ""cur"": false}, {""w"": ""W1"", ""opp"": ""NYJ"", ""v"": 35.0, ""cur"": true}, {""w"": ""W2"", ""opp"": ""PHI"", ""v"": 64.0, ""cur"": true}, {""w"": ""W3"", ""opp"": ""NYG"", ""v"": 74.0, ""cur"": true}, {""w"": ""W4"", ""opp"": ""BAL"", ""v"": 48.0, ""cur"": true}]",Over,0.5194026035218775,0.5066348643476304,0.5111054112687494,1.88,fanduel,-0.039121826814751126,0.0,0.012767739174247117,
Tony Pollard,RB,TEN,HOU,player_receptions,1.5,1.8323728095122176,17,Did Not Participate In Practice,,3,True,00-0035261,2026-10-11T17:00:00Z,"[{""w"": ""25W17"", ""opp"": ""NO"", ""v"": 2.0, ""cur"": false}, {""w"": ""25W18"", ""opp"": ""JAX"", ""v"": 3.0, ""cur"": false}, {""w"": ""W1"", ""opp"": ""NYJ"", ""v"": 1.0, ""cur"": true}, {""w"": ""W2"", ""opp"": ""PHI"", ""v"": 1.0, ""cur"": true}, {""w"": ""W3"", ""opp"": ""NYG"", ""v"": 4.0, ""cur"": true}, {""w"": ""W4"", ""opp"": ""BAL"", ""v"": 2.0, ""cur"": true}]",Over,0.5426747161294243,0.5199999999999999,0.5279503489651899,1.82,fanduel,-0.03913036488335436,0.0,0.0226747161294244,
DK Metcalf,WR,PIT,IND,player_reception_yds,52.5,60.55407058618882,17,,,1,True,00-0035640,2026-10-11T17:00:00Z,"[{""w"": ""25W15"", ""opp"": ""MIA"", ""v"": 55.0, ""cur"": false}, {""w"": ""25W16"", ""opp"": ""DET"", ""v"": 42.0, ""cur"": false}, {""w"": ""W1"", ""opp"": ""ATL"", ""v"": 40.0, ""cur"": true}, {""w"": ""W2"", ""opp"": ""NE"", ""v"": 27.0, ""cur"": true}, {""w"": ""W3"", ""opp"": ""CIN"", ""v"": 31.0, ""cur"": true}, {""w"": ""W4"", ""opp"": ""CLE"", ""v"": 115.0, ""cur"": true}]",Under,0.5261249074293312,0.49468085106382975,0.505694228729749,1.9,betonlineag,-0.03918096541347693,0.0,0.031444056365501405,
Harold Fannin Jr.,TE,CLE,NYJ,player_receptions,4.5,4.2338986105947995,17,,,5,True,00-0040663,2026-10-11T17:00:00Z,"[{""w"": ""25W16"", ""opp"": ""BUF"", ""v"": 4.0, ""cur"": false}, {""w"": ""25W17"", ""opp"": ""PIT"", ""v"": 2.0, ""cur"": false}, {""w"": ""W1"", ""opp"": ""JAX"", ""v"": 2.0, ""cur"": true}, {""w"": ""W2"", ""opp"": ""TB"", ""v"": 5.0, ""cur"": true}, {""w"": ""W3"", ""opp"": ""CAR"", ""v"": 7.0, ""cur"": true}, {""w"": ""W4"", ""opp"": ""PIT"", ""v"": 3.0, ""cur"": true}]",Over,0.41405177415797145,0.4196891191709845,0.4177135838380463,2.3,bovada,-0.0392587571724935,0.0,-0.005637345013013051,
Jeremiyah Love,RB,ARI,DET,player_receptions,2.5,2.642685678107302,4,,,5,True,00-0041027,2026-10-11T20:25:00Z,"[{""w"": ""W1"", ""opp"": ""LAC"", ""v"": 2.0, ""cur"": true}, {""w"": ""W2"", ""opp"": ""SEA"", ""v"": 3.0, ""cur"": true}, {""w"": ""W3"", ""opp"": ""SF"", ""v"": 5.0, ""cur"": true}, {""w"": ""W4"", ""opp"": ""NYG"", ""v"": 1.0, ""cur"": true}]",Under,0.519198205315923,0.528,0.5249210703713775,1.83,draftkings,-0.03939444122037916,0.0,-0.008801794684077047,
Evan Engram,TE,DEN,LAC,player_reception_yds,19.5,23.08799085639976,17,,,1,True,00-0033881,2026-10-11T20:05:00Z,"[{""w"": ""25W17"", ""opp"": ""KC"", ""v"": 21.0, ""cur"": false}, {""w"": ""25W18"", ""opp"": ""LAC"", ""v"": 45.0, ""cur"": false}, {""w"": ""W1"", ""opp"": ""KC"", ""v"": 43.0, ""cur"": true}, {""w"": ""W2"", ""opp"": ""JAX"", ""v"": 17.0, ""cur"": true}, {""w"": ""W3"", ""opp"": ""LA"", ""v"": 0.0, ""cur"": true}, {""w"": ""W4"", ""opp"": ""SF"", ""v"": 6.0, ""cur"": true}]",Under,0.5333204945652907,0.4906166219839143,0.5055793397537706,1.9,betmgm,-0.03939925446783599,0.0,0.04270387258137642,
Luther Burden III,WR,CHI,GB,player_reception_yds,49.5,54.19517157631282,17,,,3,True,00-0040735,2026-10-11T17:00:00Z,"[{""w"": ""25W17"", ""opp"": ""SF"", ""v"": 138.0, ""cur"": false}, {""w"": ""25W18"", ""opp"": ""DET"", ""v"": 35.0, ""cur"": false}, {""w"": ""W1"", ""opp"": ""CAR"", ""v"": 63.0, ""cur"": true}, {""w"": ""W2"", ""opp"": ""MIN"", ""v"": 32.0, ""cur"": true}, {""w"": ""W3"", ""opp"": ""PHI"", ""v"": 61.0, ""cur"": true}, {""w"": ""W4"", ""opp"": ""NYJ"", ""v"": 63.0, ""cur"": true}]",Under,0.5312514078745384,0.5,0.5109505183678537,1.88,betonlineag,-0.03941302546843517,0.0,0.031251407874538395,
Jonathan Taylor,RB,IND,PIT,player_reception_yds,16.5,19.387257083744238,17,Limited,,1,True,00-0036223,2026-10-11T17:00:00Z,"[{""w"": ""25W17"", ""opp"": ""JAX"", ""v"": 14.0, ""cur"": false}, {""w"": ""25W18"", ""opp"": ""HOU"", ""v"": 13.0, ""cur"": false}, {""w"": ""W1"", ""opp"": ""BAL"", ""v"": 23.0, ""cur"": true}, {""w"": ""W2"", ""opp"": ""KC"", ""v"": 40.0, ""cur"": true}, {""w"": ""W3"", ""opp"": ""HOU"", ""v"": 4.0, ""cur"": true}, {""w"": ""W4"", ""opp"": ""WAS"", ""v"": 2.0, ""cur"": true}]",Under,0.5424520425425221,0.5066666666666666,0.5192181906551595,1.85,betmgm,-0.039446347287954875,0.0,0.03578537587585551,
Puka Nacua,WR,LA,BUF,player_reception_yds,90.5,112.10675910673201,17,,,1,True,00-0039075,2026-10-13T00:15:00Z,"[{""w"": ""25W15"", ""opp"": ""DET"", ""v"": 181.0, ""cur"": false}, {""w"": ""25W16"", ""opp"": ""SEA"", ""v"": 225.0, ""cur"": false}, {""w"": ""25W17"", ""opp"": ""ATL"", ""v"": 47.0, ""cur"": false}, {""w"": ""25W18"", ""opp"": ""ARI"", ""v"": 76.0, ""cur"": false}, {""w"": ""W1"", ""opp"": ""SF"", ""v"": 74.0, ""cur"": true}, {""w"": ""W4"", ""opp"": ""PHI"", ""v"": 125.0, ""cur"": true}]",Over,0.5389614812110517,0.5,0.5136608190117672,1.87,betmgm,-0.03945426844799532,0.0,0.038961481211051696,
Davante Adams,WR,LA,BUF,player_reception_yds,61.5,85.95271091610613,17,,,1,True,00-0031381,2026-10-13T00:15:00Z,"[{""w"": ""25W14"", ""opp"": ""ARI"", ""v"": 29.0, ""cur"": false}, {""w"": ""25W15"", ""opp"": ""DET"", ""v"": 71.0, ""cur"": false}, {""w"": ""W1"", ""opp"": ""SF"", ""v"": 26.0, ""cur"": true}, {""w"": ""W2"", ""opp"": ""NYG"", ""v"": 195.0, ""cur"": true}, {""w"": ""W3"", ""opp"": ""DEN"", ""v"": 137.0, ""cur"": true}, {""w"": ""W4"", ""opp"": ""PHI"", ""v"": 32.0, ""cur"": true}]",Over,0.5387746375347395,0.5,0.513595075020829,1.87,betmgm,-0.039577209711049666,0.0,0.03877463753473953,
Puka Nacua,WR,LA,BUF,player_reception_yds,92.5,112.10675910673201,17,,,2,True,00-0039075,2026-10-13T00:15:00Z,"[{""w"": ""25W15"", ""opp"": ""DET"", ""v"": 181.0, ""cur"": false}, {""w"": ""25W16"", ""opp"": ""SEA"", ""v"": 225.0, ""cur"": false}, {""w"": ""25W17"", ""opp"": ""ATL"", ""v"": 47.0, ""cur"": false}, {""w"": ""25W18"", ""opp"": ""ARI"", ""v"": 76.0, ""cur"": false}, {""w"": ""W1"", ""opp"": ""SF"", ""v"": 74.0, ""cur"": true}, {""w"": ""W4"", ""opp"": ""PHI"", ""v"": 125.0, ""cur"": true}]",Over,0.5265488775738791,0.5020107238605898,0.5106062408847288,1.88,fanduel,-0.04006026713670985,0.0,0.02453815371328938,
Brenton Strange,TE,JAX,PHI,player_reception_yds,33.5,38.87504436411104,16,,,2,True,00-0038935,2026-10-11T13:30:00Z,"[{""w"": ""25W17"", ""opp"": ""IND"", ""v"": 54.0, ""cur"": false}, {""w"": ""25W18"", ""opp"": ""TEN"", ""v"": 52.0, ""cur"": false}, {""w"": ""W1"", ""opp"": ""CLE"", ""v"": 23.0, ""cur"": true}, {""w"": ""W2"", ""opp"": ""DEN"", ""v"": 17.0, ""cur"": true}, {""w"": ""W3"", ""opp"": ""NE"", ""v"": 32.0, ""cur"": true}, {""w"": ""W4"", ""opp"": ""CIN"", ""v"": 95.0, ""cur"": true}]",Under,0.5302138623287886,0.5,0.5105861692419772,1.88,betonlineag,-0.04009800182508294,0.0,0.030213862328788643,
Deebo Samuel,WR,SF,SEA,player_reception_yds,34.5,37.86529490496694,17,,,1,True,00-0035719,2026-10-11T20:25:00Z,"[{""w"": ""25W17"", ""opp"": ""DAL"", ""v"": 68.0, ""cur"": false}, {""w"": ""25W18"", ""opp"": ""PHI"", ""v"": 20.0, ""cur"": false}, {""w"": ""W1"", ""opp"": ""LA"", ""v"": 48.0, ""cur"": true}, {""w"": ""W2"", ""opp"": ""MIA"", ""v"": 31.0, ""cur"": true}, {""w"": ""W3"", ""opp"": ""ARI"", ""v"": 80.0, ""cur"": true}, {""w"": ""W4"", ""opp"": ""DEN"", ""v"": 26.0, ""cur"": true}]",Under,0.5379048765581254,0.5,0.5132890794520334,1.87,betmgm,-0.04014942142469752,0.0,0.037904876558125356,
Elic Ayomanor,WR,TEN,HOU,player_receptions,1.5,1.7679877060326377,17,,,2,True,00-0040170,2026-10-11T17:00:00Z,"[{""w"": ""25W17"", ""opp"": ""NO"", ""v"": 4.0, ""cur"": false}, {""w"": ""25W18"", ""opp"": ""JAX"", ""v"": 3.0, ""cur"": false}, {""w"": ""W1"", ""opp"": ""NYJ"", ""v"": 1.0, ""cur"": true}, {""w"": ""W2"", ""opp"": ""PHI"", ""v"": 2.0, ""cur"": true}, {""w"": ""W3"", ""opp"": ""NYG"", ""v"": 1.0, ""cur"": true}, {""w"": ""W4"", ""opp"": ""BAL"", ""v"": 1.0, ""cur"": true}]",Over,0.5275590836274097,0.5013227513227514,0.5105137054133372,1.88,draftkings,-0.04023423382292618,0.0,0.026236332304658272,
Ashton Jeanty,RB,LV,NE,player_rush_yds,63.5,66.51560988243777,17,,,1,True,00-0040122,2026-10-11T17:00:00Z,"[{""w"": ""25W17"", ""opp"": ""NYG"", ""v"": 60.0, ""cur"": false}, {""w"": ""25W18"", ""opp"": ""KC"", ""v"": 87.0, ""cur"": false}, {""w"": ""W1"", ""opp"": ""MIA"", ""v"": 102.0, ""cur"": true}, {""w"": ""W2"", ""opp"": ""LAC"", ""v"": 48.0, ""cur"": true}, {""w"": ""W3"", ""opp"": ""NO"", ""v"": 56.0, ""cur"": true}, {""w"": ""W4"", ""opp"": ""KC"", ""v"": 58.0, ""cur"": true}]",Under,0.5376578051758744,0.5,0.5132021689188975,1.87,betrivers,-0.04031194412166167,0.0,0.03765780517587436,
Cooper Kupp,WR,SEA,SF,player_reception_yds,24.5,27.044176173465857,17,,,4,True,00-0033908,2026-10-11T20:25:00Z,"[{""w"": ""25W17"", ""opp"": ""CAR"", ""v"": 6.0, ""cur"": false}, {""w"": ""25W18"", ""opp"": ""SF"", ""v"": 29.0, ""cur"": false}, {""w"": ""W1"", ""opp"": ""NE"", ""v"": 35.0, ""cur"": true}, {""w"": ""W2"", ""opp"": ""ARI"", ""v"": 20.0, ""cur"": true}, {""w"": ""W3"", ""opp"": ""WAS"", ""v"": 46.0, ""cur"": true}, {""w"": ""W4"", ""opp"": ""LAC"", ""v"": 13.0, ""cur"": true}]",Under,0.5296706984327385,0.5,0.5103954616443106,1.88,betonlineag,-0.04045653210869615,0.0,0.029670698432738507,
Puka Nacua,WR,LA,BUF,player_reception_yds,94.5,112.10675910673201,17,,,3,True,00-0039075,2026-10-13T00:15:00Z,"[{""w"": ""25W15"", ""opp"": ""DET"", ""v"": 181.0, ""cur"": false}, {""w"": ""25W16"", ""opp"": ""SEA"", ""v"": 225.0, ""cur"": false}, {""w"": ""25W17"", ""opp"": ""ATL"", ""v"": 47.0, ""cur"": false}, {""w"": ""25W18"", ""opp"": ""ARI"", ""v"": 76.0, ""cur"": false}, {""w"": ""W1"", ""opp"": ""SF"", ""v"": 74.0, ""cur"": true}, {""w"": ""W4"", ""opp"": ""PHI"", ""v"": 125.0, ""cur"": true}]",Over,0.5142918511783412,0.5,0.5050033438676886,1.9,draftkings,-0.0404936466513916,0.0,0.014291851178341197,
Courtland Sutton,WR,DEN,LAC,player_reception_yds,35.5,40.06841819603555,17,,,1,True,00-0034348,2026-10-11T20:05:00Z,"[{""w"": ""25W17"", ""opp"": ""KC"", ""v"": 40.0, ""cur"": false}, {""w"": ""25W18"", ""opp"": ""LAC"", ""v"": 5.0, ""cur"": false}, {""w"": ""W1"", ""opp"": ""KC"", ""v"": 11.0, ""cur"": true}, {""w"": ""W2"", ""opp"": ""JAX"", ""v"": 25.0, ""cur"": true}, {""w"": ""W3"", ""opp"": ""LA"", ""v"": 46.0, ""cur"": true}, {""w"": ""W4"", ""opp"": ""SF"", ""v"": 4.0, ""cur"": true}]",Under,0.5452789392127319,0.5040214477211795,0.5184967166196403,1.85,betrivers,-0.040781074253665506,0.0,0.041257491491552334,
Dak Prescott,QB,DAL,TB,player_pass_yds,263.5,269.3252527238815,17,,,1,True,00-0033077,2026-10-09T00:15:00Z,"[{""w"": ""25W17"", ""opp"": ""WAS"", ""v"": 307.0, ""cur"": false}, {""w"": ""25W18"", ""opp"": ""NYG"", ""v"": 70.0, ""cur"": false}, {""w"": ""W1"", ""opp"": ""NYG"", ""v"": 175.0, ""cur"": true}, {""w"": ""W2"", ""opp"": ""WAS"", ""v"": 279.0, ""cur"": true}, {""w"": ""W3"", ""opp"": ""BAL"", ""v"": 276.0, ""cur"": true}, {""w"": ""W4"", ""opp"": ""HOU"", ""v"": 335.0, ""cur"": true}]",Under,0.5287453458864259,0.5,0.510070615311484,1.88,fanduel,-0.04106724321441013,0.0,0.028745345886425855,
Kalif Raymond,WR,CHI,GB,player_reception_yds,29.5,36.646262001644814,17,,,2,True,00-0032464,2026-10-11T17:00:00Z,"[{""w"": ""25W17"", ""opp"": ""MIN"", ""v"": 5.0, ""cur"": false}, {""w"": ""25W18"", ""opp"": ""CHI"", ""v"": 52.0, ""cur"": false}, {""w"": ""W1"", ""opp"": ""CAR"", ""v"": 84.0, ""cur"": true}, {""w"": ""W2"", ""opp"": ""MIN"", ""v"": 40.0, ""cur"": true}, {""w"": ""W3"", ""opp"": ""PHI"", ""v"": 90.0, ""cur"": true}, {""w"": ""W4"", ""opp"": ""NYJ"", ""v"": 6.0, ""cur"": true}]",Under,0.5335497138638023,0.5013297872340425,0.5126217520535559,1.87,betonlineag,-0.04139732365985049,0.0,0.03221992662975981,
RJ Harvey,RB,DEN,LAC,player_reception_yds,26.5,32.97138283486797,17,,,4,True,00-0040730,2026-10-11T20:05:00Z,"[{""w"": ""25W16"", ""opp"": ""JAX"", ""v"": 71.0, ""cur"": false}, {""w"": ""25W17"", ""opp"": ""KC"", ""v"": 33.0, ""cur"": false}, {""w"": ""25W18"", ""opp"": ""LAC"", ""v"": 5.0, ""cur"": false}, {""w"": ""W1"", ""opp"": ""KC"", ""v"": 23.0, ""cur"": true}, {""w"": ""W3"", ""opp"": ""LA"", ""v"": 41.0, ""cur"": true}, {""w"": ""W4"", ""opp"": ""SF"", ""v"": 68.0, ""cur"": true}]",Under,0.5036887245407767,0.49272301128389384,0.49656075457754384,1.93,draftkings,-0.04163774366534034,0.0,0.010965713256882892,
Brenton Strange,TE,JAX,PHI,player_receptions,3.5,3.4865952682003423,16,,,5,True,00-0038935,2026-10-11T13:30:00Z,"[{""w"": ""25W17"", ""opp"": ""IND"", ""v"": 3.0, ""cur"": false}, {""w"": ""25W18"", ""opp"": ""TEN"", ""v"": 6.0, ""cur"": false}, {""w"": ""W1"", ""opp"": ""CLE"", ""v"": 2.0, ""cur"": true}, {""w"": ""W2"", ""opp"": ""DEN"", ""v"": 2.0, ""cur"": true}, {""w"": ""W3"", ""opp"": ""NE"", ""v"": 3.0, ""cur"": true}, {""w"": ""W4"", ""opp"": ""CIN"", ""v"": 7.0, ""cur"": true}]",Under,0.5509586683026565,0.5408970976253298,0.5444228688939107,1.76,betonlineag,-0.04181575074671723,0.0,0.010061570677326714,
Carnell Tate,WR,TEN,HOU,player_reception_yds,54.5,64.19641019958024,4,,,1,True,00-0041438,2026-10-11T17:00:00Z,"[{""w"": ""W1"", ""opp"": ""NYJ"", ""v"": 38.0, ""cur"": true}, {""w"": ""W2"", ""opp"": ""PHI"", ""v"": 27.0, ""cur"": true}, {""w"": ""W3"", ""opp"": ""NYG"", ""v"": 58.0, ""cur"": true}, {""w"": ""W4"", ""opp"": ""BAL"", ""v"": 145.0, ""cur"": true}]",Under,0.5273065378642244,0.5,0.509565639827576,1.88,betonlineag,-0.04201659712415723,0.0,0.027306537864224434,
Ryan Flournoy,WR,DAL,TB,player_receptions,3.5,3.220003245880759,17,,,6,True,00-0039410,2026-10-09T00:15:00Z,"[{""w"": ""25W16"", ""opp"": ""LAC"", ""v"": 2.0, ""cur"": false}, {""w"": ""25W18"", ""opp"": ""NYG"", ""v"": 5.0, ""cur"": false}, {""w"": ""W1"", ""opp"": ""NYG"", ""v"": 2.0, ""cur"": true}, {""w"": ""W2"", ""opp"": ""WAS"", ""v"": 5.0, ""cur"": true}, {""w"": ""W3"", ""opp"": ""BAL"", ""v"": 2.0, ""cur"": true}, {""w"": ""W4"", ""opp"": ""HOU"", ""v"": 4.0, ""cur"": true}]",Under,0.603896568472921,0.5844999134222199,0.5913218738769113,1.62,betmgm,-0.04205856431940369,0.0,0.019396655050701095,
Michael Wilson,WR,ARI,DET,player_reception_yds,72.5,86.91911894267737,17,,,1,True,00-0038559,2026-10-11T20:25:00Z,"[{""w"": ""25W17"", ""opp"": ""CIN"", ""v"": 89.0, ""cur"": false}, {""w"": ""25W18"", ""opp"": ""LA"", ""v"": 99.0, ""cur"": false}, {""w"": ""W1"", ""opp"": ""LAC"", ""v"": 56.0, ""cur"": true}, {""w"": ""W2"", ""opp"": ""SEA"", ""v"": 18.0, ""cur"": true}, {""w"": ""W3"", ""opp"": ""SF"", ""v"": 89.0, ""cur"": true}, {""w"": ""W4"", ""opp"": ""NYG"", ""v"": 95.0, ""cur"": true}]",Over,0.5270408064967356,0.5,0.5094723921371767,1.88,fanduel,-0.04219190278210794,0.0,0.02704080649673557,
Luther Burden III,WR,CHI,GB,player_reception_yds,48.5,54.19517157631282,17,,,3,True,00-0040735,2026-10-11T17:00:00Z,"[{""w"": ""25W17"", ""opp"": ""SF"", ""v"": 138.0, ""cur"": false}, {""w"": ""25W18"", ""opp"": ""DET"", ""v"": 35.0, ""cur"": false}, {""w"": ""W1"", ""opp"": ""CAR"", ""v"": 63.0, ""cur"": true}, {""w"": ""W2"", ""opp"": ""MIN"", ""v"": 32.0, ""cur"": true}, {""w"": ""W3"", ""opp"": ""PHI"", ""v"": 61.0, ""cur"": true}, {""w"": ""W4"", ""opp"": ""NYJ"", ""v"": 63.0, ""cur"": true}]",Under,0.5191507438012913,0.5,0.5067056388030331,1.89,draftkings,-0.04232634266226748,0.0,0.019150743801291337,
Kendrick Bourne,WR,ARI,DET,player_reception_yds,23.5,34.1804039945867,17,,,5,True,00-0033307,2026-10-11T20:25:00Z,"[{""w"": ""25W16"", ""opp"": ""IND"", ""v"": 27.0, ""cur"": false}, {""w"": ""25W17"", ""opp"": ""CHI"", ""v"": 25.0, ""cur"": false}, {""w"": ""25W18"", ""opp"": ""SEA"", ""v"": 0.0, ""cur"": false}, {""w"": ""W1"", ""opp"": ""LAC"", ""v"": 75.0, ""cur"": true}, {""w"": ""W2"", ""opp"": ""SEA"", ""v"": 11.0, ""cur"": true}, {""w"": ""W3"", ""opp"": ""SF"", ""v"": 22.0, ""cur"": true}]",Over,0.5037600319629827,0.5,0.5013160329562228,1.91,draftkings,-0.04248637705361441,0.0,0.0037600319629826906,
Mark Andrews,TE,BAL,ATL,player_reception_yds,30.5,32.88434881761315,17,Full,,1,True,00-0034753,2026-10-12T00:20:00Z,"[{""w"": ""25W17"", ""opp"": ""GB"", ""v"": 28.0, ""cur"": false}, {""w"": ""25W18"", ""opp"": ""PIT"", ""v"": 14.0, ""cur"": false}, {""w"": ""W1"", ""opp"": ""IND"", ""v"": 49.0, ""cur"": true}, {""w"": ""W2"", ""opp"": ""NO"", ""v"": 49.0, ""cur"": true}, {""w"": ""W3"", ""opp"": ""DAL"", ""v"": 24.0, ""cur"": true}, {""w"": ""W4"", ""opp"": ""TEN"", ""v"": 27.0, ""cur"": true}]",Under,0.5264978433377666,0.5,0.5092818757615736,1.88,betonlineag,-0.04255007356824175,0.0,0.026497843337766613,
Zay Flowers,WR,BAL,ATL,player_reception_yds,69.5,78.61246892644257,17,Limited,,2,True,00-0039064,2026-10-12T00:20:00Z,"[{""w"": ""25W16"", ""opp"": ""NE"", ""v"": 84.0, ""cur"": false}, {""w"": ""25W17"", ""opp"": ""GB"", ""v"": 30.0, ""cur"": false}, {""w"": ""25W18"", ""opp"": ""PIT"", ""v"": 138.0, ""cur"": false}, {""w"": ""W1"", ""opp"": ""IND"", ""v"": 150.0, ""cur"": true}, {""w"": ""W3"", ""opp"": ""DAL"", ""v"": 84.0, ""cur"": true}, {""w"": ""W4"", ""opp"": ""TEN"", ""v"": 118.0, ""cur"": true}]",Under,0.5188122770417001,0.5,0.5065870254205181,1.89,draftkings,-0.042550521955220744,0.0,0.018812277041700076,
KC Concepcion,WR,CLE,NYJ,player_reception_yds,38.5,44.09480559680307,4,,,1,True,00-0041547,2026-10-11T17:00:00Z,"[{""w"": ""W1"", ""opp"": ""JAX"", ""v"": 43.0, ""cur"": true}, {""w"": ""W2"", ""opp"": ""TB"", ""v"": 28.0, ""cur"": true}, {""w"": ""W3"", ""opp"": ""CAR"", ""v"": 9.0, ""cur"": true}, {""w"": ""W4"", ""opp"": ""PIT"", ""v"": 64.0, ""cur"": true}]",Under,0.5263545987053923,0.5,0.5092316169318505,1.88,fanduel,-0.042644560168121126,0.0,0.02635459870539225,
Tre Tucker,WR,LV,NE,player_receptions,3.5,3.5900290252527696,17,,,6,True,00-0038563,2026-10-11T17:00:00Z,"[{""w"": ""25W17"", ""opp"": ""NYG"", ""v"": 5.0, ""cur"": false}, {""w"": ""25W18"", ""opp"": ""KC"", ""v"": 2.0, ""cur"": false}, {""w"": ""W1"", ""opp"": ""MIA"", ""v"": 2.0, ""cur"": true}, {""w"": ""W2"", ""opp"": ""LAC"", ""v"": 5.0, ""cur"": true}, {""w"": ""W3"", ""opp"": ""NO"", ""v"": 4.0, ""cur"": true}, {""w"": ""W4"", ""opp"": ""KC"", ""v"": 4.0, ""cur"": true}]",Under,0.5173426674972312,0.5132285678698472,0.5146687352346124,1.86,draftkings,-0.042716152463620816,0.0,0.004114099627384071,
David Montgomery,RB,HOU,TEN,player_reception_yds,7.5,9.382872431316843,17,,,2,True,00-0035685,2026-10-11T17:00:00Z,"[{""w"": ""25W17"", ""opp"": ""MIN"", ""v"": 15.0, ""cur"": false}, {""w"": ""25W18"", ""opp"": ""CHI"", ""v"": 13.0, ""cur"": false}, {""w"": ""W1"", ""opp"": ""BUF"", ""v"": 19.0, ""cur"": true}, {""w"": ""W2"", ""opp"": ""CIN"", ""v"": 14.0, ""cur"": true}, {""w"": ""W3"", ""opp"": ""IND"", ""v"": 15.0, ""cur"": true}, {""w"": ""W4"", ""opp"": ""DAL"", ""v"": 19.0, ""cur"": true}]",Under,0.5137008918808619,0.5066137566137566,0.5090947022414567,1.88,fanduel,-0.04290195978606148,0.0,0.007087135267105249,
MarShawn Lloyd,RB,GB,CHI,player_reception_yds,12.5,16.18410245282985,4,,,1,True,00-0039811,2026-10-11T17:00:00Z,"[{""w"": ""W1"", ""opp"": ""MIN"", ""v"": 0.0, ""cur"": true}, {""w"": ""W2"", ""opp"": ""NYJ"", ""v"": 6.0, ""cur"": true}, {""w"": ""W3"", ""opp"": ""ATL"", ""v"": 7.0, ""cur"": true}, {""w"": ""W4"", ""opp"": ""TB"", ""v"": 36.0, ""cur"": true}]",Under,0.5259376341322899,0.5,0.5090853282642439,1.88,fanduel,-0.042919582863221506,0.0,0.02593763413228989,
Amon-Ra St. Brown,WR,DET,ARI,player_receptions,6.5,7.489222037081815,17,,,2,True,00-0036963,2026-10-11T20:25:00Z,"[{""w"": ""25W17"", ""opp"": ""MIN"", ""v"": 8.0, ""cur"": false}, {""w"": ""25W18"", ""opp"": ""CHI"", ""v"": 11.0, ""cur"": false}, {""w"": ""W1"", ""opp"": ""NO"", ""v"": 10.0, ""cur"": true}, {""w"": ""W2"", ""opp"": ""BUF"", ""v"": 9.0, ""cur"": true}, {""w"": ""W3"", ""opp"": ""NYJ"", ""v"": 4.0, ""cur"": true}, {""w"": ""W4"", ""opp"": ""CAR"", ""v"": 8.0, ""cur"": true}]",Over,0.5758105569364154,0.56610675781787,0.5695092527491166,1.68,betrivers,-0.04322445538148423,0.0,0.009703799118545353,
Michael Mayer,TE,LV,NE,player_reception_yds,29.5,35.74114866652113,17,,,4,True,00-0039066,2026-10-11T17:00:00Z,"[{""w"": ""25W17"", ""opp"": ""NYG"", ""v"": 89.0, ""cur"": false}, {""w"": ""25W18"", ""opp"": ""KC"", ""v"": 47.0, ""cur"": false}, {""w"": ""W1"", ""opp"": ""MIA"", ""v"": 32.0, ""cur"": true}, {""w"": ""W2"", ""opp"": ""LAC"", ""v"": 23.0, ""cur"": true}, {""w"": ""W3"", ""opp"": ""NO"", ""v"": 32.0, ""cur"": true}, {""w"": ""W4"", ""opp"": ""KC"", ""v"": 82.0, ""cur"": true}]",Under,0.5063453892983705,0.49798927613941024,0.5009140269217952,1.91,betonlineag,-0.04325420857937118,0.0,0.008356113158960232,
Elic Ayomanor,WR,TEN,HOU,player_reception_yds,17.5,24.216055604745314,17,,,1,True,00-0040170,2026-10-11T17:00:00Z,"[{""w"": ""25W17"", ""opp"": ""NO"", ""v"": 37.0, ""cur"": false}, {""w"": ""25W18"", ""opp"": ""JAX"", ""v"": 50.0, ""cur"": false}, {""w"": ""W1"", ""opp"": ""NYJ"", ""v"": 11.0, ""cur"": true}, {""w"": ""W2"", ""opp"": ""PHI"", ""v"": 69.0, ""cur"": true}, {""w"": ""W3"", ""opp"": ""NYG"", ""v"": 11.0, ""cur"": true}, {""w"": ""W4"", ""opp"": ""BAL"", ""v"": 22.0, ""cur"": true}]",Over,0.5250151388477939,0.5,0.5087617175204843,1.88,fanduel,-0.043527971061489645,0.0,0.02501513884779394,
Jake Ferguson,TE,DAL,TB,player_reception_yds,25.5,28.822160402335676,17,,,1,True,00-0038041,2026-10-09T00:15:00Z,"[{""w"": ""25W17"", ""opp"": ""WAS"", ""v"": 6.0, ""cur"": false}, {""w"": ""25W18"", ""opp"": ""NYG"", ""v"": 5.0, ""cur"": false}, {""w"": ""W1"", ""opp"": ""NYG"", ""v"": 6.0, ""cur"": true}, {""w"": ""W2"", ""opp"": ""WAS"", ""v"": 43.0, ""cur"": true}, {""w"": ""W3"", ""opp"": ""BAL"", ""v"": 23.0, ""cur"": true}, {""w"": ""W4"", ""opp"": ""HOU"", ""v"": 11.0, ""cur"": true}]",Under,0.5322541424403223,0.4959785522788204,0.508689775585719,1.88,betrivers,-0.04366322189884825,0.0,0.03627559016150195,
Juwan Johnson,TE,NO,MIN,player_receptions,4.5,4.392326331427952,17,,,5,True,00-0036040,2026-10-11T17:00:00Z,"[{""w"": ""25W17"", ""opp"": ""TEN"", ""v"": 4.0, ""cur"": false}, {""w"": ""25W18"", ""opp"": ""ATL"", ""v"": 3.0, ""cur"": false}, {""w"": ""W1"", ""opp"": ""DET"", ""v"": 3.0, ""cur"": true}, {""w"": ""W2"", ""opp"": ""BAL"", ""v"": 4.0, ""cur"": true}, {""w"": ""W3"", ""opp"": ""LV"", ""v"": 8.0, ""cur"": true}, {""w"": ""W4"", ""opp"": ""ATL"", ""v"": 6.0, ""cur"": true}]",Over,0.4464377821072387,0.4535809018567639,0.45107848163989805,2.12,betonlineag,-0.043713618923416075,0.0,-0.007143119749525195,
Jeremiyah Love,RB,ARI,DET,player_reception_yds,11.5,15.423534015766203,4,,,5,True,00-0041027,2026-10-11T20:25:00Z,"[{""w"": ""W1"", ""opp"": ""LAC"", ""v"": 9.0, ""cur"": true}, {""w"": ""W2"", ""opp"": ""SEA"", ""v"": 16.0, ""cur"": true}, {""w"": ""W3"", ""opp"": ""SF"", ""v"": 19.0, ""cur"": true}, {""w"": ""W4"", ""opp"": ""NYG"", ""v"": -8.0, ""cur"": true}]",Under,0.509409275076321,0.5080645161290321,0.5085351960320185,1.88,fanduel,-0.04395383145980536,0.0,0.0013447589472889154,
Tez Johnson,WR,TB,DAL,player_reception_yds,13.5,18.85922342196479,17,,,5,True,00-0040237,2026-10-09T00:15:00Z,"[{""w"": ""25W17"", ""opp"": ""MIA"", ""v"": 19.0, ""cur"": false}, {""w"": ""25W18"", ""opp"": ""CAR"", ""v"": 17.0, ""cur"": false}, {""w"": ""W1"", ""opp"": ""CIN"", ""v"": 0.0, ""cur"": true}, {""w"": ""W2"", ""opp"": ""CLE"", ""v"": 49.0, ""cur"": true}, {""w"": ""W3"", ""opp"": ""MIN"", ""v"": 8.0, ""cur"": true}, {""w"": ""W4"", ""opp"": ""GB"", ""v"": 17.0, ""cur"": true}]",Over,0.5090077247752235,0.5,0.5031530030197037,1.9,draftkings,-0.04400929426256306,0.0,0.009007724775223491,
Mike Washington Jr.,RB,LV,NE,player_rush_yds,23.5,26.71200554896296,4,,,1,True,00-0040878,2026-10-11T17:00:00Z,"[{""w"": ""W1"", ""opp"": ""MIA"", ""v"": 41.0, ""cur"": true}, {""w"": ""W2"", ""opp"": ""LAC"", ""v"": 7.0, ""cur"": true}, {""w"": ""W3"", ""opp"": ""NO"", ""v"": 54.0, ""cur"": true}, {""w"": ""W4"", ""opp"": ""KC"", ""v"": 18.0, ""cur"": true}]",Under,0.5242640548823567,0.5,0.5084982766523027,1.88,fanduel,-0.04402323989367091,0.0,0.024264054882356723,
CeeDee Lamb,WR,DAL,TB,player_reception_yds,80.5,98.99979445366223,17,Full,,3,True,00-0036358,2026-10-09T00:15:00Z,"[{""w"": ""25W17"", ""opp"": ""WAS"", ""v"": 46.0, ""cur"": false}, {""w"": ""25W18"", ""opp"": ""NYG"", ""v"": 4.0, ""cur"": false}, {""w"": ""W1"", ""opp"": ""NYG"", ""v"": 44.0, ""cur"": true}, {""w"": ""W2"", ""opp"": ""WAS"", ""v"": 153.0, ""cur"": true}, {""w"": ""W3"", ""opp"": ""BAL"", ""v"": 112.0, ""cur"": true}, {""w"": ""W4"", ""opp"": ""HOU"", ""v"": 189.0, ""cur"": true}]",Over,0.5238234118583694,0.5,0.5083437379755876,1.88,fanduel,-0.04431377260589531,0.0,0.023823411858369448,
Derrick Henry,RB,BAL,ATL,player_rush_yds,83.5,89.25062818598006,17,,,1,True,00-0032764,2026-10-12T00:20:00Z,"[{""w"": ""25W17"", ""opp"": ""GB"", ""v"": 216.0, ""cur"": false}, {""w"": ""25W18"", ""opp"": ""PIT"", ""v"": 126.0, ""cur"": false}, {""w"": ""W1"", ""opp"": ""IND"", ""v"": 144.0, ""cur"": true}, {""w"": ""W2"", ""opp"": ""NO"", ""v"": 68.0, ""cur"": true}, {""w"": ""W3"", ""opp"": ""DAL"", ""v"": 89.0, ""cur"": true}, {""w"": ""W4"", ""opp"": ""TEN"", ""v"": 73.0, ""cur"": true}]",Under,0.5237677621276942,0.5,0.5083242217784414,1.88,fanduel,-0.04435046305653023,0.0,0.02376776212769416,
Javonte Williams,RB,DAL,TB,player_reception_yds,15.5,19.104504243312178,17,,,4,True,00-0036997,2026-10-09T00:15:00Z,"[{""w"": ""25W16"", ""opp"": ""LAC"", ""v"": 9.0, ""cur"": false}, {""w"": ""25W17"", ""opp"": ""WAS"", ""v"": 0.0, ""cur"": false}, {""w"": ""W1"", ""opp"": ""NYG"", ""v"": 31.0, ""cur"": true}, {""w"": ""W2"", ""opp"": ""WAS"", ""v"": 20.0, ""cur"": true}, {""w"": ""W3"", ""opp"": ""BAL"", ""v"": 5.0, ""cur"": true}, {""w"": ""W4"", ""opp"": ""HOU"", ""v"": 21.0, ""cur"": true}]",Over,0.49834234615091877,0.5013297872340425,0.5002841827366836,1.91,draftkings,-0.04445721097293431,0.0,-0.0029874410831237652,
Rashid Shaheed,WR,SEA,SF,player_reception_yds,18.5,25.69674842212687,17,,,1,True,00-0037545,2026-10-11T20:25:00Z,"[{""w"": ""25W17"", ""opp"": ""CAR"", ""v"": 8.0, ""cur"": false}, {""w"": ""25W18"", ""opp"": ""SF"", ""v"": 2.0, ""cur"": false}, {""w"": ""W1"", ""opp"": ""NE"", ""v"": 4.0, ""cur"": true}, {""w"": ""W2"", ""opp"": ""ARI"", ""v"": 35.0, ""cur"": true}, {""w"": ""W3"", ""opp"": ""WAS"", ""v"": 14.0, ""cur"": true}, {""w"": ""W4"", ""opp"": ""LAC"", ""v"": 20.0, ""cur"": true}]",Over,0.5394600569295436,0.5040214477211796,0.516447861633823,1.85,betrivers,-0.04457145597742751,0.0,0.03543860920836395,
KC Concepcion,WR,CLE,NYJ,player_receptions,4.5,4.193714583323906,4,,,6,True,00-0041547,2026-10-11T17:00:00Z,"[{""w"": ""W1"", ""opp"": ""JAX"", ""v"": 4.0, ""cur"": true}, {""w"": ""W2"", ""opp"": ""TB"", ""v"": 6.0, ""cur"": true}, {""w"": ""W3"", ""opp"": ""CAR"", ""v"": 2.0, ""cur"": true}, {""w"": ""W4"", ""opp"": ""PIT"", ""v"": 5.0, ""cur"": true}]",Over,0.407510459331615,0.4397905759162304,0.4284198268164131,2.23,betrivers,-0.044623786199398774,0.0,-0.03228011658461538,
Ryan Flournoy,WR,DAL,TB,player_reception_yds,30.5,36.960517813854324,17,,,3,True,00-0039410,2026-10-09T00:15:00Z,"[{""w"": ""25W16"", ""opp"": ""LAC"", ""v"": 18.0, ""cur"": false}, {""w"": ""25W18"", ""opp"": ""NYG"", ""v"": 68.0, ""cur"": false}, {""w"": ""W1"", ""opp"": ""NYG"", ""v"": 22.0, ""cur"": true}, {""w"": ""W2"", ""opp"": ""WAS"", ""v"": 23.0, ""cur"": true}, {""w"": ""W3"", ""opp"": ""BAL"", ""v"": 22.0, ""cur"": true}, {""w"": ""W4"", ""opp"": ""HOU"", ""v"": 37.0, ""cur"": true}]",Under,0.5050343940011426,0.4934036939313985,0.49747427121732535,1.92,draftkings,-0.044849399262735345,0.0,0.011630700069744093,
Juwan Johnson,TE,NO,MIN,player_receptions,4.5,4.392326331427952,17,,,5,True,00-0036040,2026-10-11T17:00:00Z,"[{""w"": ""25W17"", ""opp"": ""TEN"", ""v"": 4.0, ""cur"": false}, {""w"": ""25W18"", ""opp"": ""ATL"", ""v"": 3.0, ""cur"": false}, {""w"": ""W1"", ""opp"": ""DET"", ""v"": 3.0, ""cur"": true}, {""w"": ""W2"", ""opp"": ""BAL"", ""v"": 4.0, ""cur"": true}, {""w"": ""W3"", ""opp"": ""LV"", ""v"": 8.0, ""cur"": true}, {""w"": ""W4"", ""opp"": ""ATL"", ""v"": 6.0, ""cur"": true}]",Under,0.5535622178927613,0.5464190981432361,0.548921518360102,1.74,bovada,-0.04487655805342261,0.0,0.007143119749525195,
Jacoby Brissett,QB,ARI,DET,player_pass_yds,266.5,275.7612746316478,17,,,1,True,00-0033119,2026-10-11T20:25:00Z,"[{""w"": ""25W17"", ""opp"": ""CIN"", ""v"": 212.0, ""cur"": false}, {""w"": ""25W18"", ""opp"": ""LA"", ""v"": 243.0, ""cur"": false}, {""w"": ""W1"", ""opp"": ""LAC"", ""v"": 277.0, ""cur"": true}, {""w"": ""W2"", ""opp"": ""SEA"", ""v"": 95.0, ""cur"": true}, {""w"": ""W3"", ""opp"": ""SF"", ""v"": 280.0, ""cur"": true}, {""w"": ""W4"", ""opp"": ""NYG"", ""v"": 166.0, ""cur"": true}]",Under,0.5227669850929066,0.5,0.5079732827954508,1.88,fanduel,-0.04501022834455248,0.0,0.022766985092906644,
Deshaun Watson,QB,CLE,NYJ,player_rush_yds,26.5,30.26235393090275,4,,,2,True,00-0033537,2026-10-11T17:00:00Z,"[{""w"": ""W1"", ""opp"": ""JAX"", ""v"": 38.0, ""cur"": true}, {""w"": ""W2"", ""opp"": ""TB"", ""v"": 22.0, ""cur"": true}, {""w"": ""W3"", ""opp"": ""CAR"", ""v"": 45.0, ""cur"": true}, {""w"": ""W4"", ""opp"": ""PIT"", ""v"": 22.0, ""cur"": true}]",Under,0.5227453522843681,0.5,0.5079656975240797,1.88,betonlineag,-0.04502448865473019,0.0,0.022745352284368137,
MarShawn Lloyd,RB,GB,CHI,player_receptions,2.5,2.2367453424895816,4,,,1,True,00-0039811,2026-10-11T17:00:00Z,"[{""w"": ""W1"", ""opp"": ""MIN"", ""v"": 0.0, ""cur"": true}, {""w"": ""W2"", ""opp"": ""NYJ"", ""v"": 2.0, ""cur"": true}, {""w"": ""W3"", ""opp"": ""ATL"", ""v"": 2.0, ""cur"": true}, {""w"": ""W4"", ""opp"": ""TB"", ""v"": 5.0, ""cur"": true}]",Under,0.6211097628540776,0.5833333333333334,0.5966914868889773,1.6,fanduel,-0.04529362097763623,0.0,0.037776429520744226,
Isaac TeSlaa,WR,DET,ARI,player_reception_yds,25.5,37.70295060749332,17,,,4,True,00-0040669,2026-10-11T20:25:00Z,"[{""w"": ""25W17"", ""opp"": ""MIN"", ""v"": 49.0, ""cur"": false}, {""w"": ""25W18"", ""opp"": ""CHI"", ""v"": 18.0, ""cur"": false}, {""w"": ""W1"", ""opp"": ""NO"", ""v"": 0.0, ""cur"": true}, {""w"": ""W2"", ""opp"": ""BUF"", ""v"": 26.0, ""cur"": true}, {""w"": ""W3"", ""opp"": ""NYJ"", ""v"": 66.0, ""cur"": true}, {""w"": ""W4"", ""opp"": ""CAR"", ""v"": 95.0, ""cur"": true}]",Over,0.5144790034087677,0.5,0.5050688947642508,1.89,draftkings,-0.04541978889556608,0.0,0.014479003408767732,
J.K. Dobbins,RB,DEN,LAC,player_rush_yds,52.5,55.684340942439086,14,,,1,True,00-0036158,2026-10-11T20:05:00Z,"[{""w"": ""25W9"", ""opp"": ""HOU"", ""v"": 61.0, ""cur"": false}, {""w"": ""25W10"", ""opp"": ""LV"", ""v"": 77.0, ""cur"": false}, {""w"": ""W1"", ""opp"": ""KC"", ""v"": 36.0, ""cur"": true}, {""w"": ""W2"", ""opp"": ""JAX"", ""v"": 36.0, ""cur"": true}, {""w"": ""W3"", ""opp"": ""LA"", ""v"": 49.0, ""cur"": true}, {""w"": ""W4"", ""opp"": ""SF"", ""v"": 40.0, ""cur"": true}]",Under,0.5297945049465744,0.5,0.510438928819761,1.87,betmgm,-0.045479203107046784,0.0,0.02979450494657443,
Javonte Williams,RB,DAL,TB,player_reception_yds,15.5,19.104504243312178,17,,,4,True,00-0036997,2026-10-09T00:15:00Z,"[{""w"": ""25W16"", ""opp"": ""LAC"", ""v"": 9.0, ""cur"": false}, {""w"": ""25W17"", ""opp"": ""WAS"", ""v"": 0.0, ""cur"": false}, {""w"": ""W1"", ""opp"": ""NYG"", ""v"": 31.0, ""cur"": true}, {""w"": ""W2"", ""opp"": ""WAS"", ""v"": 20.0, ""cur"": true}, {""w"": ""W3"", ""opp"": ""BAL"", ""v"": 5.0, ""cur"": true}, {""w"": ""W4"", ""opp"": ""HOU"", ""v"": 21.0, ""cur"": true}]",Under,0.5016576538490812,0.49867021276595747,0.4997158172633164,1.91,betmgm,-0.045542789027065766,0.0,0.0029874410831237652,
Amon-Ra St. Brown,WR,DET,ARI,player_reception_yds,79.5,93.28553010358591,17,,,3,True,00-0036963,2026-10-11T20:25:00Z,"[{""w"": ""25W17"", ""opp"": ""MIN"", ""v"": 68.0, ""cur"": false}, {""w"": ""25W18"", ""opp"": ""CHI"", ""v"": 139.0, ""cur"": false}, {""w"": ""W1"", ""opp"": ""NO"", ""v"": 67.0, ""cur"": true}, {""w"": ""W2"", ""opp"": ""BUF"", ""v"": 142.0, ""cur"": true}, {""w"": ""W3"", ""opp"": ""NYJ"", ""v"": 19.0, ""cur"": true}, {""w"": ""W4"", ""opp"": ""CAR"", ""v"": 75.0, ""cur"": true}]",Under,0.49842338920883167,0.5,0.4994481846182584,1.91,betonlineag,-0.04605396737912654,0.0,-0.0015766107911683314,
Trey McBride,TE,ARI,DET,player_reception_yds,79.5,85.74116119360437,17,,,1,True,00-0037744,2026-10-11T20:25:00Z,"[{""w"": ""25W17"", ""opp"": ""CIN"", ""v"": 76.0, ""cur"": false}, {""w"": ""25W18"", ""opp"": ""LA"", ""v"": 65.0, ""cur"": false}, {""w"": ""W1"", ""opp"": ""LAC"", ""v"": 95.0, ""cur"": true}, {""w"": ""W2"", ""opp"": ""SEA"", ""v"": 41.0, ""cur"": true}, {""w"": ""W3"", ""opp"": ""SF"", ""v"": 75.0, ""cur"": true}, {""w"": ""W4"", ""opp"": ""NYG"", ""v"": 31.0, ""cur"": true}]",Under,0.5288188738958643,0.5,0.5100964251728127,1.87,betrivers,-0.046119684926840154,0.0,0.02881887389586435,
Bucky Irving,RB,TB,DAL,player_reception_yds,11.5,17.092400208763898,14,,,1,True,00-0039361,2026-10-09T00:15:00Z,"[{""w"": ""25W17"", ""opp"": ""MIA"", ""v"": 14.0, ""cur"": false}, {""w"": ""25W18"", ""opp"": ""CAR"", ""v"": 13.0, ""cur"": false}, {""w"": ""W1"", ""opp"": ""CIN"", ""v"": 48.0, ""cur"": true}, {""w"": ""W2"", ""opp"": ""CLE"", ""v"": 1.0, ""cur"": true}, {""w"": ""W3"", ""opp"": ""MIN"", ""v"": 12.0, ""cur"": true}, {""w"": ""W4"", ""opp"": ""GB"", ""v"": 0.0, ""cur"": true}]",Under,0.523237525839263,0.4906166219839143,0.5020390741184637,1.9,betmgm,-0.04612575917491901,0.0,0.03262090385534866,
Ryan Flournoy,WR,DAL,TB,player_reception_yds,31.5,36.960517813854324,17,,,3,True,00-0039410,2026-10-09T00:15:00Z,"[{""w"": ""25W16"", ""opp"": ""LAC"", ""v"": 18.0, ""cur"": false}, {""w"": ""25W18"", ""opp"": ""NYG"", ""v"": 68.0, ""cur"": false}, {""w"": ""W1"", ""opp"": ""NYG"", ""v"": 22.0, ""cur"": true}, {""w"": ""W2"", ""opp"": ""WAS"", ""v"": 23.0, ""cur"": true}, {""w"": ""W3"", ""opp"": ""BAL"", ""v"": 22.0, ""cur"": true}, {""w"": ""W4"", ""opp"": ""HOU"", ""v"": 37.0, ""cur"": true}]",Under,0.5208367014485112,0.5,0.50729655365172,1.88,betonlineag,-0.04628247913476646,0.0,0.02083670144851124,
Jeremiyah Love,RB,ARI,DET,player_reception_yds,11.5,15.423534015766203,4,,,5,True,00-0041027,2026-10-11T20:25:00Z,"[{""w"": ""W1"", ""opp"": ""LAC"", ""v"": 9.0, ""cur"": true}, {""w"": ""W2"", ""opp"": ""SEA"", ""v"": 16.0, ""cur"": true}, {""w"": ""W3"", ""opp"": ""SF"", ""v"": 19.0, ""cur"": true}, {""w"": ""W4"", ""opp"": ""NYG"", ""v"": -8.0, ""cur"": true}]",Over,0.49059072492367894,0.49193548387096786,0.49146480396798153,1.94,draftkings,-0.04655828030211584,0.0,-0.0013447589472889154,
Michael Wilson,WR,ARI,DET,player_reception_yds,75.5,86.91911894267737,17,,,3,True,00-0038559,2026-10-11T20:25:00Z,"[{""w"": ""25W17"", ""opp"": ""CIN"", ""v"": 89.0, ""cur"": false}, {""w"": ""25W18"", ""opp"": ""LA"", ""v"": 99.0, ""cur"": false}, {""w"": ""W1"", ""opp"": ""LAC"", ""v"": 56.0, ""cur"": true}, {""w"": ""W2"", ""opp"": ""SEA"", ""v"": 18.0, ""cur"": true}, {""w"": ""W3"", ""opp"": ""SF"", ""v"": 89.0, ""cur"": true}, {""w"": ""W4"", ""opp"": ""NYG"", ""v"": 95.0, ""cur"": true}]",Under,0.49718121721366415,0.5,0.4990134168531563,1.91,draftkings,-0.04688437381047145,0.0,-0.0028187827863358494,
Javonte Williams,RB,DAL,TB,player_receptions,2.5,2.9880593060454568,17,,,6,True,00-0036997,2026-10-09T00:15:00Z,"[{""w"": ""25W16"", ""opp"": ""LAC"", ""v"": 2.0, ""cur"": false}, {""w"": ""25W17"", ""opp"": ""WAS"", ""v"": 0.0, ""cur"": false}, {""w"": ""W1"", ""opp"": ""NYG"", ""v"": 5.0, ""cur"": true}, {""w"": ""W2"", ""opp"": ""WAS"", ""v"": 3.0, ""cur"": true}, {""w"": ""W3"", ""opp"": ""BAL"", ""v"": 2.0, ""cur"": true}, {""w"": ""W4"", ""opp"": ""HOU"", ""v"": 5.0, ""cur"": true}]",Under,0.44776893353844305,0.4740952380952381,0.4648570490823674,2.05,betmgm,-0.04704304938114695,0.0,-0.026326304556795077,
AJ Barner,TE,SEA,SF,player_receptions,2.5,2.8315273928144293,17,,,5,True,00-0039793,2026-10-11T20:25:00Z,"[{""w"": ""25W17"", ""opp"": ""CAR"", ""v"": 3.0, ""cur"": false}, {""w"": ""25W18"", ""opp"": ""SF"", ""v"": 2.0, ""cur"": false}, {""w"": ""W1"", ""opp"": ""NE"", ""v"": 2.0, ""cur"": true}, {""w"": ""W2"", ""opp"": ""ARI"", ""v"": 1.0, ""cur"": true}, {""w"": ""W3"", ""opp"": ""WAS"", ""v"": 5.0, ""cur"": true}, {""w"": ""W4"", ""opp"": ""LAC"", ""v"": 1.0, ""cur"": true}]",Over,0.5107621987018638,0.5305039787798408,0.5236020382525156,1.82,draftkings,-0.04704429038042146,0.0,-0.019741780077977,
Tyjae Spears,RB,TEN,HOU,player_rush_yds,13.5,16.92579232414502,17,,,1,True,00-0039032,2026-10-11T17:00:00Z,"[{""w"": ""25W17"", ""opp"": ""NO"", ""v"": 2.0, ""cur"": false}, {""w"": ""25W18"", ""opp"": ""JAX"", ""v"": 18.0, ""cur"": false}, {""w"": ""W1"", ""opp"": ""NYJ"", ""v"": 12.0, ""cur"": true}, {""w"": ""W2"", ""opp"": ""PHI"", ""v"": 41.0, ""cur"": true}, {""w"": ""W3"", ""opp"": ""NYG"", ""v"": 5.0, ""cur"": true}, {""w"": ""W4"", ""opp"": ""BAL"", ""v"": 7.0, ""cur"": true}]",Under,0.5118297429400116,0.5,0.504141088160334,1.89,draftkings,-0.047173343376968824,0.0,0.0118297429400116,
AJ Barner,TE,SEA,SF,player_receptions,2.5,2.8315273928144293,17,,,5,True,00-0039793,2026-10-11T20:25:00Z,"[{""w"": ""25W17"", ""opp"": ""CAR"", ""v"": 3.0, ""cur"": false}, {""w"": ""25W18"", ""opp"": ""SF"", ""v"": 2.0, ""cur"": false}, {""w"": ""W1"", ""opp"": ""NE"", ""v"": 2.0, ""cur"": true}, {""w"": ""W2"", ""opp"": ""ARI"", ""v"": 1.0, ""cur"": true}, {""w"": ""W3"", ""opp"": ""WAS"", ""v"": 5.0, ""cur"": true}, {""w"": ""W4"", ""opp"": ""LAC"", ""v"": 1.0, ""cur"": true}]",Under,0.4892378012981361,0.4694960212201592,0.47639796174748444,2.0,betonlineag,-0.047204076505030945,0.0,0.01974178007797689,
Wan'Dale Robinson,WR,TEN,HOU,player_reception_yds,34.5,44.07837027641298,17,,,1,True,00-0038117,2026-10-11T17:00:00Z,"[{""w"": ""25W16"", ""opp"": ""MIN"", ""v"": 19.0, ""cur"": false}, {""w"": ""25W17"", ""opp"": ""LV"", ""v"": 113.0, ""cur"": false}, {""w"": ""W1"", ""opp"": ""NYJ"", ""v"": 38.0, ""cur"": true}, {""w"": ""W2"", ""opp"": ""PHI"", ""v"": 9.0, ""cur"": true}, {""w"": ""W3"", ""opp"": ""NYG"", ""v"": 57.0, ""cur"": true}, {""w"": ""W4"", ""opp"": ""BAL"", ""v"": 19.0, ""cur"": true}]",Over,0.5213501391898105,0.49061662198391415,0.5013771799196826,1.9,betmgm,-0.047383358152603194,0.0,0.0307335172058964,
Mark Andrews,TE,BAL,ATL,player_reception_yds,29.5,32.88434881761315,17,Full,,3,True,00-0034753,2026-10-12T00:20:00Z,"[{""w"": ""25W17"", ""opp"": ""GB"", ""v"": 28.0, ""cur"": false}, {""w"": ""25W18"", ""opp"": ""PIT"", ""v"": 14.0, ""cur"": false}, {""w"": ""W1"", ""opp"": ""IND"", ""v"": 49.0, ""cur"": true}, {""w"": ""W2"", ""opp"": ""NO"", ""v"": 49.0, ""cur"": true}, {""w"": ""W3"", ""opp"": ""DAL"", ""v"": 24.0, ""cur"": true}, {""w"": ""W4"", ""opp"": ""TEN"", ""v"": 27.0, ""cur"": true}]",Under,0.5043925756649732,0.5079365079365079,0.5066962041331142,1.88,fanduel,-0.0474111362297453,0.0,-0.003543932271534711,
Ashton Jeanty,RB,LV,NE,player_rush_yds,61.5,66.51560988243777,17,,,1,True,00-0040122,2026-10-11T17:00:00Z,"[{""w"": ""25W17"", ""opp"": ""NYG"", ""v"": 60.0, ""cur"": false}, {""w"": ""25W18"", ""opp"": ""KC"", ""v"": 87.0, ""cur"": false}, {""w"": ""W1"", ""opp"": ""MIA"", ""v"": 102.0, ""cur"": true}, {""w"": ""W2"", ""opp"": ""LAC"", ""v"": 48.0, ""cur"": true}, {""w"": ""W3"", ""opp"": ""NO"", ""v"": 56.0, ""cur"": true}, {""w"": ""W4"", ""opp"": ""KC"", ""v"": 58.0, ""cur"": true}]",Under,0.5145613559298707,0.5065963060686016,0.5093846615871,1.87,draftkings,-0.04745068283212284,0.0,0.007965049861269113,
Bijan Robinson,RB,ATL,BAL,player_rush_yds,88.5,103.58759363740505,17,,,4,True,00-0038542,2026-10-12T00:20:00Z,"[{""w"": ""25W17"", ""opp"": ""LA"", ""v"": 195.0, ""cur"": false}, {""w"": ""25W18"", ""opp"": ""NO"", ""v"": 33.0, ""cur"": false}, {""w"": ""W1"", ""opp"": ""PIT"", ""v"": 83.0, ""cur"": true}, {""w"": ""W2"", ""opp"": ""CAR"", ""v"": 72.0, ""cur"": true}, {""w"": ""W3"", ""opp"": ""GB"", ""v"": 194.0, ""cur"": true}, {""w"": ""W4"", ""opp"": ""NO"", ""v"": 145.0, ""cur"": true}]",Over,0.5164327867066916,0.5013297872340425,0.506617524811171,1.88,draftkings,-0.04755905335499866,0.0,0.015102999472649037,
Isaiah Likely,TE,NYG,WAS,player_receptions,4.5,4.271249024447231,16,Limited,,5,True,00-0037838,2026-10-11T17:00:00Z,"[{""w"": ""25W17"", ""opp"": ""GB"", ""v"": 3.0, ""cur"": false}, {""w"": ""25W18"", ""opp"": ""PIT"", ""v"": 2.0, ""cur"": false}, {""w"": ""W1"", ""opp"": ""DAL"", ""v"": 8.0, ""cur"": true}, {""w"": ""W2"", ""opp"": ""LA"", ""v"": 5.0, ""cur"": true}, {""w"": ""W3"", ""opp"": ""TEN"", ""v"": 2.0, ""cur"": true}, {""w"": ""W4"", ""opp"": ""ARI"", ""v"": 7.0, ""cur"": true}]",Over,0.4120897548527082,0.4694960212201591,0.44923166784288715,2.12,betrivers,-0.04762886417307921,0.0,-0.05740626636745089,
David Montgomery,RB,HOU,TEN,player_reception_yds,7.5,9.382872431316843,17,,,2,True,00-0035685,2026-10-11T17:00:00Z,"[{""w"": ""25W17"", ""opp"": ""MIN"", ""v"": 15.0, ""cur"": false}, {""w"": ""25W18"", ""opp"": ""CHI"", ""v"": 13.0, ""cur"": false}, {""w"": ""W1"", ""opp"": ""BUF"", ""v"": 19.0, ""cur"": true}, {""w"": ""W2"", ""opp"": ""CIN"", ""v"": 14.0, ""cur"": true}, {""w"": ""W3"", ""opp"": ""IND"", ""v"": 15.0, ""cur"": true}, {""w"": ""W4"", ""opp"": ""DAL"", ""v"": 19.0, ""cur"": true}]",Over,0.4862991081191381,0.4933862433862434,0.49090529775854336,1.94,draftkings,-0.047643722348425954,0.0,-0.007087135267105249,
Chris Godwin,WR,TB,DAL,player_receptions,3.5,3.514456640068489,13,,,6,True,00-0033921,2026-10-09T00:15:00Z,"[{""w"": ""25W17"", ""opp"": ""MIA"", ""v"": 7.0, ""cur"": false}, {""w"": ""25W18"", ""opp"": ""CAR"", ""v"": 1.0, ""cur"": false}, {""w"": ""W1"", ""opp"": ""CIN"", ""v"": 4.0, ""cur"": true}, {""w"": ""W2"", ""opp"": ""CLE"", ""v"": 3.0, ""cur"": true}, {""w"": ""W3"", ""opp"": ""MIN"", ""v"": 3.0, ""cur"": true}, {""w"": ""W4"", ""opp"": ""GB"", ""v"": 6.0, ""cur"": true}]",Over,0.46298313178995293,0.5132841015193955,0.49565715527908527,1.92,betrivers,-0.048338261864156296,0.0,-0.05030096972944259,
Dalton Schultz,TE,HOU,TEN,player_receptions,4.5,4.365914161206733,17,,,2,True,00-0034383,2026-10-11T17:00:00Z,"[{""w"": ""25W17"", ""opp"": ""LAC"", ""v"": 3.0, ""cur"": false}, {""w"": ""25W18"", ""opp"": ""IND"", ""v"": 4.0, ""cur"": false}, {""w"": ""W1"", ""opp"": ""BUF"", ""v"": 4.0, ""cur"": true}, {""w"": ""W2"", ""opp"": ""CIN"", ""v"": 12.0, ""cur"": true}, {""w"": ""W3"", ""opp"": ""IND"", ""v"": 3.0, ""cur"": true}, {""w"": ""W4"", ""opp"": ""DAL"", ""v"": 2.0, ""cur"": true}]",Under,0.5889858537775732,0.5755228820226244,0.5802487612028396,1.64,draftkings,-0.04839203162734307,0.0,0.013462971754948816,
Darnell Mooney,WR,NYG,WAS,player_receptions,1.5,1.8411457158504334,17,,,5,True,00-0036309,2026-10-11T17:00:00Z,"[{""w"": ""25W17"", ""opp"": ""LA"", ""v"": 2.0, ""cur"": false}, {""w"": ""25W18"", ""opp"": ""NO"", ""v"": 3.0, ""cur"": false}, {""w"": ""W1"", ""opp"": ""DAL"", ""v"": 2.0, ""cur"": true}, {""w"": ""W2"", ""opp"": ""LA"", ""v"": 2.0, ""cur"": true}, {""w"": ""W3"", ""opp"": ""TEN"", ""v"": 2.0, ""cur"": true}, {""w"": ""W4"", ""opp"": ""ARI"", ""v"": 0.0, ""cur"": true}]",Under,0.45071905506477816,0.48930085286757574,0.475759001098739,2.0,fanduel,-0.0484819978025221,0.0,-0.03858179780279758,
Blake Corum,RB,LA,BUF,player_rush_yds,31.5,40.22182137555156,17,,,2,True,00-0039738,2026-10-13T00:15:00Z,"[{""w"": ""25W17"", ""opp"": ""ATL"", ""v"": 18.0, ""cur"": false}, {""w"": ""25W18"", ""opp"": ""ARI"", ""v"": 59.0, ""cur"": false}, {""w"": ""W1"", ""opp"": ""SF"", ""v"": 54.0, ""cur"": true}, {""w"": ""W2"", ""opp"": ""NYG"", ""v"": 79.0, ""cur"": true}, {""w"": ""W3"", ""opp"": ""DEN"", ""v"": 15.0, ""cur"": true}, {""w"": ""W4"", ""opp"": ""PHI"", ""v"": 14.0, ""cur"": true}]",Over,0.5174697401725414,0.5,0.5061165938293106,1.88,betonlineag,-0.048500803600896036,0.0,0.017469740172541437,
Jaylin Noel,WR,HOU,TEN,player_reception_yds,16.5,24.633066456452852,17,,,1,True,00-0040138,2026-10-11T17:00:00Z,"[{""w"": ""25W17"", ""opp"": ""LAC"", ""v"": 54.0, ""cur"": false}, {""w"": ""25W18"", ""opp"": ""IND"", ""v"": 13.0, ""cur"": false}, {""w"": ""W1"", ""opp"": ""BUF"", ""v"": 53.0, ""cur"": true}, {""w"": ""W2"", ""opp"": ""CIN"", ""v"": 31.0, ""cur"": true}, {""w"": ""W3"", ""opp"": ""IND"", ""v"": 17.0, ""cur"": true}, {""w"": ""W4"", ""opp"": ""DAL"", ""v"": 85.0, ""cur"": true}]",Under,0.5192184170568164,0.4906166219839143,0.5006298492153108,1.9,betmgm,-0.048803286490909425,0.0,0.02860179507290206,
RJ Harvey,RB,DEN,LAC,player_reception_yds,27.5,32.97138283486797,17,,,2,True,00-0040730,2026-10-11T20:05:00Z,"[{""w"": ""25W16"", ""opp"": ""JAX"", ""v"": 71.0, ""cur"": false}, {""w"": ""25W17"", ""opp"": ""KC"", ""v"": 33.0, ""cur"": false}, {""w"": ""25W18"", ""opp"": ""LAC"", ""v"": 5.0, ""cur"": false}, {""w"": ""W1"", ""opp"": ""KC"", ""v"": 23.0, ""cur"": true}, {""w"": ""W3"", ""opp"": ""LA"", ""v"": 41.0, ""cur"": true}, {""w"": ""W4"", ""opp"": ""SF"", ""v"": 68.0, ""cur"": true}]",Under,0.520736137203656,0.49798927613941024,0.5059545541658725,1.88,betrivers,-0.04880543816815969,0.0,0.022746861064245727,
Evan Engram,TE,DEN,LAC,player_reception_yds,17.5,23.08799085639976,17,,,4,True,00-0033881,2026-10-11T20:05:00Z,"[{""w"": ""25W17"", ""opp"": ""KC"", ""v"": 21.0, ""cur"": false}, {""w"": ""25W18"", ""opp"": ""LAC"", ""v"": 45.0, ""cur"": false}, {""w"": ""W1"", ""opp"": ""KC"", ""v"": 43.0, ""cur"": true}, {""w"": ""W2"", ""opp"": ""JAX"", ""v"": 17.0, ""cur"": true}, {""w"": ""W3"", ""opp"": ""LA"", ""v"": 0.0, ""cur"": true}, {""w"": ""W4"", ""opp"": ""SF"", ""v"": 6.0, ""cur"": true}]",Over,0.5143414228550007,0.5013297872340425,0.5058849671689313,1.88,draftkings,-0.048936261722409224,0.0,0.013011635620958195,
Amon-Ra St. Brown,WR,DET,ARI,player_reception_yds,79.5,93.28553010358591,17,,,3,True,00-0036963,2026-10-11T20:25:00Z,"[{""w"": ""25W17"", ""opp"": ""MIN"", ""v"": 68.0, ""cur"": false}, {""w"": ""25W18"", ""opp"": ""CHI"", ""v"": 139.0, ""cur"": false}, {""w"": ""W1"", ""opp"": ""NO"", ""v"": 67.0, ""cur"": true}, {""w"": ""W2"", ""opp"": ""BUF"", ""v"": 142.0, ""cur"": true}, {""w"": ""W3"", ""opp"": ""NYJ"", ""v"": 19.0, ""cur"": true}, {""w"": ""W4"", ""opp"": ""CAR"", ""v"": 75.0, ""cur"": true}]",Over,0.5015766107911683,0.5,0.5005518153817416,1.9,draftkings,-0.04895155077469093,0.0,0.0015766107911683314,
DK Metcalf,WR,PIT,IND,player_reception_yds,51.5,60.55407058618882,17,,,1,True,00-0035640,2026-10-11T17:00:00Z,"[{""w"": ""25W15"", ""opp"": ""MIA"", ""v"": 55.0, ""cur"": false}, {""w"": ""25W16"", ""opp"": ""DET"", ""v"": 42.0, ""cur"": false}, {""w"": ""W1"", ""opp"": ""ATL"", ""v"": 40.0, ""cur"": true}, {""w"": ""W2"", ""opp"": ""NE"", ""v"": 27.0, ""cur"": true}, {""w"": ""W3"", ""opp"": ""CIN"", ""v"": 31.0, ""cur"": true}, {""w"": ""W4"", ""opp"": ""CLE"", ""v"": 115.0, ""cur"": true}]",Under,0.516465102302016,0.5,0.5057646147766659,1.88,fanduel,-0.049162524219868164,0.0,0.016465102302016033,
J.K. Dobbins,RB,DEN,LAC,player_rush_yds,51.5,55.684340942439086,14,,,4,True,00-0036158,2026-10-11T20:05:00Z,"[{""w"": ""25W9"", ""opp"": ""HOU"", ""v"": 61.0, ""cur"": false}, {""w"": ""25W10"", ""opp"": ""LV"", ""v"": 77.0, ""cur"": false}, {""w"": ""W1"", ""opp"": ""KC"", ""v"": 36.0, ""cur"": true}, {""w"": ""W2"", ""opp"": ""JAX"", ""v"": 36.0, ""cur"": true}, {""w"": ""W3"", ""opp"": ""LA"", ""v"": 49.0, ""cur"": true}, {""w"": ""W4"", ""opp"": ""SF"", ""v"": 40.0, ""cur"": true}]",Under,0.516076007077767,0.5,0.505628304776619,1.88,betonlineag,-0.04941878701995628,0.0,0.01607600707776702,
Marvin Mims Jr.,WR,DEN,LAC,player_reception_yds,11.5,16.43620585730451,17,,,2,True,00-0038976,2026-10-11T20:05:00Z,"[{""w"": ""25W15"", ""opp"": ""GB"", ""v"": 29.0, ""cur"": false}, {""w"": ""25W16"", ""opp"": ""JAX"", ""v"": 26.0, ""cur"": false}, {""w"": ""25W17"", ""opp"": ""KC"", ""v"": 10.0, ""cur"": false}, {""w"": ""25W18"", ""opp"": ""LAC"", ""v"": 10.0, ""cur"": false}, {""w"": ""W1"", ""opp"": ""KC"", ""v"": 0.0, ""cur"": true}, {""w"": ""W4"", ""opp"": ""SF"", ""v"": 10.0, ""cur"": true}]",Over,0.5129382049388536,0.5099650078309088,0.5110057177928314,1.86,draftkings,-0.049529364905333495,0.0,0.0029731971079447472,
Bijan Robinson,RB,ATL,BAL,player_rush_yds,87.5,103.58759363740505,17,,,1,True,00-0038542,2026-10-12T00:20:00Z,"[{""w"": ""25W17"", ""opp"": ""LA"", ""v"": 195.0, ""cur"": false}, {""w"": ""25W18"", ""opp"": ""NO"", ""v"": 33.0, ""cur"": false}, {""w"": ""W1"", ""opp"": ""PIT"", ""v"": 83.0, ""cur"": true}, {""w"": ""W2"", ""opp"": ""CAR"", ""v"": 72.0, ""cur"": true}, {""w"": ""W3"", ""opp"": ""GB"", ""v"": 194.0, ""cur"": true}, {""w"": ""W4"", ""opp"": ""NO"", ""v"": 145.0, ""cur"": true}]",Over,0.5233539700943641,0.5,0.5081791117940051,1.87,betmgm,-0.04970506094521038,0.0,0.02335397009436413,
Harold Fannin Jr.,TE,CLE,NYJ,player_reception_yds,35.5,39.7568666958326,17,,,2,True,00-0040663,2026-10-11T17:00:00Z,"[{""w"": ""25W16"", ""opp"": ""BUF"", ""v"": 34.0, ""cur"": false}, {""w"": ""25W17"", ""opp"": ""PIT"", ""v"": 30.0, ""cur"": false}, {""w"": ""W1"", ""opp"": ""JAX"", ""v"": 21.0, ""cur"": true}, {""w"": ""W2"", ""opp"": ""TB"", ""v"": 54.0, ""cur"": true}, {""w"": ""W3"", ""opp"": ""CAR"", ""v"": 51.0, ""cur"": true}, {""w"": ""W4"", ""opp"": ""PIT"", ""v"": 27.0, ""cur"": true}]",Under,0.509952516217419,0.49867021276595747,0.5026194531308174,1.89,betonlineag,-0.05004923358275526,0.0,0.011282303451461528,
AJ Barner,TE,SEA,SF,player_reception_yds,22.5,28.709759833188937,17,,,2,True,00-0039793,2026-10-11T20:25:00Z,"[{""w"": ""25W17"", ""opp"": ""CAR"", ""v"": 43.0, ""cur"": false}, {""w"": ""25W18"", ""opp"": ""SF"", ""v"": 14.0, ""cur"": false}, {""w"": ""W1"", ""opp"": ""NE"", ""v"": 13.0, ""cur"": true}, {""w"": ""W2"", ""opp"": ""ARI"", ""v"": 8.0, ""cur"": true}, {""w"": ""W3"", ""opp"": ""WAS"", ""v"": 69.0, ""cur"": true}, {""w"": ""W4"", ""opp"": ""LAC"", ""v"": 12.0, ""cur"": true}]",Under,0.5010898314409155,0.4913542533828116,0.49476133781724363,1.92,draftkings,-0.05005823139089227,0.0,0.009735578058103878,
Pat Freiermuth,TE,PIT,IND,player_receptions,3.5,3.1772616313558157,17,,,5,True,00-0036894,2026-10-11T17:00:00Z,"[{""w"": ""25W17"", ""opp"": ""CLE"", ""v"": 3.0, ""cur"": false}, {""w"": ""25W18"", ""opp"": ""BAL"", ""v"": 3.0, ""cur"": false}, {""w"": ""W1"", ""opp"": ""ATL"", ""v"": 5.0, ""cur"": true}, {""w"": ""W2"", ""opp"": ""NE"", ""v"": 4.0, ""cur"": true}, {""w"": ""W3"", ""opp"": ""CIN"", ""v"": 2.0, ""cur"": true}, {""w"": ""W4"", ""opp"": ""CLE"", ""v"": 3.0, ""cur"": true}]",Over,0.3924129053577427,0.46266308873878037,0.4377569619731424,2.17,betonlineag,-0.05006739251828107,0.0,-0.07025018338103767,
Deshaun Watson,QB,CLE,NYJ,player_rush_yds,24.5,30.26235393090275,4,,,1,True,00-0033537,2026-10-11T17:00:00Z,"[{""w"": ""W1"", ""opp"": ""JAX"", ""v"": 38.0, ""cur"": true}, {""w"": ""W2"", ""opp"": ""TB"", ""v"": 22.0, ""cur"": true}, {""w"": ""W3"", ""opp"": ""CAR"", ""v"": 45.0, ""cur"": true}, {""w"": ""W4"", ""opp"": ""PIT"", ""v"": 22.0, ""cur"": true}]",Over,0.5184935627439418,0.5105820105820106,0.5133518601370579,1.85,draftkings,-0.05029905874644275,0.0,0.007911552161931179,
Tyler Allgeier,RB,ARI,DET,player_rush_yds,25.5,30.816811306848226,17,,,2,True,00-0037263,2026-10-11T20:25:00Z,"[{""w"": ""25W17"", ""opp"": ""LA"", ""v"": 23.0, ""cur"": false}, {""w"": ""25W18"", ""opp"": ""NO"", ""v"": 16.0, ""cur"": false}, {""w"": ""W1"", ""opp"": ""LAC"", ""v"": 61.0, ""cur"": true}, {""w"": ""W2"", ""opp"": ""SEA"", ""v"": 10.0, ""cur"": true}, {""w"": ""W3"", ""opp"": ""SF"", ""v"": -1.0, ""cur"": true}, {""w"": ""W4"", ""opp"": ""NYG"", ""v"": 42.0, ""cur"": true}]",Under,0.505979747323207,0.504691689008043,0.5051425173777954,1.88,fanduel,-0.05033206732974477,0.0,0.0012880583151640979,
Rashod Bateman,WR,BAL,ATL,player_reception_yds,21.5,28.06235063984778,17,Limited,,1,True,00-0036550,2026-10-12T00:20:00Z,"[{""w"": ""25W16"", ""opp"": ""NE"", ""v"": 0.0, ""cur"": false}, {""w"": ""25W17"", ""opp"": ""GB"", ""v"": 7.0, ""cur"": false}, {""w"": ""W1"", ""opp"": ""IND"", ""v"": 0.0, ""cur"": true}, {""w"": ""W2"", ""opp"": ""NO"", ""v"": 88.0, ""cur"": true}, {""w"": ""W3"", ""opp"": ""DAL"", ""v"": 37.0, ""cur"": true}, {""w"": ""W4"", ""opp"": ""TEN"", ""v"": 46.0, ""cur"": true}]",Under,0.533855413799176,0.5106951871657754,0.5188116023693584,1.83,betmgm,-0.05057476766407404,0.0,0.02316022663340056,
Harold Fannin Jr.,TE,CLE,NYJ,player_receptions,4.5,4.2338986105947995,17,,,5,True,00-0040663,2026-10-11T17:00:00Z,"[{""w"": ""25W16"", ""opp"": ""BUF"", ""v"": 4.0, ""cur"": false}, {""w"": ""25W17"", ""opp"": ""PIT"", ""v"": 2.0, ""cur"": false}, {""w"": ""W1"", ""opp"": ""JAX"", ""v"": 2.0, ""cur"": true}, {""w"": ""W2"", ""opp"": ""TB"", ""v"": 5.0, ""cur"": true}, {""w"": ""W3"", ""opp"": ""CAR"", ""v"": 7.0, ""cur"": true}, {""w"": ""W4"", ""opp"": ""PIT"", ""v"": 3.0, ""cur"": true}]",Under,0.5859482258420285,0.5803108808290155,0.5822864161619536,1.63,fanduel,-0.05087314165601564,0.0,0.005637345013013051,
Woody Marks,RB,HOU,TEN,player_reception_yds,6.5,10.448780444826749,17,,,1,True,00-0040583,2026-10-11T17:00:00Z,"[{""w"": ""25W17"", ""opp"": ""LAC"", ""v"": 4.0, ""cur"": false}, {""w"": ""25W18"", ""opp"": ""IND"", ""v"": 0.0, ""cur"": false}, {""w"": ""W1"", ""opp"": ""BUF"", ""v"": -2.0, ""cur"": true}, {""w"": ""W2"", ""opp"": ""CIN"", ""v"": 27.0, ""cur"": true}, {""w"": ""W3"", ""opp"": ""IND"", ""v"": 6.0, ""cur"": true}, {""w"": ""W4"", ""opp"": ""DAL"", ""v"": 0.0, ""cur"": true}]",Over,0.5137909876139293,0.5,0.504827920203706,1.88,fanduel,-0.050923510017032714,0.0,0.013790987613929273,
Jahmyr Gibbs,RB,DET,ARI,player_receptions,4.5,5.02480341345647,17,,,6,True,00-0039139,2026-10-11T20:25:00Z,"[{""w"": ""25W17"", ""opp"": ""MIN"", ""v"": 2.0, ""cur"": false}, {""w"": ""25W18"", ""opp"": ""CHI"", ""v"": 3.0, ""cur"": false}, {""w"": ""W1"", ""opp"": ""NO"", ""v"": 5.0, ""cur"": true}, {""w"": ""W2"", ""opp"": ""BUF"", ""v"": 6.0, ""cur"": true}, {""w"": ""W3"", ""opp"": ""NYJ"", ""v"": 7.0, ""cur"": true}, {""w"": ""W4"", ""opp"": ""CAR"", ""v"": 4.0, ""cur"": true}]",Under,0.45556939481416003,0.4666844510999074,0.4627898460821124,2.05,bovada,-0.05128081553166969,0.0,-0.011115056285747382,
C.J. Stroud,QB,HOU,TEN,player_rush_yds,9.5,12.226501396808851,17,,,2,True,00-0039163,2026-10-11T17:00:00Z,"[{""w"": ""25W17"", ""opp"": ""LAC"", ""v"": 0.0, ""cur"": false}, {""w"": ""25W18"", ""opp"": ""IND"", ""v"": 5.0, ""cur"": false}, {""w"": ""W1"", ""opp"": ""BUF"", ""v"": 15.0, ""cur"": true}, {""w"": ""W2"", ""opp"": ""CIN"", ""v"": 29.0, ""cur"": true}, {""w"": ""W3"", ""opp"": ""IND"", ""v"": 10.0, ""cur"": true}, {""w"": ""W4"", ""opp"": ""DAL"", ""v"": 12.0, ""cur"": true}]",Under,0.5002349152730527,0.4946524064171123,0.49660620410007383,1.91,betmgm,-0.05148215016885904,0.0,0.005582508855940471,
Christian McCaffrey,RB,SF,SEA,player_rush_yds,53.5,59.79061828282774,17,,,5,True,00-0033280,2026-10-11T20:25:00Z,"[{""w"": ""25W17"", ""opp"": ""CHI"", ""v"": 140.0, ""cur"": false}, {""w"": ""25W18"", ""opp"": ""SEA"", ""v"": 23.0, ""cur"": false}, {""w"": ""W1"", ""opp"": ""LA"", ""v"": 68.0, ""cur"": true}, {""w"": ""W2"", ""opp"": ""MIA"", ""v"": 23.0, ""cur"": true}, {""w"": ""W3"", ""opp"": ""ARI"", ""v"": 75.0, ""cur"": true}, {""w"": ""W4"", ""opp"": ""DEN"", ""v"": 52.0, ""cur"": true}]",Over,0.49422302200407375,0.49734042553191493,0.4962492983679263,1.91,draftkings,-0.052163840117260774,0.0,-0.0031174035278411782,
Tony Pollard,RB,TEN,HOU,player_reception_yds,7.5,10.123032525086764,17,Did Not Participate In Practice,,1,True,00-0035261,2026-10-11T17:00:00Z,"[{""w"": ""25W17"", ""opp"": ""NO"", ""v"": 10.0, ""cur"": false}, {""w"": ""25W18"", ""opp"": ""JAX"", ""v"": 17.0, ""cur"": false}, {""w"": ""W1"", ""opp"": ""NYJ"", ""v"": -1.0, ""cur"": true}, {""w"": ""W2"", ""opp"": ""PHI"", ""v"": 1.0, ""cur"": true}, {""w"": ""W3"", ""opp"": ""NYG"", ""v"": 22.0, ""cur"": true}, {""w"": ""W4"", ""opp"": ""BAL"", ""v"": 2.0, ""cur"": true}]",Under,0.49679021757835695,0.4800000000000001,0.4858733813601965,1.95,betmgm,-0.05254690634761683,0.0,0.01679021757835686,
Mark Andrews,TE,BAL,ATL,player_reception_yds,29.5,32.88434881761315,17,Full,,3,True,00-0034753,2026-10-12T00:20:00Z,"[{""w"": ""25W17"", ""opp"": ""GB"", ""v"": 28.0, ""cur"": false}, {""w"": ""25W18"", ""opp"": ""PIT"", ""v"": 14.0, ""cur"": false}, {""w"": ""W1"", ""opp"": ""IND"", ""v"": 49.0, ""cur"": true}, {""w"": ""W2"", ""opp"": ""NO"", ""v"": 49.0, ""cur"": true}, {""w"": ""W3"", ""opp"": ""DAL"", ""v"": 24.0, ""cur"": true}, {""w"": ""W4"", ""opp"": ""TEN"", ""v"": 27.0, ""cur"": true}]",Over,0.4956074243350268,0.49206349206349204,0.4933037958668858,1.92,draftkings,-0.05285671193557934,0.0,0.0035439322715347665,
Carnell Tate,WR,TEN,HOU,player_receptions,4.5,5.326720369701294,4,,,5,True,00-0041438,2026-10-11T17:00:00Z,"[{""w"": ""W1"", ""opp"": ""NYJ"", ""v"": 4.0, ""cur"": true}, {""w"": ""W2"", ""opp"": ""PHI"", ""v"": 3.0, ""cur"": true}, {""w"": ""W3"", ""opp"": ""NYG"", ""v"": 6.0, ""cur"": true}, {""w"": ""W4"", ""opp"": ""BAL"", ""v"": 9.0, ""cur"": true}]",Under,0.41472938938687975,0.4330708661417323,0.42662776604048136,2.22,draftkings,-0.05288635939013131,0.0,-0.018341476754852537,
Amon-Ra St. Brown,WR,DET,ARI,player_receptions,6.5,7.489222037081815,17,,,2,True,00-0036963,2026-10-11T20:25:00Z,"[{""w"": ""25W17"", ""opp"": ""MIN"", ""v"": 8.0, ""cur"": false}, {""w"": ""25W18"", ""opp"": ""CHI"", ""v"": 11.0, ""cur"": false}, {""w"": ""W1"", ""opp"": ""NO"", ""v"": 10.0, ""cur"": true}, {""w"": ""W2"", ""opp"": ""BUF"", ""v"": 9.0, ""cur"": true}, {""w"": ""W3"", ""opp"": ""NYJ"", ""v"": 4.0, ""cur"": true}, {""w"": ""W4"", ""opp"": ""CAR"", ""v"": 8.0, ""cur"": true}]",Under,0.4241894430635847,0.43389324218213,0.43049074725088343,2.2,fanduel,-0.05292035604805634,0.0,-0.009703799118545298,
Christian McCaffrey,RB,SF,SEA,player_rush_yds,53.5,59.79061828282774,17,,,5,True,00-0033280,2026-10-11T20:25:00Z,"[{""w"": ""25W17"", ""opp"": ""CHI"", ""v"": 140.0, ""cur"": false}, {""w"": ""25W18"", ""opp"": ""SEA"", ""v"": 23.0, ""cur"": false}, {""w"": ""W1"", ""opp"": ""LA"", ""v"": 68.0, ""cur"": true}, {""w"": ""W2"", ""opp"": ""MIA"", ""v"": 23.0, ""cur"": true}, {""w"": ""W3"", ""opp"": ""ARI"", ""v"": 75.0, ""cur"": true}, {""w"": ""W4"", ""opp"": ""DEN"", ""v"": 52.0, ""cur"": true}]",Under,0.5057769779959262,0.5026595744680851,0.5037507016320737,1.88,draftkings,-0.05294868093170152,0.0,0.0031174035278411782,
Harold Fannin Jr.,TE,CLE,NYJ,player_receptions,3.5,4.2338986105947995,17,,,1,True,00-0040663,2026-10-11T17:00:00Z,"[{""w"": ""25W16"", ""opp"": ""BUF"", ""v"": 4.0, ""cur"": false}, {""w"": ""25W17"", ""opp"": ""PIT"", ""v"": 2.0, ""cur"": false}, {""w"": ""W1"", ""opp"": ""JAX"", ""v"": 2.0, ""cur"": true}, {""w"": ""W2"", ""opp"": ""TB"", ""v"": 5.0, ""cur"": true}, {""w"": ""W3"", ""opp"": ""CAR"", ""v"": 7.0, ""cur"": true}, {""w"": ""W4"", ""opp"": ""PIT"", ""v"": 3.0, ""cur"": true}]",Over,0.5980510607132251,0.582901554404145,0.5882232694566749,1.61,betmgm,-0.052960536174753325,0.0,0.015149506309080074,
Zay Flowers,WR,BAL,ATL,player_reception_yds,68.5,78.61246892644257,17,Limited,,1,True,00-0039064,2026-10-12T00:20:00Z,"[{""w"": ""25W16"", ""opp"": ""NE"", ""v"": 84.0, ""cur"": false}, {""w"": ""25W17"", ""opp"": ""GB"", ""v"": 30.0, ""cur"": false}, {""w"": ""25W18"", ""opp"": ""PIT"", ""v"": 138.0, ""cur"": false}, {""w"": ""W1"", ""opp"": ""IND"", ""v"": 150.0, ""cur"": true}, {""w"": ""W3"", ""opp"": ""DAL"", ""v"": 84.0, ""cur"": true}, {""w"": ""W4"", ""opp"": ""TEN"", ""v"": 118.0, ""cur"": true}]",Under,0.5106482750187801,0.5,0.5037273907952182,1.88,fanduel,-0.05299250530498978,0.0,0.010648275018780073,
CeeDee Lamb,WR,DAL,TB,player_reception_yds,82.5,98.99979445366223,17,Full,,3,True,00-0036358,2026-10-09T00:15:00Z,"[{""w"": ""25W17"", ""opp"": ""WAS"", ""v"": 46.0, ""cur"": false}, {""w"": ""25W18"", ""opp"": ""NYG"", ""v"": 4.0, ""cur"": false}, {""w"": ""W1"", ""opp"": ""NYG"", ""v"": 44.0, ""cur"": true}, {""w"": ""W2"", ""opp"": ""WAS"", ""v"": 153.0, ""cur"": true}, {""w"": ""W3"", ""opp"": ""BAL"", ""v"": 112.0, ""cur"": true}, {""w"": ""W4"", ""opp"": ""HOU"", ""v"": 189.0, ""cur"": true}]",Over,0.5105444761354463,0.5,0.503691046862023,1.88,draftkings,-0.0530608318993967,0.0,0.01054447613544629,
Michael Mayer,TE,LV,NE,player_reception_yds,28.5,35.74114866652113,17,,,1,True,00-0039066,2026-10-11T17:00:00Z,"[{""w"": ""25W17"", ""opp"": ""NYG"", ""v"": 89.0, ""cur"": false}, {""w"": ""25W18"", ""opp"": ""KC"", ""v"": 47.0, ""cur"": false}, {""w"": ""W1"", ""opp"": ""MIA"", ""v"": 32.0, ""cur"": true}, {""w"": ""W2"", ""opp"": ""LAC"", ""v"": 23.0, ""cur"": true}, {""w"": ""W3"", ""opp"": ""NO"", ""v"": 32.0, ""cur"": true}, {""w"": ""W4"", ""opp"": ""KC"", ""v"": 82.0, ""cur"": true}]",Over,0.5102746984517263,0.5,0.5035965887436935,1.88,fanduel,-0.053238413161856235,0.0,0.01027469845172635,
Blake Corum,RB,LA,BUF,player_rush_yds,32.5,40.22182137555156,17,,,2,True,00-0039738,2026-10-13T00:15:00Z,"[{""w"": ""25W17"", ""opp"": ""ATL"", ""v"": 18.0, ""cur"": false}, {""w"": ""25W18"", ""opp"": ""ARI"", ""v"": 59.0, ""cur"": false}, {""w"": ""W1"", ""opp"": ""SF"", ""v"": 54.0, ""cur"": true}, {""w"": ""W2"", ""opp"": ""NYG"", ""v"": 79.0, ""cur"": true}, {""w"": ""W3"", ""opp"": ""DEN"", ""v"": 15.0, ""cur"": true}, {""w"": ""W4"", ""opp"": ""PHI"", ""v"": 14.0, ""cur"": true}]",Over,0.5026014146879512,0.5,0.5009105023500173,1.89,draftkings,-0.053279150558467325,0.0,0.0026014146879511646,
Bo Nix,QB,DEN,LAC,player_pass_yds,217.5,224.708889381141,17,,,1,True,00-0039732,2026-10-11T20:05:00Z,"[{""w"": ""25W17"", ""opp"": ""KC"", ""v"": 182.0, ""cur"": false}, {""w"": ""25W18"", ""opp"": ""LAC"", ""v"": 141.0, ""cur"": false}, {""w"": ""W1"", ""opp"": ""KC"", ""v"": 131.0, ""cur"": true}, {""w"": ""W2"", ""opp"": ""JAX"", ""v"": 288.0, ""cur"": true}, {""w"": ""W3"", ""opp"": ""LA"", ""v"": 186.0, ""cur"": true}, {""w"": ""W4"", ""opp"": ""SF"", ""v"": 214.0, ""cur"": true}]",Under,0.5178097359342407,0.5,0.506235722465632,1.87,betrivers,-0.053339198989268144,0.0,0.017809735934240734,
Carnell Tate,WR,TEN,HOU,player_reception_yds,52.5,64.19641019958024,4,,,1,True,00-0041438,2026-10-11T17:00:00Z,"[{""w"": ""W1"", ""opp"": ""NYJ"", ""v"": 38.0, ""cur"": true}, {""w"": ""W2"", ""opp"": ""PHI"", ""v"": 27.0, ""cur"": true}, {""w"": ""W3"", ""opp"": ""NYG"", ""v"": 58.0, ""cur"": true}, {""w"": ""W4"", ""opp"": ""BAL"", ""v"": 145.0, ""cur"": true}]",Under,0.5098584617421255,0.5,0.5034508540507809,1.88,fanduel,-0.05351239438453187,0.0,0.009858461742125457,
RJ Harvey,RB,DEN,LAC,player_reception_yds,26.5,32.97138283486797,17,,,4,True,00-0040730,2026-10-11T20:05:00Z,"[{""w"": ""25W16"", ""opp"": ""JAX"", ""v"": 71.0, ""cur"": false}, {""w"": ""25W17"", ""opp"": ""KC"", ""v"": 33.0, ""cur"": false}, {""w"": ""25W18"", ""opp"": ""LAC"", ""v"": 5.0, ""cur"": false}, {""w"": ""W1"", ""opp"": ""KC"", ""v"": 23.0, ""cur"": true}, {""w"": ""W3"", ""opp"": ""LA"", ""v"": 41.0, ""cur"": true}, {""w"": ""W4"", ""opp"": ""SF"", ""v"": 68.0, ""cur"": true}]",Over,0.49631127545922327,0.5072769887161062,0.5034392454224562,1.88,fanduel,-0.05353421860578239,0.0,-0.010965713256882892,
C.J. Stroud,QB,HOU,TEN,player_rush_yds,9.5,12.226501396808851,17,,,2,True,00-0039163,2026-10-11T17:00:00Z,"[{""w"": ""25W17"", ""opp"": ""LAC"", ""v"": 0.0, ""cur"": false}, {""w"": ""25W18"", ""opp"": ""IND"", ""v"": 5.0, ""cur"": false}, {""w"": ""W1"", ""opp"": ""BUF"", ""v"": 15.0, ""cur"": true}, {""w"": ""W2"", ""opp"": ""CIN"", ""v"": 29.0, ""cur"": true}, {""w"": ""W3"", ""opp"": ""IND"", ""v"": 10.0, ""cur"": true}, {""w"": ""W4"", ""opp"": ""DAL"", ""v"": 12.0, ""cur"": true}]",Over,0.49976508472694725,0.5053475935828877,0.5033937958999262,1.88,fanduel,-0.053619663708138865,0.0,-0.005582508855940471,
Michael Mayer,TE,LV,NE,player_receptions,3.5,3.8196041797740676,17,,,6,True,00-0039066,2026-10-11T17:00:00Z,"[{""w"": ""25W17"", ""opp"": ""NYG"", ""v"": 9.0, ""cur"": false}, {""w"": ""25W18"", ""opp"": ""KC"", ""v"": 3.0, ""cur"": false}, {""w"": ""W1"", ""opp"": ""MIA"", ""v"": 6.0, ""cur"": true}, {""w"": ""W2"", ""opp"": ""LAC"", ""v"": 3.0, ""cur"": true}, {""w"": ""W3"", ""opp"": ""NO"", ""v"": 3.0, ""cur"": true}, {""w"": ""W4"", ""opp"": ""KC"", ""v"": 8.0, ""cur"": true}]",Over,0.48692982917934674,0.5,0.4954245255494658,1.91,betrivers,-0.05373915620052033,0.0,-0.01307017082065326,
DK Metcalf,WR,PIT,IND,player_reception_yds,49.5,60.55407058618882,17,,,2,True,00-0035640,2026-10-11T17:00:00Z,"[{""w"": ""25W15"", ""opp"": ""MIA"", ""v"": 55.0, ""cur"": false}, {""w"": ""25W16"", ""opp"": ""DET"", ""v"": 42.0, ""cur"": false}, {""w"": ""W1"", ""opp"": ""ATL"", ""v"": 40.0, ""cur"": true}, {""w"": ""W2"", ""opp"": ""NE"", ""v"": 27.0, ""cur"": true}, {""w"": ""W3"", ""opp"": ""CIN"", ""v"": 31.0, ""cur"": true}, {""w"": ""W4"", ""opp"": ""CLE"", ""v"": 115.0, ""cur"": true}]",Under,0.496733107597182,0.4986772486772486,0.49799679174030004,1.9,draftkings,-0.05380609569342992,0.0,-0.0019441410800666303,
CeeDee Lamb,WR,DAL,TB,player_receptions,5.5,7.306643476526636,17,Full,,1,True,00-0036358,2026-10-09T00:15:00Z,"[{""w"": ""25W17"", ""opp"": ""WAS"", ""v"": 5.0, ""cur"": false}, {""w"": ""25W18"", ""opp"": ""NYG"", ""v"": 1.0, ""cur"": false}, {""w"": ""W1"", ""opp"": ""NYG"", ""v"": 5.0, ""cur"": true}, {""w"": ""W2"", ""opp"": ""WAS"", ""v"": 8.0, ""cur"": true}, {""w"": ""W3"", ""opp"": ""BAL"", ""v"": 7.0, ""cur"": true}, {""w"": ""W4"", ""opp"": ""HOU"", ""v"": 17.0, ""cur"": true}]",Over,0.606053785252255,0.5833333333333334,0.5913311412619563,1.6,fanduel,-0.05387017398086985,0.0,0.02272045191892158,
James Cook,RB,BUF,LA,player_rush_yds,76.5,86.22955217345829,17,,,2,True,00-0037248,2026-10-13T00:15:00Z,"[{""w"": ""25W17"", ""opp"": ""PHI"", ""v"": 74.0, ""cur"": false}, {""w"": ""25W18"", ""opp"": ""NYJ"", ""v"": 15.0, ""cur"": false}, {""w"": ""W1"", ""opp"": ""HOU"", ""v"": 57.0, ""cur"": true}, {""w"": ""W2"", ""opp"": ""DET"", ""v"": 135.0, ""cur"": true}, {""w"": ""W3"", ""opp"": ""LAC"", ""v"": 154.0, ""cur"": true}, {""w"": ""W4"", ""opp"": ""NE"", ""v"": 75.0, ""cur"": true}]",Over,0.49644688630717126,0.4986772486772487,0.49789661131616153,1.9,draftkings,-0.05399643849929309,0.0,-0.0022303623700774544,
Ashton Jeanty,RB,LV,NE,player_rush_yds,59.5,66.51560988243777,17,,,2,True,00-0040122,2026-10-11T17:00:00Z,"[{""w"": ""25W17"", ""opp"": ""NYG"", ""v"": 60.0, ""cur"": false}, {""w"": ""25W18"", ""opp"": ""KC"", ""v"": 87.0, ""cur"": false}, {""w"": ""W1"", ""opp"": ""MIA"", ""v"": 102.0, ""cur"": true}, {""w"": ""W2"", ""opp"": ""LAC"", ""v"": 48.0, ""cur"": true}, {""w"": ""W3"", ""opp"": ""NO"", ""v"": 56.0, ""cur"": true}, {""w"": ""W4"", ""opp"": ""KC"", ""v"": 58.0, ""cur"": true}]",Over,0.5090953632993414,0.5,0.5031836853268234,1.88,betonlineag,-0.054014671585571994,0.0,0.009095363299341352,
Pat Freiermuth,TE,PIT,IND,player_reception_yds,26.5,32.27748040993976,17,,,1,True,00-0036894,2026-10-11T17:00:00Z,"[{""w"": ""25W17"", ""opp"": ""CLE"", ""v"": 63.0, ""cur"": false}, {""w"": ""25W18"", ""opp"": ""BAL"", ""v"": 51.0, ""cur"": false}, {""w"": ""W1"", ""opp"": ""ATL"", ""v"": 46.0, ""cur"": true}, {""w"": ""W2"", ""opp"": ""NE"", ""v"": 32.0, ""cur"": true}, {""w"": ""W3"", ""opp"": ""CIN"", ""v"": 30.0, ""cur"": true}, {""w"": ""W4"", ""opp"": ""CLE"", ""v"": 17.0, ""cur"": true}]",Over,0.5246245550238147,0.5040214477211796,0.5112376770827076,1.85,betrivers,-0.05421029739699079,0.0,0.020603107302635038,
Amon-Ra St. Brown,WR,DET,ARI,player_reception_yds,78.5,93.28553010358591,17,,,1,True,00-0036963,2026-10-11T20:25:00Z,"[{""w"": ""25W17"", ""opp"": ""MIN"", ""v"": 68.0, ""cur"": false}, {""w"": ""25W18"", ""opp"": ""CHI"", ""v"": 139.0, ""cur"": false}, {""w"": ""W1"", ""opp"": ""NO"", ""v"": 67.0, ""cur"": true}, {""w"": ""W2"", ""opp"": ""BUF"", ""v"": 142.0, ""cur"": true}, {""w"": ""W3"", ""opp"": ""NYJ"", ""v"": 19.0, ""cur"": true}, {""w"": ""W4"", ""opp"": ""CAR"", ""v"": 75.0, ""cur"": true}]",Over,0.50862076258906,0.5,0.5030175293051284,1.88,fanduel,-0.05432704490635859,0.0,0.008620762589059972,
Amon-Ra St. Brown,WR,DET,ARI,player_reception_yds,81.5,93.28553010358591,17,,,2,True,00-0036963,2026-10-11T20:25:00Z,"[{""w"": ""25W17"", ""opp"": ""MIN"", ""v"": 68.0, ""cur"": false}, {""w"": ""25W18"", ""opp"": ""CHI"", ""v"": 139.0, ""cur"": false}, {""w"": ""W1"", ""opp"": ""NO"", ""v"": 67.0, ""cur"": true}, {""w"": ""W2"", ""opp"": ""BUF"", ""v"": 142.0, ""cur"": true}, {""w"": ""W3"", ""opp"": ""NYJ"", ""v"": 19.0, ""cur"": true}, {""w"": ""W4"", ""opp"": ""CAR"", ""v"": 75.0, ""cur"": true}]",Under,0.5123330921942958,0.5020107238605898,0.5056241983539805,1.87,betmgm,-0.054482749078056336,0.0,0.010322368333706033,
Jahan Dotson,WR,ATL,BAL,player_reception_yds,18.5,24.44607261250215,17,,,1,True,00-0037741,2026-10-12T00:20:00Z,"[{""w"": ""25W17"", ""opp"": ""BUF"", ""v"": 0.0, ""cur"": false}, {""w"": ""25W18"", ""opp"": ""WAS"", ""v"": 40.0, ""cur"": false}, {""w"": ""W1"", ""opp"": ""PIT"", ""v"": 19.0, ""cur"": true}, {""w"": ""W2"", ""opp"": ""CAR"", ""v"": 11.0, ""cur"": true}, {""w"": ""W3"", ""opp"": ""GB"", ""v"": 11.0, ""cur"": true}, {""w"": ""W4"", ""opp"": ""NO"", ""v"": 54.0, ""cur"": true}]",Over,0.5160253608935992,0.5,0.5056105625678691,1.87,betmgm,-0.05450824799808479,0.0,0.016025360893599183,
Bucky Irving,RB,TB,DAL,player_receptions,2.5,2.542691918459357,14,,,6,True,00-0039361,2026-10-09T00:15:00Z,"[{""w"": ""25W17"", ""opp"": ""MIA"", ""v"": 5.0, ""cur"": false}, {""w"": ""25W18"", ""opp"": ""CAR"", ""v"": 1.0, ""cur"": false}, {""w"": ""W1"", ""opp"": ""CIN"", ""v"": 7.0, ""cur"": true}, {""w"": ""W2"", ""opp"": ""CLE"", ""v"": 4.0, ""cur"": true}, {""w"": ""W3"", ""opp"": ""MIN"", ""v"": 2.0, ""cur"": true}, {""w"": ""W4"", ""opp"": ""GB"", ""v"": 0.0, ""cur"": true}]",Under,0.576442267452938,0.5760718102736854,0.5762014800344841,1.64,draftkings,-0.055029572743446,0.0,0.000370457179252659,
AJ Barner,TE,SEA,SF,player_reception_yds,22.5,28.709759833188937,17,,,2,True,00-0039793,2026-10-11T20:25:00Z,"[{""w"": ""25W17"", ""opp"": ""CAR"", ""v"": 43.0, ""cur"": false}, {""w"": ""25W18"", ""opp"": ""SF"", ""v"": 14.0, ""cur"": false}, {""w"": ""W1"", ""opp"": ""NE"", ""v"": 13.0, ""cur"": true}, {""w"": ""W2"", ""opp"": ""ARI"", ""v"": 8.0, ""cur"": true}, {""w"": ""W3"", ""opp"": ""WAS"", ""v"": 69.0, ""cur"": true}, {""w"": ""W4"", ""opp"": ""LAC"", ""v"": 12.0, ""cur"": true}]",Over,0.49891016855908454,0.5086457466171884,0.5052386621827564,1.87,draftkings,-0.05520370171824551,0.0,-0.009735578058103878,
Amon-Ra St. Brown,WR,DET,ARI,player_receptions,7.5,7.489222037081815,17,,,4,True,00-0036963,2026-10-11T20:25:00Z,"[{""w"": ""25W17"", ""opp"": ""MIN"", ""v"": 8.0, ""cur"": false}, {""w"": ""25W18"", ""opp"": ""CHI"", ""v"": 11.0, ""cur"": false}, {""w"": ""W1"", ""opp"": ""NO"", ""v"": 10.0, ""cur"": true}, {""w"": ""W2"", ""opp"": ""BUF"", ""v"": 9.0, ""cur"": true}, {""w"": ""W3"", ""opp"": ""NYJ"", ""v"": 4.0, ""cur"": true}, {""w"": ""W4"", ""opp"": ""CAR"", ""v"": 8.0, ""cur"": true}]",Under,0.5430946058053526,0.5428204416053326,0.5429164020346001,1.74,bovada,-0.055325460459795806,0.0,0.00027416420002002173,
KC Concepcion,WR,CLE,NYJ,player_reception_yds,39.5,44.09480559680307,4,,,1,True,00-0041547,2026-10-11T17:00:00Z,"[{""w"": ""W1"", ""opp"": ""JAX"", ""v"": 43.0, ""cur"": true}, {""w"": ""W2"", ""opp"": ""TB"", ""v"": 28.0, ""cur"": true}, {""w"": ""W3"", ""opp"": ""CAR"", ""v"": 9.0, ""cur"": true}, {""w"": ""W4"", ""opp"": ""PIT"", ""v"": 64.0, ""cur"": true}]",Under,0.5395906186371935,0.5305039787798409,0.5336869152849888,1.77,betonlineag,-0.05537415994556982,0.0,0.009086639857352585,
Bijan Robinson,RB,ATL,BAL,player_receptions,3.5,3.6457427621295637,17,,,6,True,00-0038542,2026-10-12T00:20:00Z,"[{""w"": ""25W17"", ""opp"": ""LA"", ""v"": 5.0, ""cur"": false}, {""w"": ""25W18"", ""opp"": ""NO"", ""v"": 3.0, ""cur"": false}, {""w"": ""W1"", ""opp"": ""PIT"", ""v"": 8.0, ""cur"": true}, {""w"": ""W2"", ""opp"": ""CAR"", ""v"": 3.0, ""cur"": true}, {""w"": ""W3"", ""opp"": ""GB"", ""v"": 2.0, ""cur"": true}, {""w"": ""W4"", ""opp"": ""NO"", ""v"": 1.0, ""cur"": true}]",Over,0.4573630274273521,0.5146276595744681,0.49455163783359857,1.91,betmgm,-0.055406371737826754,0.0,-0.057264632147116024,
Chris Godwin,WR,TB,DAL,player_reception_yds,31.5,38.12511032347244,13,,,1,True,00-0033921,2026-10-09T00:15:00Z,"[{""w"": ""25W17"", ""opp"": ""MIA"", ""v"": 108.0, ""cur"": false}, {""w"": ""25W18"", ""opp"": ""CAR"", ""v"": 8.0, ""cur"": false}, {""w"": ""W1"", ""opp"": ""CIN"", ""v"": 40.0, ""cur"": true}, {""w"": ""W2"", ""opp"": ""CLE"", ""v"": 46.0, ""cur"": true}, {""w"": ""W3"", ""opp"": ""MIN"", ""v"": 25.0, ""cur"": true}, {""w"": ""W4"", ""opp"": ""GB"", ""v"": 31.0, ""cur"": true}]",Over,0.5143093327594894,0.4959785522788205,0.5023956187255154,1.88,betrivers,-0.05549623679603105,0.0,0.01833078048066894,
Brock Purdy,QB,SF,SEA,player_rush_yds,20.5,23.708218380664913,13,,,1,True,00-0037834,2026-10-11T20:25:00Z,"[{""w"": ""25W17"", ""opp"": ""CHI"", ""v"": 28.0, ""cur"": false}, {""w"": ""25W18"", ""opp"": ""SEA"", ""v"": 21.0, ""cur"": false}, {""w"": ""W1"", ""opp"": ""LA"", ""v"": 29.0, ""cur"": true}, {""w"": ""W2"", ""opp"": ""MIA"", ""v"": 30.0, ""cur"": true}, {""w"": ""W3"", ""opp"": ""ARI"", ""v"": 34.0, ""cur"": true}, {""w"": ""W4"", ""opp"": ""DEN"", ""v"": 29.0, ""cur"": true}]",Under,0.5068023805626787,0.5,0.5023809621052656,1.88,betonlineag,-0.05552379124210072,0.0,0.006802380562678678,
James Cook,RB,BUF,LA,player_rush_yds,76.5,86.22955217345829,17,,,2,True,00-0037248,2026-10-13T00:15:00Z,"[{""w"": ""25W17"", ""opp"": ""PHI"", ""v"": 74.0, ""cur"": false}, {""w"": ""25W18"", ""opp"": ""NYJ"", ""v"": 15.0, ""cur"": false}, {""w"": ""W1"", ""opp"": ""HOU"", ""v"": 57.0, ""cur"": true}, {""w"": ""W2"", ""opp"": ""DET"", ""v"": 135.0, ""cur"": true}, {""w"": ""W3"", ""opp"": ""LAC"", ""v"": 154.0, ""cur"": true}, {""w"": ""W4"", ""opp"": ""NE"", ""v"": 75.0, ""cur"": true}]",Under,0.5035531136928287,0.5013227513227513,0.5021033886838385,1.88,draftkings,-0.05604562927438361,0.0,0.0022303623700774544,
DK Metcalf,WR,PIT,IND,player_reception_yds,49.5,60.55407058618882,17,,,2,True,00-0035640,2026-10-11T17:00:00Z,"[{""w"": ""25W15"", ""opp"": ""MIA"", ""v"": 55.0, ""cur"": false}, {""w"": ""25W16"", ""opp"": ""DET"", ""v"": 42.0, ""cur"": false}, {""w"": ""W1"", ""opp"": ""ATL"", ""v"": 40.0, ""cur"": true}, {""w"": ""W2"", ""opp"": ""NE"", ""v"": 27.0, ""cur"": true}, {""w"": ""W3"", ""opp"": ""CIN"", ""v"": 31.0, ""cur"": true}, {""w"": ""W4"", ""opp"": ""CLE"", ""v"": 115.0, ""cur"": true}]",Over,0.5032668924028181,0.5013227513227514,0.5020032082596999,1.88,draftkings,-0.056233968471764206,0.0,0.0019441410800666858,
Evan Engram,TE,DEN,LAC,player_reception_yds,17.5,23.08799085639976,17,,,4,True,00-0033881,2026-10-11T20:05:00Z,"[{""w"": ""25W17"", ""opp"": ""KC"", ""v"": 21.0, ""cur"": false}, {""w"": ""25W18"", ""opp"": ""LAC"", ""v"": 45.0, ""cur"": false}, {""w"": ""W1"", ""opp"": ""KC"", ""v"": 43.0, ""cur"": true}, {""w"": ""W2"", ""opp"": ""JAX"", ""v"": 17.0, ""cur"": true}, {""w"": ""W3"", ""opp"": ""LA"", ""v"": 0.0, ""cur"": true}, {""w"": ""W4"", ""opp"": ""SF"", ""v"": 6.0, ""cur"": true}]",Under,0.4856585771449992,0.49867021276595747,0.4941150328310687,1.91,draftkings,-0.056240287292658675,0.0,-0.01301163562095825,
Marvin Mims Jr.,WR,DEN,LAC,player_reception_yds,11.5,16.43620585730451,17,,,2,True,00-0038976,2026-10-11T20:05:00Z,"[{""w"": ""25W15"", ""opp"": ""GB"", ""v"": 29.0, ""cur"": false}, {""w"": ""25W16"", ""opp"": ""JAX"", ""v"": 26.0, ""cur"": false}, {""w"": ""25W17"", ""opp"": ""KC"", ""v"": 10.0, ""cur"": false}, {""w"": ""25W18"", ""opp"": ""LAC"", ""v"": 10.0, ""cur"": false}, {""w"": ""W1"", ""opp"": ""KC"", ""v"": 0.0, ""cur"": true}, {""w"": ""W4"", ""opp"": ""SF"", ""v"": 10.0, ""cur"": true}]",Under,0.4870617950611465,0.4900349921690912,0.48899428220716856,1.93,draftkings,-0.056241035340164724,0.0,-0.0029731971079446917,
Deebo Samuel,WR,SF,SEA,player_reception_yds,33.5,37.86529490496694,17,,,1,True,00-0035719,2026-10-11T20:25:00Z,"[{""w"": ""25W17"", ""opp"": ""DAL"", ""v"": 68.0, ""cur"": false}, {""w"": ""25W18"", ""opp"": ""PHI"", ""v"": 20.0, ""cur"": false}, {""w"": ""W1"", ""opp"": ""LA"", ""v"": 48.0, ""cur"": true}, {""w"": ""W2"", ""opp"": ""MIA"", ""v"": 31.0, ""cur"": true}, {""w"": ""W3"", ""opp"": ""ARI"", ""v"": 80.0, ""cur"": true}, {""w"": ""W4"", ""opp"": ""DEN"", ""v"": 26.0, ""cur"": true}]",Under,0.521484199523141,0.5040214477211795,0.5101367109302047,1.85,betrivers,-0.05624708477912116,0.0,0.01746275180196144,
James Cook,RB,BUF,LA,player_rush_yds,74.5,86.22955217345829,17,,,1,True,00-0037248,2026-10-13T00:15:00Z,"[{""w"": ""25W17"", ""opp"": ""PHI"", ""v"": 74.0, ""cur"": false}, {""w"": ""25W18"", ""opp"": ""NYJ"", ""v"": 15.0, ""cur"": false}, {""w"": ""W1"", ""opp"": ""HOU"", ""v"": 57.0, ""cur"": true}, {""w"": ""W2"", ""opp"": ""DET"", ""v"": 135.0, ""cur"": true}, {""w"": ""W3"", ""opp"": ""LAC"", ""v"": 154.0, ""cur"": true}, {""w"": ""W4"", ""opp"": ""NE"", ""v"": 75.0, ""cur"": true}]",Over,0.5130915047466371,0.4959785522788205,0.5019690665975818,1.88,betrivers,-0.05629815479654626,0.0,0.017112952467816633,
Rashid Shaheed,WR,SEA,SF,player_reception_yds,20.5,25.69674842212687,17,,,2,True,00-0037545,2026-10-11T20:25:00Z,"[{""w"": ""25W17"", ""opp"": ""CAR"", ""v"": 8.0, ""cur"": false}, {""w"": ""25W18"", ""opp"": ""SF"", ""v"": 2.0, ""cur"": false}, {""w"": ""W1"", ""opp"": ""NE"", ""v"": 4.0, ""cur"": true}, {""w"": ""W2"", ""opp"": ""ARI"", ""v"": 35.0, ""cur"": true}, {""w"": ""W3"", ""opp"": ""WAS"", ""v"": 14.0, ""cur"": true}, {""w"": ""W4"", ""opp"": ""LAC"", ""v"": 20.0, ""cur"": true}]",Under,0.5054886850850211,0.5,0.5019211074951943,1.88,betonlineag,-0.05638831790903487,0.0,0.005488685085021094,
Kendrick Bourne,WR,ARI,DET,player_receptions,2.5,2.7997947337438913,17,,,5,True,00-0033307,2026-10-11T20:25:00Z,"[{""w"": ""25W16"", ""opp"": ""IND"", ""v"": 3.0, ""cur"": false}, {""w"": ""25W17"", ""opp"": ""CHI"", ""v"": 1.0, ""cur"": false}, {""w"": ""25W18"", ""opp"": ""SEA"", ""v"": 0.0, ""cur"": false}, {""w"": ""W1"", ""opp"": ""LAC"", ""v"": 8.0, ""cur"": true}, {""w"": ""W2"", ""opp"": ""SEA"", ""v"": 2.0, ""cur"": true}, {""w"": ""W3"", ""opp"": ""SF"", ""v"": 2.0, ""cur"": true}]",Under,0.5493878451214924,0.5578947368421053,0.5549209263000009,1.7,draftkings,-0.05663442528999851,0.0,-0.008506891720612919,
Blake Corum,RB,LA,BUF,player_rush_yds,32.5,40.22182137555156,17,,,2,True,00-0039738,2026-10-13T00:15:00Z,"[{""w"": ""25W17"", ""opp"": ""ATL"", ""v"": 18.0, ""cur"": false}, {""w"": ""25W18"", ""opp"": ""ARI"", ""v"": 59.0, ""cur"": false}, {""w"": ""W1"", ""opp"": ""SF"", ""v"": 54.0, ""cur"": true}, {""w"": ""W2"", ""opp"": ""NYG"", ""v"": 79.0, ""cur"": true}, {""w"": ""W3"", ""opp"": ""DEN"", ""v"": 15.0, ""cur"": true}, {""w"": ""W4"", ""opp"": ""PHI"", ""v"": 14.0, ""cur"": true}]",Under,0.4973985853120489,0.5,0.4990894976499827,1.89,draftkings,-0.05672084944153277,0.0,-0.002601414687951109,
Michael Mayer,TE,LV,NE,player_reception_yds,29.5,35.74114866652113,17,,,4,True,00-0039066,2026-10-11T17:00:00Z,"[{""w"": ""25W17"", ""opp"": ""NYG"", ""v"": 89.0, ""cur"": false}, {""w"": ""25W18"", ""opp"": ""KC"", ""v"": 47.0, ""cur"": false}, {""w"": ""W1"", ""opp"": ""MIA"", ""v"": 32.0, ""cur"": true}, {""w"": ""W2"", ""opp"": ""LAC"", ""v"": 23.0, ""cur"": true}, {""w"": ""W3"", ""opp"": ""NO"", ""v"": 32.0, ""cur"": true}, {""w"": ""W4"", ""opp"": ""KC"", ""v"": 82.0, ""cur"": true}]",Over,0.4936546107016295,0.5020107238605898,0.49908597307820474,1.89,draftkings,-0.05672751088219313,0.0,-0.008356113158960232,
James Cook,RB,BUF,LA,player_rush_yds,75.5,86.22955217345829,17,,,3,True,00-0037248,2026-10-13T00:15:00Z,"[{""w"": ""25W17"", ""opp"": ""PHI"", ""v"": 74.0, ""cur"": false}, {""w"": ""25W18"", ""opp"": ""NYJ"", ""v"": 15.0, ""cur"": false}, {""w"": ""W1"", ""opp"": ""HOU"", ""v"": 57.0, ""cur"": true}, {""w"": ""W2"", ""opp"": ""DET"", ""v"": 135.0, ""cur"": true}, {""w"": ""W3"", ""opp"": ""LAC"", ""v"": 154.0, ""cur"": true}, {""w"": ""W4"", ""opp"": ""NE"", ""v"": 75.0, ""cur"": true}]",Over,0.5047330152680607,0.5,0.5016565987637459,1.88,betonlineag,-0.056885594324157684,0.0,0.004733015268060692,
CeeDee Lamb,WR,DAL,TB,player_reception_yds,82.5,98.99979445366223,17,Full,,3,True,00-0036358,2026-10-09T00:15:00Z,"[{""w"": ""25W17"", ""opp"": ""WAS"", ""v"": 46.0, ""cur"": false}, {""w"": ""25W18"", ""opp"": ""NYG"", ""v"": 4.0, ""cur"": false}, {""w"": ""W1"", ""opp"": ""NYG"", ""v"": 44.0, ""cur"": true}, {""w"": ""W2"", ""opp"": ""WAS"", ""v"": 153.0, ""cur"": true}, {""w"": ""W3"", ""opp"": ""BAL"", ""v"": 112.0, ""cur"": true}, {""w"": ""W4"", ""opp"": ""HOU"", ""v"": 189.0, ""cur"": true}]",Under,0.48945552386455365,0.5,0.49630895313797696,1.9,draftkings,-0.0570129890378438,0.0,-0.010544476135446346,
Denzel Boston,WR,CLE,NYJ,player_receptions,3.5,3.2753956400538717,4,,,6,True,00-0041037,2026-10-11T17:00:00Z,"[{""w"": ""W1"", ""opp"": ""JAX"", ""v"": 2.0, ""cur"": true}, {""w"": ""W2"", ""opp"": ""TB"", ""v"": 5.0, ""cur"": true}, {""w"": ""W3"", ""opp"": ""CAR"", ""v"": 2.0, ""cur"": true}, {""w"": ""W4"", ""opp"": ""PIT"", ""v"": 4.0, ""cur"": true}]",Over,0.41407029894410713,0.44879645008552516,0.4365673899153572,2.16,draftkings,-0.05701443778282833,0.0,-0.03472615114141803,
Isaac TeSlaa,WR,DET,ARI,player_reception_yds,26.5,37.70295060749332,17,,,2,True,00-0040669,2026-10-11T20:25:00Z,"[{""w"": ""25W17"", ""opp"": ""MIN"", ""v"": 49.0, ""cur"": false}, {""w"": ""25W18"", ""opp"": ""CHI"", ""v"": 18.0, ""cur"": false}, {""w"": ""W1"", ""opp"": ""NO"", ""v"": 0.0, ""cur"": true}, {""w"": ""W2"", ""opp"": ""BUF"", ""v"": 26.0, ""cur"": true}, {""w"": ""W3"", ""opp"": ""NYJ"", ""v"": 66.0, ""cur"": true}, {""w"": ""W4"", ""opp"": ""CAR"", ""v"": 95.0, ""cur"": true}]",Over,0.5008777823274211,0.5060214762420854,0.5042212726245219,1.87,betonlineag,-0.057106220192144064,0.0,-0.0051436939146642935,
Darnell Mooney,WR,NYG,WAS,player_reception_yds,18.5,23.469173975944873,17,,,2,True,00-0036309,2026-10-11T17:00:00Z,"[{""w"": ""25W17"", ""opp"": ""LA"", ""v"": 35.0, ""cur"": false}, {""w"": ""25W18"", ""opp"": ""NO"", ""v"": 20.0, ""cur"": false}, {""w"": ""W1"", ""opp"": ""DAL"", ""v"": 27.0, ""cur"": true}, {""w"": ""W2"", ""opp"": ""LA"", ""v"": 48.0, ""cur"": true}, {""w"": ""W3"", ""opp"": ""TEN"", ""v"": 20.0, ""cur"": true}, {""w"": ""W4"", ""opp"": ""ARI"", ""v"": 0.0, ""cur"": true}]",Over,0.5080058060221799,0.49798927613941024,0.5014952895858583,1.88,betrivers,-0.057188855578586384,0.0,0.010016529882769687,
CeeDee Lamb,WR,DAL,TB,player_receptions,6.5,7.306643476526636,17,Full,,5,True,00-0036358,2026-10-09T00:15:00Z,"[{""w"": ""25W17"", ""opp"": ""WAS"", ""v"": 5.0, ""cur"": false}, {""w"": ""25W18"", ""opp"": ""NYG"", ""v"": 1.0, ""cur"": false}, {""w"": ""W1"", ""opp"": ""NYG"", ""v"": 5.0, ""cur"": true}, {""w"": ""W2"", ""opp"": ""WAS"", ""v"": 8.0, ""cur"": true}, {""w"": ""W3"", ""opp"": ""BAL"", ""v"": 7.0, ""cur"": true}, {""w"": ""W4"", ""opp"": ""HOU"", ""v"": 17.0, ""cur"": true}]",Under,0.49199179542229793,0.5106951871657754,0.5041497256296664,1.87,draftkings,-0.05724001307252374,0.0,-0.018703391743477515,
Pat Freiermuth,TE,PIT,IND,player_reception_yds,27.5,32.27748040993976,17,,,2,True,00-0036894,2026-10-11T17:00:00Z,"[{""w"": ""25W17"", ""opp"": ""CLE"", ""v"": 63.0, ""cur"": false}, {""w"": ""25W18"", ""opp"": ""BAL"", ""v"": 51.0, ""cur"": false}, {""w"": ""W1"", ""opp"": ""ATL"", ""v"": 46.0, ""cur"": true}, {""w"": ""W2"", ""opp"": ""NE"", ""v"": 32.0, ""cur"": true}, {""w"": ""W3"", ""opp"": ""CIN"", ""v"": 30.0, ""cur"": true}, {""w"": ""W4"", ""opp"": ""CLE"", ""v"": 17.0, ""cur"": true}]",Over,0.5038642391898323,0.5,0.5013525073462498,1.88,betonlineag,-0.05745728618905038,0.0,0.0038642391898322526,
Bijan Robinson,RB,ATL,BAL,player_rush_yds,88.5,103.58759363740505,17,,,4,True,00-0038542,2026-10-12T00:20:00Z,"[{""w"": ""25W17"", ""opp"": ""LA"", ""v"": 195.0, ""cur"": false}, {""w"": ""25W18"", ""opp"": ""NO"", ""v"": 33.0, ""cur"": false}, {""w"": ""W1"", ""opp"": ""PIT"", ""v"": 83.0, ""cur"": true}, {""w"": ""W2"", ""opp"": ""CAR"", ""v"": 72.0, ""cur"": true}, {""w"": ""W3"", ""opp"": ""GB"", ""v"": 194.0, ""cur"": true}, {""w"": ""W4"", ""opp"": ""NO"", ""v"": 145.0, ""cur"": true}]",Under,0.4835672132933085,0.49867021276595747,0.493382475188829,1.91,draftkings,-0.0576394723893367,0.0,-0.015102999472648981,
Michael Wilson,WR,ARI,DET,player_reception_yds,74.5,86.91911894267737,17,,,1,True,00-0038559,2026-10-11T20:25:00Z,"[{""w"": ""25W17"", ""opp"": ""CIN"", ""v"": 89.0, ""cur"": false}, {""w"": ""25W18"", ""opp"": ""LA"", ""v"": 99.0, ""cur"": false}, {""w"": ""W1"", ""opp"": ""LAC"", ""v"": 56.0, ""cur"": true}, {""w"": ""W2"", ""opp"": ""SEA"", ""v"": 18.0, ""cur"": true}, {""w"": ""W3"", ""opp"": ""SF"", ""v"": 89.0, ""cur"": true}, {""w"": ""W4"", ""opp"": ""NYG"", ""v"": 95.0, ""cur"": true}]",Under,0.48917525082271124,0.4800000000000001,0.4832101207381961,1.95,betmgm,-0.05774026456051773,0.0,0.009175250822711145,
Emeka Egbuka,WR,TB,DAL,player_reception_yds,35.5,43.21228711707941,17,,,2,True,00-0040129,2026-10-09T00:15:00Z,"[{""w"": ""25W17"", ""opp"": ""MIA"", ""v"": 20.0, ""cur"": false}, {""w"": ""25W18"", ""opp"": ""CAR"", ""v"": 8.0, ""cur"": false}, {""w"": ""W1"", ""opp"": ""CIN"", ""v"": 63.0, ""cur"": true}, {""w"": ""W2"", ""opp"": ""CLE"", ""v"": 16.0, ""cur"": true}, {""w"": ""W3"", ""opp"": ""MIN"", ""v"": 62.0, ""cur"": true}, {""w"": ""W4"", ""opp"": ""GB"", ""v"": 13.0, ""cur"": true}]",Over,0.5031095119181281,0.5,0.5010883414836633,1.88,fanduel,-0.05795391801071298,0.0,0.0031095119181281383,
Ashton Jeanty,RB,LV,NE,player_rush_yds,61.5,66.51560988243777,17,,,1,True,00-0040122,2026-10-11T17:00:00Z,"[{""w"": ""25W17"", ""opp"": ""NYG"", ""v"": 60.0, ""cur"": false}, {""w"": ""25W18"", ""opp"": ""KC"", ""v"": 87.0, ""cur"": false}, {""w"": ""W1"", ""opp"": ""MIA"", ""v"": 102.0, ""cur"": true}, {""w"": ""W2"", ""opp"": ""LAC"", ""v"": 48.0, ""cur"": true}, {""w"": ""W3"", ""opp"": ""NO"", ""v"": 56.0, ""cur"": true}, {""w"": ""W4"", ""opp"": ""KC"", ""v"": 58.0, ""cur"": true}]",Over,0.48543864407012927,0.49340369393139843,0.49061533841289995,1.92,draftkings,-0.058018550247232126,0.0,-0.007965049861269169,
Isaac TeSlaa,WR,DET,ARI,player_reception_yds,26.5,37.70295060749332,17,,,2,True,00-0040669,2026-10-11T20:25:00Z,"[{""w"": ""25W17"", ""opp"": ""MIN"", ""v"": 49.0, ""cur"": false}, {""w"": ""25W18"", ""opp"": ""CHI"", ""v"": 18.0, ""cur"": false}, {""w"": ""W1"", ""opp"": ""NO"", ""v"": 0.0, ""cur"": true}, {""w"": ""W2"", ""opp"": ""BUF"", ""v"": 26.0, ""cur"": true}, {""w"": ""W3"", ""opp"": ""NYJ"", ""v"": 66.0, ""cur"": true}, {""w"": ""W4"", ""opp"": ""CAR"", ""v"": 95.0, ""cur"": true}]",Under,0.4991222176725789,0.4939785237579146,0.4957787273754781,1.9,betmgm,-0.05802041798659163,0.0,0.0051436939146642935,
RJ Harvey,RB,DEN,LAC,player_receptions,3.5,4.509076737841415,17,,,3,True,00-0040730,2026-10-11T20:05:00Z,"[{""w"": ""25W16"", ""opp"": ""JAX"", ""v"": 4.0, ""cur"": false}, {""w"": ""25W17"", ""opp"": ""KC"", ""v"": 5.0, ""cur"": false}, {""w"": ""25W18"", ""opp"": ""LAC"", ""v"": 1.0, ""cur"": false}, {""w"": ""W1"", ""opp"": ""KC"", ""v"": 4.0, ""cur"": true}, {""w"": ""W3"", ""opp"": ""LA"", ""v"": 6.0, ""cur"": true}, {""w"": ""W4"", ""opp"": ""SF"", ""v"": 10.0, ""cur"": true}]",Over,0.5786662741880276,0.582901554404145,0.5814205637098777,1.62,betonlineag,-0.05809868678999802,0.0,-0.00423528021611741,
Jahan Dotson,WR,ATL,BAL,player_reception_yds,19.5,24.44607261250215,17,,,5,True,00-0037741,2026-10-12T00:20:00Z,"[{""w"": ""25W17"", ""opp"": ""BUF"", ""v"": 0.0, ""cur"": false}, {""w"": ""25W18"", ""opp"": ""WAS"", ""v"": 40.0, ""cur"": false}, {""w"": ""W1"", ""opp"": ""PIT"", ""v"": 19.0, ""cur"": true}, {""w"": ""W2"", ""opp"": ""CAR"", ""v"": 11.0, ""cur"": true}, {""w"": ""W3"", ""opp"": ""GB"", ""v"": 11.0, ""cur"": true}, {""w"": ""W4"", ""opp"": ""NO"", ""v"": 54.0, ""cur"": true}]",Over,0.49294193315484414,0.5053191489361702,0.5009870884667178,1.88,fanduel,-0.05814427368257058,0.0,-0.012377215781326112,
Michael Wilson,WR,ARI,DET,player_reception_yds,75.5,86.91911894267737,17,,,3,True,00-0038559,2026-10-11T20:25:00Z,"[{""w"": ""25W17"", ""opp"": ""CIN"", ""v"": 89.0, ""cur"": false}, {""w"": ""25W18"", ""opp"": ""LA"", ""v"": 99.0, ""cur"": false}, {""w"": ""W1"", ""opp"": ""LAC"", ""v"": 56.0, ""cur"": true}, {""w"": ""W2"", ""opp"": ""SEA"", ""v"": 18.0, ""cur"": true}, {""w"": ""W3"", ""opp"": ""SF"", ""v"": 89.0, ""cur"": true}, {""w"": ""W4"", ""opp"": ""NYG"", ""v"": 95.0, ""cur"": true}]",Over,0.5028187827863358,0.5,0.5009865831468436,1.88,betonlineag,-0.058145223683934044,0.0,0.0028187827863358494,
Zay Flowers,WR,BAL,ATL,player_reception_yds,67.5,78.61246892644257,17,Limited,,2,True,00-0039064,2026-10-12T00:20:00Z,"[{""w"": ""25W16"", ""opp"": ""NE"", ""v"": 84.0, ""cur"": false}, {""w"": ""25W17"", ""opp"": ""GB"", ""v"": 30.0, ""cur"": false}, {""w"": ""25W18"", ""opp"": ""PIT"", ""v"": 138.0, ""cur"": false}, {""w"": ""W1"", ""opp"": ""IND"", ""v"": 150.0, ""cur"": true}, {""w"": ""W3"", ""opp"": ""DAL"", ""v"": 84.0, ""cur"": true}, {""w"": ""W4"", ""opp"": ""TEN"", ""v"": 118.0, ""cur"": true}]",Over,0.49760120227876936,0.49867021276595747,0.49829605721225767,1.89,betonlineag,-0.05822045186883307,0.0,-0.0010690104871881045,
Tez Johnson,WR,TB,DAL,player_reception_yds,14.5,18.85922342196479,17,,,1,True,00-0040237,2026-10-09T00:15:00Z,"[{""w"": ""25W17"", ""opp"": ""MIA"", ""v"": 19.0, ""cur"": false}, {""w"": ""25W18"", ""opp"": ""CAR"", ""v"": 17.0, ""cur"": false}, {""w"": ""W1"", ""opp"": ""CIN"", ""v"": 0.0, ""cur"": true}, {""w"": ""W2"", ""opp"": ""CLE"", ""v"": 49.0, ""cur"": true}, {""w"": ""W3"", ""opp"": ""MIN"", ""v"": 8.0, ""cur"": true}, {""w"": ""W4"", ""opp"": ""GB"", ""v"": 17.0, ""cur"": true}]",Under,0.5183674612785119,0.5040214477211795,0.5090445161935772,1.85,betrivers,-0.0582676450418822,0.0,0.014346013557332338,
Amon-Ra St. Brown,WR,DET,ARI,player_receptions,7.5,7.489222037081815,17,,,4,True,00-0036963,2026-10-11T20:25:00Z,"[{""w"": ""25W17"", ""opp"": ""MIN"", ""v"": 8.0, ""cur"": false}, {""w"": ""25W18"", ""opp"": ""CHI"", ""v"": 11.0, ""cur"": false}, {""w"": ""W1"", ""opp"": ""NO"", ""v"": 10.0, ""cur"": true}, {""w"": ""W2"", ""opp"": ""BUF"", ""v"": 9.0, ""cur"": true}, {""w"": ""W3"", ""opp"": ""NYJ"", ""v"": 4.0, ""cur"": true}, {""w"": ""W4"", ""opp"": ""CAR"", ""v"": 8.0, ""cur"": true}]",Over,0.45690539419464743,0.4571795583946674,0.45708359796539993,2.06,betonlineag,-0.05840778819127607,0.0,-0.0002741642000199662,
Wan'Dale Robinson,WR,TEN,HOU,player_receptions,3.5,4.397105851966182,17,,,5,True,00-0038117,2026-10-11T17:00:00Z,"[{""w"": ""25W16"", ""opp"": ""MIN"", ""v"": 3.0, ""cur"": false}, {""w"": ""25W17"", ""opp"": ""LV"", ""v"": 11.0, ""cur"": false}, {""w"": ""W1"", ""opp"": ""NYJ"", ""v"": 5.0, ""cur"": true}, {""w"": ""W2"", ""opp"": ""PHI"", ""v"": 1.0, ""cur"": true}, {""w"": ""W3"", ""opp"": ""NYG"", ""v"": 7.0, ""cur"": true}, {""w"": ""W4"", ""opp"": ""BAL"", ""v"": 3.0, ""cur"": true}]",Under,0.4181509465342042,0.4482758620689655,0.43767715629850473,2.15,bovada,-0.058994113958214967,0.0,-0.03012491553476132,
Brian Robinson Jr.,RB,ATL,BAL,player_rush_yds,35.5,38.34490124443671,17,,,4,True,00-0037746,2026-10-12T00:20:00Z,"[{""w"": ""25W17"", ""opp"": ""CHI"", ""v"": 22.0, ""cur"": false}, {""w"": ""25W18"", ""opp"": ""SEA"", ""v"": 9.0, ""cur"": false}, {""w"": ""W1"", ""opp"": ""PIT"", ""v"": 31.0, ""cur"": true}, {""w"": ""W2"", ""opp"": ""CAR"", ""v"": 51.0, ""cur"": true}, {""w"": ""W3"", ""opp"": ""GB"", ""v"": 50.0, ""cur"": true}, {""w"": ""W4"", ""opp"": ""NO"", ""v"": 62.0, ""cur"": true}]",Over,0.4747016692592495,0.4940527985179364,0.48727490196968554,1.93,draftkings,-0.05955943919850687,0.0,-0.019351129258686872,
Tyler Allgeier,RB,ARI,DET,player_rush_yds,25.5,30.816811306848226,17,,,2,True,00-0037263,2026-10-11T20:25:00Z,"[{""w"": ""25W17"", ""opp"": ""LA"", ""v"": 23.0, ""cur"": false}, {""w"": ""25W18"", ""opp"": ""NO"", ""v"": 16.0, ""cur"": false}, {""w"": ""W1"", ""opp"": ""LAC"", ""v"": 61.0, ""cur"": true}, {""w"": ""W2"", ""opp"": ""SEA"", ""v"": 10.0, ""cur"": true}, {""w"": ""W3"", ""opp"": ""SF"", ""v"": -1.0, ""cur"": true}, {""w"": ""W4"", ""opp"": ""NYG"", ""v"": 42.0, ""cur"": true}]",Over,0.49402025267679295,0.49530831099195705,0.4948574826222047,1.9,betmgm,-0.05977078301781108,0.0,-0.0012880583151640979,
Ryan Flournoy,WR,DAL,TB,player_receptions,3.5,3.220003245880759,17,,,6,True,00-0039410,2026-10-09T00:15:00Z,"[{""w"": ""25W16"", ""opp"": ""LAC"", ""v"": 2.0, ""cur"": false}, {""w"": ""25W18"", ""opp"": ""NYG"", ""v"": 5.0, ""cur"": false}, {""w"": ""W1"", ""opp"": ""NYG"", ""v"": 2.0, ""cur"": true}, {""w"": ""W2"", ""opp"": ""WAS"", ""v"": 5.0, ""cur"": true}, {""w"": ""W3"", ""opp"": ""BAL"", ""v"": 2.0, ""cur"": true}, {""w"": ""W4"", ""opp"": ""HOU"", ""v"": 4.0, ""cur"": true}]",Over,0.39610343152707905,0.41550008657778015,0.4086781261230887,2.3,betrivers,-0.06004030991689602,0.0,-0.019396655050701095,
Sam LaPorta,TE,DET,ARI,player_reception_yds,55.5,63.3999791483144,13,,,1,True,00-0039065,2026-10-11T20:25:00Z,"[{""w"": ""25W9"", ""opp"": ""MIN"", ""v"": 97.0, ""cur"": false}, {""w"": ""25W10"", ""opp"": ""WAS"", ""v"": 53.0, ""cur"": false}, {""w"": ""W1"", ""opp"": ""NO"", ""v"": 48.0, ""cur"": true}, {""w"": ""W2"", ""opp"": ""BUF"", ""v"": 52.0, ""cur"": true}, {""w"": ""W3"", ""opp"": ""NYJ"", ""v"": 44.0, ""cur"": true}, {""w"": ""W4"", ""opp"": ""CAR"", ""v"": 84.0, ""cur"": true}]",Over,0.5071202408024724,0.4959785522788205,0.4998782553768164,1.88,betrivers,-0.06022887989158521,0.0,0.011141688523651938,
Ryan Flournoy,WR,DAL,TB,player_reception_yds,30.5,36.960517813854324,17,,,3,True,00-0039410,2026-10-09T00:15:00Z,"[{""w"": ""25W16"", ""opp"": ""LAC"", ""v"": 18.0, ""cur"": false}, {""w"": ""25W18"", ""opp"": ""NYG"", ""v"": 68.0, ""cur"": false}, {""w"": ""W1"", ""opp"": ""NYG"", ""v"": 22.0, ""cur"": true}, {""w"": ""W2"", ""opp"": ""WAS"", ""v"": 23.0, ""cur"": true}, {""w"": ""W3"", ""opp"": ""BAL"", ""v"": 22.0, ""cur"": true}, {""w"": ""W4"", ""opp"": ""HOU"", ""v"": 37.0, ""cur"": true}]",Over,0.4949656059988574,0.5065963060686015,0.5025257287826748,1.87,betrivers,-0.06027688717639812,0.0,-0.011630700069744093,
Cam Skattebo,RB,NYG,WAS,player_receptions,2.5,2.0148538556336915,12,Limited,,4,True,00-0040715,2026-10-11T17:00:00Z,"[{""w"": ""25W7"", ""opp"": ""DEN"", ""v"": 3.0, ""cur"": false}, {""w"": ""25W8"", ""opp"": ""PHI"", ""v"": 1.0, ""cur"": false}, {""w"": ""W1"", ""opp"": ""DAL"", ""v"": 0.0, ""cur"": true}, {""w"": ""W2"", ""opp"": ""LA"", ""v"": 4.0, ""cur"": true}, {""w"": ""W3"", ""opp"": ""TEN"", ""v"": 3.0, ""cur"": true}, {""w"": ""W4"", ""opp"": ""ARI"", ""v"": 1.0, ""cur"": true}]",Over,0.32562544720319586,0.408973760511246,0.37891656785421646,2.48,betrivers,-0.06028691172154321,0.0,-0.08334831330805015,
DK Metcalf,WR,PIT,IND,player_reception_yds,50.5,60.55407058618882,17,,,1,True,00-0035640,2026-10-11T17:00:00Z,"[{""w"": ""25W15"", ""opp"": ""MIA"", ""v"": 55.0, ""cur"": false}, {""w"": ""25W16"", ""opp"": ""DET"", ""v"": 42.0, ""cur"": false}, {""w"": ""W1"", ""opp"": ""ATL"", ""v"": 40.0, ""cur"": true}, {""w"": ""W2"", ""opp"": ""NE"", ""v"": 27.0, ""cur"": true}, {""w"": ""W3"", ""opp"": ""CIN"", ""v"": 31.0, ""cur"": true}, {""w"": ""W4"", ""opp"": ""CLE"", ""v"": 115.0, ""cur"": true}]",Under,0.506667462572828,0.4959785522788204,0.4997197528810913,1.88,betrivers,-0.060526864583548445,0.0,0.010688910294007647,
Tony Pollard,RB,TEN,HOU,player_receptions,1.5,1.8323728095122176,17,Did Not Participate In Practice,,3,True,00-0035261,2026-10-11T17:00:00Z,"[{""w"": ""25W17"", ""opp"": ""NO"", ""v"": 2.0, ""cur"": false}, {""w"": ""25W18"", ""opp"": ""JAX"", ""v"": 3.0, ""cur"": false}, {""w"": ""W1"", ""opp"": ""NYJ"", ""v"": 1.0, ""cur"": true}, {""w"": ""W2"", ""opp"": ""PHI"", ""v"": 1.0, ""cur"": true}, {""w"": ""W3"", ""opp"": ""NYG"", ""v"": 4.0, ""cur"": true}, {""w"": ""W4"", ""opp"": ""BAL"", ""v"": 2.0, ""cur"": true}]",Under,0.4573252838705757,0.4800000000000001,0.4720496510348101,1.99,draftkings,-0.06062119444072789,0.0,-0.0226747161294244,
Christian McCaffrey,RB,SF,SEA,player_rush_yds,52.5,59.79061828282774,17,,,1,True,00-0033280,2026-10-11T20:25:00Z,"[{""w"": ""25W17"", ""opp"": ""CHI"", ""v"": 140.0, ""cur"": false}, {""w"": ""25W18"", ""opp"": ""SEA"", ""v"": 23.0, ""cur"": false}, {""w"": ""W1"", ""opp"": ""LA"", ""v"": 68.0, ""cur"": true}, {""w"": ""W2"", ""opp"": ""MIA"", ""v"": 23.0, ""cur"": true}, {""w"": ""W3"", ""opp"": ""ARI"", ""v"": 75.0, ""cur"": true}, {""w"": ""W4"", ""opp"": ""DEN"", ""v"": 52.0, ""cur"": true}]",Over,0.5063794648117175,0.49193548387096786,0.4969905800865197,1.89,betrivers,-0.060687803636477744,0.0,0.014443980940749612,
J.K. Dobbins,RB,DEN,LAC,player_rush_yds,51.5,55.684340942439086,14,,,4,True,00-0036158,2026-10-11T20:05:00Z,"[{""w"": ""25W9"", ""opp"": ""HOU"", ""v"": 61.0, ""cur"": false}, {""w"": ""25W10"", ""opp"": ""LV"", ""v"": 77.0, ""cur"": false}, {""w"": ""W1"", ""opp"": ""KC"", ""v"": 36.0, ""cur"": true}, {""w"": ""W2"", ""opp"": ""JAX"", ""v"": 36.0, ""cur"": true}, {""w"": ""W3"", ""opp"": ""LA"", ""v"": 49.0, ""cur"": true}, {""w"": ""W4"", ""opp"": ""SF"", ""v"": 40.0, ""cur"": true}]",Over,0.483923992922233,0.5,0.49437169522338104,1.9,draftkings,-0.060693779075576104,0.0,-0.01607600707776702,
Deshaun Watson,QB,CLE,NYJ,player_rush_yds,24.5,30.26235393090275,4,,,1,True,00-0033537,2026-10-11T17:00:00Z,"[{""w"": ""W1"", ""opp"": ""JAX"", ""v"": 38.0, ""cur"": true}, {""w"": ""W2"", ""opp"": ""TB"", ""v"": 22.0, ""cur"": true}, {""w"": ""W3"", ""opp"": ""CAR"", ""v"": 45.0, ""cur"": true}, {""w"": ""W4"", ""opp"": ""PIT"", ""v"": 22.0, ""cur"": true}]",Under,0.4815064372560582,0.4894179894179894,0.4866481398629421,1.93,draftkings,-0.0607690900645218,0.0,-0.007911552161931235,
Emeka Egbuka,WR,TB,DAL,player_reception_yds,34.5,43.21228711707941,17,,,3,True,00-0040129,2026-10-09T00:15:00Z,"[{""w"": ""25W17"", ""opp"": ""MIA"", ""v"": 20.0, ""cur"": false}, {""w"": ""25W18"", ""opp"": ""CAR"", ""v"": 8.0, ""cur"": false}, {""w"": ""W1"", ""opp"": ""CIN"", ""v"": 63.0, ""cur"": true}, {""w"": ""W2"", ""opp"": ""CLE"", ""v"": 16.0, ""cur"": true}, {""w"": ""W3"", ""opp"": ""MIN"", ""v"": 62.0, ""cur"": true}, {""w"": ""W4"", ""opp"": ""GB"", ""v"": 13.0, ""cur"": true}]",Under,0.482626259194134,0.5,0.49391704178442103,1.9,betonlineag,-0.06155762060960013,0.0,-0.01737374080586601,
Michael Wilson,WR,ARI,DET,player_reception_yds,76.5,86.91911894267737,17,,,1,True,00-0038559,2026-10-11T20:25:00Z,"[{""w"": ""25W17"", ""opp"": ""CIN"", ""v"": 89.0, ""cur"": false}, {""w"": ""25W18"", ""opp"": ""LA"", ""v"": 99.0, ""cur"": false}, {""w"": ""W1"", ""opp"": ""LAC"", ""v"": 56.0, ""cur"": true}, {""w"": ""W2"", ""opp"": ""SEA"", ""v"": 18.0, ""cur"": true}, {""w"": ""W3"", ""opp"": ""SF"", ""v"": 89.0, ""cur"": true}, {""w"": ""W4"", ""opp"": ""NYG"", ""v"": 95.0, ""cur"": true}]",Under,0.5051169677582037,0.5,0.5017909935831036,1.87,betrivers,-0.06165084199959614,0.0,0.005116967758203694,
Zay Flowers,WR,BAL,ATL,player_reception_yds,67.5,78.61246892644257,17,Limited,,2,True,00-0039064,2026-10-12T00:20:00Z,"[{""w"": ""25W16"", ""opp"": ""NE"", ""v"": 84.0, ""cur"": false}, {""w"": ""25W17"", ""opp"": ""GB"", ""v"": 30.0, ""cur"": false}, {""w"": ""25W18"", ""opp"": ""PIT"", ""v"": 138.0, ""cur"": false}, {""w"": ""W1"", ""opp"": ""IND"", ""v"": 150.0, ""cur"": true}, {""w"": ""W3"", ""opp"": ""DAL"", ""v"": 84.0, ""cur"": true}, {""w"": ""W4"", ""opp"": ""TEN"", ""v"": 118.0, ""cur"": true}]",Under,0.5023987977212306,0.5013297872340425,0.5017039427877423,1.87,betmgm,-0.06181362698692178,0.0,0.0010690104871881045,
Emeka Egbuka,WR,TB,DAL,player_reception_yds,35.5,43.21228711707941,17,,,2,True,00-0040129,2026-10-09T00:15:00Z,"[{""w"": ""25W17"", ""opp"": ""MIA"", ""v"": 20.0, ""cur"": false}, {""w"": ""25W18"", ""opp"": ""CAR"", ""v"": 8.0, ""cur"": false}, {""w"": ""W1"", ""opp"": ""CIN"", ""v"": 63.0, ""cur"": true}, {""w"": ""W2"", ""opp"": ""CLE"", ""v"": 16.0, ""cur"": true}, {""w"": ""W3"", ""opp"": ""MIN"", ""v"": 62.0, ""cur"": true}, {""w"": ""W4"", ""opp"": ""GB"", ""v"": 13.0, ""cur"": true}]",Under,0.49689048808187186,0.5,0.49891165851633673,1.88,fanduel,-0.06204608198928707,0.0,-0.0031095119181281383,
DK Metcalf,WR,PIT,IND,player_receptions,3.5,4.323064766137992,17,,,5,True,00-0035640,2026-10-11T17:00:00Z,"[{""w"": ""25W15"", ""opp"": ""MIA"", ""v"": 3.0, ""cur"": false}, {""w"": ""25W16"", ""opp"": ""DET"", ""v"": 4.0, ""cur"": false}, {""w"": ""W1"", ""opp"": ""ATL"", ""v"": 4.0, ""cur"": true}, {""w"": ""W2"", ""opp"": ""NE"", ""v"": 4.0, ""cur"": true}, {""w"": ""W3"", ""opp"": ""CIN"", ""v"": 3.0, ""cur"": true}, {""w"": ""W4"", ""opp"": ""CLE"", ""v"": 5.0, ""cur"": true}]",Under,0.37303319528070156,0.4158878504672897,0.4007071648494745,2.34,fanduel,-0.06234523425222982,0.0,-0.04285465518658815,
Kendrick Bourne,WR,ARI,DET,player_reception_yds,23.5,34.1804039945867,17,,,5,True,00-0033307,2026-10-11T20:25:00Z,"[{""w"": ""25W16"", ""opp"": ""IND"", ""v"": 27.0, ""cur"": false}, {""w"": ""25W17"", ""opp"": ""CHI"", ""v"": 25.0, ""cur"": false}, {""w"": ""25W18"", ""opp"": ""SEA"", ""v"": 0.0, ""cur"": false}, {""w"": ""W1"", ""opp"": ""LAC"", ""v"": 75.0, ""cur"": true}, {""w"": ""W2"", ""opp"": ""SEA"", ""v"": 11.0, ""cur"": true}, {""w"": ""W3"", ""opp"": ""SF"", ""v"": 22.0, ""cur"": true}]",Under,0.4962399680370173,0.5,0.49868396704377715,1.88,betonlineag,-0.062474141957699014,0.0,-0.0037600319629826906,
Pat Freiermuth,TE,PIT,IND,player_reception_yds,27.5,32.27748040993976,17,,,2,True,00-0036894,2026-10-11T17:00:00Z,"[{""w"": ""25W17"", ""opp"": ""CLE"", ""v"": 63.0, ""cur"": false}, {""w"": ""25W18"", ""opp"": ""BAL"", ""v"": 51.0, ""cur"": false}, {""w"": ""W1"", ""opp"": ""ATL"", ""v"": 46.0, ""cur"": true}, {""w"": ""W2"", ""opp"": ""NE"", ""v"": 32.0, ""cur"": true}, {""w"": ""W3"", ""opp"": ""CIN"", ""v"": 30.0, ""cur"": true}, {""w"": ""W4"", ""opp"": ""CLE"", ""v"": 17.0, ""cur"": true}]",Under,0.4961357608101677,0.5,0.49864749265375025,1.88,betonlineag,-0.06254271381094956,0.0,-0.003864239189832308,
Darnell Mooney,WR,NYG,WAS,player_reception_yds,18.5,23.469173975944873,17,,,2,True,00-0036309,2026-10-11T17:00:00Z,"[{""w"": ""25W17"", ""opp"": ""LA"", ""v"": 35.0, ""cur"": false}, {""w"": ""25W18"", ""opp"": ""NO"", ""v"": 20.0, ""cur"": false}, {""w"": ""W1"", ""opp"": ""DAL"", ""v"": 27.0, ""cur"": true}, {""w"": ""W2"", ""opp"": ""LA"", ""v"": 48.0, ""cur"": true}, {""w"": ""W3"", ""opp"": ""TEN"", ""v"": 20.0, ""cur"": true}, {""w"": ""W4"", ""opp"": ""ARI"", ""v"": 0.0, ""cur"": true}]",Under,0.49199419397782,0.5020107238605898,0.49850471041414157,1.88,fanduel,-0.06281114442141389,0.0,-0.010016529882769742,
Tyjae Spears,RB,TEN,HOU,player_rush_yds,13.5,16.92579232414502,17,,,1,True,00-0039032,2026-10-11T17:00:00Z,"[{""w"": ""25W17"", ""opp"": ""NO"", ""v"": 2.0, ""cur"": false}, {""w"": ""25W18"", ""opp"": ""JAX"", ""v"": 18.0, ""cur"": false}, {""w"": ""W1"", ""opp"": ""NYJ"", ""v"": 12.0, ""cur"": true}, {""w"": ""W2"", ""opp"": ""PHI"", ""v"": 41.0, ""cur"": true}, {""w"": ""W3"", ""opp"": ""NYG"", ""v"": 5.0, ""cur"": true}, {""w"": ""W4"", ""opp"": ""BAL"", ""v"": 7.0, ""cur"": true}]",Over,0.4881702570599884,0.5,0.495858911839666,1.89,draftkings,-0.06282665662303127,0.0,-0.0118297429400116,
Emeka Egbuka,WR,TB,DAL,player_reception_yds,36.5,43.21228711707941,17,,,1,True,00-0040129,2026-10-09T00:15:00Z,"[{""w"": ""25W17"", ""opp"": ""MIA"", ""v"": 20.0, ""cur"": false}, {""w"": ""25W18"", ""opp"": ""CAR"", ""v"": 8.0, ""cur"": false}, {""w"": ""W1"", ""opp"": ""CIN"", ""v"": 63.0, ""cur"": true}, {""w"": ""W2"", ""opp"": ""CLE"", ""v"": 16.0, ""cur"": true}, {""w"": ""W3"", ""opp"": ""MIN"", ""v"": 62.0, ""cur"": true}, {""w"": ""W4"", ""opp"": ""GB"", ""v"": 13.0, ""cur"": true}]",Under,0.5108880808561388,0.5040214477211795,0.5064250745375019,1.85,betrivers,-0.06311361210562155,0.0,0.006866633134959277,
James Cook,RB,BUF,LA,player_rush_yds,75.5,86.22955217345829,17,,,3,True,00-0037248,2026-10-13T00:15:00Z,"[{""w"": ""25W17"", ""opp"": ""PHI"", ""v"": 74.0, ""cur"": false}, {""w"": ""25W18"", ""opp"": ""NYJ"", ""v"": 15.0, ""cur"": false}, {""w"": ""W1"", ""opp"": ""HOU"", ""v"": 57.0, ""cur"": true}, {""w"": ""W2"", ""opp"": ""DET"", ""v"": 135.0, ""cur"": true}, {""w"": ""W3"", ""opp"": ""LAC"", ""v"": 154.0, ""cur"": true}, {""w"": ""W4"", ""opp"": ""NE"", ""v"": 75.0, ""cur"": true}]",Under,0.49526698473193925,0.5,0.49834340123625415,1.88,betonlineag,-0.0631144056758422,0.0,-0.004733015268060747,
Ashton Jeanty,RB,LV,NE,player_rush_yds,60.5,66.51560988243777,17,,,1,True,00-0040122,2026-10-11T17:00:00Z,"[{""w"": ""25W17"", ""opp"": ""NYG"", ""v"": 60.0, ""cur"": false}, {""w"": ""25W18"", ""opp"": ""KC"", ""v"": 87.0, ""cur"": false}, {""w"": ""W1"", ""opp"": ""MIA"", ""v"": 102.0, ""cur"": true}, {""w"": ""W2"", ""opp"": ""LAC"", ""v"": 48.0, ""cur"": true}, {""w"": ""W3"", ""opp"": ""NO"", ""v"": 56.0, ""cur"": true}, {""w"": ""W4"", ""opp"": ""KC"", ""v"": 58.0, ""cur"": true}]",Under,0.502799973408233,0.5,0.5009799996821248,1.87,betmgm,-0.06316740059442655,0.0,0.002799973408233014,
Deshaun Watson,QB,CLE,NYJ,player_rush_yds,25.5,30.26235393090275,4,,,1,True,00-0033537,2026-10-11T17:00:00Z,"[{""w"": ""W1"", ""opp"": ""JAX"", ""v"": 38.0, ""cur"": true}, {""w"": ""W2"", ""opp"": ""TB"", ""v"": 22.0, ""cur"": true}, {""w"": ""W3"", ""opp"": ""CAR"", ""v"": 45.0, ""cur"": true}, {""w"": ""W4"", ""opp"": ""PIT"", ""v"": 22.0, ""cur"": true}]",Under,0.5024031119577251,0.49193548387096775,0.495598819226575,1.89,betrivers,-0.0633182316617733,0.0,0.010467628086757386,
Rashid Shaheed,WR,SEA,SF,player_reception_yds,20.5,25.69674842212687,17,,,2,True,00-0037545,2026-10-11T20:25:00Z,"[{""w"": ""25W17"", ""opp"": ""CAR"", ""v"": 8.0, ""cur"": false}, {""w"": ""25W18"", ""opp"": ""SF"", ""v"": 2.0, ""cur"": false}, {""w"": ""W1"", ""opp"": ""NE"", ""v"": 4.0, ""cur"": true}, {""w"": ""W2"", ""opp"": ""ARI"", ""v"": 35.0, ""cur"": true}, {""w"": ""W3"", ""opp"": ""WAS"", ""v"": 14.0, ""cur"": true}, {""w"": ""W4"", ""opp"": ""LAC"", ""v"": 20.0, ""cur"": true}]",Over,0.4945113149149789,0.5,0.49807889250480575,1.88,betonlineag,-0.06361168209096524,0.0,-0.005488685085021094,
Mark Andrews,TE,BAL,ATL,player_reception_yds,28.5,32.88434881761315,17,Full,,1,True,00-0034753,2026-10-12T00:20:00Z,"[{""w"": ""25W17"", ""opp"": ""GB"", ""v"": 28.0, ""cur"": false}, {""w"": ""25W18"", ""opp"": ""PIT"", ""v"": 14.0, ""cur"": false}, {""w"": ""W1"", ""opp"": ""IND"", ""v"": 49.0, ""cur"": true}, {""w"": ""W2"", ""opp"": ""NO"", ""v"": 49.0, ""cur"": true}, {""w"": ""W3"", ""opp"": ""DAL"", ""v"": 24.0, ""cur"": true}, {""w"": ""W4"", ""opp"": ""TEN"", ""v"": 27.0, ""cur"": true}]",Over,0.5182368950545457,0.5080645161290323,0.5116260401950222,1.83,betrivers,-0.06372434644310931,0.0,0.010172378925513481,
Isaac TeSlaa,WR,DET,ARI,player_receptions,2.5,2.259296509278623,17,,,6,True,00-0040669,2026-10-11T20:25:00Z,"[{""w"": ""25W17"", ""opp"": ""MIN"", ""v"": 3.0, ""cur"": false}, {""w"": ""25W18"", ""opp"": ""CHI"", ""v"": 1.0, ""cur"": false}, {""w"": ""W1"", ""opp"": ""NO"", ""v"": 0.0, ""cur"": true}, {""w"": ""W2"", ""opp"": ""BUF"", ""v"": 2.0, ""cur"": true}, {""w"": ""W3"", ""opp"": ""NYJ"", ""v"": 3.0, ""cur"": true}, {""w"": ""W4"", ""opp"": ""CAR"", ""v"": 4.0, ""cur"": true}]",Over,0.3885700700763128,0.40601182057670726,0.39987774233986384,2.34,betonlineag,-0.06428608292471871,0.0,-0.01744175050039448,
Brock Purdy,QB,SF,SEA,player_rush_yds,20.5,23.708218380664913,13,,,1,True,00-0037834,2026-10-11T20:25:00Z,"[{""w"": ""25W17"", ""opp"": ""CHI"", ""v"": 28.0, ""cur"": false}, {""w"": ""25W18"", ""opp"": ""SEA"", ""v"": 21.0, ""cur"": false}, {""w"": ""W1"", ""opp"": ""LA"", ""v"": 29.0, ""cur"": true}, {""w"": ""W2"", ""opp"": ""MIA"", ""v"": 30.0, ""cur"": true}, {""w"": ""W3"", ""opp"": ""ARI"", ""v"": 34.0, ""cur"": true}, {""w"": ""W4"", ""opp"": ""DEN"", ""v"": 29.0, ""cur"": true}]",Over,0.4931976194373213,0.5,0.4976190378947344,1.88,betonlineag,-0.06447620875789939,0.0,-0.006802380562678678,
Isaac TeSlaa,WR,DET,ARI,player_reception_yds,25.5,37.70295060749332,17,,,4,True,00-0040669,2026-10-11T20:25:00Z,"[{""w"": ""25W17"", ""opp"": ""MIN"", ""v"": 49.0, ""cur"": false}, {""w"": ""25W18"", ""opp"": ""CHI"", ""v"": 18.0, ""cur"": false}, {""w"": ""W1"", ""opp"": ""NO"", ""v"": 0.0, ""cur"": true}, {""w"": ""W2"", ""opp"": ""BUF"", ""v"": 26.0, ""cur"": true}, {""w"": ""W3"", ""opp"": ""NYJ"", ""v"": 66.0, ""cur"": true}, {""w"": ""W4"", ""opp"": ""CAR"", ""v"": 95.0, ""cur"": true}]",Under,0.48552099659123227,0.5,0.4949311052357493,1.89,draftkings,-0.06458021110443396,0.0,-0.014479003408767732,
Jonathan Taylor,RB,IND,PIT,player_reception_yds,15.5,19.387257083744238,17,Limited,,4,True,00-0036223,2026-10-11T17:00:00Z,"[{""w"": ""25W17"", ""opp"": ""JAX"", ""v"": 14.0, ""cur"": false}, {""w"": ""25W18"", ""opp"": ""HOU"", ""v"": 13.0, ""cur"": false}, {""w"": ""W1"", ""opp"": ""BAL"", ""v"": 23.0, ""cur"": true}, {""w"": ""W2"", ""opp"": ""KC"", ""v"": 40.0, ""cur"": true}, {""w"": ""W3"", ""opp"": ""HOU"", ""v"": 4.0, ""cur"": true}, {""w"": ""W4"", ""opp"": ""WAS"", ""v"": 2.0, ""cur"": true}]",Over,0.4844456101129382,0.5046174142480211,0.49755563041116746,1.88,betonlineag,-0.0645954148270052,0.0,-0.020171804135082905,
Cooper Kupp,WR,SEA,SF,player_reception_yds,24.5,27.044176173465857,17,,,4,True,00-0033908,2026-10-11T20:25:00Z,"[{""w"": ""25W17"", ""opp"": ""CAR"", ""v"": 6.0, ""cur"": false}, {""w"": ""25W18"", ""opp"": ""SF"", ""v"": 29.0, ""cur"": false}, {""w"": ""W1"", ""opp"": ""NE"", ""v"": 35.0, ""cur"": true}, {""w"": ""W2"", ""opp"": ""ARI"", ""v"": 20.0, ""cur"": true}, {""w"": ""W3"", ""opp"": ""WAS"", ""v"": 46.0, ""cur"": true}, {""w"": ""W4"", ""opp"": ""LAC"", ""v"": 13.0, ""cur"": true}]",Over,0.4703293015672615,0.5,0.4896045383556893,1.91,draftkings,-0.06485533174063352,0.0,-0.029670698432738507,
Brock Purdy,QB,SF,SEA,player_rush_yds,19.5,23.708218380664913,13,,,4,True,00-0037834,2026-10-11T20:25:00Z,"[{""w"": ""25W17"", ""opp"": ""CHI"", ""v"": 28.0, ""cur"": false}, {""w"": ""25W18"", ""opp"": ""SEA"", ""v"": 21.0, ""cur"": false}, {""w"": ""W1"", ""opp"": ""LA"", ""v"": 29.0, ""cur"": true}, {""w"": ""W2"", ""opp"": ""MIA"", ""v"": 30.0, ""cur"": true}, {""w"": ""W3"", ""opp"": ""ARI"", ""v"": 34.0, ""cur"": true}, {""w"": ""W4"", ""opp"": ""DEN"", ""v"": 29.0, ""cur"": true}]",Under,0.47905988694687596,0.4913542533828116,0.4870492728086442,1.92,draftkings,-0.06486539620740323,0.0,-0.012294366435935622,
Harold Fannin Jr.,TE,CLE,NYJ,player_reception_yds,35.5,39.7568666958326,17,,,2,True,00-0040663,2026-10-11T17:00:00Z,"[{""w"": ""25W16"", ""opp"": ""BUF"", ""v"": 34.0, ""cur"": false}, {""w"": ""25W17"", ""opp"": ""PIT"", ""v"": 30.0, ""cur"": false}, {""w"": ""W1"", ""opp"": ""JAX"", ""v"": 21.0, ""cur"": true}, {""w"": ""W2"", ""opp"": ""TB"", ""v"": 54.0, ""cur"": true}, {""w"": ""W3"", ""opp"": ""CAR"", ""v"": 51.0, ""cur"": true}, {""w"": ""W4"", ""opp"": ""PIT"", ""v"": 27.0, ""cur"": true}]",Over,0.490047483782581,0.5013297872340425,0.4973805468691826,1.88,fanduel,-0.06492457188593681,0.0,-0.011282303451461528,
KC Concepcion,WR,CLE,NYJ,player_reception_yds,36.5,44.09480559680307,4,,,1,True,00-0041547,2026-10-11T17:00:00Z,"[{""w"": ""W1"", ""opp"": ""JAX"", ""v"": 43.0, ""cur"": true}, {""w"": ""W2"", ""opp"": ""TB"", ""v"": 28.0, ""cur"": true}, {""w"": ""W3"", ""opp"": ""CAR"", ""v"": 9.0, ""cur"": true}, {""w"": ""W4"", ""opp"": ""PIT"", ""v"": 64.0, ""cur"": true}]",Under,0.4990924383370846,0.4959785522788204,0.49706838927887037,1.88,betrivers,-0.0655114281557238,0.0,0.003113886058264237,
Amon-Ra St. Brown,WR,DET,ARI,player_reception_yds,78.5,93.28553010358591,17,,,1,True,00-0036963,2026-10-11T20:25:00Z,"[{""w"": ""25W17"", ""opp"": ""MIN"", ""v"": 68.0, ""cur"": false}, {""w"": ""25W18"", ""opp"": ""CHI"", ""v"": 139.0, ""cur"": false}, {""w"": ""W1"", ""opp"": ""NO"", ""v"": 67.0, ""cur"": true}, {""w"": ""W2"", ""opp"": ""BUF"", ""v"": 142.0, ""cur"": true}, {""w"": ""W3"", ""opp"": ""NYJ"", ""v"": 19.0, ""cur"": true}, {""w"": ""W4"", ""opp"": ""CAR"", ""v"": 75.0, ""cur"": true}]",Under,0.49137923741094003,0.5,0.4969824706948715,1.88,fanduel,-0.06567295509364157,0.0,-0.008620762589059972,
Ashton Jeanty,RB,LV,NE,player_rush_yds,59.5,66.51560988243777,17,,,2,True,00-0040122,2026-10-11T17:00:00Z,"[{""w"": ""25W17"", ""opp"": ""NYG"", ""v"": 60.0, ""cur"": false}, {""w"": ""25W18"", ""opp"": ""KC"", ""v"": 87.0, ""cur"": false}, {""w"": ""W1"", ""opp"": ""MIA"", ""v"": 102.0, ""cur"": true}, {""w"": ""W2"", ""opp"": ""LAC"", ""v"": 48.0, ""cur"": true}, {""w"": ""W3"", ""opp"": ""NO"", ""v"": 56.0, ""cur"": true}, {""w"": ""W4"", ""opp"": ""KC"", ""v"": 58.0, ""cur"": true}]",Under,0.49090463670065865,0.5,0.4968163146731766,1.88,betonlineag,-0.06598532841442811,0.0,-0.009095363299341352,
Malachi Fields,WR,NYG,WAS,player_receptions,2.5,2.2187529144611844,4,,,5,True,00-0041042,2026-10-11T17:00:00Z,"[{""w"": ""W1"", ""opp"": ""DAL"", ""v"": 2.0, ""cur"": true}, {""w"": ""W2"", ""opp"": ""LA"", ""v"": 2.0, ""cur"": true}, {""w"": ""W3"", ""opp"": ""TEN"", ""v"": 2.0, ""cur"": true}, {""w"": ""W4"", ""opp"": ""ARI"", ""v"": 2.0, ""cur"": true}]",Over,0.38230739219184057,0.4190939189472361,0.40609332007909155,2.3,bovada,-0.06598536381808962,0.0,-0.03678652675539551,
Tony Pollard,RB,TEN,HOU,player_rush_yds,50.5,58.36386892253474,17,Did Not Participate In Practice,,4,True,00-0035261,2026-10-11T17:00:00Z,"[{""w"": ""25W17"", ""opp"": ""NO"", ""v"": 85.0, ""cur"": false}, {""w"": ""25W18"", ""opp"": ""JAX"", ""v"": 48.0, ""cur"": false}, {""w"": ""W1"", ""opp"": ""NYJ"", ""v"": 35.0, ""cur"": true}, {""w"": ""W2"", ""opp"": ""PHI"", ""v"": 64.0, ""cur"": true}, {""w"": ""W3"", ""opp"": ""NYG"", ""v"": 74.0, ""cur"": true}, {""w"": ""W4"", ""opp"": ""BAL"", ""v"": 48.0, ""cur"": true}]",Under,0.48059739647812255,0.4933651356523696,0.48889458873125063,1.91,betonlineag,-0.06621133552331138,0.0,-0.012767739174247061,
Zay Flowers,WR,BAL,ATL,player_reception_yds,66.5,78.61246892644257,17,Limited,,1,True,00-0039064,2026-10-12T00:20:00Z,"[{""w"": ""25W16"", ""opp"": ""NE"", ""v"": 84.0, ""cur"": false}, {""w"": ""25W17"", ""opp"": ""GB"", ""v"": 30.0, ""cur"": false}, {""w"": ""25W18"", ""opp"": ""PIT"", ""v"": 138.0, ""cur"": false}, {""w"": ""W1"", ""opp"": ""IND"", ""v"": 150.0, ""cur"": true}, {""w"": ""W3"", ""opp"": ""DAL"", ""v"": 84.0, ""cur"": true}, {""w"": ""W4"", ""opp"": ""TEN"", ""v"": 118.0, ""cur"": true}]",Over,0.5059348375190954,0.5040214477211796,0.5046911504184594,1.85,betrivers,-0.06632137172585012,0.0,0.0019133897979157766,
J.K. Dobbins,RB,DEN,LAC,player_rush_yds,50.5,55.684340942439086,14,,,1,True,00-0036158,2026-10-11T20:05:00Z,"[{""w"": ""25W9"", ""opp"": ""HOU"", ""v"": 61.0, ""cur"": false}, {""w"": ""25W10"", ""opp"": ""LV"", ""v"": 77.0, ""cur"": false}, {""w"": ""W1"", ""opp"": ""KC"", ""v"": 36.0, ""cur"": true}, {""w"": ""W2"", ""opp"": ""JAX"", ""v"": 36.0, ""cur"": true}, {""w"": ""W3"", ""opp"": ""LA"", ""v"": 49.0, ""cur"": true}, {""w"": ""W4"", ""opp"": ""SF"", ""v"": 40.0, ""cur"": true}]",Over,0.4978419904868032,0.4959785522788205,0.49663074559361825,1.88,betrivers,-0.06633419828399767,0.0,0.0018634382079827372,
Jonathan Taylor,RB,IND,PIT,player_receptions,2.5,2.6661588666497367,17,Limited,,5,True,00-0036223,2026-10-11T17:00:00Z,"[{""w"": ""25W17"", ""opp"": ""JAX"", ""v"": 3.0, ""cur"": false}, {""w"": ""25W18"", ""opp"": ""HOU"", ""v"": 2.0, ""cur"": false}, {""w"": ""W1"", ""opp"": ""BAL"", ""v"": 3.0, ""cur"": true}, {""w"": ""W2"", ""opp"": ""KC"", ""v"": 4.0, ""cur"": true}, {""w"": ""W3"", ""opp"": ""HOU"", ""v"": 2.0, ""cur"": true}, {""w"": ""W4"", ""opp"": ""WAS"", ""v"": 1.0, ""cur"": true}]",Under,0.5019586160436644,0.5145888594164456,0.5101695674676044,1.83,bovada,-0.06638969153428381,0.0,-0.01263024337278118,
Carnell Tate,WR,TEN,HOU,player_reception_yds,52.5,64.19641019958024,4,,,1,True,00-0041438,2026-10-11T17:00:00Z,"[{""w"": ""W1"", ""opp"": ""NYJ"", ""v"": 38.0, ""cur"": true}, {""w"": ""W2"", ""opp"": ""PHI"", ""v"": 27.0, ""cur"": true}, {""w"": ""W3"", ""opp"": ""NYG"", ""v"": 58.0, ""cur"": true}, {""w"": ""W4"", ""opp"": ""BAL"", ""v"": 145.0, ""cur"": true}]",Over,0.49014153825787454,0.5,0.496549145949219,1.88,fanduel,-0.06648760561546829,0.0,-0.009858461742125457,
Michael Mayer,TE,LV,NE,player_reception_yds,28.5,35.74114866652113,17,,,1,True,00-0039066,2026-10-11T17:00:00Z,"[{""w"": ""25W17"", ""opp"": ""NYG"", ""v"": 89.0, ""cur"": false}, {""w"": ""25W18"", ""opp"": ""KC"", ""v"": 47.0, ""cur"": false}, {""w"": ""W1"", ""opp"": ""MIA"", ""v"": 32.0, ""cur"": true}, {""w"": ""W2"", ""opp"": ""LAC"", ""v"": 23.0, ""cur"": true}, {""w"": ""W3"", ""opp"": ""NO"", ""v"": 32.0, ""cur"": true}, {""w"": ""W4"", ""opp"": ""KC"", ""v"": 82.0, ""cur"": true}]",Under,0.48972530154827365,0.5,0.4964034112563065,1.88,fanduel,-0.06676158683814387,0.0,-0.01027469845172635,
Ashton Jeanty,RB,LV,NE,player_rush_yds,60.5,66.51560988243777,17,,,1,True,00-0040122,2026-10-11T17:00:00Z,"[{""w"": ""25W17"", ""opp"": ""NYG"", ""v"": 60.0, ""cur"": false}, {""w"": ""25W18"", ""opp"": ""KC"", ""v"": 87.0, ""cur"": false}, {""w"": ""W1"", ""opp"": ""MIA"", ""v"": 102.0, ""cur"": true}, {""w"": ""W2"", ""opp"": ""LAC"", ""v"": 48.0, ""cur"": true}, {""w"": ""W3"", ""opp"": ""NO"", ""v"": 56.0, ""cur"": true}, {""w"": ""W4"", ""opp"": ""KC"", ""v"": 58.0, ""cur"": true}]",Over,0.497200026591767,0.5,0.49902000031787525,1.87,betmgm,-0.06683259940557318,0.0,-0.002799973408233014,
Zay Flowers,WR,BAL,ATL,player_reception_yds,68.5,78.61246892644257,17,Limited,,1,True,00-0039064,2026-10-12T00:20:00Z,"[{""w"": ""25W16"", ""opp"": ""NE"", ""v"": 84.0, ""cur"": false}, {""w"": ""25W17"", ""opp"": ""GB"", ""v"": 30.0, ""cur"": false}, {""w"": ""25W18"", ""opp"": ""PIT"", ""v"": 138.0, ""cur"": false}, {""w"": ""W1"", ""opp"": ""IND"", ""v"": 150.0, ""cur"": true}, {""w"": ""W3"", ""opp"": ""DAL"", ""v"": 84.0, ""cur"": true}, {""w"": ""W4"", ""opp"": ""TEN"", ""v"": 118.0, ""cur"": true}]",Over,0.4893517249812199,0.5,0.49627260920478167,1.88,fanduel,-0.0670074946950105,0.0,-0.010648275018780073,
Roman Wilson,WR,PIT,IND,player_receptions,2.5,2.741031636971143,13,,,4,True,00-0039739,2026-10-11T17:00:00Z,"[{""w"": ""25W12"", ""opp"": ""CHI"", ""v"": 0.0, ""cur"": false}, {""w"": ""25W13"", ""opp"": ""BUF"", ""v"": 0.0, ""cur"": false}, {""w"": ""W1"", ""opp"": ""ATL"", ""v"": 3.0, ""cur"": true}, {""w"": ""W2"", ""opp"": ""NE"", ""v"": 5.0, ""cur"": true}, {""w"": ""W3"", ""opp"": ""CIN"", ""v"": 3.0, ""cur"": true}, {""w"": ""W4"", ""opp"": ""CLE"", ""v"": 3.0, ""cur"": true}]",Over,0.5131594000304143,0.5677723185522091,0.5487760403096182,1.7,betonlineag,-0.06708073147364901,0.0,-0.05461291852179484,
KC Concepcion,WR,CLE,NYJ,player_reception_yds,39.5,44.09480559680307,4,,,1,True,00-0041547,2026-10-11T17:00:00Z,"[{""w"": ""W1"", ""opp"": ""JAX"", ""v"": 43.0, ""cur"": true}, {""w"": ""W2"", ""opp"": ""TB"", ""v"": 28.0, ""cur"": true}, {""w"": ""W3"", ""opp"": ""CAR"", ""v"": 9.0, ""cur"": true}, {""w"": ""W4"", ""opp"": ""PIT"", ""v"": 64.0, ""cur"": true}]",Over,0.4604093813628065,0.4694960212201591,0.4663130847150112,2.0,betonlineag,-0.06737383056997759,0.0,-0.009086639857352585,
Zay Flowers,WR,BAL,ATL,player_reception_yds,69.5,78.61246892644257,17,Limited,,2,True,00-0039064,2026-10-12T00:20:00Z,"[{""w"": ""25W16"", ""opp"": ""NE"", ""v"": 84.0, ""cur"": false}, {""w"": ""25W17"", ""opp"": ""GB"", ""v"": 30.0, ""cur"": false}, {""w"": ""25W18"", ""opp"": ""PIT"", ""v"": 138.0, ""cur"": false}, {""w"": ""W1"", ""opp"": ""IND"", ""v"": 150.0, ""cur"": true}, {""w"": ""W3"", ""opp"": ""DAL"", ""v"": 84.0, ""cur"": true}, {""w"": ""W4"", ""opp"": ""TEN"", ""v"": 118.0, ""cur"": true}]",Over,0.4811877229582999,0.5,0.4934129745794818,1.89,draftkings,-0.06744947804477952,0.0,-0.018812277041700076,
Bijan Robinson,RB,ATL,BAL,player_rush_yds,91.5,103.58759363740505,17,,,1,True,00-0038542,2026-10-12T00:20:00Z,"[{""w"": ""25W17"", ""opp"": ""LA"", ""v"": 195.0, ""cur"": false}, {""w"": ""25W18"", ""opp"": ""NO"", ""v"": 33.0, ""cur"": false}, {""w"": ""W1"", ""opp"": ""PIT"", ""v"": 83.0, ""cur"": true}, {""w"": ""W2"", ""opp"": ""CAR"", ""v"": 72.0, ""cur"": true}, {""w"": ""W3"", ""opp"": ""GB"", ""v"": 194.0, ""cur"": true}, {""w"": ""W4"", ""opp"": ""NO"", ""v"": 145.0, ""cur"": true}]",Under,0.5040395382777233,0.5040214477211795,0.50402777941717,1.85,betrivers,-0.06754860807823537,0.0,1.8090556543781666e-05,
Bijan Robinson,RB,ATL,BAL,player_rush_yds,91.5,103.58759363740505,17,,,1,True,00-0038542,2026-10-12T00:20:00Z,"[{""w"": ""25W17"", ""opp"": ""LA"", ""v"": 195.0, ""cur"": false}, {""w"": ""25W18"", ""opp"": ""NO"", ""v"": 33.0, ""cur"": false}, {""w"": ""W1"", ""opp"": ""PIT"", ""v"": 83.0, ""cur"": true}, {""w"": ""W2"", ""opp"": ""CAR"", ""v"": 72.0, ""cur"": true}, {""w"": ""W3"", ""opp"": ""GB"", ""v"": 194.0, ""cur"": true}, {""w"": ""W4"", ""opp"": ""NO"", ""v"": 145.0, ""cur"": true}]",Over,0.4959604617222767,0.4959785522788205,0.49597222058282997,1.88,betrivers,-0.0675722253042797,0.0,-1.8090556543781666e-05,
Luther Burden III,WR,CHI,GB,player_reception_yds,48.5,54.19517157631282,17,,,3,True,00-0040735,2026-10-11T17:00:00Z,"[{""w"": ""25W17"", ""opp"": ""SF"", ""v"": 138.0, ""cur"": false}, {""w"": ""25W18"", ""opp"": ""DET"", ""v"": 35.0, ""cur"": false}, {""w"": ""W1"", ""opp"": ""CAR"", ""v"": 63.0, ""cur"": true}, {""w"": ""W2"", ""opp"": ""MIN"", ""v"": 32.0, ""cur"": true}, {""w"": ""W3"", ""opp"": ""PHI"", ""v"": 61.0, ""cur"": true}, {""w"": ""W4"", ""opp"": ""NYJ"", ""v"": 63.0, ""cur"": true}]",Over,0.48084925619870866,0.5,0.4932943611969669,1.89,draftkings,-0.06767365733773262,0.0,-0.019150743801291337,
Blake Corum,RB,LA,BUF,player_rush_yds,33.5,40.22182137555156,17,,,1,True,00-0039738,2026-10-13T00:15:00Z,"[{""w"": ""25W17"", ""opp"": ""ATL"", ""v"": 18.0, ""cur"": false}, {""w"": ""25W18"", ""opp"": ""ARI"", ""v"": 59.0, ""cur"": false}, {""w"": ""W1"", ""opp"": ""SF"", ""v"": 54.0, ""cur"": true}, {""w"": ""W2"", ""opp"": ""NYG"", ""v"": 79.0, ""cur"": true}, {""w"": ""W3"", ""opp"": ""DEN"", ""v"": 15.0, ""cur"": true}, {""w"": ""W4"", ""opp"": ""PHI"", ""v"": 14.0, ""cur"": true}]",Under,0.5119621427874149,0.5080645161290321,0.5094288212508162,1.83,betrivers,-0.06774525711100626,0.0,0.00389762665838278,
Dalton Schultz,TE,HOU,TEN,player_receptions,4.5,4.365914161206733,17,,,2,True,00-0034383,2026-10-11T17:00:00Z,"[{""w"": ""25W17"", ""opp"": ""LAC"", ""v"": 3.0, ""cur"": false}, {""w"": ""25W18"", ""opp"": ""IND"", ""v"": 4.0, ""cur"": false}, {""w"": ""W1"", ""opp"": ""BUF"", ""v"": 4.0, ""cur"": true}, {""w"": ""W2"", ""opp"": ""CIN"", ""v"": 12.0, ""cur"": true}, {""w"": ""W3"", ""opp"": ""IND"", ""v"": 3.0, ""cur"": true}, {""w"": ""W4"", ""opp"": ""DAL"", ""v"": 2.0, ""cur"": true}]",Over,0.4110141462224268,0.42447711797737564,0.41975123879716036,2.22,draftkings,-0.06815224987030388,0.0,-0.013462971754948816,
Zay Flowers,WR,BAL,ATL,player_receptions,5.5,5.096862545885588,17,Limited,,6,True,00-0039064,2026-10-12T00:20:00Z,"[{""w"": ""25W16"", ""opp"": ""NE"", ""v"": 7.0, ""cur"": false}, {""w"": ""25W17"", ""opp"": ""GB"", ""v"": 4.0, ""cur"": false}, {""w"": ""25W18"", ""opp"": ""PIT"", ""v"": 4.0, ""cur"": false}, {""w"": ""W1"", ""opp"": ""IND"", ""v"": 5.0, ""cur"": true}, {""w"": ""W3"", ""opp"": ""DAL"", ""v"": 5.0, ""cur"": true}, {""w"": ""W4"", ""opp"": ""TEN"", ""v"": 8.0, ""cur"": true}]",Over,0.40029519905688754,0.4774005305039788,0.4500964452089094,2.07,betrivers,-0.06830035841755766,0.0,-0.07710533144709125,
Michael Wilson,WR,ARI,DET,player_reception_yds,76.5,86.91911894267737,17,,,1,True,00-0038559,2026-10-11T20:25:00Z,"[{""w"": ""25W17"", ""opp"": ""CIN"", ""v"": 89.0, ""cur"": false}, {""w"": ""25W18"", ""opp"": ""LA"", ""v"": 99.0, ""cur"": false}, {""w"": ""W1"", ""opp"": ""LAC"", ""v"": 56.0, ""cur"": true}, {""w"": ""W2"", ""opp"": ""SEA"", ""v"": 18.0, ""cur"": true}, {""w"": ""W3"", ""opp"": ""SF"", ""v"": 89.0, ""cur"": true}, {""w"": ""W4"", ""opp"": ""NYG"", ""v"": 95.0, ""cur"": true}]",Over,0.4948830322417963,0.5,0.49820900641689636,1.87,betrivers,-0.06834915800040375,0.0,-0.005116967758203694,
Pat Freiermuth,TE,PIT,IND,player_reception_yds,28.5,32.27748040993976,17,,,2,True,00-0036894,2026-10-11T17:00:00Z,"[{""w"": ""25W17"", ""opp"": ""CLE"", ""v"": 63.0, ""cur"": false}, {""w"": ""25W18"", ""opp"": ""BAL"", ""v"": 51.0, ""cur"": false}, {""w"": ""W1"", ""opp"": ""ATL"", ""v"": 46.0, ""cur"": true}, {""w"": ""W2"", ""opp"": ""NE"", ""v"": 32.0, ""cur"": true}, {""w"": ""W3"", ""opp"": ""CIN"", ""v"": 30.0, ""cur"": true}, {""w"": ""W4"", ""opp"": ""CLE"", ""v"": 17.0, ""cur"": true}]",Over,0.4835985122998099,0.5019788918205805,0.49554382336375263,1.88,draftkings,-0.06837761207614518,0.0,-0.01838037952077065,
J.K. Dobbins,RB,DEN,LAC,player_rush_yds,50.5,55.684340942439086,14,,,1,True,00-0036158,2026-10-11T20:05:00Z,"[{""w"": ""25W9"", ""opp"": ""HOU"", ""v"": 61.0, ""cur"": false}, {""w"": ""25W10"", ""opp"": ""LV"", ""v"": 77.0, ""cur"": false}, {""w"": ""W1"", ""opp"": ""KC"", ""v"": 36.0, ""cur"": true}, {""w"": ""W2"", ""opp"": ""JAX"", ""v"": 36.0, ""cur"": true}, {""w"": ""W3"", ""opp"": ""LA"", ""v"": 49.0, ""cur"": true}, {""w"": ""W4"", ""opp"": ""SF"", ""v"": 40.0, ""cur"": true}]",Under,0.5021580095131968,0.5040214477211795,0.5033692544063817,1.85,betrivers,-0.06876687934819381,0.0,-0.0018634382079827372,
Zay Flowers,WR,BAL,ATL,player_reception_yds,66.5,78.61246892644257,17,Limited,,1,True,00-0039064,2026-10-12T00:20:00Z,"[{""w"": ""25W16"", ""opp"": ""NE"", ""v"": 84.0, ""cur"": false}, {""w"": ""25W17"", ""opp"": ""GB"", ""v"": 30.0, ""cur"": false}, {""w"": ""25W18"", ""opp"": ""PIT"", ""v"": 138.0, ""cur"": false}, {""w"": ""W1"", ""opp"": ""IND"", ""v"": 150.0, ""cur"": true}, {""w"": ""W3"", ""opp"": ""DAL"", ""v"": 84.0, ""cur"": true}, {""w"": ""W4"", ""opp"": ""TEN"", ""v"": 118.0, ""cur"": true}]",Under,0.4940651624809046,0.4959785522788204,0.4953088495815407,1.88,betrivers,-0.06881936278670348,0.0,-0.0019133897979157766,
D'Andre Swift,RB,CHI,GB,player_receptions,1.5,1.9981972835896358,17,Did Not Participate In Practice,,1,False,00-0036275,2026-10-11T17:00:00Z,"[{""w"": ""25W17"", ""opp"": ""SF"", ""v"": 2.0, ""cur"": false}, {""w"": ""25W18"", ""opp"": ""DET"", ""v"": 1.0, ""cur"": false}, {""w"": ""W1"", ""opp"": ""CAR"", ""v"": 1.0, ""cur"": true}, {""w"": ""W2"", ""opp"": ""MIN"", ""v"": 5.0, ""cur"": true}, {""w"": ""W3"", ""opp"": ""PHI"", ""v"": 2.0, ""cur"": true}, {""w"": ""W4"", ""opp"": ""NYJ"", ""v"": 2.0, ""cur"": true}]",Over,0.5874404379850015,0.6029544769369912,0.6006397114496679,1.55,betrivers,-0.06900844725301475,0.0,-0.015514038951989773,one-sided-mkt 
Woody Marks,RB,HOU,TEN,player_reception_yds,6.5,10.448780444826749,17,,,1,True,00-0040583,2026-10-11T17:00:00Z,"[{""w"": ""25W17"", ""opp"": ""LAC"", ""v"": 4.0, ""cur"": false}, {""w"": ""25W18"", ""opp"": ""IND"", ""v"": 0.0, ""cur"": false}, {""w"": ""W1"", ""opp"": ""BUF"", ""v"": -2.0, ""cur"": true}, {""w"": ""W2"", ""opp"": ""CIN"", ""v"": 27.0, ""cur"": true}, {""w"": ""W3"", ""opp"": ""IND"", ""v"": 6.0, ""cur"": true}, {""w"": ""W4"", ""opp"": ""DAL"", ""v"": 0.0, ""cur"": true}]",Under,0.4862090123860707,0.5,0.4951720797962939,1.88,fanduel,-0.06907648998296745,0.0,-0.013790987613929273,
Puka Nacua,WR,LA,BUF,player_reception_yds,94.5,112.10675910673201,17,,,3,True,00-0039075,2026-10-13T00:15:00Z,"[{""w"": ""25W15"", ""opp"": ""DET"", ""v"": 181.0, ""cur"": false}, {""w"": ""25W16"", ""opp"": ""SEA"", ""v"": 225.0, ""cur"": false}, {""w"": ""25W17"", ""opp"": ""ATL"", ""v"": 47.0, ""cur"": false}, {""w"": ""25W18"", ""opp"": ""ARI"", ""v"": 76.0, ""cur"": false}, {""w"": ""W1"", ""opp"": ""SF"", ""v"": 74.0, ""cur"": true}, {""w"": ""W4"", ""opp"": ""PHI"", ""v"": 125.0, ""cur"": true}]",Under,0.48570814882165875,0.5,0.4949966561323114,1.88,betonlineag,-0.06940628647125463,0.0,-0.014291851178341253,
KC Concepcion,WR,CLE,NYJ,player_reception_yds,36.5,44.09480559680307,4,,,1,True,00-0041547,2026-10-11T17:00:00Z,"[{""w"": ""W1"", ""opp"": ""JAX"", ""v"": 43.0, ""cur"": true}, {""w"": ""W2"", ""opp"": ""TB"", ""v"": 28.0, ""cur"": true}, {""w"": ""W3"", ""opp"": ""CAR"", ""v"": 9.0, ""cur"": true}, {""w"": ""W4"", ""opp"": ""PIT"", ""v"": 64.0, ""cur"": true}]",Over,0.5009075616629154,0.5040214477211796,0.5029316107211297,1.85,betrivers,-0.06957652016591004,0.0,-0.003113886058264237,
Michael Wilson,WR,ARI,DET,player_reception_yds,74.5,86.91911894267737,17,,,1,True,00-0038559,2026-10-11T20:25:00Z,"[{""w"": ""25W17"", ""opp"": ""CIN"", ""v"": 89.0, ""cur"": false}, {""w"": ""25W18"", ""opp"": ""LA"", ""v"": 99.0, ""cur"": false}, {""w"": ""W1"", ""opp"": ""LAC"", ""v"": 56.0, ""cur"": true}, {""w"": ""W2"", ""opp"": ""SEA"", ""v"": 18.0, ""cur"": true}, {""w"": ""W3"", ""opp"": ""SF"", ""v"": 89.0, ""cur"": true}, {""w"": ""W4"", ""opp"": ""NYG"", ""v"": 95.0, ""cur"": true}]",Over,0.5108247491772888,0.5199999999999999,0.516789879261804,1.8,betmgm,-0.06977821732875283,0.0,-0.00917525082271109,
Elic Ayomanor,WR,TEN,HOU,player_receptions,1.5,1.7679877060326377,17,,,2,True,00-0040170,2026-10-11T17:00:00Z,"[{""w"": ""25W17"", ""opp"": ""NO"", ""v"": 4.0, ""cur"": false}, {""w"": ""25W18"", ""opp"": ""JAX"", ""v"": 3.0, ""cur"": false}, {""w"": ""W1"", ""opp"": ""NYJ"", ""v"": 1.0, ""cur"": true}, {""w"": ""W2"", ""opp"": ""PHI"", ""v"": 2.0, ""cur"": true}, {""w"": ""W3"", ""opp"": ""NYG"", ""v"": 1.0, ""cur"": true}, {""w"": ""W4"", ""opp"": ""BAL"", ""v"": 1.0, ""cur"": true}]",Under,0.47244091637259034,0.4986772486772486,0.4894862945866628,1.9,draftkings,-0.06997604028534071,0.0,-0.026236332304658272,
Amon-Ra St. Brown,WR,DET,ARI,player_reception_yds,81.5,93.28553010358591,17,,,2,True,00-0036963,2026-10-11T20:25:00Z,"[{""w"": ""25W17"", ""opp"": ""MIN"", ""v"": 68.0, ""cur"": false}, {""w"": ""25W18"", ""opp"": ""CHI"", ""v"": 139.0, ""cur"": false}, {""w"": ""W1"", ""opp"": ""NO"", ""v"": 67.0, ""cur"": true}, {""w"": ""W2"", ""opp"": ""BUF"", ""v"": 142.0, ""cur"": true}, {""w"": ""W3"", ""opp"": ""NYJ"", ""v"": 19.0, ""cur"": true}, {""w"": ""W4"", ""opp"": ""CAR"", ""v"": 75.0, ""cur"": true}]",Over,0.4876669078057042,0.49798927613941024,0.4943758016460196,1.88,betrivers,-0.07057349290548326,0.0,-0.010322368333706033,
CeeDee Lamb,WR,DAL,TB,player_reception_yds,80.5,98.99979445366223,17,Full,,3,True,00-0036358,2026-10-09T00:15:00Z,"[{""w"": ""25W17"", ""opp"": ""WAS"", ""v"": 46.0, ""cur"": false}, {""w"": ""25W18"", ""opp"": ""NYG"", ""v"": 4.0, ""cur"": false}, {""w"": ""W1"", ""opp"": ""NYG"", ""v"": 44.0, ""cur"": true}, {""w"": ""W2"", ""opp"": ""WAS"", ""v"": 153.0, ""cur"": true}, {""w"": ""W3"", ""opp"": ""BAL"", ""v"": 112.0, ""cur"": true}, {""w"": ""W4"", ""opp"": ""HOU"", ""v"": 189.0, ""cur"": true}]",Under,0.47617658814163055,0.5,0.4916562620244123,1.89,betonlineag,-0.07076966477386082,0.0,-0.023823411858369448,
DK Metcalf,WR,PIT,IND,player_reception_yds,51.5,60.55407058618882,17,,,1,True,00-0035640,2026-10-11T17:00:00Z,"[{""w"": ""25W15"", ""opp"": ""MIA"", ""v"": 55.0, ""cur"": false}, {""w"": ""25W16"", ""opp"": ""DET"", ""v"": 42.0, ""cur"": false}, {""w"": ""W1"", ""opp"": ""ATL"", ""v"": 40.0, ""cur"": true}, {""w"": ""W2"", ""opp"": ""NE"", ""v"": 27.0, ""cur"": true}, {""w"": ""W3"", ""opp"": ""CIN"", ""v"": 31.0, ""cur"": true}, {""w"": ""W4"", ""opp"": ""CLE"", ""v"": 115.0, ""cur"": true}]",Over,0.48353489769798397,0.5,0.4942353852233341,1.88,fanduel,-0.07083747578013194,0.0,-0.016465102302016033,
Darnell Mooney,WR,NYG,WAS,player_reception_yds,17.5,23.469173975944873,17,,,3,True,00-0036309,2026-10-11T17:00:00Z,"[{""w"": ""25W17"", ""opp"": ""LA"", ""v"": 35.0, ""cur"": false}, {""w"": ""25W18"", ""opp"": ""NO"", ""v"": 20.0, ""cur"": false}, {""w"": ""W1"", ""opp"": ""DAL"", ""v"": 27.0, ""cur"": true}, {""w"": ""W2"", ""opp"": ""LA"", ""v"": 48.0, ""cur"": true}, {""w"": ""W3"", ""opp"": ""TEN"", ""v"": 20.0, ""cur"": true}, {""w"": ""W4"", ""opp"": ""ARI"", ""v"": 0.0, ""cur"": true}]",Under,0.46664483459746636,0.48930481283422467,0.48136403244302656,1.93,betonlineag,-0.07096741738495871,0.0,-0.022659978236758305,
RJ Harvey,RB,DEN,LAC,player_receptions,4.5,4.509076737841415,17,,,3,True,00-0040730,2026-10-11T20:05:00Z,"[{""w"": ""25W16"", ""opp"": ""JAX"", ""v"": 4.0, ""cur"": false}, {""w"": ""25W17"", ""opp"": ""KC"", ""v"": 5.0, ""cur"": false}, {""w"": ""25W18"", ""opp"": ""LAC"", ""v"": 1.0, ""cur"": false}, {""w"": ""W1"", ""opp"": ""KC"", ""v"": 4.0, ""cur"": true}, {""w"": ""W3"", ""opp"": ""LA"", ""v"": 6.0, ""cur"": true}, {""w"": ""W4"", ""opp"": ""SF"", ""v"": 10.0, ""cur"": true}]",Under,0.5634273088357159,0.5897435897435898,0.5805831589843268,1.6,draftkings,-0.07106694562507698,0.0,-0.026316280907873857,
Bo Nix,QB,DEN,LAC,player_pass_yds,220.5,224.708889381141,17,,,3,True,00-0039732,2026-10-11T20:05:00Z,"[{""w"": ""25W17"", ""opp"": ""KC"", ""v"": 182.0, ""cur"": false}, {""w"": ""25W18"", ""opp"": ""LAC"", ""v"": 141.0, ""cur"": false}, {""w"": ""W1"", ""opp"": ""KC"", ""v"": 131.0, ""cur"": true}, {""w"": ""W2"", ""opp"": ""JAX"", ""v"": 288.0, ""cur"": true}, {""w"": ""W3"", ""opp"": ""LA"", ""v"": 186.0, ""cur"": true}, {""w"": ""W4"", ""opp"": ""SF"", ""v"": 214.0, ""cur"": true}]",Over,0.4681875170828502,0.5,0.4888524175096983,1.9,draftkings,-0.07118040673157322,0.0,-0.031812482917149776,
Blake Corum,RB,LA,BUF,player_rush_yds,31.5,40.22182137555156,17,,,2,True,00-0039738,2026-10-13T00:15:00Z,"[{""w"": ""25W17"", ""opp"": ""ATL"", ""v"": 18.0, ""cur"": false}, {""w"": ""25W18"", ""opp"": ""ARI"", ""v"": 59.0, ""cur"": false}, {""w"": ""W1"", ""opp"": ""SF"", ""v"": 54.0, ""cur"": true}, {""w"": ""W2"", ""opp"": ""NYG"", ""v"": 79.0, ""cur"": true}, {""w"": ""W3"", ""opp"": ""DEN"", ""v"": 15.0, ""cur"": true}, {""w"": ""W4"", ""opp"": ""PHI"", ""v"": 14.0, ""cur"": true}]",Under,0.4825302598274585,0.5,0.4938834061706894,1.88,betonlineag,-0.07149919639910401,0.0,-0.017469740172541492,
Derrick Henry,RB,BAL,ATL,player_rush_yds,84.5,89.25062818598006,17,,,3,True,00-0032764,2026-10-12T00:20:00Z,"[{""w"": ""25W17"", ""opp"": ""GB"", ""v"": 216.0, ""cur"": false}, {""w"": ""25W18"", ""opp"": ""PIT"", ""v"": 126.0, ""cur"": false}, {""w"": ""W1"", ""opp"": ""IND"", ""v"": 144.0, ""cur"": true}, {""w"": ""W2"", ""opp"": ""NO"", ""v"": 68.0, ""cur"": true}, {""w"": ""W3"", ""opp"": ""DAL"", ""v"": 89.0, ""cur"": true}, {""w"": ""W4"", ""opp"": ""TEN"", ""v"": 73.0, ""cur"": true}]",Over,0.4676881236229471,0.5,0.48867699672217385,1.9,draftkings,-0.07151370622786979,0.0,-0.032311876377052906,
Davante Adams,WR,LA,BUF,player_reception_yds,63.5,85.95271091610613,17,,,3,True,00-0031381,2026-10-13T00:15:00Z,"[{""w"": ""25W14"", ""opp"": ""ARI"", ""v"": 29.0, ""cur"": false}, {""w"": ""25W15"", ""opp"": ""DET"", ""v"": 71.0, ""cur"": false}, {""w"": ""W1"", ""opp"": ""SF"", ""v"": 26.0, ""cur"": true}, {""w"": ""W2"", ""opp"": ""NYG"", ""v"": 195.0, ""cur"": true}, {""w"": ""W3"", ""opp"": ""DEN"", ""v"": 137.0, ""cur"": true}, {""w"": ""W4"", ""opp"": ""PHI"", ""v"": 32.0, ""cur"": true}]",Under,0.47485462178877963,0.5,0.49119259782648633,1.89,draftkings,-0.07164599010794082,0.0,-0.02514537821122037,
Jahmyr Gibbs,RB,DET,ARI,player_reception_yds,37.5,42.45122018993049,17,,,5,True,00-0039139,2026-10-11T20:25:00Z,"[{""w"": ""25W17"", ""opp"": ""MIN"", ""v"": 23.0, ""cur"": false}, {""w"": ""25W18"", ""opp"": ""CHI"", ""v"": 33.0, ""cur"": false}, {""w"": ""W1"", ""opp"": ""NO"", ""v"": 30.0, ""cur"": true}, {""w"": ""W2"", ""opp"": ""BUF"", ""v"": 61.0, ""cur"": true}, {""w"": ""W3"", ""opp"": ""NYJ"", ""v"": 65.0, ""cur"": true}, {""w"": ""W4"", ""opp"": ""CAR"", ""v"": 31.0, ""cur"": true}]",Over,0.4745798911397897,0.5,0.49109622584940066,1.89,draftkings,-0.07182813314463277,0.0,-0.02542010886021029,
Jaxon Smith-Njigba,WR,SEA,SF,player_reception_yds,91.5,97.75097940129855,17,,,2,True,00-0038543,2026-10-11T20:25:00Z,"[{""w"": ""25W17"", ""opp"": ""CAR"", ""v"": 72.0, ""cur"": false}, {""w"": ""25W18"", ""opp"": ""SF"", ""v"": 84.0, ""cur"": false}, {""w"": ""W1"", ""opp"": ""NE"", ""v"": 122.0, ""cur"": true}, {""w"": ""W2"", ""opp"": ""ARI"", ""v"": 155.0, ""cur"": true}, {""w"": ""W3"", ""opp"": ""WAS"", ""v"": 128.0, ""cur"": true}, {""w"": ""W4"", ""opp"": ""LAC"", ""v"": 76.0, ""cur"": true}]",Over,0.47446099689268406,0.5,0.4910545178117393,1.89,draftkings,-0.0719069613358127,0.0,-0.02553900310731594,
Emeka Egbuka,WR,TB,DAL,player_reception_yds,36.5,43.21228711707941,17,,,1,True,00-0040129,2026-10-09T00:15:00Z,"[{""w"": ""25W17"", ""opp"": ""MIA"", ""v"": 20.0, ""cur"": false}, {""w"": ""25W18"", ""opp"": ""CAR"", ""v"": 8.0, ""cur"": false}, {""w"": ""W1"", ""opp"": ""CIN"", ""v"": 63.0, ""cur"": true}, {""w"": ""W2"", ""opp"": ""CLE"", ""v"": 16.0, ""cur"": true}, {""w"": ""W3"", ""opp"": ""MIN"", ""v"": 62.0, ""cur"": true}, {""w"": ""W4"", ""opp"": ""GB"", ""v"": 13.0, ""cur"": true}]",Over,0.4891119191438612,0.4959785522788205,0.49357492546249826,1.88,betrivers,-0.07207914013050332,0.0,-0.006866633134959277,
Christian Watson,WR,GB,CHI,player_receptions,4.5,4.196299289843409,14,,,6,True,00-0038124,2026-10-11T17:00:00Z,"[{""w"": ""25W16"", ""opp"": ""CHI"", ""v"": 2.0, ""cur"": false}, {""w"": ""25W17"", ""opp"": ""BAL"", ""v"": 5.0, ""cur"": false}, {""w"": ""W1"", ""opp"": ""MIN"", ""v"": 6.0, ""cur"": true}, {""w"": ""W2"", ""opp"": ""NYJ"", ""v"": 4.0, ""cur"": true}, {""w"": ""W3"", ""opp"": ""ATL"", ""v"": 7.0, ""cur"": true}, {""w"": ""W4"", ""opp"": ""TB"", ""v"": 3.0, ""cur"": true}]",Over,0.40945150147135984,0.4466393556450493,0.43353330314904187,2.14,betrivers,-0.0722387312610504,0.0,-0.03718785417368947,
Carnell Tate,WR,TEN,HOU,player_reception_yds,53.5,64.19641019958024,4,,,3,True,00-0041438,2026-10-11T17:00:00Z,"[{""w"": ""W1"", ""opp"": ""NYJ"", ""v"": 38.0, ""cur"": true}, {""w"": ""W2"", ""opp"": ""PHI"", ""v"": 27.0, ""cur"": true}, {""w"": ""W3"", ""opp"": ""NYG"", ""v"": 58.0, ""cur"": true}, {""w"": ""W4"", ""opp"": ""BAL"", ""v"": 145.0, ""cur"": true}]",Over,0.4813576438616931,0.5,0.49347252020106536,1.88,draftkings,-0.0722716620219972,0.0,-0.018642356138306893,
Emeka Egbuka,WR,TB,DAL,player_receptions,3.5,3.6416160824863915,17,,,5,True,00-0040129,2026-10-09T00:15:00Z,"[{""w"": ""25W17"", ""opp"": ""MIA"", ""v"": 3.0, ""cur"": false}, {""w"": ""25W18"", ""opp"": ""CAR"", ""v"": 1.0, ""cur"": false}, {""w"": ""W1"", ""opp"": ""CIN"", ""v"": 5.0, ""cur"": true}, {""w"": ""W2"", ""opp"": ""CLE"", ""v"": 3.0, ""cur"": true}, {""w"": ""W3"", ""opp"": ""MIN"", ""v"": 5.0, ""cur"": true}, {""w"": ""W4"", ""opp"": ""GB"", ""v"": 2.0, ""cur"": true}]",Under,0.5064119175240829,0.596938775510204,0.56568053374633,1.64,betonlineag,-0.0722839246560189,0.0,-0.09052685798612115,
Jaxon Smith-Njigba,WR,SEA,SF,player_receptions,6.5,7.0359704210985505,17,,,5,True,00-0038543,2026-10-11T20:25:00Z,"[{""w"": ""25W17"", ""opp"": ""CAR"", ""v"": 9.0, ""cur"": false}, {""w"": ""25W18"", ""opp"": ""SF"", ""v"": 6.0, ""cur"": false}, {""w"": ""W1"", ""opp"": ""NE"", ""v"": 8.0, ""cur"": true}, {""w"": ""W2"", ""opp"": ""ARI"", ""v"": 9.0, ""cur"": true}, {""w"": ""W3"", ""opp"": ""WAS"", ""v"": 10.0, ""cur"": true}, {""w"": ""W4"", ""opp"": ""LAC"", ""v"": 5.0, ""cur"": true}]",Under,0.4544180632118664,0.47214854111405835,0.4659325622236415,1.99,betonlineag,-0.0727942011749535,0.0,-0.017730477902191955,
Blake Corum,RB,LA,BUF,player_rush_yds,33.5,40.22182137555156,17,,,1,True,00-0039738,2026-10-13T00:15:00Z,"[{""w"": ""25W17"", ""opp"": ""ATL"", ""v"": 18.0, ""cur"": false}, {""w"": ""25W18"", ""opp"": ""ARI"", ""v"": 59.0, ""cur"": false}, {""w"": ""W1"", ""opp"": ""SF"", ""v"": 54.0, ""cur"": true}, {""w"": ""W2"", ""opp"": ""NYG"", ""v"": 79.0, ""cur"": true}, {""w"": ""W3"", ""opp"": ""DEN"", ""v"": 15.0, ""cur"": true}, {""w"": ""W4"", ""opp"": ""PHI"", ""v"": 14.0, ""cur"": true}]",Over,0.4880378572125851,0.49193548387096786,0.49057117874918393,1.89,betrivers,-0.07282047216404236,0.0,-0.00389762665838278,
Kenny Gainwell,RB,TB,DAL,player_rush_yds,11.5,15.960346421005148,17,,,3,True,00-0036919,2026-10-09T00:15:00Z,"[{""w"": ""25W17"", ""opp"": ""CLE"", ""v"": 26.0, ""cur"": false}, {""w"": ""25W18"", ""opp"": ""BAL"", ""v"": 10.0, ""cur"": false}, {""w"": ""W1"", ""opp"": ""CIN"", ""v"": 15.0, ""cur"": true}, {""w"": ""W2"", ""opp"": ""CLE"", ""v"": 10.0, ""cur"": true}, {""w"": ""W3"", ""opp"": ""MIN"", ""v"": -4.0, ""cur"": true}, {""w"": ""W4"", ""opp"": ""GB"", ""v"": 5.0, ""cur"": true}]",Over,0.4754027013888217,0.5026455026455027,0.4931040204986402,1.88,draftkings,-0.07296444146255643,0.0,-0.027242801256680993,
Kyle Monangai,RB,CHI,GB,player_rush_yds,53.5,68.82843363627678,17,Did Not Participate In Practice,,2,True,00-0040236,2026-10-11T17:00:00Z,"[{""w"": ""25W17"", ""opp"": ""SF"", ""v"": 38.0, ""cur"": false}, {""w"": ""25W18"", ""opp"": ""DET"", ""v"": 14.0, ""cur"": false}, {""w"": ""W1"", ""opp"": ""CAR"", ""v"": 100.0, ""cur"": true}, {""w"": ""W2"", ""opp"": ""MIN"", ""v"": 47.0, ""cur"": true}, {""w"": ""W3"", ""opp"": ""PHI"", ""v"": 31.0, ""cur"": true}, {""w"": ""W4"", ""opp"": ""NYJ"", ""v"": 146.0, ""cur"": true}]",Under,0.4726617358808628,0.5,0.49042322680729744,1.89,draftkings,-0.07310010133420791,0.0,-0.0273382641191372,
Kalif Raymond,WR,CHI,GB,player_reception_yds,28.5,36.646262001644814,17,,,3,True,00-0032464,2026-10-11T17:00:00Z,"[{""w"": ""25W17"", ""opp"": ""MIN"", ""v"": 5.0, ""cur"": false}, {""w"": ""25W18"", ""opp"": ""CHI"", ""v"": 52.0, ""cur"": false}, {""w"": ""W1"", ""opp"": ""CAR"", ""v"": 84.0, ""cur"": true}, {""w"": ""W2"", ""opp"": ""MIN"", ""v"": 40.0, ""cur"": true}, {""w"": ""W3"", ""opp"": ""PHI"", ""v"": 90.0, ""cur"": true}, {""w"": ""W4"", ""opp"": ""NYJ"", ""v"": 6.0, ""cur"": true}]",Over,0.48007889502842294,0.5,0.49302437304161223,1.88,draftkings,-0.07311417868176912,0.0,-0.019921104971577064,
C.J. Stroud,QB,HOU,TEN,player_rush_yds,10.5,12.226501396808851,17,,,1,True,00-0039163,2026-10-11T17:00:00Z,"[{""w"": ""25W17"", ""opp"": ""LAC"", ""v"": 0.0, ""cur"": false}, {""w"": ""25W18"", ""opp"": ""IND"", ""v"": 5.0, ""cur"": false}, {""w"": ""W1"", ""opp"": ""BUF"", ""v"": 15.0, ""cur"": true}, {""w"": ""W2"", ""opp"": ""CIN"", ""v"": 29.0, ""cur"": true}, {""w"": ""W3"", ""opp"": ""IND"", ""v"": 10.0, ""cur"": true}, {""w"": ""W4"", ""opp"": ""DAL"", ""v"": 12.0, ""cur"": true}]",Over,0.4561876844392919,0.48548812664907653,0.475211233803407,1.95,draftkings,-0.07333809408335634,0.0,-0.029300442209784616,
Jaylin Noel,WR,HOU,TEN,player_reception_yds,17.5,24.633066456452852,17,,,1,True,00-0040138,2026-10-11T17:00:00Z,"[{""w"": ""25W17"", ""opp"": ""LAC"", ""v"": 54.0, ""cur"": false}, {""w"": ""25W18"", ""opp"": ""IND"", ""v"": 13.0, ""cur"": false}, {""w"": ""W1"", ""opp"": ""BUF"", ""v"": 53.0, ""cur"": true}, {""w"": ""W2"", ""opp"": ""CIN"", ""v"": 31.0, ""cur"": true}, {""w"": ""W3"", ""opp"": ""IND"", ""v"": 17.0, ""cur"": true}, {""w"": ""W4"", ""opp"": ""DAL"", ""v"": 85.0, ""cur"": true}]",Over,0.4626302459477971,0.49340369393139843,0.4826153131611287,1.92,draftkings,-0.0733785987306329,0.0,-0.03077344798360132,
Harold Fannin Jr.,TE,CLE,NYJ,player_receptions,3.5,4.2338986105947995,17,,,1,True,00-0040663,2026-10-11T17:00:00Z,"[{""w"": ""25W16"", ""opp"": ""BUF"", ""v"": 4.0, ""cur"": false}, {""w"": ""25W17"", ""opp"": ""PIT"", ""v"": 2.0, ""cur"": false}, {""w"": ""W1"", ""opp"": ""JAX"", ""v"": 2.0, ""cur"": true}, {""w"": ""W2"", ""opp"": ""TB"", ""v"": 5.0, ""cur"": true}, {""w"": ""W3"", ""opp"": ""CAR"", ""v"": 7.0, ""cur"": true}, {""w"": ""W4"", ""opp"": ""PIT"", ""v"": 3.0, ""cur"": true}]",Under,0.4019489392867749,0.41709844559585496,0.41177673054332503,2.25,betmgm,-0.07350235627751867,0.0,-0.015149506309080074,
Ryan Flournoy,WR,DAL,TB,player_reception_yds,31.5,36.960517813854324,17,,,3,True,00-0039410,2026-10-09T00:15:00Z,"[{""w"": ""25W16"", ""opp"": ""LAC"", ""v"": 18.0, ""cur"": false}, {""w"": ""25W18"", ""opp"": ""NYG"", ""v"": 68.0, ""cur"": false}, {""w"": ""W1"", ""opp"": ""NYG"", ""v"": 22.0, ""cur"": true}, {""w"": ""W2"", ""opp"": ""WAS"", ""v"": 23.0, ""cur"": true}, {""w"": ""W3"", ""opp"": ""BAL"", ""v"": 22.0, ""cur"": true}, {""w"": ""W4"", ""opp"": ""HOU"", ""v"": 37.0, ""cur"": true}]",Over,0.47916329855148876,0.5,0.49270344634828006,1.88,betonlineag,-0.07371752086523359,0.0,-0.02083670144851124,
Jacoby Brissett,QB,ARI,DET,player_pass_yds,269.5,275.7612746316478,17,,,2,True,00-0033119,2026-10-11T20:25:00Z,"[{""w"": ""25W17"", ""opp"": ""CIN"", ""v"": 212.0, ""cur"": false}, {""w"": ""25W18"", ""opp"": ""LA"", ""v"": 243.0, ""cur"": false}, {""w"": ""W1"", ""opp"": ""LAC"", ""v"": 277.0, ""cur"": true}, {""w"": ""W2"", ""opp"": ""SEA"", ""v"": 95.0, ""cur"": true}, {""w"": ""W3"", ""opp"": ""SF"", ""v"": 280.0, ""cur"": true}, {""w"": ""W4"", ""opp"": ""NYG"", ""v"": 166.0, ""cur"": true}]",Over,0.46663610225688057,0.4986772486772487,0.48744810516867554,1.9,draftkings,-0.0738486001795165,0.0,-0.03204114642036815,
DK Metcalf,WR,PIT,IND,player_reception_yds,50.5,60.55407058618882,17,,,1,True,00-0035640,2026-10-11T17:00:00Z,"[{""w"": ""25W15"", ""opp"": ""MIA"", ""v"": 55.0, ""cur"": false}, {""w"": ""25W16"", ""opp"": ""DET"", ""v"": 42.0, ""cur"": false}, {""w"": ""W1"", ""opp"": ""ATL"", ""v"": 40.0, ""cur"": true}, {""w"": ""W2"", ""opp"": ""NE"", ""v"": 27.0, ""cur"": true}, {""w"": ""W3"", ""opp"": ""CIN"", ""v"": 31.0, ""cur"": true}, {""w"": ""W4"", ""opp"": ""CLE"", ""v"": 115.0, ""cur"": true}]",Over,0.493332537427172,0.5040214477211796,0.5002802471189087,1.85,betrivers,-0.07448154283001879,0.0,-0.010688910294007647,
Tony Pollard,RB,TEN,HOU,player_reception_yds,7.5,10.123032525086764,17,Did Not Participate In Practice,,1,True,00-0035261,2026-10-11T17:00:00Z,"[{""w"": ""25W17"", ""opp"": ""NO"", ""v"": 10.0, ""cur"": false}, {""w"": ""25W18"", ""opp"": ""JAX"", ""v"": 17.0, ""cur"": false}, {""w"": ""W1"", ""opp"": ""NYJ"", ""v"": -1.0, ""cur"": true}, {""w"": ""W2"", ""opp"": ""PHI"", ""v"": 1.0, ""cur"": true}, {""w"": ""W3"", ""opp"": ""NYG"", ""v"": 22.0, ""cur"": true}, {""w"": ""W4"", ""opp"": ""BAL"", ""v"": 2.0, ""cur"": true}]",Over,0.503209782421643,0.5199999999999999,0.5141266186398036,1.8,betmgm,-0.07457208644835356,0.0,-0.01679021757835686,
Sam LaPorta,TE,DET,ARI,player_reception_yds,55.5,63.3999791483144,13,,,1,True,00-0039065,2026-10-11T20:25:00Z,"[{""w"": ""25W9"", ""opp"": ""MIN"", ""v"": 97.0, ""cur"": false}, {""w"": ""25W10"", ""opp"": ""WAS"", ""v"": 53.0, ""cur"": false}, {""w"": ""W1"", ""opp"": ""NO"", ""v"": 48.0, ""cur"": true}, {""w"": ""W2"", ""opp"": ""BUF"", ""v"": 52.0, ""cur"": true}, {""w"": ""W3"", ""opp"": ""NYJ"", ""v"": 44.0, ""cur"": true}, {""w"": ""W4"", ""opp"": ""CAR"", ""v"": 84.0, ""cur"": true}]",Under,0.49287975919752763,0.5040214477211795,0.5001217446231837,1.85,betrivers,-0.07477477244711012,0.0,-0.011141688523651883,
Deshaun Watson,QB,CLE,NYJ,player_rush_yds,26.5,30.26235393090275,4,,,2,True,00-0033537,2026-10-11T17:00:00Z,"[{""w"": ""W1"", ""opp"": ""JAX"", ""v"": 38.0, ""cur"": true}, {""w"": ""W2"", ""opp"": ""TB"", ""v"": 22.0, ""cur"": true}, {""w"": ""W3"", ""opp"": ""CAR"", ""v"": 45.0, ""cur"": true}, {""w"": ""W4"", ""opp"": ""PIT"", ""v"": 22.0, ""cur"": true}]",Over,0.47725464771563186,0.5,0.4920343024759204,1.88,betonlineag,-0.0749755113452697,0.0,-0.022745352284368137,
Jacoby Brissett,QB,ARI,DET,player_pass_yds,266.5,275.7612746316478,17,,,1,True,00-0033119,2026-10-11T20:25:00Z,"[{""w"": ""25W17"", ""opp"": ""CIN"", ""v"": 212.0, ""cur"": false}, {""w"": ""25W18"", ""opp"": ""LA"", ""v"": 243.0, ""cur"": false}, {""w"": ""W1"", ""opp"": ""LAC"", ""v"": 277.0, ""cur"": true}, {""w"": ""W2"", ""opp"": ""SEA"", ""v"": 95.0, ""cur"": true}, {""w"": ""W3"", ""opp"": ""SF"", ""v"": 280.0, ""cur"": true}, {""w"": ""W4"", ""opp"": ""NYG"", ""v"": 166.0, ""cur"": true}]",Over,0.47723301490709336,0.5,0.4920267172045492,1.88,fanduel,-0.07498977165544757,0.0,-0.022766985092906644,
George Kittle,TE,SF,SEA,player_receptions,4.5,4.450273313882522,15,,,5,True,00-0033288,2026-10-11T20:25:00Z,"[{""w"": ""25W16"", ""opp"": ""IND"", ""v"": 7.0, ""cur"": false}, {""w"": ""25W18"", ""opp"": ""SEA"", ""v"": 5.0, ""cur"": false}, {""w"": ""W1"", ""opp"": ""LA"", ""v"": 2.0, ""cur"": true}, {""w"": ""W2"", ""opp"": ""MIA"", ""v"": 4.0, ""cur"": true}, {""w"": ""W3"", ""opp"": ""ARI"", ""v"": 6.0, ""cur"": true}, {""w"": ""W4"", ""opp"": ""DEN"", ""v"": 4.0, ""cur"": true}]",Over,0.45726410327373823,0.5106951871657753,0.491959477275295,1.88,betonlineag,-0.07511618272244547,0.0,-0.0534310838920371,
Jahan Dotson,WR,ATL,BAL,player_reception_yds,18.5,24.44607261250215,17,,,1,True,00-0037741,2026-10-12T00:20:00Z,"[{""w"": ""25W17"", ""opp"": ""BUF"", ""v"": 0.0, ""cur"": false}, {""w"": ""25W18"", ""opp"": ""WAS"", ""v"": 40.0, ""cur"": false}, {""w"": ""W1"", ""opp"": ""PIT"", ""v"": 19.0, ""cur"": true}, {""w"": ""W2"", ""opp"": ""CAR"", ""v"": 11.0, ""cur"": true}, {""w"": ""W3"", ""opp"": ""GB"", ""v"": 11.0, ""cur"": true}, {""w"": ""W4"", ""opp"": ""NO"", ""v"": 54.0, ""cur"": true}]",Under,0.4839746391064008,0.5,0.4943894374321309,1.87,betmgm,-0.07549175200191516,0.0,-0.016025360893599183,
Jameson Williams,WR,DET,ARI,player_reception_yds,53.5,66.5727504707809,17,,,4,True,00-0037240,2026-10-11T20:25:00Z,"[{""w"": ""25W17"", ""opp"": ""MIN"", ""v"": 37.0, ""cur"": false}, {""w"": ""25W18"", ""opp"": ""CHI"", ""v"": 74.0, ""cur"": false}, {""w"": ""W1"", ""opp"": ""NO"", ""v"": 45.0, ""cur"": true}, {""w"": ""W2"", ""opp"": ""BUF"", ""v"": 33.0, ""cur"": true}, {""w"": ""W3"", ""opp"": ""NYJ"", ""v"": 49.0, ""cur"": true}, {""w"": ""W4"", ""opp"": ""CAR"", ""v"": 102.0, ""cur"": true}]",Under,0.47635533168400024,0.5,0.4917189462153899,1.88,betonlineag,-0.07556838111506703,0.0,-0.02364466831599976,
Derrick Henry,RB,BAL,ATL,player_rush_yds,83.5,89.25062818598006,17,,,1,True,00-0032764,2026-10-12T00:20:00Z,"[{""w"": ""25W17"", ""opp"": ""GB"", ""v"": 216.0, ""cur"": false}, {""w"": ""25W18"", ""opp"": ""PIT"", ""v"": 126.0, ""cur"": false}, {""w"": ""W1"", ""opp"": ""IND"", ""v"": 144.0, ""cur"": true}, {""w"": ""W2"", ""opp"": ""NO"", ""v"": 68.0, ""cur"": true}, {""w"": ""W3"", ""opp"": ""DAL"", ""v"": 89.0, ""cur"": true}, {""w"": ""W4"", ""opp"": ""TEN"", ""v"": 73.0, ""cur"": true}]",Over,0.47623223787230584,0.5,0.49167577822155867,1.88,fanduel,-0.07564953694346982,0.0,-0.02376776212769416,
Mike Washington Jr.,RB,LV,NE,player_rush_yds,23.5,26.71200554896296,4,,,1,True,00-0040878,2026-10-11T17:00:00Z,"[{""w"": ""W1"", ""opp"": ""MIA"", ""v"": 41.0, ""cur"": true}, {""w"": ""W2"", ""opp"": ""LAC"", ""v"": 7.0, ""cur"": true}, {""w"": ""W3"", ""opp"": ""NO"", ""v"": 54.0, ""cur"": true}, {""w"": ""W4"", ""opp"": ""KC"", ""v"": 18.0, ""cur"": true}]",Over,0.4757359451176433,0.5,0.4915017233476972,1.88,fanduel,-0.07597676010632926,0.0,-0.024264054882356723,
RJ Harvey,RB,DEN,LAC,player_reception_yds,27.5,32.97138283486797,17,,,2,True,00-0040730,2026-10-11T20:05:00Z,"[{""w"": ""25W16"", ""opp"": ""JAX"", ""v"": 71.0, ""cur"": false}, {""w"": ""25W17"", ""opp"": ""KC"", ""v"": 33.0, ""cur"": false}, {""w"": ""25W18"", ""opp"": ""LAC"", ""v"": 5.0, ""cur"": false}, {""w"": ""W1"", ""opp"": ""KC"", ""v"": 23.0, ""cur"": true}, {""w"": ""W3"", ""opp"": ""LA"", ""v"": 41.0, ""cur"": true}, {""w"": ""W4"", ""opp"": ""SF"", ""v"": 68.0, ""cur"": true}]",Over,0.47926386279634403,0.5020107238605898,0.4940454458341275,1.87,betmgm,-0.07613501629018155,0.0,-0.022746861064245727,
Tre Tucker,WR,LV,NE,player_reception_yds,39.5,45.889973369920995,17,,,2,True,00-0038563,2026-10-11T17:00:00Z,"[{""w"": ""25W17"", ""opp"": ""NYG"", ""v"": 49.0, ""cur"": false}, {""w"": ""25W18"", ""opp"": ""KC"", ""v"": 30.0, ""cur"": false}, {""w"": ""W1"", ""opp"": ""MIA"", ""v"": 27.0, ""cur"": true}, {""w"": ""W2"", ""opp"": ""LAC"", ""v"": 119.0, ""cur"": true}, {""w"": ""W3"", ""opp"": ""NO"", ""v"": 43.0, ""cur"": true}, {""w"": ""W4"", ""opp"": ""KC"", ""v"": 44.0, ""cur"": true}]",Over,0.47788965146635454,0.5026595744680851,0.4939853577193038,1.87,betmgm,-0.07624738106490181,0.0,-0.02476992300173053,
Harold Fannin Jr.,TE,CLE,NYJ,player_reception_yds,36.5,39.7568666958326,17,,,2,True,00-0040663,2026-10-11T17:00:00Z,"[{""w"": ""25W16"", ""opp"": ""BUF"", ""v"": 34.0, ""cur"": false}, {""w"": ""25W17"", ""opp"": ""PIT"", ""v"": 30.0, ""cur"": false}, {""w"": ""W1"", ""opp"": ""JAX"", ""v"": 21.0, ""cur"": true}, {""w"": ""W2"", ""opp"": ""TB"", ""v"": 54.0, ""cur"": true}, {""w"": ""W3"", ""opp"": ""CAR"", ""v"": 51.0, ""cur"": true}, {""w"": ""W4"", ""opp"": ""PIT"", ""v"": 27.0, ""cur"": true}]",Over,0.47268380382014763,0.5013227513227514,0.4912904737800496,1.88,draftkings,-0.07637390929350679,0.0,-0.028638947502603762,
Elic Ayomanor,WR,TEN,HOU,player_reception_yds,17.5,24.216055604745314,17,,,1,True,00-0040170,2026-10-11T17:00:00Z,"[{""w"": ""25W17"", ""opp"": ""NO"", ""v"": 37.0, ""cur"": false}, {""w"": ""25W18"", ""opp"": ""JAX"", ""v"": 50.0, ""cur"": false}, {""w"": ""W1"", ""opp"": ""NYJ"", ""v"": 11.0, ""cur"": true}, {""w"": ""W2"", ""opp"": ""PHI"", ""v"": 69.0, ""cur"": true}, {""w"": ""W3"", ""opp"": ""NYG"", ""v"": 11.0, ""cur"": true}, {""w"": ""W4"", ""opp"": ""BAL"", ""v"": 22.0, ""cur"": true}]",Under,0.47498486115220606,0.5,0.49123828247951573,1.88,fanduel,-0.07647202893851046,0.0,-0.02501513884779394,
Bo Nix,QB,DEN,LAC,player_pass_yds,217.5,224.708889381141,17,,,1,True,00-0039732,2026-10-11T20:05:00Z,"[{""w"": ""25W17"", ""opp"": ""KC"", ""v"": 182.0, ""cur"": false}, {""w"": ""25W18"", ""opp"": ""LAC"", ""v"": 141.0, ""cur"": false}, {""w"": ""W1"", ""opp"": ""KC"", ""v"": 131.0, ""cur"": true}, {""w"": ""W2"", ""opp"": ""JAX"", ""v"": 288.0, ""cur"": true}, {""w"": ""W3"", ""opp"": ""LA"", ""v"": 186.0, ""cur"": true}, {""w"": ""W4"", ""opp"": ""SF"", ""v"": 214.0, ""cur"": true}]",Over,0.48219026406575927,0.5,0.493764277534368,1.87,betrivers,-0.07666080101073175,0.0,-0.017809735934240734,
Deshaun Watson,QB,CLE,NYJ,player_rush_yds,25.5,30.26235393090275,4,,,1,True,00-0033537,2026-10-11T17:00:00Z,"[{""w"": ""W1"", ""opp"": ""JAX"", ""v"": 38.0, ""cur"": true}, {""w"": ""W2"", ""opp"": ""TB"", ""v"": 22.0, ""cur"": true}, {""w"": ""W3"", ""opp"": ""CAR"", ""v"": 45.0, ""cur"": true}, {""w"": ""W4"", ""opp"": ""PIT"", ""v"": 22.0, ""cur"": true}]",Over,0.49759688804227487,0.5080645161290323,0.504401180773425,1.83,betrivers,-0.07694583918463221,0.0,-0.010467628086757386,
Mark Andrews,TE,BAL,ATL,player_reception_yds,28.5,32.88434881761315,17,Full,,1,True,00-0034753,2026-10-12T00:20:00Z,"[{""w"": ""25W17"", ""opp"": ""GB"", ""v"": 28.0, ""cur"": false}, {""w"": ""25W18"", ""opp"": ""PIT"", ""v"": 14.0, ""cur"": false}, {""w"": ""W1"", ""opp"": ""IND"", ""v"": 49.0, ""cur"": true}, {""w"": ""W2"", ""opp"": ""NO"", ""v"": 49.0, ""cur"": true}, {""w"": ""W3"", ""opp"": ""DAL"", ""v"": 24.0, ""cur"": true}, {""w"": ""W4"", ""opp"": ""TEN"", ""v"": 27.0, ""cur"": true}]",Under,0.48176310494545427,0.49193548387096775,0.4883739598049779,1.89,betrivers,-0.07697321596859186,0.0,-0.010172378925513481,
Tez Johnson,WR,TB,DAL,player_reception_yds,14.5,18.85922342196479,17,,,1,True,00-0040237,2026-10-09T00:15:00Z,"[{""w"": ""25W17"", ""opp"": ""MIA"", ""v"": 19.0, ""cur"": false}, {""w"": ""25W18"", ""opp"": ""CAR"", ""v"": 17.0, ""cur"": false}, {""w"": ""W1"", ""opp"": ""CIN"", ""v"": 0.0, ""cur"": true}, {""w"": ""W2"", ""opp"": ""CLE"", ""v"": 49.0, ""cur"": true}, {""w"": ""W3"", ""opp"": ""MIN"", ""v"": 8.0, ""cur"": true}, {""w"": ""W4"", ""opp"": ""GB"", ""v"": 17.0, ""cur"": true}]",Over,0.48163253872148815,0.4959785522788205,0.49095548380642295,1.88,betrivers,-0.07700369044392491,0.0,-0.014346013557332338,
Elic Ayomanor,WR,TEN,HOU,player_reception_yds,16.5,24.216055604745314,17,,,2,True,00-0040170,2026-10-11T17:00:00Z,"[{""w"": ""25W17"", ""opp"": ""NO"", ""v"": 37.0, ""cur"": false}, {""w"": ""25W18"", ""opp"": ""JAX"", ""v"": 50.0, ""cur"": false}, {""w"": ""W1"", ""opp"": ""NYJ"", ""v"": 11.0, ""cur"": true}, {""w"": ""W2"", ""opp"": ""PHI"", ""v"": 69.0, ""cur"": true}, {""w"": ""W3"", ""opp"": ""NYG"", ""v"": 11.0, ""cur"": true}, {""w"": ""W4"", ""opp"": ""BAL"", ""v"": 22.0, ""cur"": true}]",Under,0.45114223140879656,0.4967018469656992,0.4807107882192746,1.92,draftkings,-0.07703528661899278,0.0,-0.04555961555690263,
MarShawn Lloyd,RB,GB,CHI,player_reception_yds,12.5,16.18410245282985,4,,,1,True,00-0039811,2026-10-11T17:00:00Z,"[{""w"": ""W1"", ""opp"": ""MIN"", ""v"": 0.0, ""cur"": true}, {""w"": ""W2"", ""opp"": ""NYJ"", ""v"": 6.0, ""cur"": true}, {""w"": ""W3"", ""opp"": ""ATL"", ""v"": 7.0, ""cur"": true}, {""w"": ""W4"", ""opp"": ""TB"", ""v"": 36.0, ""cur"": true}]",Over,0.4740623658677101,0.5,0.4909146717357561,1.88,fanduel,-0.0770804171367786,0.0,-0.02593763413228989,
Jeremiyah Love,RB,ARI,DET,player_rush_yds,48.5,58.342885957796156,4,,,4,True,00-0041027,2026-10-11T20:25:00Z,"[{""w"": ""W1"", ""opp"": ""LAC"", ""v"": 41.0, ""cur"": true}, {""w"": ""W2"", ""opp"": ""SEA"", ""v"": 29.0, ""cur"": true}, {""w"": ""W3"", ""opp"": ""SF"", ""v"": 90.0, ""cur"": true}, {""w"": ""W4"", ""opp"": ""NYG"", ""v"": 63.0, ""cur"": true}]",Under,0.46654592665048655,0.5,0.4882757043203339,1.89,draftkings,-0.07715891883456905,0.0,-0.03345407334951345,
Deebo Samuel,WR,SF,SEA,player_reception_yds,30.5,37.86529490496694,17,,,2,True,00-0035719,2026-10-11T20:25:00Z,"[{""w"": ""25W17"", ""opp"": ""DAL"", ""v"": 68.0, ""cur"": false}, {""w"": ""25W18"", ""opp"": ""PHI"", ""v"": 20.0, ""cur"": false}, {""w"": ""W1"", ""opp"": ""LA"", ""v"": 48.0, ""cur"": true}, {""w"": ""W2"", ""opp"": ""MIA"", ""v"": 31.0, ""cur"": true}, {""w"": ""W3"", ""opp"": ""ARI"", ""v"": 80.0, ""cur"": true}, {""w"": ""W4"", ""opp"": ""DEN"", ""v"": 26.0, ""cur"": true}]",Under,0.4700334338015307,0.5019788918205804,0.49078644623414486,1.88,draftkings,-0.07732148107980769,0.0,-0.031945458019049744,
KC Concepcion,WR,CLE,NYJ,player_reception_yds,38.5,44.09480559680307,4,,,1,True,00-0041547,2026-10-11T17:00:00Z,"[{""w"": ""W1"", ""opp"": ""JAX"", ""v"": 43.0, ""cur"": true}, {""w"": ""W2"", ""opp"": ""TB"", ""v"": 28.0, ""cur"": true}, {""w"": ""W3"", ""opp"": ""CAR"", ""v"": 9.0, ""cur"": true}, {""w"": ""W4"", ""opp"": ""PIT"", ""v"": 64.0, ""cur"": true}]",Over,0.47364540129460775,0.5,0.49076838306814957,1.88,fanduel,-0.07735543983187892,0.0,-0.02635459870539225,
Mark Andrews,TE,BAL,ATL,player_reception_yds,30.5,32.88434881761315,17,Full,,1,True,00-0034753,2026-10-12T00:20:00Z,"[{""w"": ""25W17"", ""opp"": ""GB"", ""v"": 28.0, ""cur"": false}, {""w"": ""25W18"", ""opp"": ""PIT"", ""v"": 14.0, ""cur"": false}, {""w"": ""W1"", ""opp"": ""IND"", ""v"": 49.0, ""cur"": true}, {""w"": ""W2"", ""opp"": ""NO"", ""v"": 49.0, ""cur"": true}, {""w"": ""W3"", ""opp"": ""DAL"", ""v"": 24.0, ""cur"": true}, {""w"": ""W4"", ""opp"": ""TEN"", ""v"": 27.0, ""cur"": true}]",Over,0.4735021566622334,0.5,0.4907181242384265,1.88,betonlineag,-0.07744992643175835,0.0,-0.026497843337766613,
Mike Evans,WR,SF,SEA,player_receptions,3.5,3.8874920137669196,12,,,5,True,00-0031408,2026-10-11T20:25:00Z,"[{""w"": ""25W17"", ""opp"": ""MIA"", ""v"": 3.0, ""cur"": false}, {""w"": ""25W18"", ""opp"": ""CAR"", ""v"": 2.0, ""cur"": false}, {""w"": ""W1"", ""opp"": ""LA"", ""v"": 6.0, ""cur"": true}, {""w"": ""W2"", ""opp"": ""MIA"", ""v"": 3.0, ""cur"": true}, {""w"": ""W3"", ""opp"": ""ARI"", ""v"": 3.0, ""cur"": true}, {""w"": ""W4"", ""opp"": ""DEN"", ""v"": 5.0, ""cur"": true}]",Over,0.5442376124202084,0.582901554404145,0.5694597882681495,1.62,betonlineag,-0.07747514300559782,0.0,-0.038663941983936634,
Michael Wilson,WR,ARI,DET,player_reception_yds,72.5,86.91911894267737,17,,,1,True,00-0038559,2026-10-11T20:25:00Z,"[{""w"": ""25W17"", ""opp"": ""CIN"", ""v"": 89.0, ""cur"": false}, {""w"": ""25W18"", ""opp"": ""LA"", ""v"": 99.0, ""cur"": false}, {""w"": ""W1"", ""opp"": ""LAC"", ""v"": 56.0, ""cur"": true}, {""w"": ""W2"", ""opp"": ""SEA"", ""v"": 18.0, ""cur"": true}, {""w"": ""W3"", ""opp"": ""SF"", ""v"": 89.0, ""cur"": true}, {""w"": ""W4"", ""opp"": ""NYG"", ""v"": 95.0, ""cur"": true}]",Under,0.4729591935032645,0.5,0.4905276078628233,1.88,fanduel,-0.07780809721789222,0.0,-0.027040806496735514,
Javonte Williams,RB,DAL,TB,player_reception_yds,14.5,19.104504243312178,17,,,2,True,00-0036997,2026-10-09T00:15:00Z,"[{""w"": ""25W16"", ""opp"": ""LAC"", ""v"": 9.0, ""cur"": false}, {""w"": ""25W17"", ""opp"": ""WAS"", ""v"": 0.0, ""cur"": false}, {""w"": ""W1"", ""opp"": ""NYG"", ""v"": 31.0, ""cur"": true}, {""w"": ""W2"", ""opp"": ""WAS"", ""v"": 20.0, ""cur"": true}, {""w"": ""W3"", ""opp"": ""BAL"", ""v"": 5.0, ""cur"": true}, {""w"": ""W4"", ""opp"": ""HOU"", ""v"": 21.0, ""cur"": true}]",Under,0.4704339417470479,0.49732620320855614,0.4879041691282459,1.89,betrivers,-0.07786112034761522,0.0,-0.02689226146150825,
Carnell Tate,WR,TEN,HOU,player_reception_yds,54.5,64.19641019958024,4,,,1,True,00-0041438,2026-10-11T17:00:00Z,"[{""w"": ""W1"", ""opp"": ""NYJ"", ""v"": 38.0, ""cur"": true}, {""w"": ""W2"", ""opp"": ""PHI"", ""v"": 27.0, ""cur"": true}, {""w"": ""W3"", ""opp"": ""NYG"", ""v"": 58.0, ""cur"": true}, {""w"": ""W4"", ""opp"": ""BAL"", ""v"": 145.0, ""cur"": true}]",Over,0.47269346213577557,0.5,0.490434360172424,1.88,betonlineag,-0.07798340287584304,0.0,-0.027306537864224434,
Roman Wilson,WR,PIT,IND,player_reception_yds,33.5,38.3921618334295,13,,,3,True,00-0039739,2026-10-11T17:00:00Z,"[{""w"": ""25W12"", ""opp"": ""CHI"", ""v"": 0.0, ""cur"": false}, {""w"": ""25W13"", ""opp"": ""BUF"", ""v"": 0.0, ""cur"": false}, {""w"": ""W1"", ""opp"": ""ATL"", ""v"": 26.0, ""cur"": true}, {""w"": ""W2"", ""opp"": ""NE"", ""v"": 28.0, ""cur"": true}, {""w"": ""W3"", ""opp"": ""CIN"", ""v"": 60.0, ""cur"": true}, {""w"": ""W4"", ""opp"": ""CLE"", ""v"": 74.0, ""cur"": true}]",Over,0.4628491917839528,0.4973544973544974,0.48525789059351854,1.9,draftkings,-0.07801000787231482,0.0,-0.0345053055705446,
Darnell Washington,TE,PIT,IND,player_reception_yds,22.5,26.56297414715449,17,,,5,True,00-0038558,2026-10-11T17:00:00Z,"[{""w"": ""25W16"", ""opp"": ""DET"", ""v"": 36.0, ""cur"": false}, {""w"": ""25W17"", ""opp"": ""CLE"", ""v"": 15.0, ""cur"": false}, {""w"": ""W1"", ""opp"": ""ATL"", ""v"": 18.0, ""cur"": true}, {""w"": ""W2"", ""opp"": ""NE"", ""v"": 7.0, ""cur"": true}, {""w"": ""W3"", ""opp"": ""CIN"", ""v"": 67.0, ""cur"": true}, {""w"": ""W4"", ""opp"": ""CLE"", ""v"": 27.0, ""cur"": true}]",Over,0.46471526996776835,0.5,0.48763230565904403,1.89,draftkings,-0.07837494230440684,0.0,-0.03528473003223165,
James Cook,RB,BUF,LA,player_rush_yds,74.5,86.22955217345829,17,,,1,True,00-0037248,2026-10-13T00:15:00Z,"[{""w"": ""25W17"", ""opp"": ""PHI"", ""v"": 74.0, ""cur"": false}, {""w"": ""25W18"", ""opp"": ""NYJ"", ""v"": 15.0, ""cur"": false}, {""w"": ""W1"", ""opp"": ""HOU"", ""v"": 57.0, ""cur"": true}, {""w"": ""W2"", ""opp"": ""DET"", ""v"": 135.0, ""cur"": true}, {""w"": ""W3"", ""opp"": ""LAC"", ""v"": 154.0, ""cur"": true}, {""w"": ""W4"", ""opp"": ""NE"", ""v"": 75.0, ""cur"": true}]",Under,0.4869084952533628,0.5040214477211795,0.4980309334024182,1.85,betrivers,-0.07864277320552626,0.0,-0.01711295246781669,
Kalif Raymond,WR,CHI,GB,player_reception_yds,29.5,36.646262001644814,17,,,2,True,00-0032464,2026-10-11T17:00:00Z,"[{""w"": ""25W17"", ""opp"": ""MIN"", ""v"": 5.0, ""cur"": false}, {""w"": ""25W18"", ""opp"": ""CHI"", ""v"": 52.0, ""cur"": false}, {""w"": ""W1"", ""opp"": ""CAR"", ""v"": 84.0, ""cur"": true}, {""w"": ""W2"", ""opp"": ""MIN"", ""v"": 40.0, ""cur"": true}, {""w"": ""W3"", ""opp"": ""PHI"", ""v"": 90.0, ""cur"": true}, {""w"": ""W4"", ""opp"": ""NYJ"", ""v"": 6.0, ""cur"": true}]",Over,0.46645028613619766,0.49867021276595747,0.4873782479464442,1.89,betonlineag,-0.07885511138122059,0.0,-0.03221992662975981,
Dak Prescott,QB,DAL,TB,player_pass_yds,263.5,269.3252527238815,17,,,1,True,00-0033077,2026-10-09T00:15:00Z,"[{""w"": ""25W17"", ""opp"": ""WAS"", ""v"": 307.0, ""cur"": false}, {""w"": ""25W18"", ""opp"": ""NYG"", ""v"": 70.0, ""cur"": false}, {""w"": ""W1"", ""opp"": ""NYG"", ""v"": 175.0, ""cur"": true}, {""w"": ""W2"", ""opp"": ""WAS"", ""v"": 279.0, ""cur"": true}, {""w"": ""W3"", ""opp"": ""BAL"", ""v"": 276.0, ""cur"": true}, {""w"": ""W4"", ""opp"": ""HOU"", ""v"": 335.0, ""cur"": true}]",Over,0.47125465411357415,0.5,0.48992938468851605,1.88,fanduel,-0.07893275678558992,0.0,-0.028745345886425855,
Tony Pollard,RB,TEN,HOU,player_reception_yds,8.5,10.123032525086764,17,Did Not Participate In Practice,,2,True,00-0035261,2026-10-11T17:00:00Z,"[{""w"": ""25W17"", ""opp"": ""NO"", ""v"": 10.0, ""cur"": false}, {""w"": ""25W18"", ""opp"": ""JAX"", ""v"": 17.0, ""cur"": false}, {""w"": ""W1"", ""opp"": ""NYJ"", ""v"": -1.0, ""cur"": true}, {""w"": ""W2"", ""opp"": ""PHI"", ""v"": 1.0, ""cur"": true}, {""w"": ""W3"", ""opp"": ""NYG"", ""v"": 22.0, ""cur"": true}, {""w"": ""W4"", ""opp"": ""BAL"", ""v"": 2.0, ""cur"": true}]",Over,0.45292645637325424,0.4980211081794196,0.4821965640214417,1.91,draftkings,-0.07900456271904649,0.0,-0.04509465180616534,
Tre Tucker,WR,LV,NE,player_reception_yds,41.5,45.889973369920995,17,,,2,True,00-0038563,2026-10-11T17:00:00Z,"[{""w"": ""25W17"", ""opp"": ""NYG"", ""v"": 49.0, ""cur"": false}, {""w"": ""25W18"", ""opp"": ""KC"", ""v"": 30.0, ""cur"": false}, {""w"": ""W1"", ""opp"": ""MIA"", ""v"": 27.0, ""cur"": true}, {""w"": ""W2"", ""opp"": ""LAC"", ""v"": 119.0, ""cur"": true}, {""w"": ""W3"", ""opp"": ""NO"", ""v"": 43.0, ""cur"": true}, {""w"": ""W4"", ""opp"": ""KC"", ""v"": 44.0, ""cur"": true}]",Over,0.45286922260935414,0.4980211081794196,0.48217637849465544,1.91,draftkings,-0.07904311707520811,0.0,-0.04515188557006544,
Deebo Samuel,WR,SF,SEA,player_reception_yds,33.5,37.86529490496694,17,,,1,True,00-0035719,2026-10-11T20:25:00Z,"[{""w"": ""25W17"", ""opp"": ""DAL"", ""v"": 68.0, ""cur"": false}, {""w"": ""25W18"", ""opp"": ""PHI"", ""v"": 20.0, ""cur"": false}, {""w"": ""W1"", ""opp"": ""LA"", ""v"": 48.0, ""cur"": true}, {""w"": ""W2"", ""opp"": ""MIA"", ""v"": 31.0, ""cur"": true}, {""w"": ""W3"", ""opp"": ""ARI"", ""v"": 80.0, ""cur"": true}, {""w"": ""W4"", ""opp"": ""DEN"", ""v"": 26.0, ""cur"": true}]",Over,0.47851580047685904,0.4959785522788205,0.4898632890697953,1.88,betrivers,-0.07905701654878483,0.0,-0.01746275180196144,
Chris Godwin,WR,TB,DAL,player_reception_yds,31.5,38.12511032347244,13,,,1,True,00-0033921,2026-10-09T00:15:00Z,"[{""w"": ""25W17"", ""opp"": ""MIA"", ""v"": 108.0, ""cur"": false}, {""w"": ""25W18"", ""opp"": ""CAR"", ""v"": 8.0, ""cur"": false}, {""w"": ""W1"", ""opp"": ""CIN"", ""v"": 40.0, ""cur"": true}, {""w"": ""W2"", ""opp"": ""CLE"", ""v"": 46.0, ""cur"": true}, {""w"": ""W3"", ""opp"": ""MIN"", ""v"": 25.0, ""cur"": true}, {""w"": ""W4"", ""opp"": ""GB"", ""v"": 31.0, ""cur"": true}]",Under,0.4856906672405106,0.5040214477211795,0.49760438127448453,1.85,betrivers,-0.07943189464220352,0.0,-0.01833078048066894,
Christian McCaffrey,RB,SF,SEA,player_rush_yds,52.5,59.79061828282774,17,,,1,True,00-0033280,2026-10-11T20:25:00Z,"[{""w"": ""25W17"", ""opp"": ""CHI"", ""v"": 140.0, ""cur"": false}, {""w"": ""25W18"", ""opp"": ""SEA"", ""v"": 23.0, ""cur"": false}, {""w"": ""W1"", ""opp"": ""LA"", ""v"": 68.0, ""cur"": true}, {""w"": ""W2"", ""opp"": ""MIA"", ""v"": 23.0, ""cur"": true}, {""w"": ""W3"", ""opp"": ""ARI"", ""v"": 75.0, ""cur"": true}, {""w"": ""W4"", ""opp"": ""DEN"", ""v"": 52.0, ""cur"": true}]",Under,0.4936205351882826,0.5080645161290321,0.5030094199134804,1.83,betrivers,-0.0794927615583309,0.0,-0.014443980940749557,
Trey McBride,TE,ARI,DET,player_reception_yds,80.5,85.74116119360437,17,,,4,True,00-0037744,2026-10-11T20:25:00Z,"[{""w"": ""25W17"", ""opp"": ""CIN"", ""v"": 76.0, ""cur"": false}, {""w"": ""25W18"", ""opp"": ""LA"", ""v"": 65.0, ""cur"": false}, {""w"": ""W1"", ""opp"": ""LAC"", ""v"": 95.0, ""cur"": true}, {""w"": ""W2"", ""opp"": ""SEA"", ""v"": 41.0, ""cur"": true}, {""w"": ""W3"", ""opp"": ""SF"", ""v"": 75.0, ""cur"": true}, {""w"": ""W4"", ""opp"": ""NYG"", ""v"": 31.0, ""cur"": true}]",Over,0.46301472753802897,0.5,0.48703437430296137,1.89,draftkings,-0.07950503256740304,0.0,-0.03698527246197103,
Brian Thomas Jr,WR,JAX,PHI,player_receptions,2.5,2.510197379705405,17,,,5,True,00-0039893,2026-10-11T13:30:00Z,"[{""w"": ""25W17"", ""opp"": ""IND"", ""v"": 4.0, ""cur"": false}, {""w"": ""25W18"", ""opp"": ""TEN"", ""v"": 3.0, ""cur"": false}, {""w"": ""W1"", ""opp"": ""CLE"", ""v"": 3.0, ""cur"": true}, {""w"": ""W2"", ""opp"": ""DEN"", ""v"": 3.0, ""cur"": true}, {""w"": ""W3"", ""opp"": ""NE"", ""v"": 1.0, ""cur"": true}, {""w"": ""W4"", ""opp"": ""CIN"", ""v"": 2.0, ""cur"": true}]",Under,0.5412065387061724,0.6155778894472361,0.5899729326632767,1.56,fanduel,-0.0796422250452884,0.0,-0.07437135074106371,
Brenton Strange,TE,JAX,PHI,player_reception_yds,33.5,38.87504436411104,16,,,2,True,00-0038935,2026-10-11T13:30:00Z,"[{""w"": ""25W17"", ""opp"": ""IND"", ""v"": 54.0, ""cur"": false}, {""w"": ""25W18"", ""opp"": ""TEN"", ""v"": 52.0, ""cur"": false}, {""w"": ""W1"", ""opp"": ""CLE"", ""v"": 23.0, ""cur"": true}, {""w"": ""W2"", ""opp"": ""DEN"", ""v"": 17.0, ""cur"": true}, {""w"": ""W3"", ""opp"": ""NE"", ""v"": 32.0, ""cur"": true}, {""w"": ""W4"", ""opp"": ""CIN"", ""v"": 95.0, ""cur"": true}]",Over,0.46978613767121136,0.5,0.4894138307580228,1.88,betonlineag,-0.07990199817491717,0.0,-0.030213862328788643,
Puka Nacua,WR,LA,BUF,player_reception_yds,92.5,112.10675910673201,17,,,2,True,00-0039075,2026-10-13T00:15:00Z,"[{""w"": ""25W15"", ""opp"": ""DET"", ""v"": 181.0, ""cur"": false}, {""w"": ""25W16"", ""opp"": ""SEA"", ""v"": 225.0, ""cur"": false}, {""w"": ""25W17"", ""opp"": ""ATL"", ""v"": 47.0, ""cur"": false}, {""w"": ""25W18"", ""opp"": ""ARI"", ""v"": 76.0, ""cur"": false}, {""w"": ""W1"", ""opp"": ""SF"", ""v"": 74.0, ""cur"": true}, {""w"": ""W4"", ""opp"": ""PHI"", ""v"": 125.0, ""cur"": true}]",Under,0.4734511224261209,0.49798927613941024,0.4893937591152711,1.88,betrivers,-0.07993973286329042,0.0,-0.024538153713289323,
Michael Wilson,WR,ARI,DET,player_receptions,5.5,6.979940622583683,17,,,5,True,00-0038559,2026-10-11T20:25:00Z,"[{""w"": ""25W17"", ""opp"": ""CIN"", ""v"": 5.0, ""cur"": false}, {""w"": ""25W18"", ""opp"": ""LA"", ""v"": 5.0, ""cur"": false}, {""w"": ""W1"", ""opp"": ""LAC"", ""v"": 5.0, ""cur"": true}, {""w"": ""W2"", ""opp"": ""SEA"", ""v"": 2.0, ""cur"": true}, {""w"": ""W3"", ""opp"": ""SF"", ""v"": 11.0, ""cur"": true}, {""w"": ""W4"", ""opp"": ""NYG"", ""v"": 7.0, ""cur"": true}]",Under,0.3889322254777432,0.4371727748691099,0.4201032120481228,2.19,draftkings,-0.07997396561461118,0.0,-0.04824054939136668,
Rashod Bateman,WR,BAL,ATL,player_reception_yds,17.5,28.06235063984778,17,Limited,,4,True,00-0036550,2026-10-12T00:20:00Z,"[{""w"": ""25W16"", ""opp"": ""NE"", ""v"": 0.0, ""cur"": false}, {""w"": ""25W17"", ""opp"": ""GB"", ""v"": 7.0, ""cur"": false}, {""w"": ""W1"", ""opp"": ""IND"", ""v"": 0.0, ""cur"": true}, {""w"": ""W2"", ""opp"": ""NO"", ""v"": 88.0, ""cur"": true}, {""w"": ""W3"", ""opp"": ""DAL"", ""v"": 37.0, ""cur"": true}, {""w"": ""W4"", ""opp"": ""TEN"", ""v"": 46.0, ""cur"": true}]",Under,0.46223170613362463,0.5,0.48675896597238877,1.89,draftkings,-0.08002555431218528,0.0,-0.03776829386637537,
Bijan Robinson,RB,ATL,BAL,player_rush_yds,87.5,103.58759363740505,17,,,1,True,00-0038542,2026-10-12T00:20:00Z,"[{""w"": ""25W17"", ""opp"": ""LA"", ""v"": 195.0, ""cur"": false}, {""w"": ""25W18"", ""opp"": ""NO"", ""v"": 33.0, ""cur"": false}, {""w"": ""W1"", ""opp"": ""PIT"", ""v"": 83.0, ""cur"": true}, {""w"": ""W2"", ""opp"": ""CAR"", ""v"": 72.0, ""cur"": true}, {""w"": ""W3"", ""opp"": ""GB"", ""v"": 194.0, ""cur"": true}, {""w"": ""W4"", ""opp"": ""NO"", ""v"": 145.0, ""cur"": true}]",Under,0.4766460299056358,0.5,0.4918208882059949,1.87,betmgm,-0.08029493905478946,0.0,-0.023353970094364185,
Luther Burden III,WR,CHI,GB,player_reception_yds,49.5,54.19517157631282,17,,,3,True,00-0040735,2026-10-11T17:00:00Z,"[{""w"": ""25W17"", ""opp"": ""SF"", ""v"": 138.0, ""cur"": false}, {""w"": ""25W18"", ""opp"": ""DET"", ""v"": 35.0, ""cur"": false}, {""w"": ""W1"", ""opp"": ""CAR"", ""v"": 63.0, ""cur"": true}, {""w"": ""W2"", ""opp"": ""MIN"", ""v"": 32.0, ""cur"": true}, {""w"": ""W3"", ""opp"": ""PHI"", ""v"": 61.0, ""cur"": true}, {""w"": ""W4"", ""opp"": ""NYJ"", ""v"": 63.0, ""cur"": true}]",Over,0.4687485921254616,0.5,0.4890494816321463,1.88,betonlineag,-0.0805869745315651,0.0,-0.031251407874538395,
DK Metcalf,WR,PIT,IND,player_reception_yds,52.5,60.55407058618882,17,,,1,True,00-0035640,2026-10-11T17:00:00Z,"[{""w"": ""25W15"", ""opp"": ""MIA"", ""v"": 55.0, ""cur"": false}, {""w"": ""25W16"", ""opp"": ""DET"", ""v"": 42.0, ""cur"": false}, {""w"": ""W1"", ""opp"": ""ATL"", ""v"": 40.0, ""cur"": true}, {""w"": ""W2"", ""opp"": ""NE"", ""v"": 27.0, ""cur"": true}, {""w"": ""W3"", ""opp"": ""CIN"", ""v"": 31.0, ""cur"": true}, {""w"": ""W4"", ""opp"": ""CLE"", ""v"": 115.0, ""cur"": true}]",Over,0.47387509257066884,0.5053191489361702,0.4943057712702509,1.86,betonlineag,-0.0805912654373333,0.0,-0.031444056365501405,
Christian McCaffrey,RB,SF,SEA,player_receptions,4.5,4.586320168271276,17,,,6,True,00-0033280,2026-10-11T20:25:00Z,"[{""w"": ""25W17"", ""opp"": ""CHI"", ""v"": 4.0, ""cur"": false}, {""w"": ""25W18"", ""opp"": ""SEA"", ""v"": 6.0, ""cur"": false}, {""w"": ""W1"", ""opp"": ""LA"", ""v"": 5.0, ""cur"": true}, {""w"": ""W2"", ""opp"": ""MIA"", ""v"": 4.0, ""cur"": true}, {""w"": ""W3"", ""opp"": ""ARI"", ""v"": 4.0, ""cur"": true}, {""w"": ""W4"", ""opp"": ""DEN"", ""v"": 3.0, ""cur"": true}]",Over,0.4841928696548067,0.5205820105820105,0.5078508857846137,1.81,draftkings,-0.08078989672984921,0.0,-0.0363891409272038,
Rashod Bateman,WR,BAL,ATL,player_reception_yds,21.5,28.06235063984778,17,Limited,,1,True,00-0036550,2026-10-12T00:20:00Z,"[{""w"": ""25W16"", ""opp"": ""NE"", ""v"": 0.0, ""cur"": false}, {""w"": ""25W17"", ""opp"": ""GB"", ""v"": 7.0, ""cur"": false}, {""w"": ""W1"", ""opp"": ""IND"", ""v"": 0.0, ""cur"": true}, {""w"": ""W2"", ""opp"": ""NO"", ""v"": 88.0, ""cur"": true}, {""w"": ""W3"", ""opp"": ""DAL"", ""v"": 37.0, ""cur"": true}, {""w"": ""W4"", ""opp"": ""TEN"", ""v"": 46.0, ""cur"": true}]",Over,0.466144586200824,0.48930481283422456,0.4811883976306416,1.91,betmgm,-0.08093016052547464,0.0,-0.02316022663340056,
Davante Adams,WR,LA,BUF,player_reception_yds,62.5,85.95271091610613,17,,,2,True,00-0031381,2026-10-13T00:15:00Z,"[{""w"": ""25W14"", ""opp"": ""ARI"", ""v"": 29.0, ""cur"": false}, {""w"": ""25W15"", ""opp"": ""DET"", ""v"": 71.0, ""cur"": false}, {""w"": ""W1"", ""opp"": ""SF"", ""v"": 26.0, ""cur"": true}, {""w"": ""W2"", ""opp"": ""NYG"", ""v"": 195.0, ""cur"": true}, {""w"": ""W3"", ""opp"": ""DEN"", ""v"": 137.0, ""cur"": true}, {""w"": ""W4"", ""opp"": ""PHI"", ""v"": 32.0, ""cur"": true}]",Under,0.468072820002124,0.5,0.4888121298796584,1.88,betonlineag,-0.0810331958262423,0.0,-0.031927179997875976,
Pat Freiermuth,TE,PIT,IND,player_reception_yds,26.5,32.27748040993976,17,,,1,True,00-0036894,2026-10-11T17:00:00Z,"[{""w"": ""25W17"", ""opp"": ""CLE"", ""v"": 63.0, ""cur"": false}, {""w"": ""25W18"", ""opp"": ""BAL"", ""v"": 51.0, ""cur"": false}, {""w"": ""W1"", ""opp"": ""ATL"", ""v"": 46.0, ""cur"": true}, {""w"": ""W2"", ""opp"": ""NE"", ""v"": 32.0, ""cur"": true}, {""w"": ""W3"", ""opp"": ""CIN"", ""v"": 30.0, ""cur"": true}, {""w"": ""W4"", ""opp"": ""CLE"", ""v"": 17.0, ""cur"": true}]",Under,0.4753754449761853,0.4959785522788204,0.48876232291729244,1.88,betrivers,-0.08112683291549033,0.0,-0.020603107302635093,
Brenton Strange,TE,JAX,PHI,player_reception_yds,34.5,38.87504436411104,16,,,2,True,00-0038935,2026-10-11T13:30:00Z,"[{""w"": ""25W17"", ""opp"": ""IND"", ""v"": 54.0, ""cur"": false}, {""w"": ""25W18"", ""opp"": ""TEN"", ""v"": 52.0, ""cur"": false}, {""w"": ""W1"", ""opp"": ""CLE"", ""v"": 23.0, ""cur"": true}, {""w"": ""W2"", ""opp"": ""DEN"", ""v"": 17.0, ""cur"": true}, {""w"": ""W3"", ""opp"": ""NE"", ""v"": 32.0, ""cur"": true}, {""w"": ""W4"", ""opp"": ""CIN"", ""v"": 95.0, ""cur"": true}]",Over,0.45556084440926337,0.4986772486772487,0.4835512928973997,1.9,draftkings,-0.0812525434949406,0.0,-0.04311640426798535,
Juwan Johnson,TE,NO,MIN,player_reception_yds,43.5,50.65653969084659,17,,,2,True,00-0036040,2026-10-11T17:00:00Z,"[{""w"": ""25W17"", ""opp"": ""TEN"", ""v"": 95.0, ""cur"": false}, {""w"": ""25W18"", ""opp"": ""ATL"", ""v"": 61.0, ""cur"": false}, {""w"": ""W1"", ""opp"": ""DET"", ""v"": 54.0, ""cur"": true}, {""w"": ""W2"", ""opp"": ""BAL"", ""v"": 66.0, ""cur"": true}, {""w"": ""W3"", ""opp"": ""LV"", ""v"": 53.0, ""cur"": true}, {""w"": ""W4"", ""opp"": ""ATL"", ""v"": 59.0, ""cur"": true}]",Under,0.4633802191784641,0.5019788918205804,0.4884484281666688,1.88,draftkings,-0.08171695504666276,0.0,-0.038598672642116305,
Dak Prescott,QB,DAL,TB,player_pass_yds,266.5,269.3252527238815,17,,,3,True,00-0033077,2026-10-09T00:15:00Z,"[{""w"": ""25W17"", ""opp"": ""WAS"", ""v"": 307.0, ""cur"": false}, {""w"": ""25W18"", ""opp"": ""NYG"", ""v"": 70.0, ""cur"": false}, {""w"": ""W1"", ""opp"": ""NYG"", ""v"": 175.0, ""cur"": true}, {""w"": ""W2"", ""opp"": ""WAS"", ""v"": 279.0, ""cur"": true}, {""w"": ""W3"", ""opp"": ""BAL"", ""v"": 276.0, ""cur"": true}, {""w"": ""W4"", ""opp"": ""HOU"", ""v"": 335.0, ""cur"": true}]",Over,0.45966044808410056,0.5,0.4858541788923289,1.89,draftkings,-0.08173560189349838,0.0,-0.04033955191589944,
George Pickens,WR,DAL,TB,player_receptions,4.5,4.437664482371738,17,,,6,True,00-0037247,2026-10-09T00:15:00Z,"[{""w"": ""25W17"", ""opp"": ""WAS"", ""v"": 4.0, ""cur"": false}, {""w"": ""25W18"", ""opp"": ""NYG"", ""v"": 1.0, ""cur"": false}, {""w"": ""W1"", ""opp"": ""NYG"", ""v"": 3.0, ""cur"": true}, {""w"": ""W2"", ""opp"": ""WAS"", ""v"": 6.0, ""cur"": true}, {""w"": ""W3"", ""opp"": ""BAL"", ""v"": 7.0, ""cur"": true}, {""w"": ""W4"", ""opp"": ""HOU"", ""v"": 2.0, ""cur"": true}]",Over,0.4415167536733428,0.49402477566454095,0.47557212543980887,1.93,fanduel,-0.08214579790116894,0.0,-0.05250802199119814,
Josh Cameron,WR,JAX,PHI,player_reception_yds,10.5,13.504524568416496,4,,,2,True,00-0041100,2026-10-11T13:30:00Z,"[{""w"": ""W1"", ""opp"": ""CLE"", ""v"": 20.0, ""cur"": true}, {""w"": ""W2"", ""opp"": ""DEN"", ""v"": 0.0, ""cur"": true}, {""w"": ""W3"", ""opp"": ""NE"", ""v"": 12.0, ""cur"": true}, {""w"": ""W4"", ""opp"": ""CIN"", ""v"": 42.0, ""cur"": true}]",Over,0.4635959547949984,0.5013227513227514,0.48809803725966916,1.88,draftkings,-0.08237568995182204,0.0,-0.037726796527753015,
Bucky Irving,RB,TB,DAL,player_reception_yds,12.5,17.092400208763898,14,,,4,True,00-0039361,2026-10-09T00:15:00Z,"[{""w"": ""25W17"", ""opp"": ""MIA"", ""v"": 14.0, ""cur"": false}, {""w"": ""25W18"", ""opp"": ""CAR"", ""v"": 13.0, ""cur"": false}, {""w"": ""W1"", ""opp"": ""CIN"", ""v"": 48.0, ""cur"": true}, {""w"": ""W2"", ""opp"": ""CLE"", ""v"": 1.0, ""cur"": true}, {""w"": ""W3"", ""opp"": ""MIN"", ""v"": 12.0, ""cur"": true}, {""w"": ""W4"", ""opp"": ""GB"", ""v"": 0.0, ""cur"": true}]",Over,0.4512010799746745,0.5,0.48287254004467023,1.9,draftkings,-0.08254217391512653,0.0,-0.04879892002532549,
Chris Olave,WR,NO,MIN,player_receptions,6.5,7.247082099355369,17,Did Not Participate In Practice,,5,True,00-0037239,2026-10-11T17:00:00Z,"[{""w"": ""25W16"", ""opp"": ""NYJ"", ""v"": 10.0, ""cur"": false}, {""w"": ""25W17"", ""opp"": ""TEN"", ""v"": 8.0, ""cur"": false}, {""w"": ""W1"", ""opp"": ""DET"", ""v"": 10.0, ""cur"": true}, {""w"": ""W2"", ""opp"": ""BAL"", ""v"": 8.0, ""cur"": true}, {""w"": ""W3"", ""opp"": ""LV"", ""v"": 9.0, ""cur"": true}, {""w"": ""W4"", ""opp"": ""ATL"", ""v"": 8.0, ""cur"": true}]",Under,0.42456024205132803,0.48404255319148937,0.4630843767068996,1.98,draftkings,-0.08309293412033875,0.0,-0.05948231114016134,
Courtland Sutton,WR,DEN,LAC,player_receptions,3.5,3.2469160280244034,17,,,6,True,00-0034348,2026-10-11T20:05:00Z,"[{""w"": ""25W17"", ""opp"": ""KC"", ""v"": 4.0, ""cur"": false}, {""w"": ""25W18"", ""opp"": ""LAC"", ""v"": 1.0, ""cur"": false}, {""w"": ""W1"", ""opp"": ""KC"", ""v"": 2.0, ""cur"": true}, {""w"": ""W2"", ""opp"": ""JAX"", ""v"": 3.0, ""cur"": true}, {""w"": ""W3"", ""opp"": ""LA"", ""v"": 3.0, ""cur"": true}, {""w"": ""W4"", ""opp"": ""SF"", ""v"": 1.0, ""cur"": true}]",Over,0.40362724392011246,0.46400329957901926,0.44265726742037537,2.07,betrivers,-0.08369945643982307,0.0,-0.0603760556589068,
Trey McBride,TE,ARI,DET,player_reception_yds,79.5,85.74116119360437,17,,,1,True,00-0037744,2026-10-11T20:25:00Z,"[{""w"": ""25W17"", ""opp"": ""CIN"", ""v"": 76.0, ""cur"": false}, {""w"": ""25W18"", ""opp"": ""LA"", ""v"": 65.0, ""cur"": false}, {""w"": ""W1"", ""opp"": ""LAC"", ""v"": 95.0, ""cur"": true}, {""w"": ""W2"", ""opp"": ""SEA"", ""v"": 41.0, ""cur"": true}, {""w"": ""W3"", ""opp"": ""SF"", ""v"": 75.0, ""cur"": true}, {""w"": ""W4"", ""opp"": ""NYG"", ""v"": 31.0, ""cur"": true}]",Over,0.47118112610413565,0.5,0.48990357482718727,1.87,betrivers,-0.08388031507315974,0.0,-0.02881887389586435,
Dak Prescott,QB,DAL,TB,player_pass_yds,265.5,269.3252527238815,17,,,1,True,00-0033077,2026-10-09T00:15:00Z,"[{""w"": ""25W17"", ""opp"": ""WAS"", ""v"": 307.0, ""cur"": false}, {""w"": ""25W18"", ""opp"": ""NYG"", ""v"": 70.0, ""cur"": false}, {""w"": ""W1"", ""opp"": ""NYG"", ""v"": 175.0, ""cur"": true}, {""w"": ""W2"", ""opp"": ""WAS"", ""v"": 279.0, ""cur"": true}, {""w"": ""W3"", ""opp"": ""BAL"", ""v"": 276.0, ""cur"": true}, {""w"": ""W4"", ""opp"": ""HOU"", ""v"": 335.0, ""cur"": true}]",Over,0.46351213958496884,0.5,0.48720929732743945,1.88,betonlineag,-0.0840465210244139,0.0,-0.03648786041503116,
Jacoby Brissett,QB,ARI,DET,player_pass_yds,270.5,275.7612746316478,17,,,1,True,00-0033119,2026-10-11T20:25:00Z,"[{""w"": ""25W17"", ""opp"": ""CIN"", ""v"": 212.0, ""cur"": false}, {""w"": ""25W18"", ""opp"": ""LA"", ""v"": 243.0, ""cur"": false}, {""w"": ""W1"", ""opp"": ""LAC"", ""v"": 277.0, ""cur"": true}, {""w"": ""W2"", ""opp"": ""SEA"", ""v"": 95.0, ""cur"": true}, {""w"": ""W3"", ""opp"": ""SF"", ""v"": 280.0, ""cur"": true}, {""w"": ""W4"", ""opp"": ""NYG"", ""v"": 166.0, ""cur"": true}]",Over,0.4631261722513207,0.5,0.4870735676094432,1.88,betonlineag,-0.08430169289424683,0.0,-0.03687382774867931,
Chris Olave,WR,NO,MIN,player_reception_yds,81.5,96.54662389577994,17,Did Not Participate In Practice,,4,True,00-0037239,2026-10-11T17:00:00Z,"[{""w"": ""25W16"", ""opp"": ""NYJ"", ""v"": 148.0, ""cur"": false}, {""w"": ""25W17"", ""opp"": ""TEN"", ""v"": 119.0, ""cur"": false}, {""w"": ""W1"", ""opp"": ""DET"", ""v"": 182.0, ""cur"": true}, {""w"": ""W2"", ""opp"": ""BAL"", ""v"": 86.0, ""cur"": true}, {""w"": ""W3"", ""opp"": ""LV"", ""v"": 107.0, ""cur"": true}, {""w"": ""W4"", ""opp"": ""ATL"", ""v"": 116.0, ""cur"": true}]",Under,0.46311868634244296,0.5,0.4870709349717919,1.88,betrivers,-0.0843066422530313,0.0,-0.036881313657557036,
Dak Prescott,QB,DAL,TB,player_rush_yds,9.5,13.539834113765002,17,,,6,True,00-0033077,2026-10-09T00:15:00Z,"[{""w"": ""25W17"", ""opp"": ""WAS"", ""v"": 24.0, ""cur"": false}, {""w"": ""25W18"", ""opp"": ""NYG"", ""v"": -1.0, ""cur"": false}, {""w"": ""W1"", ""opp"": ""NYG"", ""v"": 14.0, ""cur"": true}, {""w"": ""W2"", ""opp"": ""WAS"", ""v"": 26.0, ""cur"": true}, {""w"": ""W3"", ""opp"": ""BAL"", ""v"": 19.0, ""cur"": true}, {""w"": ""W4"", ""opp"": ""HOU"", ""v"": 7.0, ""cur"": true}]",Under,0.4381369597528275,0.4940527985179364,0.4743929856328835,1.93,draftkings,-0.08442153772853489,0.0,-0.05591583876510886,
Brian Thomas Jr,WR,JAX,PHI,player_reception_yds,24.5,32.1086378102638,17,,,5,True,00-0039893,2026-10-11T13:30:00Z,"[{""w"": ""25W17"", ""opp"": ""IND"", ""v"": 39.0, ""cur"": false}, {""w"": ""25W18"", ""opp"": ""TEN"", ""v"": 49.0, ""cur"": false}, {""w"": ""W1"", ""opp"": ""CLE"", ""v"": 40.0, ""cur"": true}, {""w"": ""W2"", ""opp"": ""DEN"", ""v"": 40.0, ""cur"": true}, {""w"": ""W3"", ""opp"": ""NE"", ""v"": 8.0, ""cur"": true}, {""w"": ""W4"", ""opp"": ""CIN"", ""v"": 17.0, ""cur"": true}]",Under,0.4555803373891033,0.5,0.48441707066443096,1.89,draftkings,-0.08445173644422554,0.0,-0.04441966261089669,
J.K. Dobbins,RB,DEN,LAC,player_rush_yds,52.5,55.684340942439086,14,,,1,True,00-0036158,2026-10-11T20:05:00Z,"[{""w"": ""25W9"", ""opp"": ""HOU"", ""v"": 61.0, ""cur"": false}, {""w"": ""25W10"", ""opp"": ""LV"", ""v"": 77.0, ""cur"": false}, {""w"": ""W1"", ""opp"": ""KC"", ""v"": 36.0, ""cur"": true}, {""w"": ""W2"", ""opp"": ""JAX"", ""v"": 36.0, ""cur"": true}, {""w"": ""W3"", ""opp"": ""LA"", ""v"": 49.0, ""cur"": true}, {""w"": ""W4"", ""opp"": ""SF"", ""v"": 40.0, ""cur"": true}]",Over,0.47020549505342557,0.5,0.48956107118023895,1.87,betmgm,-0.08452079689295311,0.0,-0.02979450494657443,
CeeDee Lamb,WR,DAL,TB,player_receptions,5.5,7.306643476526636,17,Full,,1,True,00-0036358,2026-10-09T00:15:00Z,"[{""w"": ""25W17"", ""opp"": ""WAS"", ""v"": 5.0, ""cur"": false}, {""w"": ""25W18"", ""opp"": ""NYG"", ""v"": 1.0, ""cur"": false}, {""w"": ""W1"", ""opp"": ""NYG"", ""v"": 5.0, ""cur"": true}, {""w"": ""W2"", ""opp"": ""WAS"", ""v"": 8.0, ""cur"": true}, {""w"": ""W3"", ""opp"": ""BAL"", ""v"": 7.0, ""cur"": true}, {""w"": ""W4"", ""opp"": ""HOU"", ""v"": 17.0, ""cur"": true}]",Under,0.39394621474774505,0.41666666666666663,0.4086688587380437,2.24,fanduel,-0.084581756426782,0.0,-0.02272045191892158,
Rashod Bateman,WR,BAL,ATL,player_receptions,1.5,2.083277253923326,17,Limited,,4,True,00-0036550,2026-10-12T00:20:00Z,"[{""w"": ""25W16"", ""opp"": ""NE"", ""v"": 0.0, ""cur"": false}, {""w"": ""25W17"", ""opp"": ""GB"", ""v"": 1.0, ""cur"": false}, {""w"": ""W1"", ""opp"": ""IND"", ""v"": 0.0, ""cur"": true}, {""w"": ""W2"", ""opp"": ""NO"", ""v"": 7.0, ""cur"": true}, {""w"": ""W3"", ""opp"": ""DAL"", ""v"": 2.0, ""cur"": true}, {""w"": ""W4"", ""opp"": ""TEN"", ""v"": 2.0, ""cur"": true}]",Over,0.518489537144375,0.5740473540283905,0.5547413383678771,1.65,draftkings,-0.08467679169300285,0.0,-0.05555781688401551,
Kyren Williams,RB,LA,BUF,player_rush_yds,68.5,69.43734508843357,17,,,3,True,00-0037840,2026-10-13T00:15:00Z,"[{""w"": ""25W17"", ""opp"": ""ATL"", ""v"": 92.0, ""cur"": false}, {""w"": ""25W18"", ""opp"": ""ARI"", ""v"": 60.0, ""cur"": false}, {""w"": ""W1"", ""opp"": ""SF"", ""v"": 41.0, ""cur"": true}, {""w"": ""W2"", ""opp"": ""NYG"", ""v"": 85.0, ""cur"": true}, {""w"": ""W3"", ""opp"": ""DEN"", ""v"": 88.0, ""cur"": true}, {""w"": ""W4"", ""opp"": ""PHI"", ""v"": 80.0, ""cur"": true}]",Over,0.4503057933864666,0.5065963060686015,0.48684030385434834,1.88,fanduel,-0.0847402287538252,0.0,-0.05629051268213492,
Rome Odunze,WR,CHI,GB,player_reception_yds,40.5,51.68556829268294,16,,,2,True,00-0039919,2026-10-11T17:00:00Z,"[{""w"": ""25W12"", ""opp"": ""PIT"", ""v"": 53.0, ""cur"": false}, {""w"": ""25W13"", ""opp"": ""PHI"", ""v"": 8.0, ""cur"": false}, {""w"": ""W1"", ""opp"": ""CAR"", ""v"": 52.0, ""cur"": true}, {""w"": ""W2"", ""opp"": ""MIN"", ""v"": 43.0, ""cur"": true}, {""w"": ""W3"", ""opp"": ""PHI"", ""v"": 44.0, ""cur"": true}, {""w"": ""W4"", ""opp"": ""NYJ"", ""v"": 94.0, ""cur"": true}]",Under,0.45310543888474797,0.5086457466171885,0.4891605166984191,1.87,draftkings,-0.08526983377395625,0.0,-0.055540307732440564,
AJ Barner,TE,SEA,SF,player_reception_yds,24.5,28.709759833188937,17,,,3,True,00-0039793,2026-10-11T20:25:00Z,"[{""w"": ""25W17"", ""opp"": ""CAR"", ""v"": 43.0, ""cur"": false}, {""w"": ""25W18"", ""opp"": ""SF"", ""v"": 14.0, ""cur"": false}, {""w"": ""W1"", ""opp"": ""NE"", ""v"": 13.0, ""cur"": true}, {""w"": ""W2"", ""opp"": ""ARI"", ""v"": 8.0, ""cur"": true}, {""w"": ""W3"", ""opp"": ""WAS"", ""v"": 69.0, ""cur"": true}, {""w"": ""W4"", ""opp"": ""LAC"", ""v"": 12.0, ""cur"": true}]",Over,0.46132201446978505,0.5,0.4864389322404966,1.88,betonlineag,-0.08549480738786641,0.0,-0.03867798553021495,
Ashton Jeanty,RB,LV,NE,player_reception_yds,24.5,33.1990592525822,17,,,1,True,00-0040122,2026-10-11T17:00:00Z,"[{""w"": ""25W17"", ""opp"": ""NYG"", ""v"": 13.0, ""cur"": false}, {""w"": ""25W18"", ""opp"": ""KC"", ""v"": 7.0, ""cur"": false}, {""w"": ""W1"", ""opp"": ""MIA"", ""v"": 45.0, ""cur"": true}, {""w"": ""W2"", ""opp"": ""LAC"", ""v"": 15.0, ""cur"": true}, {""w"": ""W3"", ""opp"": ""NO"", ""v"": 37.0, ""cur"": true}, {""w"": ""W4"", ""opp"": ""KC"", ""v"": 68.0, ""cur"": true}]",Under,0.46123309100088816,0.5,0.48640764431777583,1.88,fanduel,-0.08555362868258148,0.0,-0.03876690899911184,
Jaylin Noel,WR,HOU,TEN,player_reception_yds,16.5,24.633066456452852,17,,,1,True,00-0040138,2026-10-11T17:00:00Z,"[{""w"": ""25W17"", ""opp"": ""LAC"", ""v"": 54.0, ""cur"": false}, {""w"": ""25W18"", ""opp"": ""IND"", ""v"": 13.0, ""cur"": false}, {""w"": ""W1"", ""opp"": ""BUF"", ""v"": 53.0, ""cur"": true}, {""w"": ""W2"", ""opp"": ""CIN"", ""v"": 31.0, ""cur"": true}, {""w"": ""W3"", ""opp"": ""IND"", ""v"": 17.0, ""cur"": true}, {""w"": ""W4"", ""opp"": ""DAL"", ""v"": 85.0, ""cur"": true}]",Over,0.4807815829431836,0.5093833780160857,0.49937015078468916,1.83,betmgm,-0.0861526240640188,0.0,-0.02860179507290206,
Aaron Jones,RB,MIN,NO,player_rush_yds,71.5,72.81124816870614,16,Limited,,3,True,00-0033293,2026-10-11T17:00:00Z,"[{""w"": ""25W16"", ""opp"": ""NYG"", ""v"": 85.0, ""cur"": false}, {""w"": ""25W17"", ""opp"": ""DET"", ""v"": 53.0, ""cur"": false}, {""w"": ""W1"", ""opp"": ""GB"", ""v"": 40.0, ""cur"": true}, {""w"": ""W2"", ""opp"": ""CHI"", ""v"": 105.0, ""cur"": true}, {""w"": ""W3"", ""opp"": ""TB"", ""v"": 58.0, ""cur"": true}, {""w"": ""W4"", ""opp"": ""MIA"", ""v"": 94.0, ""cur"": true}]",Over,0.4386327525043099,0.5,0.47842603222848534,1.91,draftkings,-0.08620627844359302,0.0,-0.061367247495690114,
Jonathan Taylor,RB,IND,PIT,player_reception_yds,16.5,19.387257083744238,17,Limited,,1,True,00-0036223,2026-10-11T17:00:00Z,"[{""w"": ""25W17"", ""opp"": ""JAX"", ""v"": 14.0, ""cur"": false}, {""w"": ""25W18"", ""opp"": ""HOU"", ""v"": 13.0, ""cur"": false}, {""w"": ""W1"", ""opp"": ""BAL"", ""v"": 23.0, ""cur"": true}, {""w"": ""W2"", ""opp"": ""KC"", ""v"": 40.0, ""cur"": true}, {""w"": ""W3"", ""opp"": ""HOU"", ""v"": 4.0, ""cur"": true}, {""w"": ""W4"", ""opp"": ""WAS"", ""v"": 2.0, ""cur"": true}]",Over,0.4575479574574779,0.49333333333333335,0.48078180934484044,1.9,betmgm,-0.08651456224480325,0.0,-0.03578537587585545,
Calvin Ridley,WR,TEN,HOU,player_reception_yds,8.5,16.6835905180415,10,,,3,True,00-0034837,2026-10-11T17:00:00Z,"[{""w"": ""25W5"", ""opp"": ""ARI"", ""v"": 131.0, ""cur"": false}, {""w"": ""25W6"", ""opp"": ""LV"", ""v"": 18.0, ""cur"": false}, {""w"": ""25W11"", ""opp"": ""HOU"", ""v"": 13.0, ""cur"": false}, {""w"": ""W2"", ""opp"": ""PHI"", ""v"": 35.0, ""cur"": true}, {""w"": ""W3"", ""opp"": ""NYG"", ""v"": 0.0, ""cur"": true}, {""w"": ""W4"", ""opp"": ""BAL"", ""v"": 13.0, ""cur"": true}]",Under,0.4380843315574135,0.5,0.4782314886604737,1.91,betmgm,-0.08657785665849527,0.0,-0.0619156684425865,
Evan Engram,TE,DEN,LAC,player_receptions,2.5,2.2316915561596544,17,,,5,True,00-0033881,2026-10-11T20:05:00Z,"[{""w"": ""25W17"", ""opp"": ""KC"", ""v"": 4.0, ""cur"": false}, {""w"": ""25W18"", ""opp"": ""LAC"", ""v"": 3.0, ""cur"": false}, {""w"": ""W1"", ""opp"": ""KC"", ""v"": 4.0, ""cur"": true}, {""w"": ""W2"", ""opp"": ""JAX"", ""v"": 1.0, ""cur"": true}, {""w"": ""W3"", ""opp"": ""LA"", ""v"": 0.0, ""cur"": true}, {""w"": ""W4"", ""opp"": ""SF"", ""v"": 1.0, ""cur"": true}]",Over,0.37798590019859957,0.42408376963350786,0.4077541683211834,2.24,fanduel,-0.08663066296054911,0.0,-0.04609786943490829,
Jaxon Smith-Njigba,WR,SEA,SF,player_reception_yds,93.5,97.75097940129855,17,,,1,True,00-0038543,2026-10-11T20:25:00Z,"[{""w"": ""25W17"", ""opp"": ""CAR"", ""v"": 72.0, ""cur"": false}, {""w"": ""25W18"", ""opp"": ""SF"", ""v"": 84.0, ""cur"": false}, {""w"": ""W1"", ""opp"": ""NE"", ""v"": 122.0, ""cur"": true}, {""w"": ""W2"", ""opp"": ""ARI"", ""v"": 155.0, ""cur"": true}, {""w"": ""W3"", ""opp"": ""WAS"", ""v"": 128.0, ""cur"": true}, {""w"": ""W4"", ""opp"": ""LAC"", ""v"": 76.0, ""cur"": true}]",Over,0.45911194408609524,0.5,0.48566108421735477,1.88,betonlineag,-0.08695716167137307,0.0,-0.040888055913904764,
Wan'Dale Robinson,WR,TEN,HOU,player_reception_yds,34.5,44.07837027641298,17,,,1,True,00-0038117,2026-10-11T17:00:00Z,"[{""w"": ""25W16"", ""opp"": ""MIN"", ""v"": 19.0, ""cur"": false}, {""w"": ""25W17"", ""opp"": ""LV"", ""v"": 113.0, ""cur"": false}, {""w"": ""W1"", ""opp"": ""NYJ"", ""v"": 38.0, ""cur"": true}, {""w"": ""W2"", ""opp"": ""PHI"", ""v"": 9.0, ""cur"": true}, {""w"": ""W3"", ""opp"": ""NYG"", ""v"": 57.0, ""cur"": true}, {""w"": ""W4"", ""opp"": ""BAL"", ""v"": 19.0, ""cur"": true}]",Under,0.4786498608101895,0.5093833780160859,0.4986228200803175,1.83,betmgm,-0.08752023925301888,0.0,-0.0307335172058964,
Chris Godwin,WR,TB,DAL,player_reception_yds,29.5,38.12511032347244,13,,,4,True,00-0033921,2026-10-09T00:15:00Z,"[{""w"": ""25W17"", ""opp"": ""MIA"", ""v"": 108.0, ""cur"": false}, {""w"": ""25W18"", ""opp"": ""CAR"", ""v"": 8.0, ""cur"": false}, {""w"": ""W1"", ""opp"": ""CIN"", ""v"": 40.0, ""cur"": true}, {""w"": ""W2"", ""opp"": ""CLE"", ""v"": 46.0, ""cur"": true}, {""w"": ""W3"", ""opp"": ""MIN"", ""v"": 25.0, ""cur"": true}, {""w"": ""W4"", ""opp"": ""GB"", ""v"": 31.0, ""cur"": true}]",Under,0.4507701394598749,0.5,0.4827204276686278,1.89,draftkings,-0.08765839170629341,0.0,-0.049229860540125125,
Kyle Monangai,RB,CHI,GB,player_rush_yds,51.5,68.82843363627678,17,Did Not Participate In Practice,,2,True,00-0040236,2026-10-11T17:00:00Z,"[{""w"": ""25W17"", ""opp"": ""SF"", ""v"": 38.0, ""cur"": false}, {""w"": ""25W18"", ""opp"": ""DET"", ""v"": 14.0, ""cur"": false}, {""w"": ""W1"", ""opp"": ""CAR"", ""v"": 100.0, ""cur"": true}, {""w"": ""W2"", ""opp"": ""MIN"", ""v"": 47.0, ""cur"": true}, {""w"": ""W3"", ""opp"": ""PHI"", ""v"": 31.0, ""cur"": true}, {""w"": ""W4"", ""opp"": ""NYJ"", ""v"": 146.0, ""cur"": true}]",Under,0.4543402124923363,0.5020107238605898,0.4852856552482198,1.88,fanduel,-0.08766296813334673,0.0,-0.047670511368253454,
Malachi Fields,WR,NYG,WAS,player_reception_yds,27.5,29.132682581708426,4,,,5,True,00-0041042,2026-10-11T17:00:00Z,"[{""w"": ""W1"", ""opp"": ""DAL"", ""v"": 25.0, ""cur"": true}, {""w"": ""W2"", ""opp"": ""LA"", ""v"": 30.0, ""cur"": true}, {""w"": ""W3"", ""opp"": ""TEN"", ""v"": 19.0, ""cur"": true}, {""w"": ""W4"", ""opp"": ""ARI"", ""v"": 52.0, ""cur"": true}]",Over,0.43584798816299986,0.5,0.47743768955117866,1.91,draftkings,-0.08809401295724872,0.0,-0.06415201183700014,
Ashton Jeanty,RB,LV,NE,player_reception_yds,23.5,33.1990592525822,17,,,5,True,00-0040122,2026-10-11T17:00:00Z,"[{""w"": ""25W17"", ""opp"": ""NYG"", ""v"": 13.0, ""cur"": false}, {""w"": ""25W18"", ""opp"": ""KC"", ""v"": 7.0, ""cur"": false}, {""w"": ""W1"", ""opp"": ""MIA"", ""v"": 45.0, ""cur"": true}, {""w"": ""W2"", ""opp"": ""LAC"", ""v"": 15.0, ""cur"": true}, {""w"": ""W3"", ""opp"": ""NO"", ""v"": 37.0, ""cur"": true}, {""w"": ""W4"", ""opp"": ""KC"", ""v"": 68.0, ""cur"": true}]",Under,0.4426253649149063,0.5,0.47984096988878,1.9,betmgm,-0.08830215721131807,0.0,-0.05737463508509372,
Tyjae Spears,RB,TEN,HOU,player_rush_yds,14.5,16.92579232414502,17,,,1,True,00-0039032,2026-10-11T17:00:00Z,"[{""w"": ""25W17"", ""opp"": ""NO"", ""v"": 2.0, ""cur"": false}, {""w"": ""25W18"", ""opp"": ""JAX"", ""v"": 18.0, ""cur"": false}, {""w"": ""W1"", ""opp"": ""NYJ"", ""v"": 12.0, ""cur"": true}, {""w"": ""W2"", ""opp"": ""PHI"", ""v"": 41.0, ""cur"": true}, {""w"": ""W3"", ""opp"": ""NYG"", ""v"": 5.0, ""cur"": true}, {""w"": ""W4"", ""opp"": ""BAL"", ""v"": 7.0, ""cur"": true}]",Over,0.4570041284611135,0.5,0.4849187629441106,1.88,fanduel,-0.08835272566507207,0.0,-0.04299587153888651,
Jameson Williams,WR,DET,ARI,player_reception_yds,51.5,66.5727504707809,17,,,1,True,00-0037240,2026-10-11T20:25:00Z,"[{""w"": ""25W17"", ""opp"": ""MIN"", ""v"": 37.0, ""cur"": false}, {""w"": ""25W18"", ""opp"": ""CHI"", ""v"": 74.0, ""cur"": false}, {""w"": ""W1"", ""opp"": ""NO"", ""v"": 45.0, ""cur"": true}, {""w"": ""W2"", ""opp"": ""BUF"", ""v"": 33.0, ""cur"": true}, {""w"": ""W3"", ""opp"": ""NYJ"", ""v"": 49.0, ""cur"": true}, {""w"": ""W4"", ""opp"": ""CAR"", ""v"": 102.0, ""cur"": true}]",Under,0.45668849657950555,0.5,0.48480756471701575,1.88,fanduel,-0.0885617783320104,0.0,-0.043311503420494446,
Bucky Irving,RB,TB,DAL,player_reception_yds,11.5,17.092400208763898,14,,,1,True,00-0039361,2026-10-09T00:15:00Z,"[{""w"": ""25W17"", ""opp"": ""MIA"", ""v"": 14.0, ""cur"": false}, {""w"": ""25W18"", ""opp"": ""CAR"", ""v"": 13.0, ""cur"": false}, {""w"": ""W1"", ""opp"": ""CIN"", ""v"": 48.0, ""cur"": true}, {""w"": ""W2"", ""opp"": ""CLE"", ""v"": 1.0, ""cur"": true}, {""w"": ""W3"", ""opp"": ""MIN"", ""v"": 12.0, ""cur"": true}, {""w"": ""W4"", ""opp"": ""GB"", ""v"": 0.0, ""cur"": true}]",Over,0.476762474160737,0.5093833780160857,0.49796092588153634,1.83,betmgm,-0.0887315056367885,0.0,-0.03262090385534866,
Jacoby Brissett,QB,ARI,DET,player_pass_yds,271.5,275.7612746316478,17,,,2,True,00-0033119,2026-10-11T20:25:00Z,"[{""w"": ""25W17"", ""opp"": ""CIN"", ""v"": 212.0, ""cur"": false}, {""w"": ""25W18"", ""opp"": ""LA"", ""v"": 243.0, ""cur"": false}, {""w"": ""W1"", ""opp"": ""LAC"", ""v"": 277.0, ""cur"": true}, {""w"": ""W2"", ""opp"": ""SEA"", ""v"": 95.0, ""cur"": true}, {""w"": ""W3"", ""opp"": ""SF"", ""v"": 280.0, ""cur"": true}, {""w"": ""W4"", ""opp"": ""NYG"", ""v"": 166.0, ""cur"": true}]",Over,0.45962775758294316,0.49798927613941024,0.48453684131601227,1.88,betrivers,-0.08907073832589701,0.0,-0.03836151855646708,
Ashton Jeanty,RB,LV,NE,player_rush_yds,63.5,66.51560988243777,17,,,1,True,00-0040122,2026-10-11T17:00:00Z,"[{""w"": ""25W17"", ""opp"": ""NYG"", ""v"": 60.0, ""cur"": false}, {""w"": ""25W18"", ""opp"": ""KC"", ""v"": 87.0, ""cur"": false}, {""w"": ""W1"", ""opp"": ""MIA"", ""v"": 102.0, ""cur"": true}, {""w"": ""W2"", ""opp"": ""LAC"", ""v"": 48.0, ""cur"": true}, {""w"": ""W3"", ""opp"": ""NO"", ""v"": 56.0, ""cur"": true}, {""w"": ""W4"", ""opp"": ""KC"", ""v"": 58.0, ""cur"": true}]",Over,0.46234219482412564,0.5,0.48679783108110253,1.87,betrivers,-0.08968805587833822,0.0,-0.03765780517587436,
Bucky Irving,RB,TB,DAL,player_rush_yds,51.5,60.82082590910394,14,,,4,True,00-0039361,2026-10-09T00:15:00Z,"[{""w"": ""25W17"", ""opp"": ""MIA"", ""v"": 19.0, ""cur"": false}, {""w"": ""25W18"", ""opp"": ""CAR"", ""v"": 85.0, ""cur"": false}, {""w"": ""W1"", ""opp"": ""CIN"", ""v"": 45.0, ""cur"": true}, {""w"": ""W2"", ""opp"": ""CLE"", ""v"": 89.0, ""cur"": true}, {""w"": ""W3"", ""opp"": ""MIN"", ""v"": 46.0, ""cur"": true}, {""w"": ""W4"", ""opp"": ""GB"", ""v"": 61.0, ""cur"": true}]",Under,0.43486713189381493,0.49537205973165677,0.4740882086464442,1.92,draftkings,-0.08975063939882721,0.0,-0.06050492783784184,
Deebo Samuel,WR,SF,SEA,player_reception_yds,34.5,37.86529490496694,17,,,1,True,00-0035719,2026-10-11T20:25:00Z,"[{""w"": ""25W17"", ""opp"": ""DAL"", ""v"": 68.0, ""cur"": false}, {""w"": ""25W18"", ""opp"": ""PHI"", ""v"": 20.0, ""cur"": false}, {""w"": ""W1"", ""opp"": ""LA"", ""v"": 48.0, ""cur"": true}, {""w"": ""W2"", ""opp"": ""MIA"", ""v"": 31.0, ""cur"": true}, {""w"": ""W3"", ""opp"": ""ARI"", ""v"": 80.0, ""cur"": true}, {""w"": ""W4"", ""opp"": ""DEN"", ""v"": 26.0, ""cur"": true}]",Over,0.46209512344187464,0.5,0.48671092054796655,1.87,betmgm,-0.08985057857530254,0.0,-0.037904876558125356,
Woody Marks,RB,HOU,TEN,player_receptions,1.5,1.5529887016745736,17,,,3,True,00-0040583,2026-10-11T17:00:00Z,"[{""w"": ""25W17"", ""opp"": ""LAC"", ""v"": 1.0, ""cur"": false}, {""w"": ""25W18"", ""opp"": ""IND"", ""v"": 2.0, ""cur"": false}, {""w"": ""W1"", ""opp"": ""BUF"", ""v"": 1.0, ""cur"": true}, {""w"": ""W2"", ""opp"": ""CIN"", ""v"": 5.0, ""cur"": true}, {""w"": ""W3"", ""opp"": ""IND"", ""v"": 1.0, ""cur"": true}, {""w"": ""W4"", ""opp"": ""DAL"", ""v"": 0.0, ""cur"": true}]",Over,0.4238295959682032,0.47200000000000003,0.45503395771698896,2.0,betmgm,-0.08993208456602209,0.0,-0.04817040403179684,
Harold Fannin Jr.,TE,CLE,NYJ,player_reception_yds,37.5,39.7568666958326,17,,,2,True,00-0040663,2026-10-11T17:00:00Z,"[{""w"": ""25W16"", ""opp"": ""BUF"", ""v"": 34.0, ""cur"": false}, {""w"": ""25W17"", ""opp"": ""PIT"", ""v"": 30.0, ""cur"": false}, {""w"": ""W1"", ""opp"": ""JAX"", ""v"": 21.0, ""cur"": true}, {""w"": ""W2"", ""opp"": ""TB"", ""v"": 54.0, ""cur"": true}, {""w"": ""W3"", ""opp"": ""CAR"", ""v"": 51.0, ""cur"": true}, {""w"": ""W4"", ""opp"": ""PIT"", ""v"": 27.0, ""cur"": true}]",Over,0.4556873339286225,0.49933333333333335,0.4840218771189692,1.88,betrivers,-0.0900388710163379,0.0,-0.04364599940471087,
Bo Nix,QB,DEN,LAC,player_pass_yds,223.5,224.708889381141,17,,,2,True,00-0039732,2026-10-11T20:05:00Z,"[{""w"": ""25W17"", ""opp"": ""KC"", ""v"": 182.0, ""cur"": false}, {""w"": ""25W18"", ""opp"": ""LAC"", ""v"": 141.0, ""cur"": false}, {""w"": ""W1"", ""opp"": ""KC"", ""v"": 131.0, ""cur"": true}, {""w"": ""W2"", ""opp"": ""JAX"", ""v"": 288.0, ""cur"": true}, {""w"": ""W3"", ""opp"": ""LA"", ""v"": 186.0, ""cur"": true}, {""w"": ""W4"", ""opp"": ""SF"", ""v"": 214.0, ""cur"": true}]",Over,0.4543501303201348,0.5,0.48398340984851634,1.88,betonlineag,-0.09011118948478936,0.0,-0.045649869679865174,
Mark Andrews,TE,BAL,ATL,player_reception_yds,31.5,32.88434881761315,17,Full,,1,True,00-0034753,2026-10-12T00:20:00Z,"[{""w"": ""25W17"", ""opp"": ""GB"", ""v"": 28.0, ""cur"": false}, {""w"": ""25W18"", ""opp"": ""PIT"", ""v"": 14.0, ""cur"": false}, {""w"": ""W1"", ""opp"": ""IND"", ""v"": 49.0, ""cur"": true}, {""w"": ""W2"", ""opp"": ""NO"", ""v"": 49.0, ""cur"": true}, {""w"": ""W3"", ""opp"": ""DAL"", ""v"": 24.0, ""cur"": true}, {""w"": ""W4"", ""opp"": ""TEN"", ""v"": 27.0, ""cur"": true}]",Over,0.4519567647835726,0.49333333333333335,0.47881193617285683,1.9,betmgm,-0.09025732127157199,0.0,-0.04137656854976074,
Davante Adams,WR,LA,BUF,player_reception_yds,61.5,85.95271091610613,17,,,1,True,00-0031381,2026-10-13T00:15:00Z,"[{""w"": ""25W14"", ""opp"": ""ARI"", ""v"": 29.0, ""cur"": false}, {""w"": ""25W15"", ""opp"": ""DET"", ""v"": 71.0, ""cur"": false}, {""w"": ""W1"", ""opp"": ""SF"", ""v"": 26.0, ""cur"": true}, {""w"": ""W2"", ""opp"": ""NYG"", ""v"": 195.0, ""cur"": true}, {""w"": ""W3"", ""opp"": ""DEN"", ""v"": 137.0, ""cur"": true}, {""w"": ""W4"", ""opp"": ""PHI"", ""v"": 32.0, ""cur"": true}]",Under,0.46122536246526047,0.5,0.486404924979171,1.87,betmgm,-0.09042279028895023,0.0,-0.03877463753473953,
Puka Nacua,WR,LA,BUF,player_reception_yds,90.5,112.10675910673201,17,,,1,True,00-0039075,2026-10-13T00:15:00Z,"[{""w"": ""25W15"", ""opp"": ""DET"", ""v"": 181.0, ""cur"": false}, {""w"": ""25W16"", ""opp"": ""SEA"", ""v"": 225.0, ""cur"": false}, {""w"": ""25W17"", ""opp"": ""ATL"", ""v"": 47.0, ""cur"": false}, {""w"": ""25W18"", ""opp"": ""ARI"", ""v"": 76.0, ""cur"": false}, {""w"": ""W1"", ""opp"": ""SF"", ""v"": 74.0, ""cur"": true}, {""w"": ""W4"", ""opp"": ""PHI"", ""v"": 125.0, ""cur"": true}]",Under,0.46103851878894836,0.5,0.48633918098823287,1.87,betmgm,-0.0905457315520044,0.0,-0.03896148121105164,
Rome Odunze,WR,CHI,GB,player_receptions,3.5,3.6875808161047128,16,,,5,True,00-0039919,2026-10-11T17:00:00Z,"[{""w"": ""25W12"", ""opp"": ""PIT"", ""v"": 3.0, ""cur"": false}, {""w"": ""25W13"", ""opp"": ""PHI"", ""v"": 2.0, ""cur"": false}, {""w"": ""W1"", ""opp"": ""CAR"", ""v"": 2.0, ""cur"": true}, {""w"": ""W2"", ""opp"": ""MIN"", ""v"": 3.0, ""cur"": true}, {""w"": ""W3"", ""opp"": ""PHI"", ""v"": 3.0, ""cur"": true}, {""w"": ""W4"", ""opp"": ""NYJ"", ""v"": 6.0, ""cur"": true}]",Under,0.5048422091239584,0.5912596401028277,0.5613747110627335,1.62,betmgm,-0.09057296807837167,0.0,-0.08641743097886934,
Rashid Shaheed,WR,SEA,SF,player_reception_yds,18.5,25.69674842212687,17,,,1,True,00-0037545,2026-10-11T20:25:00Z,"[{""w"": ""25W17"", ""opp"": ""CAR"", ""v"": 8.0, ""cur"": false}, {""w"": ""25W18"", ""opp"": ""SF"", ""v"": 2.0, ""cur"": false}, {""w"": ""W1"", ""opp"": ""NE"", ""v"": 4.0, ""cur"": true}, {""w"": ""W2"", ""opp"": ""ARI"", ""v"": 35.0, ""cur"": true}, {""w"": ""W3"", ""opp"": ""WAS"", ""v"": 14.0, ""cur"": true}, {""w"": ""W4"", ""opp"": ""LAC"", ""v"": 20.0, ""cur"": true}]",Under,0.4605399430704564,0.4959785522788204,0.48355213836617705,1.88,betrivers,-0.09092197987158718,0.0,-0.03543860920836395,
Puka Nacua,WR,LA,BUF,player_receptions,7.5,7.869533375816585,17,,,4,True,00-0039075,2026-10-13T00:15:00Z,"[{""w"": ""25W15"", ""opp"": ""DET"", ""v"": 9.0, ""cur"": false}, {""w"": ""25W16"", ""opp"": ""SEA"", ""v"": 12.0, ""cur"": false}, {""w"": ""25W17"", ""opp"": ""ATL"", ""v"": 5.0, ""cur"": false}, {""w"": ""25W18"", ""opp"": ""ARI"", ""v"": 10.0, ""cur"": false}, {""w"": ""W1"", ""opp"": ""SF"", ""v"": 5.0, ""cur"": true}, {""w"": ""W4"", ""opp"": ""PHI"", ""v"": 9.0, ""cur"": true}]",Under,0.4908129245298306,0.5533606443549507,0.5315591561473032,1.71,draftkings,-0.09103384298811157,0.0,-0.06254771982512008,
D'Andre Swift,RB,CHI,GB,player_rush_yds,61.5,73.25816850803986,17,Did Not Participate In Practice,,2,True,00-0036275,2026-10-11T17:00:00Z,"[{""w"": ""25W17"", ""opp"": ""SF"", ""v"": 54.0, ""cur"": false}, {""w"": ""25W18"", ""opp"": ""DET"", ""v"": 40.0, ""cur"": false}, {""w"": ""W1"", ""opp"": ""CAR"", ""v"": 124.0, ""cur"": true}, {""w"": ""W2"", ""opp"": ""MIN"", ""v"": 45.0, ""cur"": true}, {""w"": ""W3"", ""opp"": ""PHI"", ""v"": 84.0, ""cur"": true}, {""w"": ""W4"", ""opp"": ""NYJ"", ""v"": 58.0, ""cur"": true}]",Under,0.45295426616051315,0.5,0.4834911441628328,1.88,betonlineag,-0.09103664897387442,0.0,-0.04704573383948685,
Jake Ferguson,TE,DAL,TB,player_reception_yds,25.5,28.822160402335676,17,,,1,True,00-0038041,2026-10-09T00:15:00Z,"[{""w"": ""25W17"", ""opp"": ""WAS"", ""v"": 6.0, ""cur"": false}, {""w"": ""25W18"", ""opp"": ""NYG"", ""v"": 5.0, ""cur"": false}, {""w"": ""W1"", ""opp"": ""NYG"", ""v"": 6.0, ""cur"": true}, {""w"": ""W2"", ""opp"": ""WAS"", ""v"": 43.0, ""cur"": true}, {""w"": ""W3"", ""opp"": ""BAL"", ""v"": 23.0, ""cur"": true}, {""w"": ""W4"", ""opp"": ""HOU"", ""v"": 11.0, ""cur"": true}]",Over,0.4677458575596777,0.5040214477211796,0.491310224414281,1.85,betrivers,-0.09107608483358004,0.0,-0.03627559016150195,
Justin Herbert,QB,LAC,DEN,player_pass_yds,199.5,199.61375579958212,17,,,5,True,00-0036355,2026-10-11T20:05:00Z,"[{""w"": ""25W16"", ""opp"": ""DAL"", ""v"": 300.0, ""cur"": false}, {""w"": ""25W17"", ""opp"": ""HOU"", ""v"": 236.0, ""cur"": false}, {""w"": ""W1"", ""opp"": ""ARI"", ""v"": 209.0, ""cur"": true}, {""w"": ""W2"", ""opp"": ""LV"", ""v"": 192.0, ""cur"": true}, {""w"": ""W3"", ""opp"": ""BUF"", ""v"": 226.0, ""cur"": true}, {""w"": ""W4"", ""opp"": ""SEA"", ""v"": 189.0, ""cur"": true}]",Over,0.4527379927602385,0.5,0.4834148528433756,1.88,betonlineag,-0.09118007665445393,0.0,-0.04726200723976148,
Marvin Mims Jr.,WR,DEN,LAC,player_reception_yds,13.5,16.43620585730451,17,,,2,True,00-0038976,2026-10-11T20:05:00Z,"[{""w"": ""25W15"", ""opp"": ""GB"", ""v"": 29.0, ""cur"": false}, {""w"": ""25W16"", ""opp"": ""JAX"", ""v"": 26.0, ""cur"": false}, {""w"": ""25W17"", ""opp"": ""KC"", ""v"": 10.0, ""cur"": false}, {""w"": ""25W18"", ""opp"": ""LAC"", ""v"": 10.0, ""cur"": false}, {""w"": ""W1"", ""opp"": ""KC"", ""v"": 0.0, ""cur"": true}, {""w"": ""W4"", ""opp"": ""SF"", ""v"": 10.0, ""cur"": true}]",Over,0.45227804148417783,0.5,0.48325258477295424,1.88,betonlineag,-0.09148514062684604,0.0,-0.04772195851582217,
Derrick Henry,RB,BAL,ATL,player_rush_yds,85.5,89.25062818598006,17,,,2,True,00-0032764,2026-10-12T00:20:00Z,"[{""w"": ""25W17"", ""opp"": ""GB"", ""v"": 216.0, ""cur"": false}, {""w"": ""25W18"", ""opp"": ""PIT"", ""v"": 126.0, ""cur"": false}, {""w"": ""W1"", ""opp"": ""IND"", ""v"": 144.0, ""cur"": true}, {""w"": ""W2"", ""opp"": ""NO"", ""v"": 68.0, ""cur"": true}, {""w"": ""W3"", ""opp"": ""DAL"", ""v"": 89.0, ""cur"": true}, {""w"": ""W4"", ""opp"": ""TEN"", ""v"": 73.0, ""cur"": true}]",Over,0.459226207289804,0.5,0.4857013118047813,1.87,betmgm,-0.09173854692505895,0.0,-0.04077379271019599,
Sam LaPorta,TE,DET,ARI,player_reception_yds,50.5,63.3999791483144,13,,,2,True,00-0039065,2026-10-11T20:25:00Z,"[{""w"": ""25W9"", ""opp"": ""MIN"", ""v"": 97.0, ""cur"": false}, {""w"": ""25W10"", ""opp"": ""WAS"", ""v"": 53.0, ""cur"": false}, {""w"": ""W1"", ""opp"": ""NO"", ""v"": 48.0, ""cur"": true}, {""w"": ""W2"", ""opp"": ""BUF"", ""v"": 52.0, ""cur"": true}, {""w"": ""W3"", ""opp"": ""NYJ"", ""v"": 44.0, ""cur"": true}, {""w"": ""W4"", ""opp"": ""CAR"", ""v"": 84.0, ""cur"": true}]",Under,0.43395247309646273,0.49802110817941947,0.4754808813941958,1.91,draftkings,-0.0918315165370861,0.0,-0.06406863508295674,
Kirk Cousins,QB,LV,NE,player_pass_yds,228.5,230.72299770852962,14,,,2,True,00-0029604,2026-10-11T17:00:00Z,"[{""w"": ""25W17"", ""opp"": ""LA"", ""v"": 126.0, ""cur"": false}, {""w"": ""25W18"", ""opp"": ""NO"", ""v"": 180.0, ""cur"": false}, {""w"": ""W1"", ""opp"": ""MIA"", ""v"": 160.0, ""cur"": true}, {""w"": ""W2"", ""opp"": ""LAC"", ""v"": 253.0, ""cur"": true}, {""w"": ""W3"", ""opp"": ""NO"", ""v"": 248.0, ""cur"": true}, {""w"": ""W4"", ""opp"": ""KC"", ""v"": 365.0, ""cur"": true}]",Over,0.45154099849410523,0.5,0.4829925076920926,1.88,betonlineag,-0.09197408553886588,0.0,-0.04845900150589477,
Jaxon Smith-Njigba,WR,SEA,SF,player_reception_yds,94.5,97.75097940129855,17,,,2,True,00-0038543,2026-10-11T20:25:00Z,"[{""w"": ""25W17"", ""opp"": ""CAR"", ""v"": 72.0, ""cur"": false}, {""w"": ""25W18"", ""opp"": ""SF"", ""v"": 84.0, ""cur"": false}, {""w"": ""W1"", ""opp"": ""NE"", ""v"": 122.0, ""cur"": true}, {""w"": ""W2"", ""opp"": ""ARI"", ""v"": 155.0, ""cur"": true}, {""w"": ""W3"", ""opp"": ""WAS"", ""v"": 128.0, ""cur"": true}, {""w"": ""W4"", ""opp"": ""LAC"", ""v"": 76.0, ""cur"": true}]",Over,0.45154086040783226,0.5,0.4829924589600702,1.88,fanduel,-0.091974177155068,0.0,-0.048459139592167744,
Jameson Williams,WR,DET,ARI,player_receptions,3.5,4.295348788415159,17,,,6,True,00-0037240,2026-10-11T20:25:00Z,"[{""w"": ""25W17"", ""opp"": ""MIN"", ""v"": 2.0, ""cur"": false}, {""w"": ""25W18"", ""opp"": ""CHI"", ""v"": 6.0, ""cur"": false}, {""w"": ""W1"", ""opp"": ""NO"", ""v"": 4.0, ""cur"": true}, {""w"": ""W2"", ""opp"": ""BUF"", ""v"": 2.0, ""cur"": true}, {""w"": ""W3"", ""opp"": ""NYJ"", ""v"": 4.0, ""cur"": true}, {""w"": ""W4"", ""opp"": ""CAR"", ""v"": 6.0, ""cur"": true}]",Under,0.39512594108744764,0.4689794778723998,0.4428033215160641,2.05,bovada,-0.09225319089206874,0.0,-0.07385353678495216,
KC Concepcion,WR,CLE,NYJ,player_reception_yds,41.5,44.09480559680307,4,,,3,True,00-0041547,2026-10-11T17:00:00Z,"[{""w"": ""W1"", ""opp"": ""JAX"", ""v"": 43.0, ""cur"": true}, {""w"": ""W2"", ""opp"": ""TB"", ""v"": 28.0, ""cur"": true}, {""w"": ""W3"", ""opp"": ""CAR"", ""v"": 9.0, ""cur"": true}, {""w"": ""W4"", ""opp"": ""PIT"", ""v"": 64.0, ""cur"": true}]",Over,0.4347391234119443,0.49340369393139843,0.4727667737103453,1.92,draftkings,-0.092287794476137,0.0,-0.05866457051945412,
Kalif Raymond,WR,CHI,GB,player_receptions,3.5,3.1292720439461563,17,,,6,True,00-0032464,2026-10-11T17:00:00Z,"[{""w"": ""25W17"", ""opp"": ""MIN"", ""v"": 1.0, ""cur"": false}, {""w"": ""25W18"", ""opp"": ""CHI"", ""v"": 3.0, ""cur"": false}, {""w"": ""W1"", ""opp"": ""CAR"", ""v"": 8.0, ""cur"": true}, {""w"": ""W2"", ""opp"": ""MIN"", ""v"": 5.0, ""cur"": true}, {""w"": ""W3"", ""opp"": ""PHI"", ""v"": 6.0, ""cur"": true}, {""w"": ""W4"", ""opp"": ""NYJ"", ""v"": 2.0, ""cur"": true}]",Over,0.3657947957043586,0.4297577821362282,0.4069832365258622,2.23,draftkings,-0.09242738254732719,0.0,-0.0639629864318696,
Cooper Kupp,WR,SEA,SF,player_reception_yds,25.5,27.044176173465857,17,,,2,True,00-0033908,2026-10-11T20:25:00Z,"[{""w"": ""25W17"", ""opp"": ""CAR"", ""v"": 6.0, ""cur"": false}, {""w"": ""25W18"", ""opp"": ""SF"", ""v"": 29.0, ""cur"": false}, {""w"": ""W1"", ""opp"": ""NE"", ""v"": 35.0, ""cur"": true}, {""w"": ""W2"", ""opp"": ""ARI"", ""v"": 20.0, ""cur"": true}, {""w"": ""W3"", ""opp"": ""WAS"", ""v"": 46.0, ""cur"": true}, {""w"": ""W4"", ""opp"": ""LAC"", ""v"": 13.0, ""cur"": true}]",Over,0.4470530670073194,0.5020107238605898,0.48271270711838116,1.88,fanduel,-0.0925001106174434,0.0,-0.054957656853270365,
Wan'Dale Robinson,WR,TEN,HOU,player_reception_yds,32.5,44.07837027641298,17,,,1,True,00-0038117,2026-10-11T17:00:00Z,"[{""w"": ""25W16"", ""opp"": ""MIN"", ""v"": 19.0, ""cur"": false}, {""w"": ""25W17"", ""opp"": ""LV"", ""v"": 113.0, ""cur"": false}, {""w"": ""W1"", ""opp"": ""NYJ"", ""v"": 38.0, ""cur"": true}, {""w"": ""W2"", ""opp"": ""PHI"", ""v"": 9.0, ""cur"": true}, {""w"": ""W3"", ""opp"": ""NYG"", ""v"": 57.0, ""cur"": true}, {""w"": ""W4"", ""opp"": ""BAL"", ""v"": 19.0, ""cur"": true}]",Under,0.4503004943788507,0.5,0.4825546273965136,1.88,fanduel,-0.09279730049455454,0.0,-0.049699505621149276,
Kyler Murray,QB,MIN,NO,player_rush_yds,15.5,16.848543122542416,8,,,2,True,00-0035228,2026-10-11T17:00:00Z,"[{""w"": ""25W3"", ""opp"": ""SF"", ""v"": 37.0, ""cur"": false}, {""w"": ""25W4"", ""opp"": ""SEA"", ""v"": 41.0, ""cur"": false}, {""w"": ""25W5"", ""opp"": ""TEN"", ""v"": 25.0, ""cur"": false}, {""w"": ""W1"", ""opp"": ""GB"", ""v"": 9.0, ""cur"": true}, {""w"": ""W3"", ""opp"": ""TB"", ""v"": 17.0, ""cur"": true}, {""w"": ""W4"", ""opp"": ""MIA"", ""v"": 16.0, ""cur"": true}]",Over,0.44624178527527547,0.5020107238605898,0.48242583724580124,1.88,fanduel,-0.09303942597789372,0.0,-0.05576893858531429,
D'Andre Swift,RB,CHI,GB,player_rush_yds,60.5,73.25816850803986,17,Did Not Participate In Practice,,3,True,00-0036275,2026-10-11T17:00:00Z,"[{""w"": ""25W17"", ""opp"": ""SF"", ""v"": 54.0, ""cur"": false}, {""w"": ""25W18"", ""opp"": ""DET"", ""v"": 40.0, ""cur"": false}, {""w"": ""W1"", ""opp"": ""CAR"", ""v"": 124.0, ""cur"": true}, {""w"": ""W2"", ""opp"": ""MIN"", ""v"": 45.0, ""cur"": true}, {""w"": ""W3"", ""opp"": ""PHI"", ""v"": 84.0, ""cur"": true}, {""w"": ""W4"", ""opp"": ""NYJ"", ""v"": 58.0, ""cur"": true}]",Under,0.4420305271146862,0.5039577836411608,0.48219917515435495,1.88,draftkings,-0.0934655507098126,0.0,-0.06192725652647463,
Devaughn Vele,WR,NO,MIN,player_receptions,3.5,4.22737323829951,13,,,5,True,00-0039424,2026-10-11T17:00:00Z,"[{""w"": ""25W14"", ""opp"": ""TB"", ""v"": 3.0, ""cur"": false}, {""w"": ""25W15"", ""opp"": ""CAR"", ""v"": 5.0, ""cur"": false}, {""w"": ""W1"", ""opp"": ""DET"", ""v"": 7.0, ""cur"": true}, {""w"": ""W2"", ""opp"": ""BAL"", ""v"": 5.0, ""cur"": true}, {""w"": ""W3"", ""opp"": ""LV"", ""v"": 3.0, ""cur"": true}, {""w"": ""W4"", ""opp"": ""ATL"", ""v"": 6.0, ""cur"": true}]",Under,0.4129489953947212,0.46825396825396826,0.4487366310600256,2.02,draftkings,-0.0935520052587483,0.0,-0.05530497285924707,
Cam Skattebo,RB,NYG,WAS,player_reception_yds,12.5,15.451586966287538,12,Limited,,3,True,00-0040715,2026-10-11T17:00:00Z,"[{""w"": ""25W7"", ""opp"": ""DEN"", ""v"": 34.0, ""cur"": false}, {""w"": ""25W8"", ""opp"": ""PHI"", ""v"": 18.0, ""cur"": false}, {""w"": ""W1"", ""opp"": ""DAL"", ""v"": 0.0, ""cur"": true}, {""w"": ""W2"", ""opp"": ""LA"", ""v"": 19.0, ""cur"": true}, {""w"": ""W3"", ""opp"": ""TEN"", ""v"": 40.0, ""cur"": true}, {""w"": ""W4"", ""opp"": ""ARI"", ""v"": 8.0, ""cur"": true}]",Over,0.44883026977913176,0.5,0.4820354108336447,1.88,betrivers,-0.09377342763274804,0.0,-0.05116973022086824,
Tyler Shough,QB,NO,MIN,player_pass_yds,239.5,265.85155144901853,15,Limited,,3,True,00-0040743,2026-10-11T17:00:00Z,"[{""w"": ""25W17"", ""opp"": ""TEN"", ""v"": 333.0, ""cur"": false}, {""w"": ""25W18"", ""opp"": ""ATL"", ""v"": 259.0, ""cur"": false}, {""w"": ""W1"", ""opp"": ""DET"", ""v"": 410.0, ""cur"": true}, {""w"": ""W2"", ""opp"": ""BAL"", ""v"": 252.0, ""cur"": true}, {""w"": ""W3"", ""opp"": ""LV"", ""v"": 255.0, ""cur"": true}, {""w"": ""W4"", ""opp"": ""ATL"", ""v"": 286.0, ""cur"": true}]",Under,0.44153228586843996,0.5,0.4794538307833669,1.89,betonlineag,-0.0938322598194366,0.0,-0.058467714131560045,
Roman Wilson,WR,PIT,IND,player_reception_yds,34.5,38.3921618334295,13,,,1,True,00-0039739,2026-10-11T17:00:00Z,"[{""w"": ""25W12"", ""opp"": ""CHI"", ""v"": 0.0, ""cur"": false}, {""w"": ""25W13"", ""opp"": ""BUF"", ""v"": 0.0, ""cur"": false}, {""w"": ""W1"", ""opp"": ""ATL"", ""v"": 26.0, ""cur"": true}, {""w"": ""W2"", ""opp"": ""NE"", ""v"": 28.0, ""cur"": true}, {""w"": ""W3"", ""opp"": ""CIN"", ""v"": 60.0, ""cur"": true}, {""w"": ""W4"", ""opp"": ""CLE"", ""v"": 74.0, ""cur"": true}]",Over,0.4486674257704787,0.5,0.48197788483190857,1.88,betonlineag,-0.09388157651601198,0.0,-0.05133257422952131,
Daniel Jones,QB,IND,PIT,player_rush_yds,10.5,11.25645891429954,17,,,5,True,00-0035710,2026-10-11T17:00:00Z,"[{""w"": ""25W13"", ""opp"": ""HOU"", ""v"": 1.0, ""cur"": false}, {""w"": ""25W14"", ""opp"": ""JAX"", ""v"": 4.0, ""cur"": false}, {""w"": ""W1"", ""opp"": ""BAL"", ""v"": 4.0, ""cur"": true}, {""w"": ""W2"", ""opp"": ""KC"", ""v"": 10.0, ""cur"": true}, {""w"": ""W3"", ""opp"": ""HOU"", ""v"": 5.0, ""cur"": true}, {""w"": ""W4"", ""opp"": ""WAS"", ""v"": 2.0, ""cur"": true}]",Over,0.4031465590496365,0.49468085106382986,0.46228171588326483,1.96,draftkings,-0.09392783686880096,0.0,-0.09153429201419339,
Gunnar Helm,TE,TEN,HOU,player_reception_yds,17.5,18.150908081012588,17,,,2,True,00-0040584,2026-10-11T17:00:00Z,"[{""w"": ""25W16"", ""opp"": ""KC"", ""v"": 9.0, ""cur"": false}, {""w"": ""25W17"", ""opp"": ""NO"", ""v"": 1.0, ""cur"": false}, {""w"": ""W1"", ""opp"": ""NYJ"", ""v"": 28.0, ""cur"": true}, {""w"": ""W2"", ""opp"": ""PHI"", ""v"": 13.0, ""cur"": true}, {""w"": ""W3"", ""opp"": ""NYG"", ""v"": 14.0, ""cur"": true}, {""w"": ""W4"", ""opp"": ""BAL"", ""v"": 5.0, ""cur"": true}]",Over,0.4228203475529161,0.49470899470899476,0.4693685838734201,1.93,draftkings,-0.09411863312429924,0.0,-0.07188864715607868,
Jake Ferguson,TE,DAL,TB,player_reception_yds,26.5,28.822160402335676,17,,,2,True,00-0038041,2026-10-09T00:15:00Z,"[{""w"": ""25W17"", ""opp"": ""WAS"", ""v"": 6.0, ""cur"": false}, {""w"": ""25W18"", ""opp"": ""NYG"", ""v"": 5.0, ""cur"": false}, {""w"": ""W1"", ""opp"": ""NYG"", ""v"": 6.0, ""cur"": true}, {""w"": ""W2"", ""opp"": ""WAS"", ""v"": 43.0, ""cur"": true}, {""w"": ""W3"", ""opp"": ""BAL"", ""v"": 23.0, ""cur"": true}, {""w"": ""W4"", ""opp"": ""HOU"", ""v"": 11.0, ""cur"": true}]",Over,0.44769500547463903,0.5,0.48163429789340295,1.88,betonlineag,-0.09452751996040248,0.0,-0.05230499452536097,
Aaron Jones,RB,MIN,NO,player_reception_yds,18.5,19.81232695254021,16,Limited,,5,True,00-0033293,2026-10-11T17:00:00Z,"[{""w"": ""25W16"", ""opp"": ""NYG"", ""v"": 8.0, ""cur"": false}, {""w"": ""25W17"", ""opp"": ""DET"", ""v"": 10.0, ""cur"": false}, {""w"": ""W1"", ""opp"": ""GB"", ""v"": 0.0, ""cur"": true}, {""w"": ""W2"", ""opp"": ""CHI"", ""v"": 0.0, ""cur"": true}, {""w"": ""W3"", ""opp"": ""TB"", ""v"": 34.0, ""cur"": true}, {""w"": ""W4"", ""opp"": ""MIA"", ""v"": 34.0, ""cur"": true}]",Over,0.4194682117673759,0.5,0.47159688991120885,1.92,draftkings,-0.09453397137047903,0.0,-0.08053178823262408,
Cam Skattebo,RB,NYG,WAS,player_rush_yds,56.5,58.04643894374816,12,Limited,,1,True,00-0040715,2026-10-11T17:00:00Z,"[{""w"": ""25W7"", ""opp"": ""DEN"", ""v"": 60.0, ""cur"": false}, {""w"": ""25W8"", ""opp"": ""PHI"", ""v"": 12.0, ""cur"": false}, {""w"": ""W1"", ""opp"": ""DAL"", ""v"": 81.0, ""cur"": true}, {""w"": ""W2"", ""opp"": ""LA"", ""v"": 36.0, ""cur"": true}, {""w"": ""W3"", ""opp"": ""TEN"", ""v"": 60.0, ""cur"": true}, {""w"": ""W4"", ""opp"": ""ARI"", ""v"": 58.0, ""cur"": true}]",Over,0.4474615847671861,0.5,0.4815518045876642,1.88,fanduel,-0.0946826073751913,0.0,-0.052538415232813884,
Juwan Johnson,TE,NO,MIN,player_reception_yds,42.5,50.65653969084659,17,,,3,True,00-0036040,2026-10-11T17:00:00Z,"[{""w"": ""25W17"", ""opp"": ""TEN"", ""v"": 95.0, ""cur"": false}, {""w"": ""25W18"", ""opp"": ""ATL"", ""v"": 61.0, ""cur"": false}, {""w"": ""W1"", ""opp"": ""DET"", ""v"": 54.0, ""cur"": true}, {""w"": ""W2"", ""opp"": ""BAL"", ""v"": 66.0, ""cur"": true}, {""w"": ""W3"", ""opp"": ""LV"", ""v"": 53.0, ""cur"": true}, {""w"": ""W4"", ""opp"": ""ATL"", ""v"": 59.0, ""cur"": true}]",Under,0.44732504511860677,0.5,0.4815035467303629,1.88,betonlineag,-0.09477333214691769,0.0,-0.05267495488139323,
Courtland Sutton,WR,DEN,LAC,player_reception_yds,35.5,40.06841819603555,17,,,1,True,00-0034348,2026-10-11T20:05:00Z,"[{""w"": ""25W17"", ""opp"": ""KC"", ""v"": 40.0, ""cur"": false}, {""w"": ""25W18"", ""opp"": ""LAC"", ""v"": 5.0, ""cur"": false}, {""w"": ""W1"", ""opp"": ""KC"", ""v"": 11.0, ""cur"": true}, {""w"": ""W2"", ""opp"": ""JAX"", ""v"": 25.0, ""cur"": true}, {""w"": ""W3"", ""opp"": ""LA"", ""v"": 46.0, ""cur"": true}, {""w"": ""W4"", ""opp"": ""SF"", ""v"": 4.0, ""cur"": true}]",Over,0.45472106078726815,0.4959785522788205,0.48150328338035986,1.88,betrivers,-0.0947738272449235,0.0,-0.041257491491552334,
Justin Herbert,QB,LAC,DEN,player_pass_yds,200.5,199.61375579958212,17,,,1,True,00-0036355,2026-10-11T20:05:00Z,"[{""w"": ""25W16"", ""opp"": ""DAL"", ""v"": 300.0, ""cur"": false}, {""w"": ""25W17"", ""opp"": ""HOU"", ""v"": 236.0, ""cur"": false}, {""w"": ""W1"", ""opp"": ""ARI"", ""v"": 209.0, ""cur"": true}, {""w"": ""W2"", ""opp"": ""LV"", ""v"": 192.0, ""cur"": true}, {""w"": ""W3"", ""opp"": ""BUF"", ""v"": 226.0, ""cur"": true}, {""w"": ""W4"", ""opp"": ""SEA"", ""v"": 189.0, ""cur"": true}]",Over,0.44725551779552314,0.5,0.4814789724120172,1.88,fanduel,-0.0948195318654077,0.0,-0.05274448220447686,
Kenny Gainwell,RB,TB,DAL,player_rush_yds,12.5,15.960346421005148,17,,,3,True,00-0036919,2026-10-09T00:15:00Z,"[{""w"": ""25W17"", ""opp"": ""CLE"", ""v"": 26.0, ""cur"": false}, {""w"": ""25W18"", ""opp"": ""BAL"", ""v"": 10.0, ""cur"": false}, {""w"": ""W1"", ""opp"": ""CIN"", ""v"": 15.0, ""cur"": true}, {""w"": ""W2"", ""opp"": ""CLE"", ""v"": 10.0, ""cur"": true}, {""w"": ""W3"", ""opp"": ""MIN"", ""v"": -4.0, ""cur"": true}, {""w"": ""W4"", ""opp"": ""GB"", ""v"": 5.0, ""cur"": true}]",Over,0.4471933788337259,0.5,0.48145700895673305,1.88,fanduel,-0.09486082316134192,0.0,-0.052806621166274104,
Tony Pollard,RB,TEN,HOU,player_rush_yds,48.5,58.36386892253474,17,Did Not Participate In Practice,,1,True,00-0035261,2026-10-11T17:00:00Z,"[{""w"": ""25W17"", ""opp"": ""NO"", ""v"": 85.0, ""cur"": false}, {""w"": ""25W18"", ""opp"": ""JAX"", ""v"": 48.0, ""cur"": false}, {""w"": ""W1"", ""opp"": ""NYJ"", ""v"": 35.0, ""cur"": true}, {""w"": ""W2"", ""opp"": ""PHI"", ""v"": 64.0, ""cur"": true}, {""w"": ""W3"", ""opp"": ""NYG"", ""v"": 74.0, ""cur"": true}, {""w"": ""W4"", ""opp"": ""BAL"", ""v"": 48.0, ""cur"": true}]",Under,0.4544833836283165,0.5,0.4840303912678272,1.87,betmgm,-0.09486316832916308,0.0,-0.04551661637168353,
Tyler Warren,TE,IND,PIT,player_receptions,5.5,4.736023618841058,17,,,6,True,00-0040128,2026-10-11T17:00:00Z,"[{""w"": ""25W17"", ""opp"": ""JAX"", ""v"": 5.0, ""cur"": false}, {""w"": ""25W18"", ""opp"": ""HOU"", ""v"": 5.0, ""cur"": false}, {""w"": ""W1"", ""opp"": ""BAL"", ""v"": 3.0, ""cur"": true}, {""w"": ""W2"", ""opp"": ""KC"", ""v"": 6.0, ""cur"": true}, {""w"": ""W3"", ""opp"": ""HOU"", ""v"": 9.0, ""cur"": true}, {""w"": ""W4"", ""opp"": ""WAS"", ""v"": 5.0, ""cur"": true}]",Over,0.340260574863113,0.45153154805575935,0.4114046719501755,2.2,betonlineag,-0.09490972170961381,0.0,-0.11127097319264634,
Chris Olave,WR,NO,MIN,player_reception_yds,79.5,96.54662389577994,17,Did Not Participate In Practice,,1,True,00-0037239,2026-10-11T17:00:00Z,"[{""w"": ""25W16"", ""opp"": ""NYJ"", ""v"": 148.0, ""cur"": false}, {""w"": ""25W17"", ""opp"": ""TEN"", ""v"": 119.0, ""cur"": false}, {""w"": ""W1"", ""opp"": ""DET"", ""v"": 182.0, ""cur"": true}, {""w"": ""W2"", ""opp"": ""BAL"", ""v"": 86.0, ""cur"": true}, {""w"": ""W3"", ""opp"": ""LV"", ""v"": 107.0, ""cur"": true}, {""w"": ""W4"", ""opp"": ""ATL"", ""v"": 116.0, ""cur"": true}]",Under,0.4470732043857272,0.5,0.48141453099715686,1.88,betonlineag,-0.09494068172534509,0.0,-0.052926795614272826,
Kirk Cousins,QB,LV,NE,player_pass_yds,231.5,230.72299770852962,14,,,2,True,00-0029604,2026-10-11T17:00:00Z,"[{""w"": ""25W17"", ""opp"": ""LA"", ""v"": 126.0, ""cur"": false}, {""w"": ""25W18"", ""opp"": ""NO"", ""v"": 180.0, ""cur"": false}, {""w"": ""W1"", ""opp"": ""MIA"", ""v"": 160.0, ""cur"": true}, {""w"": ""W2"", ""opp"": ""LAC"", ""v"": 253.0, ""cur"": true}, {""w"": ""W3"", ""opp"": ""NO"", ""v"": 248.0, ""cur"": true}, {""w"": ""W4"", ""opp"": ""KC"", ""v"": 365.0, ""cur"": true}]",Over,0.4396412674999671,0.5,0.47878366540741324,1.89,draftkings,-0.09509887237998904,0.0,-0.060358732500032874,
Evan Engram,TE,DEN,LAC,player_reception_yds,19.5,23.08799085639976,17,,,1,True,00-0033881,2026-10-11T20:05:00Z,"[{""w"": ""25W17"", ""opp"": ""KC"", ""v"": 21.0, ""cur"": false}, {""w"": ""25W18"", ""opp"": ""LAC"", ""v"": 45.0, ""cur"": false}, {""w"": ""W1"", ""opp"": ""KC"", ""v"": 43.0, ""cur"": true}, {""w"": ""W2"", ""opp"": ""JAX"", ""v"": 17.0, ""cur"": true}, {""w"": ""W3"", ""opp"": ""LA"", ""v"": 0.0, ""cur"": true}, {""w"": ""W4"", ""opp"": ""SF"", ""v"": 6.0, ""cur"": true}]",Over,0.46667950543470926,0.5093833780160857,0.49442066024622944,1.83,betmgm,-0.0952101917494001,0.0,-0.04270387258137642,
Jaylin Noel,WR,HOU,TEN,player_receptions,1.5,1.6101868646080493,17,,,2,True,00-0040138,2026-10-11T17:00:00Z,"[{""w"": ""25W17"", ""opp"": ""LAC"", ""v"": 3.0, ""cur"": false}, {""w"": ""25W18"", ""opp"": ""IND"", ""v"": 1.0, ""cur"": false}, {""w"": ""W1"", ""opp"": ""BUF"", ""v"": 2.0, ""cur"": true}, {""w"": ""W2"", ""opp"": ""CIN"", ""v"": 1.0, ""cur"": true}, {""w"": ""W3"", ""opp"": ""IND"", ""v"": 2.0, ""cur"": true}, {""w"": ""W4"", ""opp"": ""DAL"", ""v"": 3.0, ""cur"": true}]",Over,0.47834364441620586,0.5423292273236282,0.5199848909597286,1.74,draftkings,-0.0952262897300723,0.0,-0.06398558290742234,
D'Andre Swift,RB,CHI,GB,player_receptions,2.5,1.9981972835896358,17,Did Not Participate In Practice,,4,True,00-0036275,2026-10-11T17:00:00Z,"[{""w"": ""25W17"", ""opp"": ""SF"", ""v"": 2.0, ""cur"": false}, {""w"": ""25W18"", ""opp"": ""DET"", ""v"": 1.0, ""cur"": false}, {""w"": ""W1"", ""opp"": ""CAR"", ""v"": 1.0, ""cur"": true}, {""w"": ""W2"", ""opp"": ""MIN"", ""v"": 5.0, ""cur"": true}, {""w"": ""W3"", ""opp"": ""PHI"", ""v"": 2.0, ""cur"": true}, {""w"": ""W4"", ""opp"": ""NYJ"", ""v"": 2.0, ""cur"": true}]",Over,0.32280103342199185,0.38812668618701174,0.36465860563074465,2.48,fanduel,-0.09564665803575334,0.0,-0.06532565276501989,
Courtland Sutton,WR,DEN,LAC,player_reception_yds,37.5,40.06841819603555,17,,,2,True,00-0034348,2026-10-11T20:05:00Z,"[{""w"": ""25W17"", ""opp"": ""KC"", ""v"": 40.0, ""cur"": false}, {""w"": ""25W18"", ""opp"": ""LAC"", ""v"": 5.0, ""cur"": false}, {""w"": ""W1"", ""opp"": ""KC"", ""v"": 11.0, ""cur"": true}, {""w"": ""W2"", ""opp"": ""JAX"", ""v"": 25.0, ""cur"": true}, {""w"": ""W3"", ""opp"": ""LA"", ""v"": 46.0, ""cur"": true}, {""w"": ""W4"", ""opp"": ""SF"", ""v"": 4.0, ""cur"": true}]",Over,0.4283095913862276,0.4980211081794196,0.47347290400496594,1.91,draftkings,-0.09566675335051517,0.0,-0.06971151679319199,
Sam LaPorta,TE,DET,ARI,player_reception_yds,51.5,63.3999791483144,13,,,3,True,00-0039065,2026-10-11T20:25:00Z,"[{""w"": ""25W9"", ""opp"": ""MIN"", ""v"": 97.0, ""cur"": false}, {""w"": ""25W10"", ""opp"": ""WAS"", ""v"": 53.0, ""cur"": false}, {""w"": ""W1"", ""opp"": ""NO"", ""v"": 48.0, ""cur"": true}, {""w"": ""W2"", ""opp"": ""BUF"", ""v"": 52.0, ""cur"": true}, {""w"": ""W3"", ""opp"": ""NYJ"", ""v"": 44.0, ""cur"": true}, {""w"": ""W4"", ""opp"": ""CAR"", ""v"": 84.0, ""cur"": true}]",Under,0.4459687095283838,0.5,0.48102403577394204,1.88,betonlineag,-0.09567481274498901,0.0,-0.0540312904716162,
Kalif Raymond,WR,CHI,GB,player_reception_yds,30.5,36.646262001644814,17,,,1,True,00-0032464,2026-10-11T17:00:00Z,"[{""w"": ""25W17"", ""opp"": ""MIN"", ""v"": 5.0, ""cur"": false}, {""w"": ""25W18"", ""opp"": ""CHI"", ""v"": 52.0, ""cur"": false}, {""w"": ""W1"", ""opp"": ""CAR"", ""v"": 84.0, ""cur"": true}, {""w"": ""W2"", ""opp"": ""MIN"", ""v"": 40.0, ""cur"": true}, {""w"": ""W3"", ""opp"": ""PHI"", ""v"": 90.0, ""cur"": true}, {""w"": ""W4"", ""opp"": ""NYJ"", ""v"": 6.0, ""cur"": true}]",Over,0.4531713755965683,0.5,0.48356772486971444,1.87,betmgm,-0.09572835449363393,0.0,-0.04682862440343172,
Cam Skattebo,RB,NYG,WAS,player_receptions,1.5,2.0148538556336915,12,Limited,,1,True,00-0040715,2026-10-11T17:00:00Z,"[{""w"": ""25W7"", ""opp"": ""DEN"", ""v"": 3.0, ""cur"": false}, {""w"": ""25W8"", ""opp"": ""PHI"", ""v"": 1.0, ""cur"": false}, {""w"": ""W1"", ""opp"": ""DAL"", ""v"": 0.0, ""cur"": true}, {""w"": ""W2"", ""opp"": ""LA"", ""v"": 4.0, ""cur"": true}, {""w"": ""W3"", ""opp"": ""TEN"", ""v"": 3.0, ""cur"": true}, {""w"": ""W4"", ""opp"": ""ARI"", ""v"": 1.0, ""cur"": true}]",Over,0.5655621734072811,0.6284289276807979,0.6068003664025163,1.49,fanduel,-0.09586745406025066,0.0,-0.06286675427351684,
Marvin Mims Jr.,WR,DEN,LAC,player_receptions,1.5,1.3585639543789663,17,,,5,True,00-0038976,2026-10-11T20:05:00Z,"[{""w"": ""25W15"", ""opp"": ""GB"", ""v"": 4.0, ""cur"": false}, {""w"": ""25W16"", ""opp"": ""JAX"", ""v"": 3.0, ""cur"": false}, {""w"": ""25W17"", ""opp"": ""KC"", ""v"": 3.0, ""cur"": false}, {""w"": ""25W18"", ""opp"": ""LAC"", ""v"": 2.0, ""cur"": false}, {""w"": ""W1"", ""opp"": ""KC"", ""v"": 0.0, ""cur"": true}, {""w"": ""W4"", ""opp"": ""SF"", ""v"": 1.0, ""cur"": true}]",Over,0.373316853231878,0.4375,0.41467816812221386,2.18,betonlineag,-0.09600159349357379,0.0,-0.06418314676812198,
Jaylin Noel,WR,HOU,TEN,player_reception_yds,18.5,24.633066456452852,17,,,1,True,00-0040138,2026-10-11T17:00:00Z,"[{""w"": ""25W17"", ""opp"": ""LAC"", ""v"": 54.0, ""cur"": false}, {""w"": ""25W18"", ""opp"": ""IND"", ""v"": 13.0, ""cur"": false}, {""w"": ""W1"", ""opp"": ""BUF"", ""v"": 53.0, ""cur"": true}, {""w"": ""W2"", ""opp"": ""CIN"", ""v"": 31.0, ""cur"": true}, {""w"": ""W3"", ""opp"": ""IND"", ""v"": 17.0, ""cur"": true}, {""w"": ""W4"", ""opp"": ""DAL"", ""v"": 85.0, ""cur"": true}]",Over,0.44525728036507217,0.5,0.4807724219047664,1.88,fanduel,-0.0961478468190392,0.0,-0.05474271963492783,
MarShawn Lloyd,RB,GB,CHI,player_receptions,2.5,2.2367453424895816,4,,,1,True,00-0039811,2026-10-11T17:00:00Z,"[{""w"": ""W1"", ""opp"": ""MIN"", ""v"": 0.0, ""cur"": true}, {""w"": ""W2"", ""opp"": ""NYJ"", ""v"": 2.0, ""cur"": true}, {""w"": ""W3"", ""opp"": ""ATL"", ""v"": 2.0, ""cur"": true}, {""w"": ""W4"", ""opp"": ""TB"", ""v"": 5.0, ""cur"": true}]",Over,0.37889023714592235,0.41666666666666663,0.40330851311102267,2.24,fanduel,-0.09658893063130913,0.0,-0.03777642952074428,
Wan'Dale Robinson,WR,TEN,HOU,player_reception_yds,31.5,44.07837027641298,17,,,3,True,00-0038117,2026-10-11T17:00:00Z,"[{""w"": ""25W16"", ""opp"": ""MIN"", ""v"": 19.0, ""cur"": false}, {""w"": ""25W17"", ""opp"": ""LV"", ""v"": 113.0, ""cur"": false}, {""w"": ""W1"", ""opp"": ""NYJ"", ""v"": 38.0, ""cur"": true}, {""w"": ""W2"", ""opp"": ""PHI"", ""v"": 9.0, ""cur"": true}, {""w"": ""W3"", ""opp"": ""NYG"", ""v"": 57.0, ""cur"": true}, {""w"": ""W4"", ""opp"": ""BAL"", ""v"": 19.0, ""cur"": true}]",Under,0.4357646444734527,0.4893617021276595,0.470511023282132,1.92,betonlineag,-0.09661883529830656,0.0,-0.0535970576542068,
Dalton Schultz,TE,HOU,TEN,player_reception_yds,36.5,41.6521080936423,17,,,1,True,00-0034383,2026-10-11T17:00:00Z,"[{""w"": ""25W17"", ""opp"": ""LAC"", ""v"": 19.0, ""cur"": false}, {""w"": ""25W18"", ""opp"": ""IND"", ""v"": 73.0, ""cur"": false}, {""w"": ""W1"", ""opp"": ""BUF"", ""v"": 35.0, ""cur"": true}, {""w"": ""W2"", ""opp"": ""CIN"", ""v"": 140.0, ""cur"": true}, {""w"": ""W3"", ""opp"": ""IND"", ""v"": 30.0, ""cur"": true}, {""w"": ""W4"", ""opp"": ""DAL"", ""v"": 9.0, ""cur"": true}]",Over,0.43717781516899146,0.503957783641161,0.4804779657613815,1.88,draftkings,-0.09670142436860274,0.0,-0.06677996847216949,
Courtland Sutton,WR,DEN,LAC,player_reception_yds,36.5,40.06841819603555,17,,,2,True,00-0034348,2026-10-11T20:05:00Z,"[{""w"": ""25W17"", ""opp"": ""KC"", ""v"": 40.0, ""cur"": false}, {""w"": ""25W18"", ""opp"": ""LAC"", ""v"": 5.0, ""cur"": false}, {""w"": ""W1"", ""opp"": ""KC"", ""v"": 11.0, ""cur"": true}, {""w"": ""W2"", ""opp"": ""JAX"", ""v"": 25.0, ""cur"": true}, {""w"": ""W3"", ""opp"": ""LA"", ""v"": 46.0, ""cur"": true}, {""w"": ""W4"", ""opp"": ""SF"", ""v"": 4.0, ""cur"": true}]",Over,0.4413608232084226,0.5013297872340425,0.4802560436245532,1.88,fanduel,-0.09711863798584003,0.0,-0.05996896402561991,
Brock Purdy,QB,SF,SEA,player_rush_yds,18.5,23.708218380664913,13,,,1,True,00-0037834,2026-10-11T20:25:00Z,"[{""w"": ""25W17"", ""opp"": ""CHI"", ""v"": 28.0, ""cur"": false}, {""w"": ""25W18"", ""opp"": ""SEA"", ""v"": 21.0, ""cur"": false}, {""w"": ""W1"", ""opp"": ""LA"", ""v"": 29.0, ""cur"": true}, {""w"": ""W2"", ""opp"": ""MIA"", ""v"": 30.0, ""cur"": true}, {""w"": ""W3"", ""opp"": ""ARI"", ""v"": 34.0, ""cur"": true}, {""w"": ""W4"", ""opp"": ""DEN"", ""v"": 29.0, ""cur"": true}]",Under,0.4504415143647199,0.4959785522788204,0.47999408022757795,1.88,betrivers,-0.09761112917215353,0.0,-0.045537037914100464,
Hunter Henry,TE,NE,LV,player_receptions,3.5,3.2338576113228266,17,,,6,True,00-0033090,2026-10-11T17:00:00Z,"[{""w"": ""25W17"", ""opp"": ""NYJ"", ""v"": 3.0, ""cur"": false}, {""w"": ""25W18"", ""opp"": ""MIA"", ""v"": 5.0, ""cur"": false}, {""w"": ""W1"", ""opp"": ""SEA"", ""v"": 3.0, ""cur"": true}, {""w"": ""W2"", ""opp"": ""PIT"", ""v"": 3.0, ""cur"": true}, {""w"": ""W3"", ""opp"": ""JAX"", ""v"": 1.0, ""cur"": true}, {""w"": ""W4"", ""opp"": ""BUF"", ""v"": 5.0, ""cur"": true}]",Over,0.4031847257185616,0.5339265751464473,0.4877700300239163,1.85,betmgm,-0.09762544445575483,0.0,-0.13074184942788564,
David Montgomery,RB,HOU,TEN,player_receptions,1.5,1.1653559485929095,17,,,3,True,00-0035685,2026-10-11T17:00:00Z,"[{""w"": ""25W17"", ""opp"": ""MIN"", ""v"": 2.0, ""cur"": false}, {""w"": ""25W18"", ""opp"": ""CHI"", ""v"": 1.0, ""cur"": false}, {""w"": ""W1"", ""opp"": ""BUF"", ""v"": 3.0, ""cur"": true}, {""w"": ""W2"", ""opp"": ""CIN"", ""v"": 2.0, ""cur"": true}, {""w"": ""W3"", ""opp"": ""IND"", ""v"": 2.0, ""cur"": true}, {""w"": ""W4"", ""opp"": ""DAL"", ""v"": 0.0, ""cur"": true}]",Over,0.32481377723846966,0.4444444444444444,0.40103581005930355,2.25,draftkings,-0.09766942736656703,0.0,-0.11963066720597476,
Jake Ferguson,TE,DAL,TB,player_reception_yds,27.5,28.822160402335676,17,,,3,True,00-0038041,2026-10-09T00:15:00Z,"[{""w"": ""25W17"", ""opp"": ""WAS"", ""v"": 6.0, ""cur"": false}, {""w"": ""25W18"", ""opp"": ""NYG"", ""v"": 5.0, ""cur"": false}, {""w"": ""W1"", ""opp"": ""NYG"", ""v"": 6.0, ""cur"": true}, {""w"": ""W2"", ""opp"": ""WAS"", ""v"": 43.0, ""cur"": true}, {""w"": ""W3"", ""opp"": ""BAL"", ""v"": 23.0, ""cur"": true}, {""w"": ""W4"", ""opp"": ""HOU"", ""v"": 11.0, ""cur"": true}]",Over,0.4282746359267796,0.5,0.4747432826161644,1.9,draftkings,-0.09798776302928769,0.0,-0.07172536407322039,
Bucky Irving,RB,TB,DAL,player_rush_yds,52.5,60.82082590910394,14,,,1,True,00-0039361,2026-10-09T00:15:00Z,"[{""w"": ""25W17"", ""opp"": ""MIA"", ""v"": 19.0, ""cur"": false}, {""w"": ""25W18"", ""opp"": ""CAR"", ""v"": 85.0, ""cur"": false}, {""w"": ""W1"", ""opp"": ""CIN"", ""v"": 45.0, ""cur"": true}, {""w"": ""W2"", ""opp"": ""CLE"", ""v"": 89.0, ""cur"": true}, {""w"": ""W3"", ""opp"": ""MIN"", ""v"": 46.0, ""cur"": true}, {""w"": ""W4"", ""opp"": ""GB"", ""v"": 61.0, ""cur"": true}]",Under,0.44948518250706854,0.5,0.48226672999758846,1.87,betmgm,-0.09816121490450952,0.0,-0.05051481749293146,
Michael Mayer,TE,LV,NE,player_reception_yds,31.5,35.74114866652113,17,,,1,True,00-0039066,2026-10-11T17:00:00Z,"[{""w"": ""25W17"", ""opp"": ""NYG"", ""v"": 89.0, ""cur"": false}, {""w"": ""25W18"", ""opp"": ""KC"", ""v"": 47.0, ""cur"": false}, {""w"": ""W1"", ""opp"": ""MIA"", ""v"": 32.0, ""cur"": true}, {""w"": ""W2"", ""opp"": ""LAC"", ""v"": 23.0, ""cur"": true}, {""w"": ""W3"", ""opp"": ""NO"", ""v"": 32.0, ""cur"": true}, {""w"": ""W4"", ""opp"": ""KC"", ""v"": 82.0, ""cur"": true}]",Over,0.46158544319453065,0.5093833780160857,0.4926288028261827,1.83,betmgm,-0.09848929082808561,0.0,-0.04779793482155503,
Rome Odunze,WR,CHI,GB,player_reception_yds,38.5,51.68556829268294,16,,,2,True,00-0039919,2026-10-11T17:00:00Z,"[{""w"": ""25W12"", ""opp"": ""PIT"", ""v"": 53.0, ""cur"": false}, {""w"": ""25W13"", ""opp"": ""PHI"", ""v"": 8.0, ""cur"": false}, {""w"": ""W1"", ""opp"": ""CAR"", ""v"": 52.0, ""cur"": true}, {""w"": ""W2"", ""opp"": ""MIN"", ""v"": 43.0, ""cur"": true}, {""w"": ""W3"", ""opp"": ""PHI"", ""v"": 44.0, ""cur"": true}, {""w"": ""W4"", ""opp"": ""NYJ"", ""v"": 94.0, ""cur"": true}]",Under,0.4262416531982084,0.49666313027770204,0.4718556205825281,1.91,betmgm,-0.0987557646873713,0.0,-0.07042147707949364,
Dak Prescott,QB,DAL,TB,player_pass_yds,269.5,269.3252527238815,17,,,1,True,00-0033077,2026-10-09T00:15:00Z,"[{""w"": ""25W17"", ""opp"": ""WAS"", ""v"": 307.0, ""cur"": false}, {""w"": ""25W18"", ""opp"": ""NYG"", ""v"": 70.0, ""cur"": false}, {""w"": ""W1"", ""opp"": ""NYG"", ""v"": 175.0, ""cur"": true}, {""w"": ""W2"", ""opp"": ""WAS"", ""v"": 279.0, ""cur"": true}, {""w"": ""W3"", ""opp"": ""BAL"", ""v"": 276.0, ""cur"": true}, {""w"": ""W4"", ""opp"": ""HOU"", ""v"": 335.0, ""cur"": true}]",Over,0.4481868388242317,0.5,0.4818080935660948,1.87,betmgm,-0.09901886503140273,0.0,-0.051813161175768285,
Bo Nix,QB,DEN,LAC,player_rush_yds,14.5,15.731155219984846,17,,,4,True,00-0039732,2026-10-11T20:05:00Z,"[{""w"": ""25W17"", ""opp"": ""KC"", ""v"": 42.0, ""cur"": false}, {""w"": ""25W18"", ""opp"": ""LAC"", ""v"": 49.0, ""cur"": false}, {""w"": ""W1"", ""opp"": ""KC"", ""v"": 2.0, ""cur"": true}, {""w"": ""W2"", ""opp"": ""JAX"", ""v"": 6.0, ""cur"": true}, {""w"": ""W3"", ""opp"": ""LA"", ""v"": 7.0, ""cur"": true}, {""w"": ""W4"", ""opp"": ""SF"", ""v"": 10.0, ""cur"": true}]",Over,0.4181208069491943,0.49337920747495223,0.46682694653856976,1.93,draftkings,-0.09902399318056043,0.0,-0.07525840052575794,
Rome Odunze,WR,CHI,GB,player_reception_yds,39.5,51.68556829268294,16,,,2,True,00-0039919,2026-10-11T17:00:00Z,"[{""w"": ""25W12"", ""opp"": ""PIT"", ""v"": 53.0, ""cur"": false}, {""w"": ""25W13"", ""opp"": ""PHI"", ""v"": 8.0, ""cur"": false}, {""w"": ""W1"", ""opp"": ""CAR"", ""v"": 52.0, ""cur"": true}, {""w"": ""W2"", ""opp"": ""MIN"", ""v"": 43.0, ""cur"": true}, {""w"": ""W3"", ""opp"": ""PHI"", ""v"": 44.0, ""cur"": true}, {""w"": ""W4"", ""opp"": ""NYJ"", ""v"": 94.0, ""cur"": true}]",Under,0.4397550731854979,0.5,0.47882401267589575,1.88,betonlineag,-0.09981085616931601,0.0,-0.06024492681450211,
Trey McBride,TE,ARI,DET,player_reception_yds,82.5,85.74116119360437,17,,,1,True,00-0037744,2026-10-11T20:25:00Z,"[{""w"": ""25W17"", ""opp"": ""CIN"", ""v"": 76.0, ""cur"": false}, {""w"": ""25W18"", ""opp"": ""LA"", ""v"": 65.0, ""cur"": false}, {""w"": ""W1"", ""opp"": ""LAC"", ""v"": 95.0, ""cur"": true}, {""w"": ""W2"", ""opp"": ""SEA"", ""v"": 41.0, ""cur"": true}, {""w"": ""W3"", ""opp"": ""SF"", ""v"": 75.0, ""cur"": true}, {""w"": ""W4"", ""opp"": ""NYG"", ""v"": 31.0, ""cur"": true}]",Over,0.4469328428442476,0.5,0.48136491509508567,1.87,betmgm,-0.09984760877218979,0.0,-0.05306715715575239,
Jameson Williams,WR,DET,ARI,player_reception_yds,50.5,66.5727504707809,17,,,1,True,00-0037240,2026-10-11T20:25:00Z,"[{""w"": ""25W17"", ""opp"": ""MIN"", ""v"": 37.0, ""cur"": false}, {""w"": ""25W18"", ""opp"": ""CHI"", ""v"": 74.0, ""cur"": false}, {""w"": ""W1"", ""opp"": ""NO"", ""v"": 45.0, ""cur"": true}, {""w"": ""W2"", ""opp"": ""BUF"", ""v"": 33.0, ""cur"": true}, {""w"": ""W3"", ""opp"": ""NYJ"", ""v"": 49.0, ""cur"": true}, {""w"": ""W4"", ""opp"": ""CAR"", ""v"": 102.0, ""cur"": true}]",Under,0.4466966901215896,0.5,0.48128143238688836,1.87,betmgm,-0.1000037214365187,0.0,-0.05330330987841042,
Daniel Jones,QB,IND,PIT,player_rush_yds,9.5,11.25645891429954,17,,,1,True,00-0035710,2026-10-11T17:00:00Z,"[{""w"": ""25W13"", ""opp"": ""HOU"", ""v"": 1.0, ""cur"": false}, {""w"": ""25W14"", ""opp"": ""JAX"", ""v"": 4.0, ""cur"": false}, {""w"": ""W1"", ""opp"": ""BAL"", ""v"": 4.0, ""cur"": true}, {""w"": ""W2"", ""opp"": ""KC"", ""v"": 10.0, ""cur"": true}, {""w"": ""W3"", ""opp"": ""HOU"", ""v"": 5.0, ""cur"": true}, {""w"": ""W4"", ""opp"": ""WAS"", ""v"": 2.0, ""cur"": true}]",Over,0.4423834620138619,0.49061662198391415,0.47366870616854456,1.9,betmgm,-0.10002945827976545,0.0,-0.04823315997005223,
Woody Marks,RB,HOU,TEN,player_reception_yds,8.5,10.448780444826749,17,,,2,True,00-0040583,2026-10-11T17:00:00Z,"[{""w"": ""25W17"", ""opp"": ""LAC"", ""v"": 4.0, ""cur"": false}, {""w"": ""25W18"", ""opp"": ""IND"", ""v"": 0.0, ""cur"": false}, {""w"": ""W1"", ""opp"": ""BUF"", ""v"": -2.0, ""cur"": true}, {""w"": ""W2"", ""opp"": ""CIN"", ""v"": 27.0, ""cur"": true}, {""w"": ""W3"", ""opp"": ""IND"", ""v"": 6.0, ""cur"": true}, {""w"": ""W4"", ""opp"": ""DAL"", ""v"": 0.0, ""cur"": true}]",Over,0.42737284715015433,0.4986772486772487,0.47356430855112824,1.9,draftkings,-0.10022781375285633,0.0,-0.07130440152709439,
Kayshon Boutte,WR,HOU,TEN,player_reception_yds,24.5,26.249203736833284,17,,,1,True,00-0038608,2026-10-11T17:00:00Z,"[{""w"": ""25W16"", ""opp"": ""BAL"", ""v"": 16.0, ""cur"": false}, {""w"": ""25W18"", ""opp"": ""MIA"", ""v"": 24.0, ""cur"": false}, {""w"": ""W1"", ""opp"": ""BUF"", ""v"": 21.0, ""cur"": true}, {""w"": ""W2"", ""opp"": ""CIN"", ""v"": 37.0, ""cur"": true}, {""w"": ""W3"", ""opp"": ""IND"", ""v"": 21.0, ""cur"": true}, {""w"": ""W4"", ""opp"": ""DAL"", ""v"": 36.0, ""cur"": true}]",Over,0.44539878022427737,0.5,0.4808224722152351,1.87,betmgm,-0.10086197695751031,0.0,-0.05460121977572263,
Woody Marks,RB,HOU,TEN,player_rush_yds,27.5,35.90832287728123,17,,,2,True,00-0040583,2026-10-11T17:00:00Z,"[{""w"": ""25W17"", ""opp"": ""LAC"", ""v"": 71.0, ""cur"": false}, {""w"": ""25W18"", ""opp"": ""IND"", ""v"": 48.0, ""cur"": false}, {""w"": ""W1"", ""opp"": ""BUF"", ""v"": 42.0, ""cur"": true}, {""w"": ""W2"", ""opp"": ""CIN"", ""v"": 8.0, ""cur"": true}, {""w"": ""W3"", ""opp"": ""IND"", ""v"": 15.0, ""cur"": true}, {""w"": ""W4"", ""opp"": ""DAL"", ""v"": 22.0, ""cur"": true}]",Under,0.4343769101722966,0.5019788918205804,0.47819877733994803,1.88,draftkings,-0.1009862986008977,0.0,-0.0676019816482838,
Kyren Williams,RB,LA,BUF,player_rush_yds,69.5,69.43734508843357,17,,,3,True,00-0037840,2026-10-13T00:15:00Z,"[{""w"": ""25W17"", ""opp"": ""ATL"", ""v"": 92.0, ""cur"": false}, {""w"": ""25W18"", ""opp"": ""ARI"", ""v"": 60.0, ""cur"": false}, {""w"": ""W1"", ""opp"": ""SF"", ""v"": 41.0, ""cur"": true}, {""w"": ""W2"", ""opp"": ""NYG"", ""v"": 85.0, ""cur"": true}, {""w"": ""W3"", ""opp"": ""DEN"", ""v"": 88.0, ""cur"": true}, {""w"": ""W4"", ""opp"": ""PHI"", ""v"": 80.0, ""cur"": true}]",Over,0.4379690007982559,0.5,0.4781905709408992,1.88,betonlineag,-0.10100172663110968,0.0,-0.0620309992017441,
Tre Tucker,WR,LV,NE,player_reception_yds,42.5,45.889973369920995,17,,,2,True,00-0038563,2026-10-11T17:00:00Z,"[{""w"": ""25W17"", ""opp"": ""NYG"", ""v"": 49.0, ""cur"": false}, {""w"": ""25W18"", ""opp"": ""KC"", ""v"": 30.0, ""cur"": false}, {""w"": ""W1"", ""opp"": ""MIA"", ""v"": 27.0, ""cur"": true}, {""w"": ""W2"", ""opp"": ""LAC"", ""v"": 119.0, ""cur"": true}, {""w"": ""W3"", ""opp"": ""NO"", ""v"": 43.0, ""cur"": true}, {""w"": ""W4"", ""opp"": ""KC"", ""v"": 44.0, ""cur"": true}]",Over,0.4407247138417628,0.49798927613941024,0.47786313401113434,1.88,betrivers,-0.10161730805906749,0.0,-0.057264562297647426,
Cam Skattebo,RB,NYG,WAS,player_reception_yds,13.5,15.451586966287538,12,Limited,,2,True,00-0040715,2026-10-11T17:00:00Z,"[{""w"": ""25W7"", ""opp"": ""DEN"", ""v"": 34.0, ""cur"": false}, {""w"": ""25W8"", ""opp"": ""PHI"", ""v"": 18.0, ""cur"": false}, {""w"": ""W1"", ""opp"": ""DAL"", ""v"": 0.0, ""cur"": true}, {""w"": ""W2"", ""opp"": ""LA"", ""v"": 19.0, ""cur"": true}, {""w"": ""W3"", ""opp"": ""TEN"", ""v"": 40.0, ""cur"": true}, {""w"": ""W4"", ""opp"": ""ARI"", ""v"": 8.0, ""cur"": true}]",Over,0.42040759726883714,0.4900349921690912,0.46548060406116565,1.93,draftkings,-0.10162243416195033,0.0,-0.06962739490025405,
Chris Rodriguez Jr.,RB,JAX,PHI,player_rush_yds,27.5,35.840363839376124,16,,,2,True,00-0038611,2026-10-11T13:30:00Z,"[{""w"": ""25W16"", ""opp"": ""PHI"", ""v"": 63.0, ""cur"": false}, {""w"": ""25W18"", ""opp"": ""PHI"", ""v"": 65.0, ""cur"": false}, {""w"": ""W1"", ""opp"": ""CLE"", ""v"": 23.0, ""cur"": true}, {""w"": ""W2"", ""opp"": ""DEN"", ""v"": 13.0, ""cur"": true}, {""w"": ""W3"", ""opp"": ""NE"", ""v"": 37.0, ""cur"": true}, {""w"": ""W4"", ""opp"": ""CIN"", ""v"": 35.0, ""cur"": true}]",Under,0.4216133772254376,0.48936140112610704,0.4654754340382358,1.93,draftkings,-0.10163241230620484,0.0,-0.06774802390066942,
Sam Darnold,QB,SEA,SF,player_rush_yds,5.5,7.570815895524525,17,,,1,True,00-0034869,2026-10-11T20:25:00Z,"[{""w"": ""25W16"", ""opp"": ""LA"", ""v"": 7.0, ""cur"": false}, {""w"": ""25W17"", ""opp"": ""CAR"", ""v"": 2.0, ""cur"": false}, {""w"": ""25W18"", ""opp"": ""SF"", ""v"": 9.0, ""cur"": false}, {""w"": ""W1"", ""opp"": ""NE"", ""v"": 0.0, ""cur"": true}, {""w"": ""W3"", ""opp"": ""WAS"", ""v"": 5.0, ""cur"": true}, {""w"": ""W4"", ""opp"": ""LAC"", ""v"": 6.0, ""cur"": true}]",Under,0.46012780747601206,0.52,0.4990219791865535,1.8,betmgm,-0.1017604374642036,0.0,-0.059872192523987955,
Woody Marks,RB,HOU,TEN,player_rush_yds,28.5,35.90832287728123,17,,,1,True,00-0040583,2026-10-11T17:00:00Z,"[{""w"": ""25W17"", ""opp"": ""LAC"", ""v"": 71.0, ""cur"": false}, {""w"": ""25W18"", ""opp"": ""IND"", ""v"": 48.0, ""cur"": false}, {""w"": ""W1"", ""opp"": ""BUF"", ""v"": 42.0, ""cur"": true}, {""w"": ""W2"", ""opp"": ""CIN"", ""v"": 8.0, ""cur"": true}, {""w"": ""W3"", ""opp"": ""IND"", ""v"": 15.0, ""cur"": true}, {""w"": ""W4"", ""opp"": ""DAL"", ""v"": 22.0, ""cur"": true}]",Under,0.4540093199184691,0.5106951871657754,0.4908116010201728,1.83,betmgm,-0.10181477013308371,0.0,-0.05668586724730634,
Jaxon Smith-Njigba,WR,SEA,SF,player_reception_yds,95.5,97.75097940129855,17,,,1,True,00-0038543,2026-10-11T20:25:00Z,"[{""w"": ""25W17"", ""opp"": ""CAR"", ""v"": 72.0, ""cur"": false}, {""w"": ""25W18"", ""opp"": ""SF"", ""v"": 84.0, ""cur"": false}, {""w"": ""W1"", ""opp"": ""NE"", ""v"": 122.0, ""cur"": true}, {""w"": ""W2"", ""opp"": ""ARI"", ""v"": 155.0, ""cur"": true}, {""w"": ""W3"", ""opp"": ""WAS"", ""v"": 128.0, ""cur"": true}, {""w"": ""W4"", ""opp"": ""LAC"", ""v"": 76.0, ""cur"": true}]",Over,0.4440406007178056,0.4959785522788205,0.47773255568670103,1.88,betrivers,-0.10186279530900211,0.0,-0.05193795156101488,
Cam Skattebo,RB,NYG,WAS,player_rush_yds,58.5,58.04643894374816,12,Limited,,1,True,00-0040715,2026-10-11T17:00:00Z,"[{""w"": ""25W7"", ""opp"": ""DEN"", ""v"": 60.0, ""cur"": false}, {""w"": ""25W8"", ""opp"": ""PHI"", ""v"": 12.0, ""cur"": false}, {""w"": ""W1"", ""opp"": ""DAL"", ""v"": 81.0, ""cur"": true}, {""w"": ""W2"", ""opp"": ""LA"", ""v"": 36.0, ""cur"": true}, {""w"": ""W3"", ""opp"": ""TEN"", ""v"": 60.0, ""cur"": true}, {""w"": ""W4"", ""opp"": ""ARI"", ""v"": 58.0, ""cur"": true}]",Over,0.4224295161743313,0.4960422163588391,0.4700924426083604,1.91,draftkings,-0.1021234346180317,0.0,-0.07361270018450783,
AJ Barner,TE,SEA,SF,player_reception_yds,25.5,28.709759833188937,17,,,1,True,00-0039793,2026-10-11T20:25:00Z,"[{""w"": ""25W17"", ""opp"": ""CAR"", ""v"": 43.0, ""cur"": false}, {""w"": ""25W18"", ""opp"": ""SF"", ""v"": 14.0, ""cur"": false}, {""w"": ""W1"", ""opp"": ""NE"", ""v"": 13.0, ""cur"": true}, {""w"": ""W2"", ""opp"": ""ARI"", ""v"": 8.0, ""cur"": true}, {""w"": ""W3"", ""opp"": ""WAS"", ""v"": 69.0, ""cur"": true}, {""w"": ""W4"", ""opp"": ""LAC"", ""v"": 12.0, ""cur"": true}]",Over,0.443407558931909,0.5,0.4801178957673598,1.87,betmgm,-0.10217953491503717,0.0,-0.056592441068091026,
Christian Watson,WR,GB,CHI,player_reception_yds,58.5,62.88372235815713,14,,,1,True,00-0038124,2026-10-11T17:00:00Z,"[{""w"": ""25W16"", ""opp"": ""CHI"", ""v"": 17.0, ""cur"": false}, {""w"": ""25W17"", ""opp"": ""BAL"", ""v"": 113.0, ""cur"": false}, {""w"": ""W1"", ""opp"": ""MIN"", ""v"": 147.0, ""cur"": true}, {""w"": ""W2"", ""opp"": ""NYJ"", ""v"": 41.0, ""cur"": true}, {""w"": ""W3"", ""opp"": ""ATL"", ""v"": 96.0, ""cur"": true}, {""w"": ""W4"", ""opp"": ""TB"", ""v"": 47.0, ""cur"": true}]",Over,0.4432703129904425,0.5,0.4800693119183975,1.87,betmgm,-0.10227038671259658,0.0,-0.056729687009557495,
Kayshon Boutte,WR,HOU,TEN,player_reception_yds,25.5,26.249203736833284,17,,,2,True,00-0038608,2026-10-11T17:00:00Z,"[{""w"": ""25W16"", ""opp"": ""BAL"", ""v"": 16.0, ""cur"": false}, {""w"": ""25W18"", ""opp"": ""MIA"", ""v"": 24.0, ""cur"": false}, {""w"": ""W1"", ""opp"": ""BUF"", ""v"": 21.0, ""cur"": true}, {""w"": ""W2"", ""opp"": ""CIN"", ""v"": 37.0, ""cur"": true}, {""w"": ""W3"", ""opp"": ""IND"", ""v"": 21.0, ""cur"": true}, {""w"": ""W4"", ""opp"": ""DAL"", ""v"": 36.0, ""cur"": true}]",Over,0.4234231356571685,0.4986772486772487,0.4721545927434246,1.9,draftkings,-0.1029062737874934,0.0,-0.07525411302008023,
Michael Wilson,WR,ARI,DET,player_receptions,6.5,6.979940622583683,17,,,1,True,00-0038559,2026-10-11T20:25:00Z,"[{""w"": ""25W17"", ""opp"": ""CIN"", ""v"": 5.0, ""cur"": false}, {""w"": ""25W18"", ""opp"": ""LA"", ""v"": 5.0, ""cur"": false}, {""w"": ""W1"", ""opp"": ""LAC"", ""v"": 5.0, ""cur"": true}, {""w"": ""W2"", ""opp"": ""SEA"", ""v"": 2.0, ""cur"": true}, {""w"": ""W3"", ""opp"": ""SF"", ""v"": 11.0, ""cur"": true}, {""w"": ""W4"", ""opp"": ""NYG"", ""v"": 7.0, ""cur"": true}]",Under,0.5019760585831866,0.5657894736842106,0.5435932001873097,1.65,betmgm,-0.10307121969093902,0.0,-0.063813415101024,
Jahmyr Gibbs,RB,DET,ARI,player_reception_yds,40.5,42.45122018993049,17,,,1,True,00-0039139,2026-10-11T20:25:00Z,"[{""w"": ""25W17"", ""opp"": ""MIN"", ""v"": 23.0, ""cur"": false}, {""w"": ""25W18"", ""opp"": ""CHI"", ""v"": 33.0, ""cur"": false}, {""w"": ""W1"", ""opp"": ""NO"", ""v"": 30.0, ""cur"": true}, {""w"": ""W2"", ""opp"": ""BUF"", ""v"": 61.0, ""cur"": true}, {""w"": ""W3"", ""opp"": ""NYJ"", ""v"": 65.0, ""cur"": true}, {""w"": ""W4"", ""opp"": ""CAR"", ""v"": 31.0, ""cur"": true}]",Over,0.4327550083362989,0.49333333333333335,0.47201647395494173,1.9,betmgm,-0.10316869948561075,0.0,-0.06057832499703447,
Jayden Daniels,QB,WAS,NYG,player_rush_yds,30.5,32.405418801443844,9,Full,,4,True,00-0039910,2026-10-11T17:00:00Z,"[{""w"": ""25W6"", ""opp"": ""CHI"", ""v"": 52.0, ""cur"": false}, {""w"": ""25W7"", ""opp"": ""DAL"", ""v"": 35.0, ""cur"": false}, {""w"": ""25W9"", ""opp"": ""SEA"", ""v"": 51.0, ""cur"": false}, {""w"": ""25W14"", ""opp"": ""MIN"", ""v"": 16.0, ""cur"": false}, {""w"": ""W1"", ""opp"": ""PHI"", ""v"": 31.0, ""cur"": true}, {""w"": ""W2"", ""opp"": ""DAL"", ""v"": 69.0, ""cur"": true}]",Over,0.42716278814880493,0.5,0.47434685975382873,1.89,draftkings,-0.10348443506526372,0.0,-0.07283721185119507,
Rashod Bateman,WR,BAL,ATL,player_receptions,2.5,2.083277253923326,17,Limited,,1,True,00-0036550,2026-10-12T00:20:00Z,"[{""w"": ""25W16"", ""opp"": ""NE"", ""v"": 0.0, ""cur"": false}, {""w"": ""25W17"", ""opp"": ""GB"", ""v"": 1.0, ""cur"": false}, {""w"": ""W1"", ""opp"": ""IND"", ""v"": 0.0, ""cur"": true}, {""w"": ""W2"", ""opp"": ""NO"", ""v"": 7.0, ""cur"": true}, {""w"": ""W3"", ""opp"": ""DAL"", ""v"": 2.0, ""cur"": true}, {""w"": ""W4"", ""opp"": ""TEN"", ""v"": 2.0, ""cur"": true}]",Over,0.32882171462891097,0.375,0.35852580016473723,2.5,betmgm,-0.10368549958815687,0.0,-0.046178285371089034,
Tyler Shough,QB,NO,MIN,player_pass_yds,237.5,265.85155144901853,15,Limited,,1,True,00-0040743,2026-10-11T17:00:00Z,"[{""w"": ""25W17"", ""opp"": ""TEN"", ""v"": 333.0, ""cur"": false}, {""w"": ""25W18"", ""opp"": ""ATL"", ""v"": 259.0, ""cur"": false}, {""w"": ""W1"", ""opp"": ""DET"", ""v"": 410.0, ""cur"": true}, {""w"": ""W2"", ""opp"": ""BAL"", ""v"": 252.0, ""cur"": true}, {""w"": ""W3"", ""opp"": ""LV"", ""v"": 255.0, ""cur"": true}, {""w"": ""W4"", ""opp"": ""ATL"", ""v"": 286.0, ""cur"": true}]",Under,0.4330660034884384,0.5,0.4764490751026467,1.88,fanduel,-0.10427573880702429,0.0,-0.06693399651156162,
Jonathan Taylor,RB,IND,PIT,player_rush_yds,85.5,85.21759957182266,17,Limited,,2,True,00-0036223,2026-10-11T17:00:00Z,"[{""w"": ""25W17"", ""opp"": ""JAX"", ""v"": 70.0, ""cur"": false}, {""w"": ""25W18"", ""opp"": ""HOU"", ""v"": 26.0, ""cur"": false}, {""w"": ""W1"", ""opp"": ""BAL"", ""v"": 98.0, ""cur"": true}, {""w"": ""W2"", ""opp"": ""KC"", ""v"": 92.0, ""cur"": true}, {""w"": ""W3"", ""opp"": ""HOU"", ""v"": 68.0, ""cur"": true}, {""w"": ""W4"", ""opp"": ""WAS"", ""v"": 95.0, ""cur"": true}]",Over,0.42587901405843337,0.5,0.4738888510727385,1.89,draftkings,-0.10435007147252434,0.0,-0.07412098594156663,
Kenny Gainwell,RB,TB,DAL,player_reception_yds,12.5,19.788061069719724,17,,,1,True,00-0036919,2026-10-09T00:15:00Z,"[{""w"": ""25W17"", ""opp"": ""CLE"", ""v"": 12.0, ""cur"": false}, {""w"": ""25W18"", ""opp"": ""BAL"", ""v"": 64.0, ""cur"": false}, {""w"": ""W1"", ""opp"": ""CIN"", ""v"": 3.0, ""cur"": true}, {""w"": ""W2"", ""opp"": ""CLE"", ""v"": 5.0, ""cur"": true}, {""w"": ""W3"", ""opp"": ""MIN"", ""v"": 14.0, ""cur"": true}, {""w"": ""W4"", ""opp"": ""GB"", ""v"": 22.0, ""cur"": true}]",Under,0.4548734111887254,0.5080645161290321,0.4894065738103163,1.83,betrivers,-0.10438596992712101,0.0,-0.053191104940306766,
Chris Godwin,WR,TB,DAL,player_reception_yds,28.5,38.12511032347244,13,,,1,True,00-0033921,2026-10-09T00:15:00Z,"[{""w"": ""25W17"", ""opp"": ""MIA"", ""v"": 108.0, ""cur"": false}, {""w"": ""25W18"", ""opp"": ""CAR"", ""v"": 8.0, ""cur"": false}, {""w"": ""W1"", ""opp"": ""CIN"", ""v"": 40.0, ""cur"": true}, {""w"": ""W2"", ""opp"": ""CLE"", ""v"": 46.0, ""cur"": true}, {""w"": ""W3"", ""opp"": ""MIN"", ""v"": 25.0, ""cur"": true}, {""w"": ""W4"", ""opp"": ""GB"", ""v"": 31.0, ""cur"": true}]",Under,0.43283274549233325,0.5,0.4763661248607103,1.88,fanduel,-0.10443168526186469,0.0,-0.06716725450766675,
C.J. Stroud,QB,HOU,TEN,player_pass_yds,239.5,236.09097702256665,17,,,2,True,00-0039163,2026-10-11T17:00:00Z,"[{""w"": ""25W17"", ""opp"": ""LAC"", ""v"": 244.0, ""cur"": false}, {""w"": ""25W18"", ""opp"": ""IND"", ""v"": 169.0, ""cur"": false}, {""w"": ""W1"", ""opp"": ""BUF"", ""v"": 274.0, ""cur"": true}, {""w"": ""W2"", ""opp"": ""CIN"", ""v"": 353.0, ""cur"": true}, {""w"": ""W3"", ""opp"": ""IND"", ""v"": 167.0, ""cur"": true}, {""w"": ""W4"", ""opp"": ""DAL"", ""v"": 347.0, ""cur"": true}]",Over,0.4326500624144593,0.5,0.4763011533802014,1.88,betonlineag,-0.10455383164522142,0.0,-0.0673499375855407,
D'Andre Swift,RB,CHI,GB,player_reception_yds,13.5,16.173846313498988,17,Did Not Participate In Practice,,3,True,00-0036275,2026-10-11T17:00:00Z,"[{""w"": ""25W17"", ""opp"": ""SF"", ""v"": 25.0, ""cur"": false}, {""w"": ""25W18"", ""opp"": ""DET"", ""v"": 8.0, ""cur"": false}, {""w"": ""W1"", ""opp"": ""CAR"", ""v"": 10.0, ""cur"": true}, {""w"": ""W2"", ""opp"": ""MIN"", ""v"": 54.0, ""cur"": true}, {""w"": ""W3"", ""opp"": ""PHI"", ""v"": 4.0, ""cur"": true}, {""w"": ""W4"", ""opp"": ""NYJ"", ""v"": 16.0, ""cur"": true}]",Over,0.42510544432729336,0.5040214477211796,0.4762201287102297,1.88,fanduel,-0.10470615802476829,0.0,-0.07891600339388627,
Jordan Love,QB,GB,CHI,player_pass_yds,236.5,230.14863724390602,17,,,3,True,00-0036264,2026-10-11T17:00:00Z,"[{""w"": ""25W15"", ""opp"": ""DEN"", ""v"": 276.0, ""cur"": false}, {""w"": ""25W16"", ""opp"": ""CHI"", ""v"": 77.0, ""cur"": false}, {""w"": ""W1"", ""opp"": ""MIN"", ""v"": 387.0, ""cur"": true}, {""w"": ""W2"", ""opp"": ""NYJ"", ""v"": 145.0, ""cur"": true}, {""w"": ""W3"", ""opp"": ""ATL"", ""v"": 312.0, ""cur"": true}, {""w"": ""W4"", ""opp"": ""TB"", ""v"": 197.0, ""cur"": true}]",Over,0.41759966394245557,0.5,0.47092728184683713,1.9,draftkings,-0.10523816449100953,0.0,-0.08240033605754443,
C.J. Stroud,QB,HOU,TEN,player_pass_yds,241.5,236.09097702256665,17,,,2,True,00-0039163,2026-10-11T17:00:00Z,"[{""w"": ""25W17"", ""opp"": ""LAC"", ""v"": 244.0, ""cur"": false}, {""w"": ""25W18"", ""opp"": ""IND"", ""v"": 169.0, ""cur"": false}, {""w"": ""W1"", ""opp"": ""BUF"", ""v"": 274.0, ""cur"": true}, {""w"": ""W2"", ""opp"": ""CIN"", ""v"": 353.0, ""cur"": true}, {""w"": ""W3"", ""opp"": ""IND"", ""v"": 167.0, ""cur"": true}, {""w"": ""W4"", ""opp"": ""DAL"", ""v"": 347.0, ""cur"": true}]",Over,0.4244793529890722,0.5,0.4733891412513914,1.89,draftkings,-0.10529452303487025,0.0,-0.07552064701092781,
Bo Nix,QB,DEN,LAC,player_rush_yds,13.5,15.731155219984846,17,,,1,True,00-0039732,2026-10-11T20:05:00Z,"[{""w"": ""25W17"", ""opp"": ""KC"", ""v"": 42.0, ""cur"": false}, {""w"": ""25W18"", ""opp"": ""LAC"", ""v"": 49.0, ""cur"": false}, {""w"": ""W1"", ""opp"": ""KC"", ""v"": 2.0, ""cur"": true}, {""w"": ""W2"", ""opp"": ""JAX"", ""v"": 6.0, ""cur"": true}, {""w"": ""W3"", ""opp"": ""LA"", ""v"": 7.0, ""cur"": true}, {""w"": ""W4"", ""opp"": ""SF"", ""v"": 10.0, ""cur"": true}]",Over,0.4482929798314209,0.5106951871657753,0.4887924214153687,1.83,betmgm,-0.10550986880987523,0.0,-0.06240220733435442,
Jake Ferguson,TE,DAL,TB,player_receptions,3.5,3.092630033141918,17,,,6,True,00-0038041,2026-10-09T00:15:00Z,"[{""w"": ""25W17"", ""opp"": ""WAS"", ""v"": 1.0, ""cur"": false}, {""w"": ""25W18"", ""opp"": ""NYG"", ""v"": 1.0, ""cur"": false}, {""w"": ""W1"", ""opp"": ""NYG"", ""v"": 2.0, ""cur"": true}, {""w"": ""W2"", ""opp"": ""WAS"", ""v"": 4.0, ""cur"": true}, {""w"": ""W3"", ""opp"": ""BAL"", ""v"": 3.0, ""cur"": true}, {""w"": ""W4"", ""opp"": ""HOU"", ""v"": 3.0, ""cur"": true}]",Over,0.3735103364042024,0.48800347024689955,0.4471451385938816,2.0,betmgm,-0.10570972281223678,0.0,-0.11449313384269716,
Denzel Boston,WR,CLE,NYJ,player_reception_yds,47.5,50.08629186774511,4,,,3,True,00-0041037,2026-10-11T17:00:00Z,"[{""w"": ""W1"", ""opp"": ""JAX"", ""v"": 59.0, ""cur"": true}, {""w"": ""W2"", ""opp"": ""TB"", ""v"": 95.0, ""cur"": true}, {""w"": ""W3"", ""opp"": ""CAR"", ""v"": 41.0, ""cur"": true}, {""w"": ""W4"", ""opp"": ""PIT"", ""v"": 89.0, ""cur"": true}]",Over,0.43034745897624793,0.5,0.47548173422000983,1.88,betonlineag,-0.10609433966638154,0.0,-0.06965254102375207,
Tyler Shough,QB,NO,MIN,player_pass_yds,238.5,265.85155144901853,15,Limited,,1,True,00-0040743,2026-10-11T17:00:00Z,"[{""w"": ""25W17"", ""opp"": ""TEN"", ""v"": 333.0, ""cur"": false}, {""w"": ""25W18"", ""opp"": ""ATL"", ""v"": 259.0, ""cur"": false}, {""w"": ""W1"", ""opp"": ""DET"", ""v"": 410.0, ""cur"": true}, {""w"": ""W2"", ""opp"": ""BAL"", ""v"": 252.0, ""cur"": true}, {""w"": ""W3"", ""opp"": ""LV"", ""v"": 255.0, ""cur"": true}, {""w"": ""W4"", ""opp"": ""ATL"", ""v"": 286.0, ""cur"": true}]",Under,0.4373015286614108,0.4959785522788204,0.47534542982934114,1.88,betrivers,-0.10635059192083873,0.0,-0.05867702361740956,
Trevor Lawrence,QB,JAX,PHI,player_rush_yds,12.5,14.43182956138831,17,,,1,True,00-0036971,2026-10-11T13:30:00Z,"[{""w"": ""25W17"", ""opp"": ""IND"", ""v"": 26.0, ""cur"": false}, {""w"": ""25W18"", ""opp"": ""TEN"", ""v"": 11.0, ""cur"": false}, {""w"": ""W1"", ""opp"": ""CLE"", ""v"": 3.0, ""cur"": true}, {""w"": ""W2"", ""opp"": ""DEN"", ""v"": 6.0, ""cur"": true}, {""w"": ""W3"", ""opp"": ""NE"", ""v"": 25.0, ""cur"": true}, {""w"": ""W4"", ""opp"": ""CIN"", ""v"": 0.0, ""cur"": true}]",Over,0.4371838771784933,0.4959785522788205,0.4753036946064876,1.88,betrivers,-0.10642905413980341,0.0,-0.05879467510032721,
Jordan Love,QB,GB,CHI,player_pass_yds,233.5,230.14863724390602,17,,,1,True,00-0036264,2026-10-11T17:00:00Z,"[{""w"": ""25W15"", ""opp"": ""DEN"", ""v"": 276.0, ""cur"": false}, {""w"": ""25W16"", ""opp"": ""CHI"", ""v"": 77.0, ""cur"": false}, {""w"": ""W1"", ""opp"": ""MIN"", ""v"": 387.0, ""cur"": true}, {""w"": ""W2"", ""opp"": ""NYJ"", ""v"": 145.0, ""cur"": true}, {""w"": ""W3"", ""opp"": ""ATL"", ""v"": 312.0, ""cur"": true}, {""w"": ""W4"", ""opp"": ""TB"", ""v"": 197.0, ""cur"": true}]",Over,0.42912579889433683,0.5,0.4750466066690203,1.88,fanduel,-0.10691237946224186,0.0,-0.07087420110566317,
Luther Burden III,WR,CHI,GB,player_receptions,4.5,4.354629480126622,17,,,6,True,00-0040735,2026-10-11T17:00:00Z,"[{""w"": ""25W17"", ""opp"": ""SF"", ""v"": 8.0, ""cur"": false}, {""w"": ""25W18"", ""opp"": ""DET"", ""v"": 3.0, ""cur"": false}, {""w"": ""W1"", ""opp"": ""CAR"", ""v"": 5.0, ""cur"": true}, {""w"": ""W2"", ""opp"": ""MIN"", ""v"": 3.0, ""cur"": true}, {""w"": ""W3"", ""opp"": ""PHI"", ""v"": 7.0, ""cur"": true}, {""w"": ""W4"", ""opp"": ""NYJ"", ""v"": 4.0, ""cur"": true}]",Over,0.4374881067048234,0.5193085106382977,0.4905636556306799,1.82,draftkings,-0.10717414675216264,0.0,-0.08182040393347434,
Jeremiyah Love,RB,ARI,DET,player_rush_yds,45.5,58.342885957796156,4,,,2,True,00-0041027,2026-10-11T20:25:00Z,"[{""w"": ""W1"", ""opp"": ""LAC"", ""v"": 41.0, ""cur"": true}, {""w"": ""W2"", ""opp"": ""SEA"", ""v"": 29.0, ""cur"": true}, {""w"": ""W3"", ""opp"": ""SF"", ""v"": 90.0, ""cur"": true}, {""w"": ""W4"", ""opp"": ""NYG"", ""v"": 63.0, ""cur"": true}]",Under,0.428538383137239,0.5,0.47483728679683235,1.88,fanduel,-0.10730590082195524,0.0,-0.07146161686276098,
Colston Loveland,TE,CHI,GB,player_receptions,3.5,3.7761223747776973,17,,,6,True,00-0040126,2026-10-11T17:00:00Z,"[{""w"": ""25W17"", ""opp"": ""SF"", ""v"": 6.0, ""cur"": false}, {""w"": ""25W18"", ""opp"": ""DET"", ""v"": 10.0, ""cur"": false}, {""w"": ""W1"", ""opp"": ""CAR"", ""v"": 0.0, ""cur"": true}, {""w"": ""W2"", ""opp"": ""MIN"", ""v"": 1.0, ""cur"": true}, {""w"": ""W3"", ""opp"": ""PHI"", ""v"": 4.0, ""cur"": true}, {""w"": ""W4"", ""opp"": ""NYJ"", ""v"": 6.0, ""cur"": true}]",Over,0.4818575693228694,0.572497522708993,0.5410128588935013,1.65,betmgm,-0.10732878282572283,0.0,-0.09063995338612363,
Jalen Hurts,QB,PHI,JAX,player_pass_yds,190.5,185.00567546131572,17,,,2,True,00-0036389,2026-10-11T13:30:00Z,"[{""w"": ""25W16"", ""opp"": ""WAS"", ""v"": 185.0, ""cur"": false}, {""w"": ""25W17"", ""opp"": ""BUF"", ""v"": 110.0, ""cur"": false}, {""w"": ""W1"", ""opp"": ""WAS"", ""v"": 203.0, ""cur"": true}, {""w"": ""W2"", ""opp"": ""TEN"", ""v"": 264.0, ""cur"": true}, {""w"": ""W3"", ""opp"": ""CHI"", ""v"": 153.0, ""cur"": true}, {""w"": ""W4"", ""opp"": ""LA"", ""v"": 93.0, ""cur"": true}]",Over,0.41688454702612554,0.4986772486772487,0.4698140739055345,1.9,draftkings,-0.1073532595794845,0.0,-0.08179270165112318,
Drake Maye,QB,NE,LV,player_pass_yds,226.5,221.69974934467868,17,Full,,1,True,00-0039851,2026-10-11T17:00:00Z,"[{""w"": ""25W17"", ""opp"": ""NYJ"", ""v"": 256.0, ""cur"": false}, {""w"": ""25W18"", ""opp"": ""MIA"", ""v"": 191.0, ""cur"": false}, {""w"": ""W1"", ""opp"": ""SEA"", ""v"": 178.0, ""cur"": true}, {""w"": ""W2"", ""opp"": ""PIT"", ""v"": 208.0, ""cur"": true}, {""w"": ""W3"", ""opp"": ""JAX"", ""v"": 199.0, ""cur"": true}, {""w"": ""W4"", ""opp"": ""BUF"", ""v"": 269.0, ""cur"": true}]",Over,0.4282077845625669,0.5,0.47471945358381834,1.88,fanduel,-0.10752742726242154,0.0,-0.07179221543743308,
Kirk Cousins,QB,LV,NE,player_pass_yds,233.5,230.72299770852962,14,,,2,True,00-0029604,2026-10-11T17:00:00Z,"[{""w"": ""25W17"", ""opp"": ""LA"", ""v"": 126.0, ""cur"": false}, {""w"": ""25W18"", ""opp"": ""NO"", ""v"": 180.0, ""cur"": false}, {""w"": ""W1"", ""opp"": ""MIA"", ""v"": 160.0, ""cur"": true}, {""w"": ""W2"", ""opp"": ""LAC"", ""v"": 253.0, ""cur"": true}, {""w"": ""W3"", ""opp"": ""NO"", ""v"": 248.0, ""cur"": true}, {""w"": ""W4"", ""opp"": ""KC"", ""v"": 365.0, ""cur"": true}]",Over,0.43179434641863745,0.49798927613941024,0.4746929416577132,1.88,betrivers,-0.10757726968349918,0.0,-0.06619492972077279,
Puka Nacua,WR,LA,BUF,player_receptions,6.5,7.869533375816585,17,,,2,True,00-0039075,2026-10-13T00:15:00Z,"[{""w"": ""25W15"", ""opp"": ""DET"", ""v"": 9.0, ""cur"": false}, {""w"": ""25W16"", ""opp"": ""SEA"", ""v"": 12.0, ""cur"": false}, {""w"": ""25W17"", ""opp"": ""ATL"", ""v"": 5.0, ""cur"": false}, {""w"": ""25W18"", ""opp"": ""ARI"", ""v"": 10.0, ""cur"": false}, {""w"": ""W1"", ""opp"": ""SF"", ""v"": 5.0, ""cur"": true}, {""w"": ""W4"", ""opp"": ""PHI"", ""v"": 9.0, ""cur"": true}]",Under,0.3666325609227708,0.42710912894713915,0.40559207734302716,2.2,fanduel,-0.1076974298453402,0.0,-0.06047656802436835,
Christian Watson,WR,GB,CHI,player_reception_yds,60.5,62.88372235815713,14,,,2,True,00-0038124,2026-10-11T17:00:00Z,"[{""w"": ""25W16"", ""opp"": ""CHI"", ""v"": 17.0, ""cur"": false}, {""w"": ""25W17"", ""opp"": ""BAL"", ""v"": 113.0, ""cur"": false}, {""w"": ""W1"", ""opp"": ""MIN"", ""v"": 147.0, ""cur"": true}, {""w"": ""W2"", ""opp"": ""NYJ"", ""v"": 41.0, ""cur"": true}, {""w"": ""W3"", ""opp"": ""ATL"", ""v"": 96.0, ""cur"": true}, {""w"": ""W4"", ""opp"": ""TB"", ""v"": 47.0, ""cur"": true}]",Over,0.4253838374010249,0.5013297872340425,0.4745741569227118,1.88,fanduel,-0.10780058498530187,0.0,-0.07594594983301761,
Cam Skattebo,RB,NYG,WAS,player_rush_yds,57.5,58.04643894374816,12,Limited,,1,True,00-0040715,2026-10-11T17:00:00Z,"[{""w"": ""25W7"", ""opp"": ""DEN"", ""v"": 60.0, ""cur"": false}, {""w"": ""25W8"", ""opp"": ""PHI"", ""v"": 12.0, ""cur"": false}, {""w"": ""W1"", ""opp"": ""DAL"", ""v"": 81.0, ""cur"": true}, {""w"": ""W2"", ""opp"": ""LA"", ""v"": 36.0, ""cur"": true}, {""w"": ""W3"", ""opp"": ""TEN"", ""v"": 60.0, ""cur"": true}, {""w"": ""W4"", ""opp"": ""ARI"", ""v"": 58.0, ""cur"": true}]",Over,0.4348402394262303,0.5,0.47707972124308373,1.87,betrivers,-0.1078609212754334,0.0,-0.06515976057376971,
Brenton Strange,TE,JAX,PHI,player_reception_yds,35.5,38.87504436411104,16,,,1,True,00-0038935,2026-10-11T13:30:00Z,"[{""w"": ""25W17"", ""opp"": ""IND"", ""v"": 54.0, ""cur"": false}, {""w"": ""25W18"", ""opp"": ""TEN"", ""v"": 52.0, ""cur"": false}, {""w"": ""W1"", ""opp"": ""CLE"", ""v"": 23.0, ""cur"": true}, {""w"": ""W2"", ""opp"": ""DEN"", ""v"": 17.0, ""cur"": true}, {""w"": ""W3"", ""opp"": ""NE"", ""v"": 32.0, ""cur"": true}, {""w"": ""W4"", ""opp"": ""CIN"", ""v"": 95.0, ""cur"": true}]",Over,0.44166644205669836,0.5040214477211796,0.4821114941891968,1.85,betrivers,-0.10809373574998582,0.0,-0.06235500566448127,
Ted Hurst III,WR,TB,DAL,player_receptions,1.5,2.3177283056040197,4,,,6,True,00-0041048,2026-10-09T00:15:00Z,"[{""w"": ""W1"", ""opp"": ""CIN"", ""v"": 3.0, ""cur"": true}, {""w"": ""W2"", ""opp"": ""CLE"", ""v"": 2.0, ""cur"": true}, {""w"": ""W3"", ""opp"": ""MIN"", ""v"": 1.0, ""cur"": true}, {""w"": ""W4"", ""opp"": ""GB"", ""v"": 2.0, ""cur"": true}]",Under,0.3268016137947528,0.42762630040116956,0.39115902047034634,2.28,betonlineag,-0.10815743332761041,0.0,-0.10082468660641675,
Jordan Love,QB,GB,CHI,player_pass_yds,235.5,230.14863724390602,17,,,2,True,00-0036264,2026-10-11T17:00:00Z,"[{""w"": ""25W15"", ""opp"": ""DEN"", ""v"": 276.0, ""cur"": false}, {""w"": ""25W16"", ""opp"": ""CHI"", ""v"": 77.0, ""cur"": false}, {""w"": ""W1"", ""opp"": ""MIN"", ""v"": 387.0, ""cur"": true}, {""w"": ""W2"", ""opp"": ""NYJ"", ""v"": 145.0, ""cur"": true}, {""w"": ""W3"", ""opp"": ""ATL"", ""v"": 312.0, ""cur"": true}, {""w"": ""W4"", ""opp"": ""TB"", ""v"": 197.0, ""cur"": true}]",Over,0.421423499401814,0.49867021276595747,0.4714351789903861,1.89,betonlineag,-0.10898751170817028,0.0,-0.07724671336414346,
Dalton Schultz,TE,HOU,TEN,player_reception_yds,37.5,41.6521080936423,17,,,1,True,00-0034383,2026-10-11T17:00:00Z,"[{""w"": ""25W17"", ""opp"": ""LAC"", ""v"": 19.0, ""cur"": false}, {""w"": ""25W18"", ""opp"": ""IND"", ""v"": 73.0, ""cur"": false}, {""w"": ""W1"", ""opp"": ""BUF"", ""v"": 35.0, ""cur"": true}, {""w"": ""W2"", ""opp"": ""CIN"", ""v"": 140.0, ""cur"": true}, {""w"": ""W3"", ""opp"": ""IND"", ""v"": 30.0, ""cur"": true}, {""w"": ""W4"", ""opp"": ""DAL"", ""v"": 9.0, ""cur"": true}]",Over,0.42592943188245946,0.5,0.4739068443660318,1.88,fanduel,-0.10905513259186023,0.0,-0.07407056811754054,
Christian Watson,WR,GB,CHI,player_reception_yds,61.5,62.88372235815713,14,,,3,True,00-0038124,2026-10-11T17:00:00Z,"[{""w"": ""25W16"", ""opp"": ""CHI"", ""v"": 17.0, ""cur"": false}, {""w"": ""25W17"", ""opp"": ""BAL"", ""v"": 113.0, ""cur"": false}, {""w"": ""W1"", ""opp"": ""MIN"", ""v"": 147.0, ""cur"": true}, {""w"": ""W2"", ""opp"": ""NYJ"", ""v"": 41.0, ""cur"": true}, {""w"": ""W3"", ""opp"": ""ATL"", ""v"": 96.0, ""cur"": true}, {""w"": ""W4"", ""opp"": ""TB"", ""v"": 47.0, ""cur"": true}]",Over,0.41664270153049365,0.4973544973544974,0.46887077296373664,1.9,draftkings,-0.10914553136890037,0.0,-0.08071179582400373,
Jeremiyah Love,RB,ARI,DET,player_reception_yds,13.5,15.423534015766203,4,,,1,True,00-0041027,2026-10-11T20:25:00Z,"[{""w"": ""W1"", ""opp"": ""LAC"", ""v"": 9.0, ""cur"": true}, {""w"": ""W2"", ""opp"": ""SEA"", ""v"": 16.0, ""cur"": true}, {""w"": ""W3"", ""opp"": ""SF"", ""v"": 19.0, ""cur"": true}, {""w"": ""W4"", ""opp"": ""NYG"", ""v"": -8.0, ""cur"": true}]",Over,0.4286073501182541,0.49061662198391415,0.46878140381649314,1.9,betmgm,-0.10931533274866306,0.0,-0.06200927186566002,
Brock Purdy,QB,SF,SEA,player_pass_yds,219.5,213.8764436982597,13,,,2,True,00-0037834,2026-10-11T20:25:00Z,"[{""w"": ""25W17"", ""opp"": ""CHI"", ""v"": 303.0, ""cur"": false}, {""w"": ""25W18"", ""opp"": ""SEA"", ""v"": 127.0, ""cur"": false}, {""w"": ""W1"", ""opp"": ""LA"", ""v"": 205.0, ""cur"": true}, {""w"": ""W2"", ""opp"": ""MIA"", ""v"": 287.0, ""cur"": true}, {""w"": ""W3"", ""opp"": ""ARI"", ""v"": 297.0, ""cur"": true}, {""w"": ""W4"", ""opp"": ""DEN"", ""v"": 218.0, ""cur"": true}]",Over,0.422941649797317,0.5013227513227514,0.47369704246311184,1.88,draftkings,-0.10944956016934981,0.0,-0.07838110152543437,
Isaiah Likely,TE,NYG,WAS,player_reception_yds,40.5,42.25087320974704,16,Limited,,1,True,00-0037838,2026-10-11T17:00:00Z,"[{""w"": ""25W17"", ""opp"": ""GB"", ""v"": 27.0, ""cur"": false}, {""w"": ""25W18"", ""opp"": ""PIT"", ""v"": 32.0, ""cur"": false}, {""w"": ""W1"", ""opp"": ""DAL"", ""v"": 78.0, ""cur"": true}, {""w"": ""W2"", ""opp"": ""LA"", ""v"": 33.0, ""cur"": true}, {""w"": ""W3"", ""opp"": ""TEN"", ""v"": 13.0, ""cur"": true}, {""w"": ""W4"", ""opp"": ""ARI"", ""v"": 66.0, ""cur"": true}]",Over,0.4253312472260802,0.5,0.4736933309329165,1.88,fanduel,-0.10945653784611697,0.0,-0.07466875277391982,
Aaron Jones,RB,MIN,NO,player_rush_yds,72.5,72.81124816870614,16,Limited,,2,True,00-0033293,2026-10-11T17:00:00Z,"[{""w"": ""25W16"", ""opp"": ""NYG"", ""v"": 85.0, ""cur"": false}, {""w"": ""25W17"", ""opp"": ""DET"", ""v"": 53.0, ""cur"": false}, {""w"": ""W1"", ""opp"": ""GB"", ""v"": 40.0, ""cur"": true}, {""w"": ""W2"", ""opp"": ""CHI"", ""v"": 105.0, ""cur"": true}, {""w"": ""W3"", ""opp"": ""TB"", ""v"": 58.0, ""cur"": true}, {""w"": ""W4"", ""opp"": ""MIA"", ""v"": 94.0, ""cur"": true}]",Over,0.4289335528791455,0.49798927613941024,0.4736745776710539,1.88,betrivers,-0.10949179397841868,0.0,-0.06905572326026477,
Isaiah Likely,TE,NYG,WAS,player_reception_yds,41.5,42.25087320974704,16,Limited,,4,True,00-0037838,2026-10-11T17:00:00Z,"[{""w"": ""25W17"", ""opp"": ""GB"", ""v"": 27.0, ""cur"": false}, {""w"": ""25W18"", ""opp"": ""PIT"", ""v"": 32.0, ""cur"": false}, {""w"": ""W1"", ""opp"": ""DAL"", ""v"": 78.0, ""cur"": true}, {""w"": ""W2"", ""opp"": ""LA"", ""v"": 33.0, ""cur"": true}, {""w"": ""W3"", ""opp"": ""TEN"", ""v"": 13.0, ""cur"": true}, {""w"": ""W4"", ""opp"": ""ARI"", ""v"": 66.0, ""cur"": true}]",Over,0.41256096315327717,0.4986772486772487,0.4682614486802468,1.9,draftkings,-0.11030324750753118,0.0,-0.08611628552397155,
Brian Robinson Jr.,RB,ATL,BAL,player_rush_yds,37.5,38.34490124443671,17,,,1,True,00-0037746,2026-10-12T00:20:00Z,"[{""w"": ""25W17"", ""opp"": ""CHI"", ""v"": 22.0, ""cur"": false}, {""w"": ""25W18"", ""opp"": ""SEA"", ""v"": 9.0, ""cur"": false}, {""w"": ""W1"", ""opp"": ""PIT"", ""v"": 31.0, ""cur"": true}, {""w"": ""W2"", ""opp"": ""CAR"", ""v"": 51.0, ""cur"": true}, {""w"": ""W3"", ""opp"": ""GB"", ""v"": 50.0, ""cur"": true}, {""w"": ""W4"", ""opp"": ""NO"", ""v"": 62.0, ""cur"": true}]",Over,0.4380549497780871,0.5040214477211796,0.48083067298334775,1.85,betrivers,-0.11046325498080656,0.0,-0.0659664979430925,
Kyle Pitts,TE,ATL,BAL,player_receptions,2.5,2.142846153155358,17,,,6,True,00-0036970,2026-10-12T00:20:00Z,"[{""w"": ""25W17"", ""opp"": ""LA"", ""v"": 2.0, ""cur"": false}, {""w"": ""25W18"", ""opp"": ""NO"", ""v"": 6.0, ""cur"": false}, {""w"": ""W1"", ""opp"": ""PIT"", ""v"": 0.0, ""cur"": true}, {""w"": ""W2"", ""opp"": ""CAR"", ""v"": 1.0, ""cur"": true}, {""w"": ""W3"", ""opp"": ""GB"", ""v"": 1.0, ""cur"": true}, {""w"": ""W4"", ""opp"": ""NO"", ""v"": 3.0, ""cur"": true}]",Over,0.343664297262891,0.4501329787234043,0.41179758322986193,2.16,betrivers,-0.11051722022349808,0.0,-0.1064686814605133,
Drake Maye,QB,NE,LV,player_pass_yds,227.5,221.69974934467868,17,Full,,1,True,00-0039851,2026-10-11T17:00:00Z,"[{""w"": ""25W17"", ""opp"": ""NYJ"", ""v"": 256.0, ""cur"": false}, {""w"": ""25W18"", ""opp"": ""MIA"", ""v"": 191.0, ""cur"": false}, {""w"": ""W1"", ""opp"": ""SEA"", ""v"": 178.0, ""cur"": true}, {""w"": ""W2"", ""opp"": ""PIT"", ""v"": 208.0, ""cur"": true}, {""w"": ""W3"", ""opp"": ""JAX"", ""v"": 199.0, ""cur"": true}, {""w"": ""W4"", ""opp"": ""BUF"", ""v"": 269.0, ""cur"": true}]",Over,0.42347295561219434,0.5,0.4730296012883582,1.88,betonlineag,-0.11070434957788672,0.0,-0.07652704438780566,
George Pickens,WR,DAL,TB,player_reception_yds,60.5,61.607842750002966,17,,,2,True,00-0037247,2026-10-09T00:15:00Z,"[{""w"": ""25W17"", ""opp"": ""WAS"", ""v"": 78.0, ""cur"": false}, {""w"": ""25W18"", ""opp"": ""NYG"", ""v"": 9.0, ""cur"": false}, {""w"": ""W1"", ""opp"": ""NYG"", ""v"": 28.0, ""cur"": true}, {""w"": ""W2"", ""opp"": ""WAS"", ""v"": 40.0, ""cur"": true}, {""w"": ""W3"", ""opp"": ""BAL"", ""v"": 82.0, ""cur"": true}, {""w"": ""W4"", ""opp"": ""HOU"", ""v"": 75.0, ""cur"": true}]",Over,0.41904565830386153,0.5013227513227514,0.4723025983630093,1.88,draftkings,-0.11207111507754247,0.0,-0.08227709301888986,
Mike Evans,WR,SF,SEA,player_reception_yds,48.5,48.45332380438835,12,,,4,True,00-0031408,2026-10-11T20:25:00Z,"[{""w"": ""25W17"", ""opp"": ""MIA"", ""v"": 31.0, ""cur"": false}, {""w"": ""25W18"", ""opp"": ""CAR"", ""v"": 34.0, ""cur"": false}, {""w"": ""W1"", ""opp"": ""LA"", ""v"": 49.0, ""cur"": true}, {""w"": ""W2"", ""opp"": ""MIA"", ""v"": 54.0, ""cur"": true}, {""w"": ""W3"", ""opp"": ""ARI"", ""v"": 34.0, ""cur"": true}, {""w"": ""W4"", ""opp"": ""DEN"", ""v"": 76.0, ""cur"": true}]",Over,0.413783640495009,0.5,0.46955745141649974,1.89,draftkings,-0.11253641682281557,0.0,-0.08621635950499101,
Jalen Hurts,QB,PHI,JAX,player_pass_yds,188.5,185.00567546131572,17,,,1,True,00-0036389,2026-10-11T13:30:00Z,"[{""w"": ""25W16"", ""opp"": ""WAS"", ""v"": 185.0, ""cur"": false}, {""w"": ""25W17"", ""opp"": ""BUF"", ""v"": 110.0, ""cur"": false}, {""w"": ""W1"", ""opp"": ""WAS"", ""v"": 203.0, ""cur"": true}, {""w"": ""W2"", ""opp"": ""TEN"", ""v"": 264.0, ""cur"": true}, {""w"": ""W3"", ""opp"": ""CHI"", ""v"": 153.0, ""cur"": true}, {""w"": ""W4"", ""opp"": ""LA"", ""v"": 93.0, ""cur"": true}]",Over,0.42679846726907195,0.5,0.4742169133908468,1.87,betrivers,-0.11321437195911638,0.0,-0.07320153273092805,
Denzel Boston,WR,CLE,NYJ,player_reception_yds,48.5,50.08629186774511,4,,,3,True,00-0041037,2026-10-11T17:00:00Z,"[{""w"": ""W1"", ""opp"": ""JAX"", ""v"": 59.0, ""cur"": true}, {""w"": ""W2"", ""opp"": ""TB"", ""v"": 95.0, ""cur"": true}, {""w"": ""W3"", ""opp"": ""CAR"", ""v"": 41.0, ""cur"": true}, {""w"": ""W4"", ""opp"": ""PIT"", ""v"": 89.0, ""cur"": true}]",Over,0.41950238863922795,0.5,0.4716091306403963,1.88,betrivers,-0.11337483439605511,0.0,-0.08049761136077205,
Cade Otton,TE,TB,DAL,player_receptions,3.5,4.07728814376646,17,,,6,True,00-0038129,2026-10-09T00:15:00Z,"[{""w"": ""25W17"", ""opp"": ""MIA"", ""v"": 4.0, ""cur"": false}, {""w"": ""25W18"", ""opp"": ""CAR"", ""v"": 7.0, ""cur"": false}, {""w"": ""W1"", ""opp"": ""CIN"", ""v"": 3.0, ""cur"": true}, {""w"": ""W2"", ""opp"": ""CLE"", ""v"": 5.0, ""cur"": true}, {""w"": ""W3"", ""opp"": ""MIN"", ""v"": 3.0, ""cur"": true}, {""w"": ""W4"", ""opp"": ""GB"", ""v"": 4.0, ""cur"": true}]",Under,0.418528590599594,0.5317427545614244,0.4918898361551294,1.8,betmgm,-0.11459829492076712,0.0,-0.11321416396183037,
Skyy Moore,WR,GB,CHI,player_reception_yds,12.5,13.89111241192303,17,,,1,True,00-0038090,2026-10-11T17:00:00Z,"[{""w"": ""25W17"", ""opp"": ""CHI"", ""v"": 0.0, ""cur"": false}, {""w"": ""25W18"", ""opp"": ""SEA"", ""v"": 0.0, ""cur"": false}, {""w"": ""W1"", ""opp"": ""MIN"", ""v"": 0.0, ""cur"": true}, {""w"": ""W2"", ""opp"": ""NYJ"", ""v"": 6.0, ""cur"": true}, {""w"": ""W3"", ""opp"": ""ATL"", ""v"": 31.0, ""cur"": true}, {""w"": ""W4"", ""opp"": ""TB"", ""v"": -2.0, ""cur"": true}]",Over,0.4169740008817927,0.5,0.4707029055738949,1.88,fanduel,-0.1150785375210776,0.0,-0.0830259991182073,
Keenan Allen,WR,IND,PIT,player_receptions,3.5,4.1996244586108675,17,Limited,,2,True,00-0030279,2026-10-11T17:00:00Z,"[{""w"": ""25W16"", ""opp"": ""DAL"", ""v"": 5.0, ""cur"": false}, {""w"": ""25W17"", ""opp"": ""HOU"", ""v"": 1.0, ""cur"": false}, {""w"": ""25W18"", ""opp"": ""DEN"", ""v"": 7.0, ""cur"": false}, {""w"": ""W1"", ""opp"": ""BAL"", ""v"": 6.0, ""cur"": true}, {""w"": ""W2"", ""opp"": ""KC"", ""v"": 1.0, ""cur"": true}, {""w"": ""W3"", ""opp"": ""HOU"", ""v"": 6.0, ""cur"": true}]",Under,0.43413340685209373,0.5808600848288922,0.5298011511974255,1.67,betonlineag,-0.1152320775002994,0.0,-0.14672667797679845,
Cam Ward,QB,TEN,HOU,player_rush_yds,10.5,11.185238728353095,17,,,3,True,00-0040676,2026-10-11T17:00:00Z,"[{""w"": ""25W17"", ""opp"": ""NO"", ""v"": 10.0, ""cur"": false}, {""w"": ""25W18"", ""opp"": ""JAX"", ""v"": 11.0, ""cur"": false}, {""w"": ""W1"", ""opp"": ""NYJ"", ""v"": 21.0, ""cur"": true}, {""w"": ""W2"", ""opp"": ""PHI"", ""v"": 7.0, ""cur"": true}, {""w"": ""W3"", ""opp"": ""NYG"", ""v"": 2.0, ""cur"": true}, {""w"": ""W4"", ""opp"": ""BAL"", ""v"": 27.0, ""cur"": true}]",Over,0.40926703678999754,0.5,0.4679319087287614,1.89,draftkings,-0.11560869250264094,0.0,-0.09073296321000246,
Aaron Rodgers,QB,PIT,IND,player_pass_yds,223.5,255.2514991830369,17,,,2,True,00-0023459,2026-10-11T17:00:00Z,"[{""w"": ""25W17"", ""opp"": ""CLE"", ""v"": 168.0, ""cur"": false}, {""w"": ""25W18"", ""opp"": ""BAL"", ""v"": 294.0, ""cur"": false}, {""w"": ""W1"", ""opp"": ""ATL"", ""v"": 221.0, ""cur"": true}, {""w"": ""W2"", ""opp"": ""NE"", ""v"": 187.0, ""cur"": true}, {""w"": ""W3"", ""opp"": ""CIN"", ""v"": 292.0, ""cur"": true}, {""w"": ""W4"", ""opp"": ""CLE"", ""v"": 299.0, ""cur"": true}]",Under,0.40468969882975453,0.4986772486772486,0.46542379212716256,1.9,draftkings,-0.11569479495839108,0.0,-0.09398754984749408,
Cooper Kupp,WR,SEA,SF,player_receptions,2.5,2.1455521491356793,17,,,6,True,00-0033908,2026-10-11T20:25:00Z,"[{""w"": ""25W17"", ""opp"": ""CAR"", ""v"": 1.0, ""cur"": false}, {""w"": ""25W18"", ""opp"": ""SF"", ""v"": 2.0, ""cur"": false}, {""w"": ""W1"", ""opp"": ""NE"", ""v"": 2.0, ""cur"": true}, {""w"": ""W2"", ""opp"": ""ARI"", ""v"": 2.0, ""cur"": true}, {""w"": ""W3"", ""opp"": ""WAS"", ""v"": 4.0, ""cur"": true}, {""w"": ""W4"", ""opp"": ""LAC"", ""v"": 1.0, ""cur"": true}]",Over,0.36265128104050187,0.46957650665229594,0.431298503679535,2.05,betonlineag,-0.11583806745695341,0.0,-0.10692522561179407,
Colston Loveland,TE,CHI,GB,player_reception_yds,35.5,37.30436119377248,17,,,1,True,00-0040126,2026-10-11T17:00:00Z,"[{""w"": ""25W17"", ""opp"": ""SF"", ""v"": 94.0, ""cur"": false}, {""w"": ""25W18"", ""opp"": ""DET"", ""v"": 91.0, ""cur"": false}, {""w"": ""W1"", ""opp"": ""CAR"", ""v"": 0.0, ""cur"": true}, {""w"": ""W2"", ""opp"": ""MIN"", ""v"": 3.0, ""cur"": true}, {""w"": ""W3"", ""opp"": ""PHI"", ""v"": 31.0, ""cur"": true}, {""w"": ""W4"", ""opp"": ""NYJ"", ""v"": 57.0, ""cur"": true}]",Over,0.41558979685274555,0.5,0.4702062004253276,1.88,fanduel,-0.11601234320038417,0.0,-0.08441020314725445,
Cade Otton,TE,TB,DAL,player_reception_yds,30.5,40.56474487940717,17,,,1,True,00-0038129,2026-10-09T00:15:00Z,"[{""w"": ""25W17"", ""opp"": ""MIA"", ""v"": 33.0, ""cur"": false}, {""w"": ""25W18"", ""opp"": ""CAR"", ""v"": 94.0, ""cur"": false}, {""w"": ""W1"", ""opp"": ""CIN"", ""v"": 26.0, ""cur"": true}, {""w"": ""W2"", ""opp"": ""CLE"", ""v"": 38.0, ""cur"": true}, {""w"": ""W3"", ""opp"": ""MIN"", ""v"": 56.0, ""cur"": true}, {""w"": ""W4"", ""opp"": ""GB"", ""v"": 37.0, ""cur"": true}]",Under,0.41982710267471485,0.5013333333333333,0.472589398680621,1.87,betrivers,-0.11625782446723859,0.0,-0.08150623065861845,
David Montgomery,RB,HOU,TEN,player_reception_yds,8.5,9.382872431316843,17,,,1,True,00-0035685,2026-10-11T17:00:00Z,"[{""w"": ""25W17"", ""opp"": ""MIN"", ""v"": 15.0, ""cur"": false}, {""w"": ""25W18"", ""opp"": ""CHI"", ""v"": 13.0, ""cur"": false}, {""w"": ""W1"", ""opp"": ""BUF"", ""v"": 19.0, ""cur"": true}, {""w"": ""W2"", ""opp"": ""CIN"", ""v"": 14.0, ""cur"": true}, {""w"": ""W3"", ""opp"": ""IND"", ""v"": 15.0, ""cur"": true}, {""w"": ""W4"", ""opp"": ""DAL"", ""v"": 19.0, ""cur"": true}]",Over,0.4316309412996022,0.5106951871657753,0.4828796243813679,1.83,betmgm,-0.11633028738209672,0.0,-0.07906424586617311,
D'Andre Swift,RB,CHI,GB,player_reception_yds,14.5,16.173846313498988,17,Did Not Participate In Practice,,2,True,00-0036275,2026-10-11T17:00:00Z,"[{""w"": ""25W17"", ""opp"": ""SF"", ""v"": 25.0, ""cur"": false}, {""w"": ""25W18"", ""opp"": ""DET"", ""v"": 8.0, ""cur"": false}, {""w"": ""W1"", ""opp"": ""CAR"", ""v"": 10.0, ""cur"": true}, {""w"": ""W2"", ""opp"": ""MIN"", ""v"": 54.0, ""cur"": true}, {""w"": ""W3"", ""opp"": ""PHI"", ""v"": 4.0, ""cur"": true}, {""w"": ""W4"", ""opp"": ""NYJ"", ""v"": 16.0, ""cur"": true}]",Over,0.4003470802516915,0.48936140112610704,0.4578325901095866,1.93,draftkings,-0.11638310108849792,0.0,-0.08901432087441552,
Drake Maye,QB,NE,LV,player_pass_yds,229.5,221.69974934467868,17,Full,,3,True,00-0039851,2026-10-11T17:00:00Z,"[{""w"": ""25W17"", ""opp"": ""NYJ"", ""v"": 256.0, ""cur"": false}, {""w"": ""25W18"", ""opp"": ""MIA"", ""v"": 191.0, ""cur"": false}, {""w"": ""W1"", ""opp"": ""SEA"", ""v"": 178.0, ""cur"": true}, {""w"": ""W2"", ""opp"": ""PIT"", ""v"": 208.0, ""cur"": true}, {""w"": ""W3"", ""opp"": ""JAX"", ""v"": 199.0, ""cur"": true}, {""w"": ""W4"", ""opp"": ""BUF"", ""v"": 269.0, ""cur"": true}]",Over,0.4140781647780867,0.5,0.46966329028661363,1.88,betrivers,-0.11703301426116647,0.0,-0.08592183522191332,
Kyler Murray,QB,MIN,NO,player_rush_yds,16.5,16.848543122542416,8,,,3,True,00-0035228,2026-10-11T17:00:00Z,"[{""w"": ""25W3"", ""opp"": ""SF"", ""v"": 37.0, ""cur"": false}, {""w"": ""25W4"", ""opp"": ""SEA"", ""v"": 41.0, ""cur"": false}, {""w"": ""25W5"", ""opp"": ""TEN"", ""v"": 25.0, ""cur"": false}, {""w"": ""W1"", ""opp"": ""GB"", ""v"": 9.0, ""cur"": true}, {""w"": ""W3"", ""opp"": ""TB"", ""v"": 17.0, ""cur"": true}, {""w"": ""W4"", ""opp"": ""MIA"", ""v"": 16.0, ""cur"": true}]",Over,0.41370591590625705,0.5079365079365078,0.47467257227993376,1.86,betonlineag,-0.11710901555932318,0.0,-0.09423059203025075,
Jakobi Meyers,WR,JAX,PHI,player_reception_yds,41.5,40.84022109195565,17,Full,,3,True,00-0034960,2026-10-11T13:30:00Z,"[{""w"": ""25W17"", ""opp"": ""IND"", ""v"": 39.0, ""cur"": false}, {""w"": ""25W18"", ""opp"": ""TEN"", ""v"": 44.0, ""cur"": false}, {""w"": ""W1"", ""opp"": ""CLE"", ""v"": 40.0, ""cur"": true}, {""w"": ""W2"", ""opp"": ""DEN"", ""v"": 28.0, ""cur"": true}, {""w"": ""W3"", ""opp"": ""NE"", ""v"": 64.0, ""cur"": true}, {""w"": ""W4"", ""opp"": ""CIN"", ""v"": 33.0, ""cur"": true}]",Over,0.41343928022325266,0.5,0.46943367908284916,1.88,draftkings,-0.11746468332424365,0.0,-0.08656071977674734,
C.J. Stroud,QB,HOU,TEN,player_pass_yds,242.5,236.09097702256665,17,,,1,True,00-0039163,2026-10-11T17:00:00Z,"[{""w"": ""25W17"", ""opp"": ""LAC"", ""v"": 244.0, ""cur"": false}, {""w"": ""25W18"", ""opp"": ""IND"", ""v"": 169.0, ""cur"": false}, {""w"": ""W1"", ""opp"": ""BUF"", ""v"": 274.0, ""cur"": true}, {""w"": ""W2"", ""opp"": ""CIN"", ""v"": 353.0, ""cur"": true}, {""w"": ""W3"", ""opp"": ""IND"", ""v"": 167.0, ""cur"": true}, {""w"": ""W4"", ""opp"": ""DAL"", ""v"": 347.0, ""cur"": true}]",Over,0.4204227271262667,0.5,0.4719386666793519,1.87,betmgm,-0.11747469330961186,0.0,-0.07957727287373328,
RJ Harvey,RB,DEN,LAC,player_rush_yds,18.5,26.758175737847054,17,,,5,True,00-0040730,2026-10-11T20:05:00Z,"[{""w"": ""25W16"", ""opp"": ""JAX"", ""v"": 50.0, ""cur"": false}, {""w"": ""25W17"", ""opp"": ""KC"", ""v"": 43.0, ""cur"": false}, {""w"": ""25W18"", ""opp"": ""LAC"", ""v"": 28.0, ""cur"": false}, {""w"": ""W1"", ""opp"": ""KC"", ""v"": 18.0, ""cur"": true}, {""w"": ""W3"", ""opp"": ""LA"", ""v"": 6.0, ""cur"": true}, {""w"": ""W4"", ""opp"": ""SF"", ""v"": 25.0, ""cur"": true}]",Under,0.3973048229649935,0.4973544973544973,0.46189252202306197,1.91,betmgm,-0.1177852829359517,0.0,-0.10004967438950385,
Aaron Rodgers,QB,PIT,IND,player_pass_yds,224.5,255.2514991830369,17,,,2,True,00-0023459,2026-10-11T17:00:00Z,"[{""w"": ""25W17"", ""opp"": ""CLE"", ""v"": 168.0, ""cur"": false}, {""w"": ""25W18"", ""opp"": ""BAL"", ""v"": 294.0, ""cur"": false}, {""w"": ""W1"", ""opp"": ""ATL"", ""v"": 221.0, ""cur"": true}, {""w"": ""W2"", ""opp"": ""NE"", ""v"": 187.0, ""cur"": true}, {""w"": ""W3"", ""opp"": ""CIN"", ""v"": 292.0, ""cur"": true}, {""w"": ""W4"", ""opp"": ""CLE"", ""v"": 299.0, ""cur"": true}]",Under,0.4093005401107428,0.5020107238605898,0.4692458047884422,1.88,betonlineag,-0.11781788699772866,0.0,-0.09271018374984696,
Marvin Harrison Jr.,WR,ARI,DET,player_reception_yds,33.5,33.92502030291295,16,,,2,True,00-0039849,2026-10-11T20:25:00Z,"[{""w"": ""25W16"", ""opp"": ""ATL"", ""v"": 14.0, ""cur"": false}, {""w"": ""25W17"", ""opp"": ""CIN"", ""v"": 0.0, ""cur"": false}, {""w"": ""W1"", ""opp"": ""LAC"", ""v"": 33.0, ""cur"": true}, {""w"": ""W2"", ""opp"": ""SEA"", ""v"": 0.0, ""cur"": true}, {""w"": ""W3"", ""opp"": ""SF"", ""v"": 40.0, ""cur"": true}, {""w"": ""W4"", ""opp"": ""NYG"", ""v"": 12.0, ""cur"": true}]",Over,0.39574376573080816,0.4980211081794196,0.46175581194417437,1.91,draftkings,-0.11804639918662702,0.0,-0.10227734244861142,
Quinshon Judkins,RB,CLE,NYJ,player_rush_yds,59.5,56.7174207053799,17,,,5,True,00-0040784,2026-10-11T17:00:00Z,"[{""w"": ""25W15"", ""opp"": ""CHI"", ""v"": 21.0, ""cur"": false}, {""w"": ""25W16"", ""opp"": ""BUF"", ""v"": 22.0, ""cur"": false}, {""w"": ""W1"", ""opp"": ""JAX"", ""v"": 33.0, ""cur"": true}, {""w"": ""W2"", ""opp"": ""TB"", ""v"": 21.0, ""cur"": true}, {""w"": ""W3"", ""opp"": ""CAR"", ""v"": 70.0, ""cur"": true}, {""w"": ""W4"", ""opp"": ""PIT"", ""v"": 53.0, ""cur"": true}]",Over,0.391707396834199,0.5,0.4615636531576238,1.91,draftkings,-0.11841342246893855,0.0,-0.10829260316580103,
Jakobi Meyers,WR,JAX,PHI,player_receptions,3.5,3.32721293426318,17,Full,,5,True,00-0034960,2026-10-11T13:30:00Z,"[{""w"": ""25W17"", ""opp"": ""IND"", ""v"": 6.0, ""cur"": false}, {""w"": ""25W18"", ""opp"": ""TEN"", ""v"": 5.0, ""cur"": false}, {""w"": ""W1"", ""opp"": ""CLE"", ""v"": 2.0, ""cur"": true}, {""w"": ""W2"", ""opp"": ""DEN"", ""v"": 1.0, ""cur"": true}, {""w"": ""W3"", ""opp"": ""NE"", ""v"": 7.0, ""cur"": true}, {""w"": ""W4"", ""opp"": ""CIN"", ""v"": 3.0, ""cur"": true}]",Over,0.411377582899408,0.5159574468085106,0.4790392305614265,1.84,draftkings,-0.118567815766975,0.0,-0.10457986390910262,
Matthew Stafford,QB,LA,BUF,player_pass_yds,283.5,328.5199119074335,17,,,3,True,00-0026498,2026-10-13T00:15:00Z,"[{""w"": ""25W17"", ""opp"": ""ATL"", ""v"": 269.0, ""cur"": false}, {""w"": ""25W18"", ""opp"": ""ARI"", ""v"": 259.0, ""cur"": false}, {""w"": ""W1"", ""opp"": ""SF"", ""v"": 155.0, ""cur"": true}, {""w"": ""W2"", ""opp"": ""NYG"", ""v"": 327.0, ""cur"": true}, {""w"": ""W3"", ""opp"": ""DEN"", ""v"": 390.0, ""cur"": true}, {""w"": ""W4"", ""opp"": ""PHI"", ""v"": 317.0, ""cur"": true}]",Under,0.40430784276234577,0.5,0.4661414952813215,1.89,draftkings,-0.11899257391830248,0.0,-0.09569215723765423,
Jonathan Taylor,RB,IND,PIT,player_rush_yds,86.5,85.21759957182266,17,Limited,,1,True,00-0036223,2026-10-11T17:00:00Z,"[{""w"": ""25W17"", ""opp"": ""JAX"", ""v"": 70.0, ""cur"": false}, {""w"": ""25W18"", ""opp"": ""HOU"", ""v"": 26.0, ""cur"": false}, {""w"": ""W1"", ""opp"": ""BAL"", ""v"": 98.0, ""cur"": true}, {""w"": ""W2"", ""opp"": ""KC"", ""v"": 92.0, ""cur"": true}, {""w"": ""W3"", ""opp"": ""HOU"", ""v"": 68.0, ""cur"": true}, {""w"": ""W4"", ""opp"": ""WAS"", ""v"": 95.0, ""cur"": true}]",Over,0.4174811290640628,0.5,0.4708847791038338,1.87,betmgm,-0.11944546307583082,0.0,-0.08251887093593718,
Marvin Harrison Jr.,WR,ARI,DET,player_receptions,2.5,2.4582983391509985,16,,,6,True,00-0039849,2026-10-11T20:25:00Z,"[{""w"": ""25W16"", ""opp"": ""ATL"", ""v"": 1.0, ""cur"": false}, {""w"": ""25W17"", ""opp"": ""CIN"", ""v"": 0.0, ""cur"": false}, {""w"": ""W1"", ""opp"": ""LAC"", ""v"": 1.0, ""cur"": true}, {""w"": ""W2"", ""opp"": ""SEA"", ""v"": 0.0, ""cur"": true}, {""w"": ""W3"", ""opp"": ""SF"", ""v"": 3.0, ""cur"": true}, {""w"": ""W4"", ""opp"": ""NYG"", ""v"": 1.0, ""cur"": true}]",Over,0.4243839141813103,0.5494063324538259,0.5055488135251405,1.74,betmgm,-0.12034506446625559,0.0,-0.1250224182725156,
Aaron Jones,RB,MIN,NO,player_receptions,3.5,2.7331973471727364,16,Limited,,4,True,00-0033293,2026-10-11T17:00:00Z,"[{""w"": ""25W16"", ""opp"": ""NYG"", ""v"": 2.0, ""cur"": false}, {""w"": ""25W17"", ""opp"": ""DET"", ""v"": 3.0, ""cur"": false}, {""w"": ""W1"", ""opp"": ""GB"", ""v"": 0.0, ""cur"": true}, {""w"": ""W2"", ""opp"": ""CHI"", ""v"": 0.0, ""cur"": true}, {""w"": ""W3"", ""opp"": ""TB"", ""v"": 5.0, ""cur"": true}, {""w"": ""W4"", ""opp"": ""MIA"", ""v"": 4.0, ""cur"": true}]",Over,0.29983923203048995,0.4173121093958656,0.37430232627980436,2.35,betrivers,-0.12038953324245949,0.0,-0.11747287736537565,
Joe Burrow,QB,CIN,MIA,player_pass_yds,235.5,275.3972036392014,12,,,3,True,00-0036442,2026-10-11T17:00:00Z,"[{""w"": ""25W17"", ""opp"": ""ARI"", ""v"": 305.0, ""cur"": false}, {""w"": ""25W18"", ""opp"": ""CLE"", ""v"": 236.0, ""cur"": false}, {""w"": ""W1"", ""opp"": ""TB"", ""v"": 254.0, ""cur"": true}, {""w"": ""W2"", ""opp"": ""HOU"", ""v"": 207.0, ""cur"": true}, {""w"": ""W3"", ""opp"": ""PIT"", ""v"": 282.0, ""cur"": true}, {""w"": ""W4"", ""opp"": ""JAX"", ""v"": 428.0, ""cur"": true}]",Under,0.404253782668489,0.5026455026455026,0.4678340350701085,1.88,draftkings,-0.12047201406819608,0.0,-0.09839171997701357,
Brock Purdy,QB,SF,SEA,player_pass_yds,222.5,213.8764436982597,13,,,2,True,00-0037834,2026-10-11T20:25:00Z,"[{""w"": ""25W17"", ""opp"": ""CHI"", ""v"": 303.0, ""cur"": false}, {""w"": ""25W18"", ""opp"": ""SEA"", ""v"": 127.0, ""cur"": false}, {""w"": ""W1"", ""opp"": ""LA"", ""v"": 205.0, ""cur"": true}, {""w"": ""W2"", ""opp"": ""MIA"", ""v"": 287.0, ""cur"": true}, {""w"": ""W3"", ""opp"": ""ARI"", ""v"": 297.0, ""cur"": true}, {""w"": ""W4"", ""opp"": ""DEN"", ""v"": 218.0, ""cur"": true}]",Over,0.40865553978673225,0.5,0.4677114629284359,1.88,betonlineag,-0.12070244969454053,0.0,-0.09134446021326775,
Daniel Jones,QB,IND,PIT,player_pass_yds,213.5,203.8109108275874,17,,,4,True,00-0035710,2026-10-11T17:00:00Z,"[{""w"": ""25W13"", ""opp"": ""HOU"", ""v"": 201.0, ""cur"": false}, {""w"": ""25W14"", ""opp"": ""JAX"", ""v"": 60.0, ""cur"": false}, {""w"": ""W1"", ""opp"": ""BAL"", ""v"": 166.0, ""cur"": true}, {""w"": ""W2"", ""opp"": ""KC"", ""v"": 210.0, ""cur"": true}, {""w"": ""W3"", ""opp"": ""HOU"", ""v"": 235.0, ""cur"": true}, {""w"": ""W4"", ""opp"": ""WAS"", ""v"": 143.0, ""cur"": true}]",Over,0.4012781686628384,0.5,0.4650446707315183,1.89,draftkings,-0.12106557231743043,0.0,-0.09872183133716161,
Keaton Mitchell,RB,LAC,DEN,player_rush_yds,28.5,29.076211969222424,17,,,1,True,00-0038454,2026-10-11T20:05:00Z,"[{""w"": ""25W17"", ""opp"": ""GB"", ""v"": 31.0, ""cur"": false}, {""w"": ""25W18"", ""opp"": ""PIT"", ""v"": 2.0, ""cur"": false}, {""w"": ""W1"", ""opp"": ""ARI"", ""v"": 9.0, ""cur"": true}, {""w"": ""W2"", ""opp"": ""LV"", ""v"": 24.0, ""cur"": true}, {""w"": ""W3"", ""opp"": ""BUF"", ""v"": 52.0, ""cur"": true}, {""w"": ""W4"", ""opp"": ""SEA"", ""v"": 39.0, ""cur"": true}]",Over,0.41491532216050075,0.5,0.46996402183847397,1.87,betmgm,-0.12116727916205361,0.0,-0.08508467783949925,
Bucky Irving,RB,TB,DAL,player_rush_yds,50.5,60.82082590910394,14,,,1,True,00-0039361,2026-10-09T00:15:00Z,"[{""w"": ""25W17"", ""opp"": ""MIA"", ""v"": 19.0, ""cur"": false}, {""w"": ""25W18"", ""opp"": ""CAR"", ""v"": 85.0, ""cur"": false}, {""w"": ""W1"", ""opp"": ""CIN"", ""v"": 45.0, ""cur"": true}, {""w"": ""W2"", ""opp"": ""CLE"", ""v"": 89.0, ""cur"": true}, {""w"": ""W3"", ""opp"": ""MIN"", ""v"": 46.0, ""cur"": true}, {""w"": ""W4"", ""opp"": ""GB"", ""v"": 61.0, ""cur"": true}]",Under,0.42014607868774356,0.5040214477211795,0.47444607782155335,1.85,betrivers,-0.12227475603012627,0.0,-0.08387536903343595,
George Pickens,WR,DAL,TB,player_reception_yds,61.5,61.607842750002966,17,,,2,True,00-0037247,2026-10-09T00:15:00Z,"[{""w"": ""25W17"", ""opp"": ""WAS"", ""v"": 78.0, ""cur"": false}, {""w"": ""25W18"", ""opp"": ""NYG"", ""v"": 9.0, ""cur"": false}, {""w"": ""W1"", ""opp"": ""NYG"", ""v"": 28.0, ""cur"": true}, {""w"": ""W2"", ""opp"": ""WAS"", ""v"": 40.0, ""cur"": true}, {""w"": ""W3"", ""opp"": ""BAL"", ""v"": 82.0, ""cur"": true}, {""w"": ""W4"", ""opp"": ""HOU"", ""v"": 75.0, ""cur"": true}]",Over,0.40986710805966053,0.49798927613941024,0.46684669540177276,1.88,betrivers,-0.12232821264466731,0.0,-0.08812216807974971,
Trevor Lawrence,QB,JAX,PHI,player_rush_yds,13.5,14.43182956138831,17,,,2,True,00-0036971,2026-10-11T13:30:00Z,"[{""w"": ""25W17"", ""opp"": ""IND"", ""v"": 26.0, ""cur"": false}, {""w"": ""25W18"", ""opp"": ""TEN"", ""v"": 11.0, ""cur"": false}, {""w"": ""W1"", ""opp"": ""CLE"", ""v"": 3.0, ""cur"": true}, {""w"": ""W2"", ""opp"": ""DEN"", ""v"": 6.0, ""cur"": true}, {""w"": ""W3"", ""opp"": ""NE"", ""v"": 25.0, ""cur"": true}, {""w"": ""W4"", ""opp"": ""CIN"", ""v"": 0.0, ""cur"": true}]",Over,0.40603626901488143,0.5,0.4667661919356021,1.88,betonlineag,-0.12247955916106812,0.0,-0.09396373098511857,
Tucker Kraft,TE,GB,CHI,player_receptions,4.5,3.901015180522815,12,,,6,True,00-0038996,2026-10-11T17:00:00Z,"[{""w"": ""25W8"", ""opp"": ""PIT"", ""v"": 7.0, ""cur"": false}, {""w"": ""25W9"", ""opp"": ""CAR"", ""v"": 2.0, ""cur"": false}, {""w"": ""W1"", ""opp"": ""MIN"", ""v"": 3.0, ""cur"": true}, {""w"": ""W2"", ""opp"": ""NYJ"", ""v"": 2.0, ""cur"": true}, {""w"": ""W3"", ""opp"": ""ATL"", ""v"": 4.0, ""cur"": true}, {""w"": ""W4"", ""opp"": ""TB"", ""v"": 6.0, ""cur"": true}]",Over,0.3518336724523029,0.487319073083779,0.43860548265911947,2.0,betonlineag,-0.12278903468176106,0.0,-0.13548540063147607,
Colston Loveland,TE,CHI,GB,player_reception_yds,37.5,37.30436119377248,17,,,3,True,00-0040126,2026-10-11T17:00:00Z,"[{""w"": ""25W17"", ""opp"": ""SF"", ""v"": 94.0, ""cur"": false}, {""w"": ""25W18"", ""opp"": ""DET"", ""v"": 91.0, ""cur"": false}, {""w"": ""W1"", ""opp"": ""CAR"", ""v"": 0.0, ""cur"": true}, {""w"": ""W2"", ""opp"": ""MIN"", ""v"": 3.0, ""cur"": true}, {""w"": ""W3"", ""opp"": ""PHI"", ""v"": 31.0, ""cur"": true}, {""w"": ""W4"", ""opp"": ""NYJ"", ""v"": 57.0, ""cur"": true}]",Over,0.39002943139904345,0.49340369393139843,0.45669195213832037,1.92,draftkings,-0.12315145189442495,0.0,-0.10337426253235499,
Matthew Stafford,QB,LA,BUF,player_pass_yds,282.5,328.5199119074335,17,,,1,True,00-0026498,2026-10-13T00:15:00Z,"[{""w"": ""25W17"", ""opp"": ""ATL"", ""v"": 269.0, ""cur"": false}, {""w"": ""25W18"", ""opp"": ""ARI"", ""v"": 259.0, ""cur"": false}, {""w"": ""W1"", ""opp"": ""SF"", ""v"": 155.0, ""cur"": true}, {""w"": ""W2"", ""opp"": ""NYG"", ""v"": 327.0, ""cur"": true}, {""w"": ""W3"", ""opp"": ""DEN"", ""v"": 390.0, ""cur"": true}, {""w"": ""W4"", ""opp"": ""PHI"", ""v"": 317.0, ""cur"": true}]",Under,0.4009474830529724,0.49468085106382975,0.4614859708206684,1.9,betonlineag,-0.12317665544073003,0.0,-0.09373336801085735,
Quinshon Judkins,RB,CLE,NYJ,player_rush_yds,58.5,56.7174207053799,17,,,1,True,00-0040784,2026-10-11T17:00:00Z,"[{""w"": ""25W15"", ""opp"": ""CHI"", ""v"": 21.0, ""cur"": false}, {""w"": ""25W16"", ""opp"": ""BUF"", ""v"": 22.0, ""cur"": false}, {""w"": ""W1"", ""opp"": ""JAX"", ""v"": 33.0, ""cur"": true}, {""w"": ""W2"", ""opp"": ""TB"", ""v"": 21.0, ""cur"": true}, {""w"": ""W3"", ""opp"": ""CAR"", ""v"": 70.0, ""cur"": true}, {""w"": ""W4"", ""opp"": ""PIT"", ""v"": 53.0, ""cur"": true}]",Over,0.4032647615974634,0.49333333333333335,0.4614535300439049,1.9,betmgm,-0.12323829291658078,0.0,-0.09006857173586996,
Geno Smith,QB,NYJ,CLE,player_pass_yds,206.5,196.5966131625516,17,,,4,True,00-0030565,2026-10-11T17:00:00Z,"[{""w"": ""25W16"", ""opp"": ""HOU"", ""v"": 201.0, ""cur"": false}, {""w"": ""25W17"", ""opp"": ""NYG"", ""v"": 176.0, ""cur"": false}, {""w"": ""W1"", ""opp"": ""TEN"", ""v"": 215.0, ""cur"": true}, {""w"": ""W2"", ""opp"": ""GB"", ""v"": 247.0, ""cur"": true}, {""w"": ""W3"", ""opp"": ""DET"", ""v"": 321.0, ""cur"": true}, {""w"": ""W4"", ""opp"": ""CHI"", ""v"": 119.0, ""cur"": true}]",Over,0.398087934732758,0.5,0.4638871286330594,1.89,draftkings,-0.1232533268835177,0.0,-0.101912065267242,
Jalen Hurts,QB,PHI,JAX,player_pass_yds,193.5,185.00567546131572,17,,,2,True,00-0036389,2026-10-11T13:30:00Z,"[{""w"": ""25W16"", ""opp"": ""WAS"", ""v"": 185.0, ""cur"": false}, {""w"": ""25W17"", ""opp"": ""BUF"", ""v"": 110.0, ""cur"": false}, {""w"": ""W1"", ""opp"": ""WAS"", ""v"": 203.0, ""cur"": true}, {""w"": ""W2"", ""opp"": ""TEN"", ""v"": 264.0, ""cur"": true}, {""w"": ""W3"", ""opp"": ""CHI"", ""v"": 153.0, ""cur"": true}, {""w"": ""W4"", ""opp"": ""LA"", ""v"": 93.0, ""cur"": true}]",Over,0.4022416978439167,0.5013297872340425,0.466254075457147,1.88,fanduel,-0.12344233814056377,0.0,-0.09908808939012581,
Jonathan Taylor,RB,IND,PIT,player_rush_yds,88.5,85.21759957182266,17,Limited,,2,True,00-0036223,2026-10-11T17:00:00Z,"[{""w"": ""25W17"", ""opp"": ""JAX"", ""v"": 70.0, ""cur"": false}, {""w"": ""25W18"", ""opp"": ""HOU"", ""v"": 26.0, ""cur"": false}, {""w"": ""W1"", ""opp"": ""BAL"", ""v"": 98.0, ""cur"": true}, {""w"": ""W2"", ""opp"": ""KC"", ""v"": 92.0, ""cur"": true}, {""w"": ""W3"", ""opp"": ""HOU"", ""v"": 68.0, ""cur"": true}, {""w"": ""W4"", ""opp"": ""WAS"", ""v"": 95.0, ""cur"": true}]",Over,0.40099123251326213,0.5020107238605898,0.46624145627792823,1.88,fanduel,-0.12346606219749495,0.0,-0.10101949134732763,
Devaughn Vele,WR,NO,MIN,player_reception_yds,36.5,49.72711024693077,13,,,5,True,00-0039424,2026-10-11T17:00:00Z,"[{""w"": ""25W14"", ""opp"": ""TB"", ""v"": 40.0, ""cur"": false}, {""w"": ""25W15"", ""opp"": ""CAR"", ""v"": 69.0, ""cur"": false}, {""w"": ""W1"", ""opp"": ""DET"", ""v"": 69.0, ""cur"": true}, {""w"": ""W2"", ""opp"": ""BAL"", ""v"": 64.0, ""cur"": true}, {""w"": ""W3"", ""opp"": ""LV"", ""v"": 39.0, ""cur"": true}, {""w"": ""W4"", ""opp"": ""ATL"", ""v"": 54.0, ""cur"": true}]",Under,0.3910688155917254,0.5,0.4613304757370204,1.9,betonlineag,-0.1234720960996612,0.0,-0.1089311844082746,
Marvin Mims Jr.,WR,DEN,LAC,player_reception_yds,14.5,16.43620585730451,17,,,1,True,00-0038976,2026-10-11T20:05:00Z,"[{""w"": ""25W15"", ""opp"": ""GB"", ""v"": 29.0, ""cur"": false}, {""w"": ""25W16"", ""opp"": ""JAX"", ""v"": 26.0, ""cur"": false}, {""w"": ""25W17"", ""opp"": ""KC"", ""v"": 10.0, ""cur"": false}, {""w"": ""25W18"", ""opp"": ""LAC"", ""v"": 10.0, ""cur"": false}, {""w"": ""W1"", ""opp"": ""KC"", ""v"": 0.0, ""cur"": true}, {""w"": ""W4"", ""opp"": ""SF"", ""v"": 10.0, ""cur"": true}]",Over,0.424524678754169,0.5080645161290323,0.47863561344384237,1.83,betrivers,-0.1240968273977685,0.0,-0.08353983737486326,
Kenny Gainwell,RB,TB,DAL,player_reception_yds,10.5,19.788061069719724,17,,,4,True,00-0036919,2026-10-09T00:15:00Z,"[{""w"": ""25W17"", ""opp"": ""CLE"", ""v"": 12.0, ""cur"": false}, {""w"": ""25W18"", ""opp"": ""BAL"", ""v"": 64.0, ""cur"": false}, {""w"": ""W1"", ""opp"": ""CIN"", ""v"": 3.0, ""cur"": true}, {""w"": ""W2"", ""opp"": ""CLE"", ""v"": 5.0, ""cur"": true}, {""w"": ""W3"", ""opp"": ""MIN"", ""v"": 14.0, ""cur"": true}, {""w"": ""W4"", ""opp"": ""GB"", ""v"": 22.0, ""cur"": true}]",Under,0.3960923286286299,0.5,0.4631616500687422,1.89,betonlineag,-0.12462448137007714,0.0,-0.10390767137137008,
Aaron Rodgers,QB,PIT,IND,player_pass_yds,226.5,255.2514991830369,17,,,1,True,00-0023459,2026-10-11T17:00:00Z,"[{""w"": ""25W17"", ""opp"": ""CLE"", ""v"": 168.0, ""cur"": false}, {""w"": ""25W18"", ""opp"": ""BAL"", ""v"": 294.0, ""cur"": false}, {""w"": ""W1"", ""opp"": ""ATL"", ""v"": 221.0, ""cur"": true}, {""w"": ""W2"", ""opp"": ""NE"", ""v"": 187.0, ""cur"": true}, {""w"": ""W3"", ""opp"": ""CIN"", ""v"": 292.0, ""cur"": true}, {""w"": ""W4"", ""opp"": ""CLE"", ""v"": 299.0, ""cur"": true}]",Under,0.4185177098526585,0.5106951871657754,0.4781914134154181,1.83,betmgm,-0.1249097134497848,0.0,-0.09217747731311693,
Aaron Jones,RB,MIN,NO,player_receptions,2.5,2.7331973471727364,16,Limited,,1,True,00-0033293,2026-10-11T17:00:00Z,"[{""w"": ""25W16"", ""opp"": ""NYG"", ""v"": 2.0, ""cur"": false}, {""w"": ""25W17"", ""opp"": ""DET"", ""v"": 3.0, ""cur"": false}, {""w"": ""W1"", ""opp"": ""GB"", ""v"": 0.0, ""cur"": true}, {""w"": ""W2"", ""opp"": ""CHI"", ""v"": 0.0, ""cur"": true}, {""w"": ""W3"", ""opp"": ""TB"", ""v"": 5.0, ""cur"": true}, {""w"": ""W4"", ""opp"": ""MIA"", ""v"": 4.0, ""cur"": true}]",Over,0.4865120607598494,0.5943152454780362,0.5570761485113123,1.57,fanduel,-0.1253904468372397,0.0,-0.10780318471818678,
Cade Otton,TE,TB,DAL,player_reception_yds,29.5,40.56474487940717,17,,,1,True,00-0038129,2026-10-09T00:15:00Z,"[{""w"": ""25W17"", ""opp"": ""MIA"", ""v"": 33.0, ""cur"": false}, {""w"": ""25W18"", ""opp"": ""CAR"", ""v"": 94.0, ""cur"": false}, {""w"": ""W1"", ""opp"": ""CIN"", ""v"": 26.0, ""cur"": true}, {""w"": ""W2"", ""opp"": ""CLE"", ""v"": 38.0, ""cur"": true}, {""w"": ""W3"", ""opp"": ""MIN"", ""v"": 56.0, ""cur"": true}, {""w"": ""W4"", ""opp"": ""GB"", ""v"": 37.0, ""cur"": true}]",Under,0.4017537042567649,0.5,0.46521698388207683,1.88,fanduel,-0.1253920703016957,0.0,-0.09824629574323512,
Nico Collins,WR,HOU,TEN,player_reception_yds,75.5,73.73896454453674,17,Limited,,1,True,00-0036554,2026-10-11T17:00:00Z,"[{""w"": ""25W14"", ""opp"": ""KC"", ""v"": 121.0, ""cur"": false}, {""w"": ""25W15"", ""opp"": ""ARI"", ""v"": 85.0, ""cur"": false}, {""w"": ""25W16"", ""opp"": ""LV"", ""v"": 59.0, ""cur"": false}, {""w"": ""25W17"", ""opp"": ""LAC"", ""v"": 57.0, ""cur"": false}, {""w"": ""W1"", ""opp"": ""BUF"", ""v"": 75.0, ""cur"": true}, {""w"": ""W4"", ""opp"": ""DAL"", ""v"": 118.0, ""cur"": true}]",Over,0.40827074185020856,0.5,0.4675726968162787,1.87,betmgm,-0.1256390569535587,0.0,-0.09172925814979144,
Jakobi Meyers,WR,JAX,PHI,player_reception_yds,42.5,40.84022109195565,17,Full,,1,True,00-0034960,2026-10-11T13:30:00Z,"[{""w"": ""25W17"", ""opp"": ""IND"", ""v"": 39.0, ""cur"": false}, {""w"": ""25W18"", ""opp"": ""TEN"", ""v"": 44.0, ""cur"": false}, {""w"": ""W1"", ""opp"": ""CLE"", ""v"": 40.0, ""cur"": true}, {""w"": ""W2"", ""opp"": ""DEN"", ""v"": 28.0, ""cur"": true}, {""w"": ""W3"", ""opp"": ""NE"", ""v"": 64.0, ""cur"": true}, {""w"": ""W4"", ""opp"": ""CIN"", ""v"": 33.0, ""cur"": true}]",Over,0.3971882611902144,0.49468085106382986,0.4601227726832339,1.9,betonlineag,-0.1257667319018555,0.0,-0.09749258987361548,
Matthew Stafford,QB,LA,BUF,player_pass_yds,284.5,328.5199119074335,17,,,1,True,00-0026498,2026-10-13T00:15:00Z,"[{""w"": ""25W17"", ""opp"": ""ATL"", ""v"": 269.0, ""cur"": false}, {""w"": ""25W18"", ""opp"": ""ARI"", ""v"": 259.0, ""cur"": false}, {""w"": ""W1"", ""opp"": ""SF"", ""v"": 155.0, ""cur"": true}, {""w"": ""W2"", ""opp"": ""NYG"", ""v"": 327.0, ""cur"": true}, {""w"": ""W3"", ""opp"": ""DEN"", ""v"": 390.0, ""cur"": true}, {""w"": ""W4"", ""opp"": ""PHI"", ""v"": 317.0, ""cur"": true}]",Under,0.4076672575786692,0.5,0.46735499624492893,1.87,betmgm,-0.12604615702198285,0.0,-0.09233274242133083,
Chris Rodriguez Jr.,RB,JAX,PHI,player_rush_yds,26.5,35.840363839376124,16,,,2,True,00-0038611,2026-10-11T13:30:00Z,"[{""w"": ""25W16"", ""opp"": ""PHI"", ""v"": 63.0, ""cur"": false}, {""w"": ""25W18"", ""opp"": ""PHI"", ""v"": 65.0, ""cur"": false}, {""w"": ""W1"", ""opp"": ""CLE"", ""v"": 23.0, ""cur"": true}, {""w"": ""W2"", ""opp"": ""DEN"", ""v"": 13.0, ""cur"": true}, {""w"": ""W3"", ""opp"": ""NE"", ""v"": 37.0, ""cur"": true}, {""w"": ""W4"", ""opp"": ""CIN"", ""v"": 35.0, ""cur"": true}]",Under,0.40060032885489244,0.5,0.46479894936808175,1.88,betonlineag,-0.12617797518800639,0.0,-0.09939967114510756,
Deshaun Watson,QB,CLE,NYJ,player_pass_yds,199.5,192.83718027906298,4,,,1,True,00-0033537,2026-10-11T17:00:00Z,"[{""w"": ""W1"", ""opp"": ""JAX"", ""v"": 205.0, ""cur"": true}, {""w"": ""W2"", ""opp"": ""TB"", ""v"": 238.0, ""cur"": true}, {""w"": ""W3"", ""opp"": ""CAR"", ""v"": 144.0, ""cur"": true}, {""w"": ""W4"", ""opp"": ""PIT"", ""v"": 268.0, ""cur"": true}]",Over,0.4141882320841799,0.5040214477211796,0.47230803979098585,1.85,betrivers,-0.1262301263866762,0.0,-0.08983321563699975,
Mike Evans,WR,SF,SEA,player_reception_yds,49.5,48.45332380438835,12,,,2,True,00-0031408,2026-10-11T20:25:00Z,"[{""w"": ""25W17"", ""opp"": ""MIA"", ""v"": 31.0, ""cur"": false}, {""w"": ""25W18"", ""opp"": ""CAR"", ""v"": 34.0, ""cur"": false}, {""w"": ""W1"", ""opp"": ""LA"", ""v"": 49.0, ""cur"": true}, {""w"": ""W2"", ""opp"": ""MIA"", ""v"": 54.0, ""cur"": true}, {""w"": ""W3"", ""opp"": ""ARI"", ""v"": 34.0, ""cur"": true}, {""w"": ""W4"", ""opp"": ""DEN"", ""v"": 76.0, ""cur"": true}]",Over,0.4015689598968108,0.49933333333333335,0.4647188453856637,1.88,betrivers,-0.12632857067495235,0.0,-0.09776437343652256,
Aaron Rodgers,QB,PIT,IND,player_pass_yds,222.5,255.2514991830369,17,,,1,True,00-0023459,2026-10-11T17:00:00Z,"[{""w"": ""25W17"", ""opp"": ""CLE"", ""v"": 168.0, ""cur"": false}, {""w"": ""25W18"", ""opp"": ""BAL"", ""v"": 294.0, ""cur"": false}, {""w"": ""W1"", ""opp"": ""ATL"", ""v"": 221.0, ""cur"": true}, {""w"": ""W2"", ""opp"": ""NE"", ""v"": 187.0, ""cur"": true}, {""w"": ""W3"", ""opp"": ""CIN"", ""v"": 292.0, ""cur"": true}, {""w"": ""W4"", ""opp"": ""CLE"", ""v"": 299.0, ""cur"": true}]",Under,0.4000781810907661,0.5,0.4646095850471597,1.88,fanduel,-0.12653398011133987,0.0,-0.0999218189092339,
Brock Bowers,TE,LV,NE,player_receptions,6.5,5.963779458851509,14,,,6,True,00-0039338,2026-10-11T17:00:00Z,"[{""w"": ""25W13"", ""opp"": ""LAC"", ""v"": 4.0, ""cur"": false}, {""w"": ""25W14"", ""opp"": ""DEN"", ""v"": 4.0, ""cur"": false}, {""w"": ""25W15"", ""opp"": ""PHI"", ""v"": 6.0, ""cur"": false}, {""w"": ""25W16"", ""opp"": ""HOU"", ""v"": 5.0, ""cur"": false}, {""w"": ""W3"", ""opp"": ""NO"", ""v"": 10.0, ""cur"": true}, {""w"": ""W4"", ""opp"": ""KC"", ""v"": 6.0, ""cur"": true}]",Over,0.38770558000212363,0.5265223143967237,0.47728673046934006,1.83,betmgm,-0.12656528324110772,0.0,-0.13881673439460007,
Colston Loveland,TE,CHI,GB,player_reception_yds,36.5,37.30436119377248,17,,,1,True,00-0040126,2026-10-11T17:00:00Z,"[{""w"": ""25W17"", ""opp"": ""SF"", ""v"": 94.0, ""cur"": false}, {""w"": ""25W18"", ""opp"": ""DET"", ""v"": 91.0, ""cur"": false}, {""w"": ""W1"", ""opp"": ""CAR"", ""v"": 0.0, ""cur"": true}, {""w"": ""W2"", ""opp"": ""MIN"", ""v"": 3.0, ""cur"": true}, {""w"": ""W3"", ""opp"": ""PHI"", ""v"": 31.0, ""cur"": true}, {""w"": ""W4"", ""opp"": ""NYJ"", ""v"": 57.0, ""cur"": true}]",Over,0.4026403230327361,0.4946524064171124,0.4620802562789574,1.89,betrivers,-0.12666831563277053,0.0,-0.09201208338437628,
Cade Otton,TE,TB,DAL,player_reception_yds,28.5,40.56474487940717,17,,,4,True,00-0038129,2026-10-09T00:15:00Z,"[{""w"": ""25W17"", ""opp"": ""MIA"", ""v"": 33.0, ""cur"": false}, {""w"": ""25W18"", ""opp"": ""CAR"", ""v"": 94.0, ""cur"": false}, {""w"": ""W1"", ""opp"": ""CIN"", ""v"": 26.0, ""cur"": true}, {""w"": ""W2"", ""opp"": ""CLE"", ""v"": 38.0, ""cur"": true}, {""w"": ""W3"", ""opp"": ""MIN"", ""v"": 56.0, ""cur"": true}, {""w"": ""W4"", ""opp"": ""GB"", ""v"": 37.0, ""cur"": true}]",Under,0.3834702025654889,0.5013297872340425,0.45940500208229695,1.9,draftkings,-0.12713049604363585,0.0,-0.11785958466855362,
Josh Cameron,WR,JAX,PHI,player_reception_yds,12.5,13.504524568416496,4,,,3,True,00-0041100,2026-10-11T13:30:00Z,"[{""w"": ""W1"", ""opp"": ""CLE"", ""v"": 20.0, ""cur"": true}, {""w"": ""W2"", ""opp"": ""DEN"", ""v"": 0.0, ""cur"": true}, {""w"": ""W3"", ""opp"": ""NE"", ""v"": 12.0, ""cur"": true}, {""w"": ""W4"", ""opp"": ""CIN"", ""v"": 42.0, ""cur"": true}]",Over,0.39908189367762464,0.5,0.4642480667367423,1.88,betonlineag,-0.12721363453492424,0.0,-0.10091810632237536,
Deshaun Watson,QB,CLE,NYJ,player_pass_yds,203.5,192.83718027906298,4,,,2,True,00-0033537,2026-10-11T17:00:00Z,"[{""w"": ""W1"", ""opp"": ""JAX"", ""v"": 205.0, ""cur"": true}, {""w"": ""W2"", ""opp"": ""TB"", ""v"": 238.0, ""cur"": true}, {""w"": ""W3"", ""opp"": ""CAR"", ""v"": 144.0, ""cur"": true}, {""w"": ""W4"", ""opp"": ""PIT"", ""v"": 268.0, ""cur"": true}]",Over,0.39382644377567605,0.49867021276595747,0.4614772304251408,1.89,betonlineag,-0.1278080344964838,0.0,-0.10484376899028142,
Drake Maye,QB,NE,LV,player_pass_yds,231.5,221.69974934467868,17,Full,,1,True,00-0039851,2026-10-11T17:00:00Z,"[{""w"": ""25W17"", ""opp"": ""NYJ"", ""v"": 256.0, ""cur"": false}, {""w"": ""25W18"", ""opp"": ""MIA"", ""v"": 191.0, ""cur"": false}, {""w"": ""W1"", ""opp"": ""SEA"", ""v"": 178.0, ""cur"": true}, {""w"": ""W2"", ""opp"": ""PIT"", ""v"": 208.0, ""cur"": true}, {""w"": ""W3"", ""opp"": ""JAX"", ""v"": 199.0, ""cur"": true}, {""w"": ""W4"", ""opp"": ""BUF"", ""v"": 269.0, ""cur"": true}]",Over,0.4047861394493985,0.5,0.4663144383334703,1.87,betmgm,-0.1279920003164105,0.0,-0.09521386055060149,
Geno Smith,QB,NYJ,CLE,player_pass_yds,203.5,196.5966131625516,17,,,1,True,00-0030565,2026-10-11T17:00:00Z,"[{""w"": ""25W16"", ""opp"": ""HOU"", ""v"": 201.0, ""cur"": false}, {""w"": ""25W17"", ""opp"": ""NYG"", ""v"": 176.0, ""cur"": false}, {""w"": ""W1"", ""opp"": ""TEN"", ""v"": 215.0, ""cur"": true}, {""w"": ""W2"", ""opp"": ""GB"", ""v"": 247.0, ""cur"": true}, {""w"": ""W3"", ""opp"": ""DET"", ""v"": 321.0, ""cur"": true}, {""w"": ""W4"", ""opp"": ""CHI"", ""v"": 119.0, ""cur"": true}]",Over,0.41152672989243283,0.5040214477211796,0.4713503795870434,1.85,betrivers,-0.1280017977639697,0.0,-0.0924947178287468,
Sam LaPorta,TE,DET,ARI,player_receptions,4.5,5.599264842145857,13,,,6,True,00-0039065,2026-10-11T20:25:00Z,"[{""w"": ""25W9"", ""opp"": ""MIN"", ""v"": 6.0, ""cur"": false}, {""w"": ""25W10"", ""opp"": ""WAS"", ""v"": 5.0, ""cur"": false}, {""w"": ""W1"", ""opp"": ""NO"", ""v"": 5.0, ""cur"": true}, {""w"": ""W2"", ""opp"": ""BUF"", ""v"": 6.0, ""cur"": true}, {""w"": ""W3"", ""opp"": ""NYJ"", ""v"": 3.0, ""cur"": true}, {""w"": ""W4"", ""opp"": ""CAR"", ""v"": 8.0, ""cur"": true}]",Under,0.3456931453021144,0.43569165059244974,0.403370299780149,2.16,fanduel,-0.12872015247487817,0.0,-0.08999850529033532,
Dalton Schultz,TE,HOU,TEN,player_reception_yds,38.5,41.6521080936423,17,,,1,True,00-0034383,2026-10-11T17:00:00Z,"[{""w"": ""25W17"", ""opp"": ""LAC"", ""v"": 19.0, ""cur"": false}, {""w"": ""25W18"", ""opp"": ""IND"", ""v"": 73.0, ""cur"": false}, {""w"": ""W1"", ""opp"": ""BUF"", ""v"": 35.0, ""cur"": true}, {""w"": ""W2"", ""opp"": ""CIN"", ""v"": 140.0, ""cur"": true}, {""w"": ""W3"", ""opp"": ""IND"", ""v"": 30.0, ""cur"": true}, {""w"": ""W4"", ""opp"": ""DAL"", ""v"": 9.0, ""cur"": true}]",Over,0.41494027044308934,0.5093833780160857,0.4760550485268123,1.83,betmgm,-0.1288192611959335,0.0,-0.09444310757299634,
Jared Goff,QB,DET,ARI,player_pass_yds,283.5,324.9867757027896,17,,,1,True,00-0033106,2026-10-11T20:25:00Z,"[{""w"": ""25W17"", ""opp"": ""MIN"", ""v"": 197.0, ""cur"": false}, {""w"": ""25W18"", ""opp"": ""CHI"", ""v"": 331.0, ""cur"": false}, {""w"": ""W1"", ""opp"": ""NO"", ""v"": 206.0, ""cur"": true}, {""w"": ""W2"", ""opp"": ""BUF"", ""v"": 327.0, ""cur"": true}, {""w"": ""W3"", ""opp"": ""NYJ"", ""v"": 269.0, ""cur"": true}, {""w"": ""W4"", ""opp"": ""CAR"", ""v"": 412.0, ""cur"": true}]",Under,0.4035447772850572,0.5,0.46586546582424504,1.87,betmgm,-0.1288315789086617,0.0,-0.09645522271494278,
Najee Harris,RB,NYG,WAS,player_rush_yds,28.5,27.76248410151595,6,Did Not Participate In Practice,,2,True,00-0036893,2026-10-11T17:00:00Z,"[{""w"": ""25W1"", ""opp"": ""KC"", ""v"": 5.0, ""cur"": false}, {""w"": ""25W2"", ""opp"": ""LV"", ""v"": 28.0, ""cur"": false}, {""w"": ""25W3"", ""opp"": ""DEN"", ""v"": 28.0, ""cur"": false}, {""w"": ""W2"", ""opp"": ""LA"", ""v"": 6.0, ""cur"": true}, {""w"": ""W3"", ""opp"": ""TEN"", ""v"": 52.0, ""cur"": true}, {""w"": ""W4"", ""opp"": ""ARI"", ""v"": 30.0, ""cur"": true}]",Over,0.3964173601178716,0.5,0.46327988586542124,1.88,betonlineag,-0.1290338145730081,0.0,-0.1035826398821284,
Courtland Sutton,WR,DEN,LAC,player_reception_yds,39.5,40.06841819603555,17,,,1,True,00-0034348,2026-10-11T20:05:00Z,"[{""w"": ""25W17"", ""opp"": ""KC"", ""v"": 40.0, ""cur"": false}, {""w"": ""25W18"", ""opp"": ""LAC"", ""v"": 5.0, ""cur"": false}, {""w"": ""W1"", ""opp"": ""KC"", ""v"": 11.0, ""cur"": true}, {""w"": ""W2"", ""opp"": ""JAX"", ""v"": 25.0, ""cur"": true}, {""w"": ""W3"", ""opp"": ""LA"", ""v"": 46.0, ""cur"": true}, {""w"": ""W4"", ""opp"": ""SF"", ""v"": 4.0, ""cur"": true}]",Over,0.4031287331197321,0.5,0.4657149047803748,1.87,betmgm,-0.12911312806069908,0.0,-0.09687126688026793,
Jared Goff,QB,DET,ARI,player_pass_yds,280.5,324.9867757027896,17,,,2,True,00-0033106,2026-10-11T20:25:00Z,"[{""w"": ""25W17"", ""opp"": ""MIN"", ""v"": 197.0, ""cur"": false}, {""w"": ""25W18"", ""opp"": ""CHI"", ""v"": 331.0, ""cur"": false}, {""w"": ""W1"", ""opp"": ""NO"", ""v"": 206.0, ""cur"": true}, {""w"": ""W2"", ""opp"": ""BUF"", ""v"": 327.0, ""cur"": true}, {""w"": ""W3"", ""opp"": ""NYJ"", ""v"": 269.0, ""cur"": true}, {""w"": ""W4"", ""opp"": ""CAR"", ""v"": 412.0, ""cur"": true}]",Under,0.39281317621952183,0.5013297872340425,0.46282662250241335,1.88,fanduel,-0.12988594969546297,0.0,-0.1085166110145207,
Jared Goff,QB,DET,ARI,player_pass_yds,282.5,324.9867757027896,17,,,1,True,00-0033106,2026-10-11T20:25:00Z,"[{""w"": ""25W17"", ""opp"": ""MIN"", ""v"": 197.0, ""cur"": false}, {""w"": ""25W18"", ""opp"": ""CHI"", ""v"": 331.0, ""cur"": false}, {""w"": ""W1"", ""opp"": ""NO"", ""v"": 206.0, ""cur"": true}, {""w"": ""W2"", ""opp"": ""BUF"", ""v"": 327.0, ""cur"": true}, {""w"": ""W3"", ""opp"": ""NYJ"", ""v"": 269.0, ""cur"": true}, {""w"": ""W4"", ""opp"": ""CAR"", ""v"": 412.0, ""cur"": true}]",Under,0.39996762891332405,0.5,0.4645694824873469,1.87,betrivers,-0.13125506774866114,0.0,-0.10003237108667595,
Nico Collins,WR,HOU,TEN,player_reception_yds,76.5,73.73896454453674,17,Limited,,1,True,00-0036554,2026-10-11T17:00:00Z,"[{""w"": ""25W14"", ""opp"": ""KC"", ""v"": 121.0, ""cur"": false}, {""w"": ""25W15"", ""opp"": ""ARI"", ""v"": 85.0, ""cur"": false}, {""w"": ""25W16"", ""opp"": ""LV"", ""v"": 59.0, ""cur"": false}, {""w"": ""25W17"", ""opp"": ""LAC"", ""v"": 57.0, ""cur"": false}, {""w"": ""W1"", ""opp"": ""BUF"", ""v"": 75.0, ""cur"": true}, {""w"": ""W4"", ""opp"": ""DAL"", ""v"": 118.0, ""cur"": true}]",Over,0.39929075359947996,0.5079787234042553,0.46948771822103047,1.85,betonlineag,-0.13144772129109367,0.0,-0.10868796980477535,
Jared Goff,QB,DET,ARI,player_pass_yds,278.5,324.9867757027896,17,,,2,True,00-0033106,2026-10-11T20:25:00Z,"[{""w"": ""25W17"", ""opp"": ""MIN"", ""v"": 197.0, ""cur"": false}, {""w"": ""25W18"", ""opp"": ""CHI"", ""v"": 331.0, ""cur"": false}, {""w"": ""W1"", ""opp"": ""NO"", ""v"": 206.0, ""cur"": true}, {""w"": ""W2"", ""opp"": ""BUF"", ""v"": 327.0, ""cur"": true}, {""w"": ""W3"", ""opp"": ""NYJ"", ""v"": 269.0, ""cur"": true}, {""w"": ""W4"", ""opp"": ""CAR"", ""v"": 412.0, ""cur"": true}]",Under,0.3856604926023236,0.5,0.45935076277201753,1.89,draftkings,-0.13182705836088698,0.0,-0.1143395073976764,
Ashton Jeanty,RB,LV,NE,player_receptions,3.5,4.2327547340837635,17,,,6,True,00-0040122,2026-10-11T17:00:00Z,"[{""w"": ""25W17"", ""opp"": ""NYG"", ""v"": 2.0, ""cur"": false}, {""w"": ""25W18"", ""opp"": ""KC"", ""v"": 3.0, ""cur"": false}, {""w"": ""W1"", ""opp"": ""MIA"", ""v"": 6.0, ""cur"": true}, {""w"": ""W2"", ""opp"": ""LAC"", ""v"": 4.0, ""cur"": true}, {""w"": ""W3"", ""opp"": ""NO"", ""v"": 3.0, ""cur"": true}, {""w"": ""W4"", ""opp"": ""KC"", ""v"": 6.0, ""cur"": true}]",Under,0.3973546531164208,0.5166418439716312,0.474399880512405,1.83,bovada,-0.1318482186622988,0.0,-0.11928719085521033,
George Pickens,WR,DAL,TB,player_reception_yds,63.5,61.607842750002966,17,,,2,True,00-0037247,2026-10-09T00:15:00Z,"[{""w"": ""25W17"", ""opp"": ""WAS"", ""v"": 78.0, ""cur"": false}, {""w"": ""25W18"", ""opp"": ""NYG"", ""v"": 9.0, ""cur"": false}, {""w"": ""W1"", ""opp"": ""NYG"", ""v"": 28.0, ""cur"": true}, {""w"": ""W2"", ""opp"": ""WAS"", ""v"": 40.0, ""cur"": true}, {""w"": ""W3"", ""opp"": ""BAL"", ""v"": 82.0, ""cur"": true}, {""w"": ""W4"", ""opp"": ""HOU"", ""v"": 75.0, ""cur"": true}]",Over,0.39195268749339146,0.5,0.4616531892943638,1.88,betonlineag,-0.1320920041265961,0.0,-0.10804731250660854,
Bucky Irving,RB,TB,DAL,player_reception_yds,14.5,17.092400208763898,14,,,1,True,00-0039361,2026-10-09T00:15:00Z,"[{""w"": ""25W17"", ""opp"": ""MIA"", ""v"": 14.0, ""cur"": false}, {""w"": ""25W18"", ""opp"": ""CAR"", ""v"": 13.0, ""cur"": false}, {""w"": ""W1"", ""opp"": ""CIN"", ""v"": 48.0, ""cur"": true}, {""w"": ""W2"", ""opp"": ""CLE"", ""v"": 1.0, ""cur"": true}, {""w"": ""W3"", ""opp"": ""MIN"", ""v"": 12.0, ""cur"": true}, {""w"": ""W4"", ""opp"": ""GB"", ""v"": 0.0, ""cur"": true}]",Over,0.4046397215294363,0.5040214477211796,0.46886449249194134,1.85,betrivers,-0.1326006888899084,0.0,-0.09938172619174335,
Keaton Mitchell,RB,LAC,DEN,player_rush_yds,29.5,29.076211969222424,17,,,1,True,00-0038454,2026-10-11T20:05:00Z,"[{""w"": ""25W17"", ""opp"": ""GB"", ""v"": 31.0, ""cur"": false}, {""w"": ""25W18"", ""opp"": ""PIT"", ""v"": 2.0, ""cur"": false}, {""w"": ""W1"", ""opp"": ""ARI"", ""v"": 9.0, ""cur"": true}, {""w"": ""W2"", ""opp"": ""LV"", ""v"": 24.0, ""cur"": true}, {""w"": ""W3"", ""opp"": ""BUF"", ""v"": 52.0, ""cur"": true}, {""w"": ""W4"", ""opp"": ""SEA"", ""v"": 39.0, ""cur"": true}]",Over,0.396612708527859,0.5079787234042553,0.4685134180630704,1.85,betonlineag,-0.13325017658331978,0.0,-0.1113660148763963,
Gunnar Helm,TE,TEN,HOU,player_reception_yds,18.5,18.150908081012588,17,,,1,True,00-0040584,2026-10-11T17:00:00Z,"[{""w"": ""25W16"", ""opp"": ""KC"", ""v"": 9.0, ""cur"": false}, {""w"": ""25W17"", ""opp"": ""NO"", ""v"": 1.0, ""cur"": false}, {""w"": ""W1"", ""opp"": ""NYJ"", ""v"": 28.0, ""cur"": true}, {""w"": ""W2"", ""opp"": ""PHI"", ""v"": 13.0, ""cur"": true}, {""w"": ""W3"", ""opp"": ""NYG"", ""v"": 14.0, ""cur"": true}, {""w"": ""W4"", ""opp"": ""BAL"", ""v"": 5.0, ""cur"": true}]",Over,0.3935668096526272,0.49061662198391415,0.4561827011757619,1.9,betmgm,-0.1332528677660525,0.0,-0.09704981233128696,
Daniel Jones,QB,IND,PIT,player_pass_yds,214.5,203.8109108275874,17,,,1,True,00-0035710,2026-10-11T17:00:00Z,"[{""w"": ""25W13"", ""opp"": ""HOU"", ""v"": 201.0, ""cur"": false}, {""w"": ""25W14"", ""opp"": ""JAX"", ""v"": 60.0, ""cur"": false}, {""w"": ""W1"", ""opp"": ""BAL"", ""v"": 166.0, ""cur"": true}, {""w"": ""W2"", ""opp"": ""KC"", ""v"": 210.0, ""cur"": true}, {""w"": ""W3"", ""opp"": ""HOU"", ""v"": 235.0, ""cur"": true}, {""w"": ""W4"", ""opp"": ""WAS"", ""v"": 143.0, ""cur"": true}]",Over,0.39662860035730535,0.5,0.4633567125062993,1.87,betmgm,-0.1335229476132203,0.0,-0.10337139964269465,
Josh Allen,QB,BUF,LA,player_pass_yds,244.5,229.34733615247436,17,,,3,True,00-0034857,2026-10-13T00:15:00Z,"[{""w"": ""25W16"", ""opp"": ""CLE"", ""v"": 130.0, ""cur"": false}, {""w"": ""25W17"", ""opp"": ""PHI"", ""v"": 262.0, ""cur"": false}, {""w"": ""W1"", ""opp"": ""HOU"", ""v"": 334.0, ""cur"": true}, {""w"": ""W2"", ""opp"": ""DET"", ""v"": 248.0, ""cur"": true}, {""w"": ""W3"", ""opp"": ""LAC"", ""v"": 204.0, ""cur"": true}, {""w"": ""W4"", ""opp"": ""NE"", ""v"": 253.0, ""cur"": true}]",Over,0.3830839801936028,0.5,0.45840447428030473,1.89,draftkings,-0.1336155436102241,0.0,-0.11691601980639721,
Nico Collins,WR,HOU,TEN,player_receptions,5.5,5.070089594048165,17,Limited,,5,True,00-0036554,2026-10-11T17:00:00Z,"[{""w"": ""25W14"", ""opp"": ""KC"", ""v"": 4.0, ""cur"": false}, {""w"": ""25W15"", ""opp"": ""ARI"", ""v"": 3.0, ""cur"": false}, {""w"": ""25W16"", ""opp"": ""LV"", ""v"": 4.0, ""cur"": false}, {""w"": ""25W17"", ""opp"": ""LAC"", ""v"": 3.0, ""cur"": false}, {""w"": ""W1"", ""opp"": ""BUF"", ""v"": 7.0, ""cur"": true}, {""w"": ""W4"", ""opp"": ""DAL"", ""v"": 7.0, ""cur"": true}]",Over,0.3957057200558472,0.5158730158730157,0.4732996835121583,1.83,betonlineag,-0.13386157917275027,0.0,-0.1201672958171685,
Deebo Samuel,WR,SF,SEA,player_receptions,3.5,3.0337636761265534,17,,,5,True,00-0035719,2026-10-11T20:25:00Z,"[{""w"": ""25W17"", ""opp"": ""DAL"", ""v"": 2.0, ""cur"": false}, {""w"": ""25W18"", ""opp"": ""PHI"", ""v"": 2.0, ""cur"": false}, {""w"": ""W1"", ""opp"": ""LA"", ""v"": 6.0, ""cur"": true}, {""w"": ""W2"", ""opp"": ""MIA"", ""v"": 3.0, ""cur"": true}, {""w"": ""W3"", ""opp"": ""ARI"", ""v"": 0.0, ""cur"": true}, {""w"": ""W4"", ""opp"": ""DEN"", ""v"": 5.0, ""cur"": true}]",Over,0.35600991605165955,0.48275862068965525,0.43725771138427916,1.98,fanduel,-0.13422973145912726,0.0,-0.1267487046379957,
Nico Collins,WR,HOU,TEN,player_reception_yds,78.5,73.73896454453674,17,Limited,,2,True,00-0036554,2026-10-11T17:00:00Z,"[{""w"": ""25W14"", ""opp"": ""KC"", ""v"": 121.0, ""cur"": false}, {""w"": ""25W15"", ""opp"": ""ARI"", ""v"": 85.0, ""cur"": false}, {""w"": ""25W16"", ""opp"": ""LV"", ""v"": 59.0, ""cur"": false}, {""w"": ""25W17"", ""opp"": ""LAC"", ""v"": 57.0, ""cur"": false}, {""w"": ""W1"", ""opp"": ""BUF"", ""v"": 75.0, ""cur"": true}, {""w"": ""W4"", ""opp"": ""DAL"", ""v"": 118.0, ""cur"": true}]",Over,0.3817220827114385,0.5,0.4579034328483042,1.89,draftkings,-0.13456251191670504,0.0,-0.11827791728856152,
Sam Darnold,QB,SEA,SF,player_rush_yds,4.5,7.570815895524525,17,,,4,True,00-0034869,2026-10-11T20:25:00Z,"[{""w"": ""25W16"", ""opp"": ""LA"", ""v"": 7.0, ""cur"": false}, {""w"": ""25W17"", ""opp"": ""CAR"", ""v"": 2.0, ""cur"": false}, {""w"": ""25W18"", ""opp"": ""SF"", ""v"": 9.0, ""cur"": false}, {""w"": ""W1"", ""opp"": ""NE"", ""v"": 0.0, ""cur"": true}, {""w"": ""W3"", ""opp"": ""WAS"", ""v"": 5.0, ""cur"": true}, {""w"": ""W4"", ""opp"": ""LAC"", ""v"": 6.0, ""cur"": true}]",Under,0.3764629747636686,0.4880034702468996,0.4482354111326187,1.93,betonlineag,-0.13490565651404585,0.0,-0.11154049548323103,
George Kittle,TE,SF,SEA,player_reception_yds,52.5,50.27796864274037,15,,,3,True,00-0033288,2026-10-11T20:25:00Z,"[{""w"": ""25W16"", ""opp"": ""IND"", ""v"": 115.0, ""cur"": false}, {""w"": ""25W18"", ""opp"": ""SEA"", ""v"": 29.0, ""cur"": false}, {""w"": ""W1"", ""opp"": ""LA"", ""v"": 12.0, ""cur"": true}, {""w"": ""W2"", ""opp"": ""MIA"", ""v"": 80.0, ""cur"": true}, {""w"": ""W3"", ""opp"": ""ARI"", ""v"": 82.0, ""cur"": true}, {""w"": ""W4"", ""opp"": ""DEN"", ""v"": 70.0, ""cur"": true}]",Over,0.3851632749403739,0.5,0.4591683091771366,1.88,draftkings,-0.1367635787469833,0.0,-0.11483672505962611,
Kyren Williams,RB,LA,BUF,player_receptions,2.5,4.5655349596732515,17,,,6,True,00-0037840,2026-10-13T00:15:00Z,"[{""w"": ""25W17"", ""opp"": ""ATL"", ""v"": 3.0, ""cur"": false}, {""w"": ""25W18"", ""opp"": ""ARI"", ""v"": 3.0, ""cur"": false}, {""w"": ""W1"", ""opp"": ""SF"", ""v"": 3.0, ""cur"": true}, {""w"": ""W2"", ""opp"": ""NYG"", ""v"": 2.0, ""cur"": true}, {""w"": ""W3"", ""opp"": ""DEN"", ""v"": 6.0, ""cur"": true}, {""w"": ""W4"", ""opp"": ""PHI"", ""v"": 10.0, ""cur"": true}]",Under,0.29116973058616685,0.424300371544466,0.37525394284734126,2.3,bovada,-0.1369159314511152,0.0,-0.13313064095829913,
Josh Allen,QB,BUF,LA,player_pass_yds,242.5,229.34733615247436,17,,,1,True,00-0034857,2026-10-13T00:15:00Z,"[{""w"": ""25W16"", ""opp"": ""CLE"", ""v"": 130.0, ""cur"": false}, {""w"": ""25W17"", ""opp"": ""PHI"", ""v"": 262.0, ""cur"": false}, {""w"": ""W1"", ""opp"": ""HOU"", ""v"": 334.0, ""cur"": true}, {""w"": ""W2"", ""opp"": ""DET"", ""v"": 248.0, ""cur"": true}, {""w"": ""W3"", ""opp"": ""LAC"", ""v"": 204.0, ""cur"": true}, {""w"": ""W4"", ""opp"": ""NE"", ""v"": 253.0, ""cur"": true}]",Over,0.39164686353962763,0.5,0.4615415545716785,1.87,betmgm,-0.1369172929509611,0.0,-0.10835313646037237,
Matthew Stafford,QB,LA,BUF,player_pass_yds,277.5,328.5199119074335,17,,,1,True,00-0026498,2026-10-13T00:15:00Z,"[{""w"": ""25W17"", ""opp"": ""ATL"", ""v"": 269.0, ""cur"": false}, {""w"": ""25W18"", ""opp"": ""ARI"", ""v"": 259.0, ""cur"": false}, {""w"": ""W1"", ""opp"": ""SF"", ""v"": 155.0, ""cur"": true}, {""w"": ""W2"", ""opp"": ""NYG"", ""v"": 327.0, ""cur"": true}, {""w"": ""W3"", ""opp"": ""DEN"", ""v"": 390.0, ""cur"": true}, {""w"": ""W4"", ""opp"": ""PHI"", ""v"": 317.0, ""cur"": true}]",Under,0.3841399612418926,0.5,0.4587925621746556,1.88,fanduel,-0.13746998311164754,0.0,-0.11586003875810741,
Brock Purdy,QB,SF,SEA,player_pass_yds,226.5,213.8764436982597,13,,,2,True,00-0037834,2026-10-11T20:25:00Z,"[{""w"": ""25W17"", ""opp"": ""CHI"", ""v"": 303.0, ""cur"": false}, {""w"": ""25W18"", ""opp"": ""SEA"", ""v"": 127.0, ""cur"": false}, {""w"": ""W1"", ""opp"": ""LA"", ""v"": 205.0, ""cur"": true}, {""w"": ""W2"", ""opp"": ""MIA"", ""v"": 287.0, ""cur"": true}, {""w"": ""W3"", ""opp"": ""ARI"", ""v"": 297.0, ""cur"": true}, {""w"": ""W4"", ""opp"": ""DEN"", ""v"": 218.0, ""cur"": true}]",Over,0.3899922664498958,0.5,0.4609371041030387,1.87,betmgm,-0.13804761532731763,0.0,-0.11000773355010418,
Josh Allen,QB,BUF,LA,player_pass_yds,243.5,229.34733615247436,17,,,1,True,00-0034857,2026-10-13T00:15:00Z,"[{""w"": ""25W16"", ""opp"": ""CLE"", ""v"": 130.0, ""cur"": false}, {""w"": ""25W17"", ""opp"": ""PHI"", ""v"": 262.0, ""cur"": false}, {""w"": ""W1"", ""opp"": ""HOU"", ""v"": 334.0, ""cur"": true}, {""w"": ""W2"", ""opp"": ""DET"", ""v"": 248.0, ""cur"": true}, {""w"": ""W3"", ""opp"": ""LAC"", ""v"": 204.0, ""cur"": true}, {""w"": ""W4"", ""opp"": ""NE"", ""v"": 253.0, ""cur"": true}]",Over,0.38735273797505754,0.5053191489361702,0.46340842374566943,1.86,betonlineag,-0.13806033183305477,0.0,-0.11796641096111271,
Marvin Harrison Jr.,WR,ARI,DET,player_reception_yds,34.5,33.92502030291295,16,,,3,True,00-0039849,2026-10-11T20:25:00Z,"[{""w"": ""25W16"", ""opp"": ""ATL"", ""v"": 14.0, ""cur"": false}, {""w"": ""25W17"", ""opp"": ""CIN"", ""v"": 0.0, ""cur"": false}, {""w"": ""W1"", ""opp"": ""LAC"", ""v"": 33.0, ""cur"": true}, {""w"": ""W2"", ""opp"": ""SEA"", ""v"": 0.0, ""cur"": true}, {""w"": ""W3"", ""opp"": ""SF"", ""v"": 40.0, ""cur"": true}, {""w"": ""W4"", ""opp"": ""NYG"", ""v"": 12.0, ""cur"": true}]",Over,0.38236409271381233,0.5,0.45813970215165045,1.88,betonlineag,-0.13869735995489718,0.0,-0.11763590728618767,
Gunnar Helm,TE,TEN,HOU,player_receptions,2.5,2.112064845453244,17,,,2,True,00-0040584,2026-10-11T17:00:00Z,"[{""w"": ""25W16"", ""opp"": ""KC"", ""v"": 2.0, ""cur"": false}, {""w"": ""25W17"", ""opp"": ""NO"", ""v"": 1.0, ""cur"": false}, {""w"": ""W1"", ""opp"": ""NYJ"", ""v"": 4.0, ""cur"": true}, {""w"": ""W2"", ""opp"": ""PHI"", ""v"": 2.0, ""cur"": true}, {""w"": ""W3"", ""opp"": ""NYG"", ""v"": 2.0, ""cur"": true}, {""w"": ""W4"", ""opp"": ""BAL"", ""v"": 1.0, ""cur"": true}]",Over,0.3536032050524398,0.4840703958351017,0.43719242708670547,1.97,draftkings,-0.13873091863919024,0.0,-0.1304671907826619,
Bo Nix,QB,DEN,LAC,player_rush_yds,15.5,15.731155219984846,17,,,1,True,00-0039732,2026-10-11T20:05:00Z,"[{""w"": ""25W17"", ""opp"": ""KC"", ""v"": 42.0, ""cur"": false}, {""w"": ""25W18"", ""opp"": ""LAC"", ""v"": 49.0, ""cur"": false}, {""w"": ""W1"", ""opp"": ""KC"", ""v"": 2.0, ""cur"": true}, {""w"": ""W2"", ""opp"": ""JAX"", ""v"": 6.0, ""cur"": true}, {""w"": ""W3"", ""opp"": ""LA"", ""v"": 7.0, ""cur"": true}, {""w"": ""W4"", ""opp"": ""SF"", ""v"": 10.0, ""cur"": true}]",Over,0.38976132809062247,0.49193548387096786,0.45564688475736065,1.89,betrivers,-0.1388273878085884,0.0,-0.10217415578034539,
Kyren Williams,RB,LA,BUF,player_reception_yds,20.5,37.27972414028575,17,,,2,True,00-0037840,2026-10-13T00:15:00Z,"[{""w"": ""25W17"", ""opp"": ""ATL"", ""v"": 38.0, ""cur"": false}, {""w"": ""25W18"", ""opp"": ""ARI"", ""v"": 21.0, ""cur"": false}, {""w"": ""W1"", ""opp"": ""SF"", ""v"": 24.0, ""cur"": true}, {""w"": ""W2"", ""opp"": ""NYG"", ""v"": 12.0, ""cur"": true}, {""w"": ""W3"", ""opp"": ""DEN"", ""v"": 70.0, ""cur"": true}, {""w"": ""W4"", ""opp"": ""PHI"", ""v"": 67.0, ""cur"": true}]",Under,0.3783406374135637,0.5019788918205804,0.45793369477906587,1.88,draftkings,-0.13908465381535623,0.0,-0.1236382544070167,
Kayshon Boutte,WR,HOU,TEN,player_receptions,2.5,1.9909109936694207,17,,,2,True,00-0038608,2026-10-11T17:00:00Z,"[{""w"": ""25W16"", ""opp"": ""BAL"", ""v"": 1.0, ""cur"": false}, {""w"": ""25W18"", ""opp"": ""MIA"", ""v"": 2.0, ""cur"": false}, {""w"": ""W1"", ""opp"": ""BUF"", ""v"": 1.0, ""cur"": true}, {""w"": ""W2"", ""opp"": ""CIN"", ""v"": 3.0, ""cur"": true}, {""w"": ""W3"", ""opp"": ""IND"", ""v"": 2.0, ""cur"": true}, {""w"": ""W4"", ""opp"": ""DAL"", ""v"": 3.0, ""cur"": true}]",Over,0.32086359706769035,0.41763565891472865,0.38259493158358,2.25,draftkings,-0.1391614039369451,0.0,-0.0967720618470383,
Najee Harris,RB,NYG,WAS,player_rush_yds,29.5,27.76248410151595,6,Did Not Participate In Practice,,1,True,00-0036893,2026-10-11T17:00:00Z,"[{""w"": ""25W1"", ""opp"": ""KC"", ""v"": 5.0, ""cur"": false}, {""w"": ""25W2"", ""opp"": ""LV"", ""v"": 28.0, ""cur"": false}, {""w"": ""25W3"", ""opp"": ""DEN"", ""v"": 28.0, ""cur"": false}, {""w"": ""W2"", ""opp"": ""LA"", ""v"": 6.0, ""cur"": true}, {""w"": ""W3"", ""opp"": ""TEN"", ""v"": 52.0, ""cur"": true}, {""w"": ""W4"", ""opp"": ""ARI"", ""v"": 30.0, ""cur"": true}]",Over,0.37651639671562465,0.5065963060686015,0.46024039499626496,1.87,draftkings,-0.13935046135698442,0.0,-0.13007990935297686,
Christian McCaffrey,RB,SF,SEA,player_reception_yds,35.5,33.46043979411575,17,,,4,True,00-0033280,2026-10-11T20:25:00Z,"[{""w"": ""25W17"", ""opp"": ""CHI"", ""v"": 41.0, ""cur"": false}, {""w"": ""25W18"", ""opp"": ""SEA"", ""v"": 34.0, ""cur"": false}, {""w"": ""W1"", ""opp"": ""LA"", ""v"": 20.0, ""cur"": true}, {""w"": ""W2"", ""opp"": ""MIA"", ""v"": 43.0, ""cur"": true}, {""w"": ""W3"", ""opp"": ""ARI"", ""v"": 41.0, ""cur"": true}, {""w"": ""W4"", ""opp"": ""DEN"", ""v"": 18.0, ""cur"": true}]",Over,0.37846660606944066,0.5013297872340425,0.4575613109780482,1.88,betrivers,-0.13978473536126945,0.0,-0.12286318116460188,
MarShawn Lloyd,RB,GB,CHI,player_rush_yds,28.5,26.90868348661148,4,,,1,True,00-0039811,2026-10-11T17:00:00Z,"[{""w"": ""W1"", ""opp"": ""MIN"", ""v"": 37.0, ""cur"": true}, {""w"": ""W2"", ""opp"": ""NYJ"", ""v"": 20.0, ""cur"": true}, {""w"": ""W3"", ""opp"": ""ATL"", ""v"": 11.0, ""cur"": true}, {""w"": ""W4"", ""opp"": ""TB"", ""v"": 13.0, ""cur"": true}]",Over,0.3804958702686822,0.5,0.4574517975691009,1.88,fanduel,-0.13999062057009032,0.0,-0.1195041297313178,
Kyren Williams,RB,LA,BUF,player_reception_yds,21.5,37.27972414028575,17,,,1,True,00-0037840,2026-10-13T00:15:00Z,"[{""w"": ""25W17"", ""opp"": ""ATL"", ""v"": 38.0, ""cur"": false}, {""w"": ""25W18"", ""opp"": ""ARI"", ""v"": 21.0, ""cur"": false}, {""w"": ""W1"", ""opp"": ""SF"", ""v"": 24.0, ""cur"": true}, {""w"": ""W2"", ""opp"": ""NYG"", ""v"": 12.0, ""cur"": true}, {""w"": ""W3"", ""opp"": ""DEN"", ""v"": 70.0, ""cur"": true}, {""w"": ""W4"", ""opp"": ""PHI"", ""v"": 67.0, ""cur"": true}]",Under,0.3953074689600967,0.5106951871657754,0.4697973254460324,1.83,betmgm,-0.14027089443376067,0.0,-0.11538771820567872,
Emeka Egbuka,WR,TB,DAL,player_receptions,2.5,3.6416160824863915,17,,,1,True,00-0040129,2026-10-09T00:15:00Z,"[{""w"": ""25W17"", ""opp"": ""MIA"", ""v"": 3.0, ""cur"": false}, {""w"": ""25W18"", ""opp"": ""CAR"", ""v"": 1.0, ""cur"": false}, {""w"": ""W1"", ""opp"": ""CIN"", ""v"": 5.0, ""cur"": true}, {""w"": ""W2"", ""opp"": ""CLE"", ""v"": 3.0, ""cur"": true}, {""w"": ""W3"", ""opp"": ""MIN"", ""v"": 5.0, ""cur"": true}, {""w"": ""W4"", ""opp"": ""GB"", ""v"": 2.0, ""cur"": true}]",Under,0.29546070730953267,0.38035264483627207,0.349466181529294,2.46,fanduel,-0.1403131934379368,0.0,-0.0848919375267394,
Malik Nabers,WR,NYG,WAS,player_reception_yds,54.5,53.68610652265828,8,Did Not Participate In Practice,,1,True,00-0039337,2026-10-11T17:00:00Z,"[{""w"": ""25W3"", ""opp"": ""KC"", ""v"": 13.0, ""cur"": false}, {""w"": ""25W4"", ""opp"": ""LAC"", ""v"": 20.0, ""cur"": false}, {""w"": ""W1"", ""opp"": ""DAL"", ""v"": 69.0, ""cur"": true}, {""w"": ""W2"", ""opp"": ""LA"", ""v"": 1.0, ""cur"": true}, {""w"": ""W3"", ""opp"": ""TEN"", ""v"": 26.0, ""cur"": true}, {""w"": ""W4"", ""opp"": ""ARI"", ""v"": 112.0, ""cur"": true}]",Over,0.37937971711894325,0.5,0.45704027160453203,1.88,fanduel,-0.1407642893834798,0.0,-0.12062028288105675,
Colston Loveland,TE,CHI,GB,player_reception_yds,38.5,37.30436119377248,17,,,1,True,00-0040126,2026-10-11T17:00:00Z,"[{""w"": ""25W17"", ""opp"": ""SF"", ""v"": 94.0, ""cur"": false}, {""w"": ""25W18"", ""opp"": ""DET"", ""v"": 91.0, ""cur"": false}, {""w"": ""W1"", ""opp"": ""CAR"", ""v"": 0.0, ""cur"": true}, {""w"": ""W2"", ""opp"": ""MIN"", ""v"": 3.0, ""cur"": true}, {""w"": ""W3"", ""opp"": ""PHI"", ""v"": 31.0, ""cur"": true}, {""w"": ""W4"", ""opp"": ""NYJ"", ""v"": 57.0, ""cur"": true}]",Over,0.3777529721330256,0.49333333333333335,0.45214240510395354,1.9,betmgm,-0.14092943030248833,0.0,-0.11558036120030774,
Ted Hurst III,WR,TB,DAL,player_reception_yds,22.5,31.393522997186828,4,,,1,True,00-0041048,2026-10-09T00:15:00Z,"[{""w"": ""W1"", ""opp"": ""CIN"", ""v"": 36.0, ""cur"": true}, {""w"": ""W2"", ""opp"": ""CLE"", ""v"": 27.0, ""cur"": true}, {""w"": ""W3"", ""opp"": ""MIN"", ""v"": 40.0, ""cur"": true}, {""w"": ""W4"", ""opp"": ""GB"", ""v"": 25.0, ""cur"": true}]",Under,0.3914147620442707,0.5040214477211795,0.4640563006955175,1.85,betrivers,-0.14149584371329255,0.0,-0.11260668567690879,
Tyjae Spears,RB,TEN,HOU,player_receptions,1.5,1.5546339746443336,17,,,2,True,00-0039032,2026-10-11T17:00:00Z,"[{""w"": ""25W17"", ""opp"": ""NO"", ""v"": 1.0, ""cur"": false}, {""w"": ""25W18"", ""opp"": ""JAX"", ""v"": 7.0, ""cur"": false}, {""w"": ""W1"", ""opp"": ""NYJ"", ""v"": 2.0, ""cur"": true}, {""w"": ""W2"", ""opp"": ""PHI"", ""v"": 2.0, ""cur"": true}, {""w"": ""W3"", ""opp"": ""NYG"", ""v"": 0.0, ""cur"": true}, {""w"": ""W4"", ""opp"": ""BAL"", ""v"": 1.0, ""cur"": true}]",Over,0.4224272519076989,0.5971867007672633,0.5365486440046572,1.6,draftkings,-0.14152216959254849,0.0,-0.1747594488595644,BIG-GAP:check-news 
Geno Smith,QB,NYJ,CLE,player_pass_yds,209.5,196.5966131625516,17,,,1,True,00-0030565,2026-10-11T17:00:00Z,"[{""w"": ""25W16"", ""opp"": ""HOU"", ""v"": 201.0, ""cur"": false}, {""w"": ""25W17"", ""opp"": ""NYG"", ""v"": 176.0, ""cur"": false}, {""w"": ""W1"", ""opp"": ""TEN"", ""v"": 215.0, ""cur"": true}, {""w"": ""W2"", ""opp"": ""GB"", ""v"": 247.0, ""cur"": true}, {""w"": ""W3"", ""opp"": ""DET"", ""v"": 321.0, ""cur"": true}, {""w"": ""W4"", ""opp"": ""CHI"", ""v"": 119.0, ""cur"": true}]",Over,0.3848962655351941,0.5,0.4590702985319522,1.87,betmgm,-0.14153854174524938,0.0,-0.11510373446480587,
Christian McCaffrey,RB,SF,SEA,player_reception_yds,36.5,33.46043979411575,17,,,2,True,00-0033280,2026-10-11T20:25:00Z,"[{""w"": ""25W17"", ""opp"": ""CHI"", ""v"": 41.0, ""cur"": false}, {""w"": ""25W18"", ""opp"": ""SEA"", ""v"": 34.0, ""cur"": false}, {""w"": ""W1"", ""opp"": ""LA"", ""v"": 20.0, ""cur"": true}, {""w"": ""W2"", ""opp"": ""MIA"", ""v"": 43.0, ""cur"": true}, {""w"": ""W3"", ""opp"": ""ARI"", ""v"": 41.0, ""cur"": true}, {""w"": ""W4"", ""opp"": ""DEN"", ""v"": 18.0, ""cur"": true}]",Over,0.3621365142156421,0.4980211081794196,0.44935398274367855,1.91,draftkings,-0.141733892959574,0.0,-0.1358845939637775,
Jaylen Waddle,WR,DEN,LAC,player_receptions,4.5,3.7304554375229193,17,,,6,True,00-0036613,2026-10-11T20:05:00Z,"[{""w"": ""25W16"", ""opp"": ""CIN"", ""v"": 5.0, ""cur"": false}, {""w"": ""25W17"", ""opp"": ""TB"", ""v"": 0.0, ""cur"": false}, {""w"": ""W1"", ""opp"": ""KC"", ""v"": 1.0, ""cur"": true}, {""w"": ""W2"", ""opp"": ""JAX"", ""v"": 8.0, ""cur"": true}, {""w"": ""W3"", ""opp"": ""LA"", ""v"": 2.0, ""cur"": true}, {""w"": ""W4"", ""opp"": ""SF"", ""v"": 5.0, ""cur"": true}]",Over,0.3257010021637724,0.48800347024689955,0.4290104063794534,2.0,betmgm,-0.14197918724109304,0.0,-0.16230246808312715,BIG-GAP:check-news 
Skyy Moore,WR,GB,CHI,player_receptions,1.5,1.1945981217507573,17,,,1,True,00-0038090,2026-10-11T17:00:00Z,"[{""w"": ""25W17"", ""opp"": ""CHI"", ""v"": 0.0, ""cur"": false}, {""w"": ""25W18"", ""opp"": ""SEA"", ""v"": 0.0, ""cur"": false}, {""w"": ""W1"", ""opp"": ""MIN"", ""v"": 0.0, ""cur"": true}, {""w"": ""W2"", ""opp"": ""NYJ"", ""v"": 2.0, ""cur"": true}, {""w"": ""W3"", ""opp"": ""ATL"", ""v"": 3.0, ""cur"": true}, {""w"": ""W4"", ""opp"": ""TB"", ""v"": 1.0, ""cur"": true}]",Over,0.3335128085778644,0.43307086614173224,0.39714259753239606,2.16,fanduel,-0.1421719893300244,0.0,-0.09955805756386782,
Chase Brown,RB,CIN,MIA,player_rush_yds,66.5,61.5238633473625,17,,,1,True,00-0038597,2026-10-11T17:00:00Z,"[{""w"": ""25W17"", ""opp"": ""ARI"", ""v"": 101.0, ""cur"": false}, {""w"": ""25W18"", ""opp"": ""CLE"", ""v"": 72.0, ""cur"": false}, {""w"": ""W1"", ""opp"": ""TB"", ""v"": 56.0, ""cur"": true}, {""w"": ""W2"", ""opp"": ""HOU"", ""v"": 80.0, ""cur"": true}, {""w"": ""W3"", ""opp"": ""PIT"", ""v"": 61.0, ""cur"": true}, {""w"": ""W4"", ""opp"": ""JAX"", ""v"": 10.0, ""cur"": true}]",Over,0.370383933907239,0.5,0.45370806971285904,1.89,draftkings,-0.14249174824269645,0.0,-0.129616066092761,
Jordan Love,QB,GB,CHI,player_rush_yds,6.5,7.580275188272824,17,,,1,True,00-0036264,2026-10-11T17:00:00Z,"[{""w"": ""25W15"", ""opp"": ""DEN"", ""v"": 29.0, ""cur"": false}, {""w"": ""25W16"", ""opp"": ""CHI"", ""v"": 7.0, ""cur"": false}, {""w"": ""W1"", ""opp"": ""MIN"", ""v"": 0.0, ""cur"": true}, {""w"": ""W2"", ""opp"": ""NYJ"", ""v"": 0.0, ""cur"": true}, {""w"": ""W3"", ""opp"": ""ATL"", ""v"": 0.0, ""cur"": true}, {""w"": ""W4"", ""opp"": ""TB"", ""v"": -8.0, ""cur"": true}]",Over,0.37551344588180424,0.5,0.45561155992853125,1.88,fanduel,-0.14345026733436123,0.0,-0.12448655411819576,
Rome Odunze,WR,CHI,GB,player_receptions,2.5,3.6875808161047128,16,,,1,True,00-0039919,2026-10-11T17:00:00Z,"[{""w"": ""25W12"", ""opp"": ""PIT"", ""v"": 3.0, ""cur"": false}, {""w"": ""25W13"", ""opp"": ""PHI"", ""v"": 2.0, ""cur"": false}, {""w"": ""W1"", ""opp"": ""CAR"", ""v"": 2.0, ""cur"": true}, {""w"": ""W2"", ""opp"": ""MIN"", ""v"": 3.0, ""cur"": true}, {""w"": ""W3"", ""opp"": ""PHI"", ""v"": 3.0, ""cur"": true}, {""w"": ""W4"", ""opp"": ""NYJ"", ""v"": 6.0, ""cur"": true}]",Under,0.30376081186769627,0.3964194373401535,0.3627211903500795,2.36,fanduel,-0.1439779907738124,0.0,-0.09265862547245723,
Jakobi Meyers,WR,JAX,PHI,player_reception_yds,43.5,40.84022109195565,17,Full,,1,True,00-0034960,2026-10-11T13:30:00Z,"[{""w"": ""25W17"", ""opp"": ""IND"", ""v"": 39.0, ""cur"": false}, {""w"": ""25W18"", ""opp"": ""TEN"", ""v"": 44.0, ""cur"": false}, {""w"": ""W1"", ""opp"": ""CLE"", ""v"": 40.0, ""cur"": true}, {""w"": ""W2"", ""opp"": ""DEN"", ""v"": 28.0, ""cur"": true}, {""w"": ""W3"", ""opp"": ""NE"", ""v"": 64.0, ""cur"": true}, {""w"": ""W4"", ""opp"": ""CIN"", ""v"": 33.0, ""cur"": true}]",Over,0.38136196909376474,0.4959785522788205,0.4551766652976158,1.88,betrivers,-0.14426786924048235,0.0,-0.11461658318505574,
Trevor Lawrence,QB,JAX,PHI,player_pass_yds,225.5,210.08031802719012,17,,,2,True,00-0036971,2026-10-11T13:30:00Z,"[{""w"": ""25W17"", ""opp"": ""IND"", ""v"": 263.0, ""cur"": false}, {""w"": ""25W18"", ""opp"": ""TEN"", ""v"": 255.0, ""cur"": false}, {""w"": ""W1"", ""opp"": ""CLE"", ""v"": 245.0, ""cur"": true}, {""w"": ""W2"", ""opp"": ""DEN"", ""v"": 189.0, ""cur"": true}, {""w"": ""W3"", ""opp"": ""NE"", ""v"": 182.0, ""cur"": true}, {""w"": ""W4"", ""opp"": ""CIN"", ""v"": 227.0, ""cur"": true}]",Over,0.37331597555348506,0.5,0.4547972447635106,1.88,betonlineag,-0.14498117984460018,0.0,-0.12668402444651494,
Javonte Williams,RB,DAL,TB,player_rush_yds,69.5,64.38952938538046,17,,,3,True,00-0036997,2026-10-09T00:15:00Z,"[{""w"": ""25W16"", ""opp"": ""LAC"", ""v"": 34.0, ""cur"": false}, {""w"": ""25W17"", ""opp"": ""WAS"", ""v"": 54.0, ""cur"": false}, {""w"": ""W1"", ""opp"": ""NYG"", ""v"": 41.0, ""cur"": true}, {""w"": ""W2"", ""opp"": ""WAS"", ""v"": 30.0, ""cur"": true}, {""w"": ""W3"", ""opp"": ""BAL"", ""v"": 98.0, ""cur"": true}, {""w"": ""W4"", ""opp"": ""HOU"", ""v"": 62.0, ""cur"": true}]",Over,0.3731771426675334,0.5,0.45474574091906306,1.88,draftkings,-0.1450780070721615,0.0,-0.12682285733246662,
Nico Collins,WR,HOU,TEN,player_reception_yds,79.5,73.73896454453674,17,Limited,,1,True,00-0036554,2026-10-11T17:00:00Z,"[{""w"": ""25W14"", ""opp"": ""KC"", ""v"": 121.0, ""cur"": false}, {""w"": ""25W15"", ""opp"": ""ARI"", ""v"": 85.0, ""cur"": false}, {""w"": ""25W16"", ""opp"": ""LV"", ""v"": 59.0, ""cur"": false}, {""w"": ""25W17"", ""opp"": ""LAC"", ""v"": 57.0, ""cur"": false}, {""w"": ""W1"", ""opp"": ""BUF"", ""v"": 75.0, ""cur"": true}, {""w"": ""W4"", ""opp"": ""DAL"", ""v"": 118.0, ""cur"": true}]",Over,0.3731356151741659,0.5,0.4547303338451192,1.88,fanduel,-0.14510697237117598,0.0,-0.12686438482583412,
Parker Washington,WR,JAX,PHI,player_receptions,4.5,4.017166935950076,17,,,5,True,00-0038606,2026-10-11T13:30:00Z,"[{""w"": ""25W17"", ""opp"": ""IND"", ""v"": 8.0, ""cur"": false}, {""w"": ""25W18"", ""opp"": ""TEN"", ""v"": 5.0, ""cur"": false}, {""w"": ""W1"", ""opp"": ""CLE"", ""v"": 5.0, ""cur"": true}, {""w"": ""W2"", ""opp"": ""DEN"", ""v"": 7.0, ""cur"": true}, {""w"": ""W3"", ""opp"": ""NE"", ""v"": 3.0, ""cur"": true}, {""w"": ""W4"", ""opp"": ""CIN"", ""v"": 1.0, ""cur"": true}]",Over,0.37137314017587975,0.5199999999999999,0.46700105587030527,1.83,betrivers,-0.1453880677573413,0.0,-0.14862685982412016,
Deshaun Watson,QB,CLE,NYJ,player_pass_yds,206.5,192.83718027906298,4,,,1,True,00-0033537,2026-10-11T17:00:00Z,"[{""w"": ""W1"", ""opp"": ""JAX"", ""v"": 205.0, ""cur"": true}, {""w"": ""W2"", ""opp"": ""TB"", ""v"": 238.0, ""cur"": true}, {""w"": ""W3"", ""opp"": ""CAR"", ""v"": 144.0, ""cur"": true}, {""w"": ""W4"", ""opp"": ""PIT"", ""v"": 268.0, ""cur"": true}]",Over,0.37891080208393557,0.5,0.4568672598241696,1.87,betmgm,-0.14565822412880275,0.0,-0.12108919791606443,
Josh Allen,QB,BUF,LA,player_pass_yds,245.5,229.34733615247436,17,,,1,True,00-0034857,2026-10-13T00:15:00Z,"[{""w"": ""25W16"", ""opp"": ""CLE"", ""v"": 130.0, ""cur"": false}, {""w"": ""25W17"", ""opp"": ""PHI"", ""v"": 262.0, ""cur"": false}, {""w"": ""W1"", ""opp"": ""HOU"", ""v"": 334.0, ""cur"": true}, {""w"": ""W2"", ""opp"": ""DET"", ""v"": 248.0, ""cur"": true}, {""w"": ""W3"", ""opp"": ""LAC"", ""v"": 204.0, ""cur"": true}, {""w"": ""W4"", ""opp"": ""NE"", ""v"": 253.0, ""cur"": true}]",Over,0.37884088048066533,0.5,0.4568414551631057,1.87,betrivers,-0.14570647884499227,0.0,-0.12115911951933467,
Malik Nabers,WR,NYG,WAS,player_reception_yds,55.5,53.68610652265828,8,Did Not Participate In Practice,,3,True,00-0039337,2026-10-11T17:00:00Z,"[{""w"": ""25W3"", ""opp"": ""KC"", ""v"": 13.0, ""cur"": false}, {""w"": ""25W4"", ""opp"": ""LAC"", ""v"": 20.0, ""cur"": false}, {""w"": ""W1"", ""opp"": ""DAL"", ""v"": 69.0, ""cur"": true}, {""w"": ""W2"", ""opp"": ""LA"", ""v"": 1.0, ""cur"": true}, {""w"": ""W3"", ""opp"": ""TEN"", ""v"": 26.0, ""cur"": true}, {""w"": ""W4"", ""opp"": ""ARI"", ""v"": 112.0, ""cur"": true}]",Over,0.37144454125226034,0.5,0.4541024114280154,1.88,betonlineag,-0.1462874665153311,0.0,-0.12855545874773966,
Deshaun Watson,QB,CLE,NYJ,player_pass_yds,209.5,192.83718027906298,4,,,1,True,00-0033537,2026-10-11T17:00:00Z,"[{""w"": ""W1"", ""opp"": ""JAX"", ""v"": 205.0, ""cur"": true}, {""w"": ""W2"", ""opp"": ""TB"", ""v"": 238.0, ""cur"": true}, {""w"": ""W3"", ""opp"": ""CAR"", ""v"": 144.0, ""cur"": true}, {""w"": ""W4"", ""opp"": ""PIT"", ""v"": 268.0, ""cur"": true}]",Over,0.36431373094682445,0.5,0.4514431632658078,1.89,draftkings,-0.1467724214276233,0.0,-0.13568626905317555,
Trevor Lawrence,QB,JAX,PHI,player_pass_yds,226.5,210.08031802719012,17,,,2,True,00-0036971,2026-10-11T13:30:00Z,"[{""w"": ""25W17"", ""opp"": ""IND"", ""v"": 263.0, ""cur"": false}, {""w"": ""25W18"", ""opp"": ""TEN"", ""v"": 255.0, ""cur"": false}, {""w"": ""W1"", ""opp"": ""CLE"", ""v"": 245.0, ""cur"": true}, {""w"": ""W2"", ""opp"": ""DEN"", ""v"": 189.0, ""cur"": true}, {""w"": ""W3"", ""opp"": ""NE"", ""v"": 182.0, ""cur"": true}, {""w"": ""W4"", ""opp"": ""CIN"", ""v"": 227.0, ""cur"": true}]",Over,0.3683290786794898,0.5013227513227514,0.4537952091470789,1.88,draftkings,-0.14686500680349168,0.0,-0.13299367264326162,
Keenan Allen,WR,IND,PIT,player_receptions,2.5,4.1996244586108675,17,Limited,,3,True,00-0030279,2026-10-11T17:00:00Z,"[{""w"": ""25W16"", ""opp"": ""DAL"", ""v"": 5.0, ""cur"": false}, {""w"": ""25W17"", ""opp"": ""HOU"", ""v"": 1.0, ""cur"": false}, {""w"": ""25W18"", ""opp"": ""DEN"", ""v"": 7.0, ""cur"": false}, {""w"": ""W1"", ""opp"": ""BAL"", ""v"": 6.0, ""cur"": true}, {""w"": ""W2"", ""opp"": ""KC"", ""v"": 1.0, ""cur"": true}, {""w"": ""W3"", ""opp"": ""HOU"", ""v"": 6.0, ""cur"": true}]",Under,0.2634433639950473,0.4056122448979592,0.3524610179618726,2.42,fanduel,-0.14704433653226834,0.0,-0.1421688809029119,
Daniel Jones,QB,IND,PIT,player_pass_yds,217.5,203.8109108275874,17,,,1,True,00-0035710,2026-10-11T17:00:00Z,"[{""w"": ""25W13"", ""opp"": ""HOU"", ""v"": 201.0, ""cur"": false}, {""w"": ""25W14"", ""opp"": ""JAX"", ""v"": 60.0, ""cur"": false}, {""w"": ""W1"", ""opp"": ""BAL"", ""v"": 166.0, ""cur"": true}, {""w"": ""W2"", ""opp"": ""KC"", ""v"": 210.0, ""cur"": true}, {""w"": ""W3"", ""opp"": ""HOU"", ""v"": 235.0, ""cur"": true}, {""w"": ""W4"", ""opp"": ""WAS"", ""v"": 143.0, ""cur"": true}]",Over,0.3828550723161601,0.5040214477211796,0.4609172420712761,1.85,betrivers,-0.14730310216813913,0.0,-0.12116637540501951,
Drake London,WR,ATL,BAL,player_reception_yds,81.5,76.47001485468907,16,,,4,True,00-0037238,2026-10-12T00:20:00Z,"[{""w"": ""25W17"", ""opp"": ""LA"", ""v"": 4.0, ""cur"": false}, {""w"": ""25W18"", ""opp"": ""NO"", ""v"": 78.0, ""cur"": false}, {""w"": ""W1"", ""opp"": ""PIT"", ""v"": 29.0, ""cur"": true}, {""w"": ""W2"", ""opp"": ""CAR"", ""v"": 51.0, ""cur"": true}, {""w"": ""W3"", ""opp"": ""GB"", ""v"": 194.0, ""cur"": true}, {""w"": ""W4"", ""opp"": ""NO"", ""v"": 96.0, ""cur"": true}]",Over,0.3595565307686685,0.5013297872340425,0.45051407234449364,1.89,draftkings,-0.1485284032689071,0.0,-0.14177325646537403,
Ted Hurst III,WR,TB,DAL,player_reception_yds,21.5,31.393522997186828,4,,,2,True,00-0041048,2026-10-09T00:15:00Z,"[{""w"": ""W1"", ""opp"": ""CIN"", ""v"": 36.0, ""cur"": true}, {""w"": ""W2"", ""opp"": ""CLE"", ""v"": 27.0, ""cur"": true}, {""w"": ""W3"", ""opp"": ""MIN"", ""v"": 40.0, ""cur"": true}, {""w"": ""W4"", ""opp"": ""GB"", ""v"": 25.0, ""cur"": true}]",Under,0.3674761054633084,0.5,0.4526248171287939,1.88,betonlineag,-0.14906534379786757,0.0,-0.1325238945366916,
Michael Penix Jr.,QB,ATL,BAL,player_pass_yds,217.5,198.5287307241522,11,,,3,True,00-0039917,2026-10-12T00:20:00Z,"[{""w"": ""25W7"", ""opp"": ""SF"", ""v"": 241.0, ""cur"": false}, {""w"": ""25W9"", ""opp"": ""NE"", ""v"": 221.0, ""cur"": false}, {""w"": ""25W10"", ""opp"": ""IND"", ""v"": 177.0, ""cur"": false}, {""w"": ""25W11"", ""opp"": ""CAR"", ""v"": 175.0, ""cur"": false}, {""w"": ""W3"", ""opp"": ""GB"", ""v"": 256.0, ""cur"": true}, {""w"": ""W4"", ""opp"": ""NO"", ""v"": 223.0, ""cur"": true}]",Over,0.35443367088796673,0.5,0.44772612442105975,1.9,draftkings,-0.14932036359998652,0.0,-0.14556632911203327,
Kyren Williams,RB,LA,BUF,player_reception_yds,19.5,37.27972414028575,17,,,3,True,00-0037840,2026-10-13T00:15:00Z,"[{""w"": ""25W17"", ""opp"": ""ATL"", ""v"": 38.0, ""cur"": false}, {""w"": ""25W18"", ""opp"": ""ARI"", ""v"": 21.0, ""cur"": false}, {""w"": ""W1"", ""opp"": ""SF"", ""v"": 24.0, ""cur"": true}, {""w"": ""W2"", ""opp"": ""NYG"", ""v"": 12.0, ""cur"": true}, {""w"": ""W3"", ""opp"": ""DEN"", ""v"": 70.0, ""cur"": true}, {""w"": ""W4"", ""opp"": ""PHI"", ""v"": 67.0, ""cur"": true}]",Under,0.3610234604873516,0.4959785522788204,0.44762293964213096,1.9,betonlineag,-0.14951641467995125,0.0,-0.13495509179146875,
Keaton Mitchell,RB,LAC,DEN,player_rush_yds,31.5,29.076211969222424,17,,,3,True,00-0038454,2026-10-11T20:05:00Z,"[{""w"": ""25W17"", ""opp"": ""GB"", ""v"": 31.0, ""cur"": false}, {""w"": ""25W18"", ""opp"": ""PIT"", ""v"": 2.0, ""cur"": false}, {""w"": ""W1"", ""opp"": ""ARI"", ""v"": 9.0, ""cur"": true}, {""w"": ""W2"", ""opp"": ""LV"", ""v"": 24.0, ""cur"": true}, {""w"": ""W3"", ""opp"": ""BUF"", ""v"": 52.0, ""cur"": true}, {""w"": ""W4"", ""opp"": ""SEA"", ""v"": 39.0, ""cur"": true}]",Over,0.3618837947803968,0.5026455026455027,0.45223592606364355,1.88,draftkings,-0.1497964590003502,0.0,-0.1407617078651059,
Garrett Wilson,WR,NYJ,CLE,player_receptions,6.5,4.976327093280895,11,,,5,True,00-0037740,2026-10-11T17:00:00Z,"[{""w"": ""25W6"", ""opp"": ""DEN"", ""v"": 3.0, ""cur"": false}, {""w"": ""25W10"", ""opp"": ""CLE"", ""v"": 0.0, ""cur"": false}, {""w"": ""W1"", ""opp"": ""TEN"", ""v"": 6.0, ""cur"": true}, {""w"": ""W2"", ""opp"": ""GB"", ""v"": 5.0, ""cur"": true}, {""w"": ""W3"", ""opp"": ""DET"", ""v"": 10.0, ""cur"": true}, {""w"": ""W4"", ""opp"": ""CHI"", ""v"": 3.0, ""cur"": true}]",Over,0.26430779273261784,0.445910290237467,0.37766291013831405,2.25,betonlineag,-0.15025845218879347,0.0,-0.18160249750484914,BIG-GAP:check-news 
Romeo Doubs,WR,NE,LV,player_receptions,3.5,3.1511962736864976,17,,,6,True,00-0037816,2026-10-11T17:00:00Z,"[{""w"": ""25W16"", ""opp"": ""CHI"", ""v"": 5.0, ""cur"": false}, {""w"": ""25W17"", ""opp"": ""BAL"", ""v"": 3.0, ""cur"": false}, {""w"": ""W1"", ""opp"": ""SEA"", ""v"": 0.0, ""cur"": true}, {""w"": ""W2"", ""opp"": ""PIT"", ""v"": 3.0, ""cur"": true}, {""w"": ""W3"", ""opp"": ""JAX"", ""v"": 3.0, ""cur"": true}, {""w"": ""W4"", ""opp"": ""BUF"", ""v"": 6.0, ""cur"": true}]",Over,0.3799571139481583,0.5742275452350596,0.5057554583801653,1.68,fanduel,-0.1503308299213223,0.0,-0.1942704312869013,BIG-GAP:check-news 
Tyler Shough,QB,NO,MIN,player_rush_yds,9.5,17.600466575086003,15,Limited,,1,True,00-0040743,2026-10-11T17:00:00Z,"[{""w"": ""25W17"", ""opp"": ""TEN"", ""v"": 6.0, ""cur"": false}, {""w"": ""25W18"", ""opp"": ""ATL"", ""v"": 34.0, ""cur"": false}, {""w"": ""W1"", ""opp"": ""DET"", ""v"": 8.0, ""cur"": true}, {""w"": ""W2"", ""opp"": ""BAL"", ""v"": 23.0, ""cur"": true}, {""w"": ""W3"", ""opp"": ""LV"", ""v"": 36.0, ""cur"": true}, {""w"": ""W4"", ""opp"": ""ATL"", ""v"": 5.0, ""cur"": true}]",Under,0.36492130023423214,0.5,0.4516704819875665,1.88,fanduel,-0.150859493863375,0.0,-0.13507869976576786,
Malik Nabers,WR,NYG,WAS,player_receptions,5.5,4.435180042007057,8,Did Not Participate In Practice,,5,True,00-0039337,2026-10-11T17:00:00Z,"[{""w"": ""25W3"", ""opp"": ""KC"", ""v"": 2.0, ""cur"": false}, {""w"": ""25W4"", ""opp"": ""LAC"", ""v"": 2.0, ""cur"": false}, {""w"": ""W1"", ""opp"": ""DAL"", ""v"": 6.0, ""cur"": true}, {""w"": ""W2"", ""opp"": ""LA"", ""v"": 1.0, ""cur"": true}, {""w"": ""W3"", ""opp"": ""TEN"", ""v"": 5.0, ""cur"": true}, {""w"": ""W4"", ""opp"": ""ARI"", ""v"": 6.0, ""cur"": true}]",Over,0.29731393215010626,0.43717277486910994,0.3857384384430955,2.2,fanduel,-0.15137543542518977,0.0,-0.13985884271900367,
George Kittle,TE,SF,SEA,player_reception_yds,54.5,50.27796864274037,15,,,1,True,00-0033288,2026-10-11T20:25:00Z,"[{""w"": ""25W16"", ""opp"": ""IND"", ""v"": 115.0, ""cur"": false}, {""w"": ""25W18"", ""opp"": ""SEA"", ""v"": 29.0, ""cur"": false}, {""w"": ""W1"", ""opp"": ""LA"", ""v"": 12.0, ""cur"": true}, {""w"": ""W2"", ""opp"": ""MIA"", ""v"": 80.0, ""cur"": true}, {""w"": ""W3"", ""opp"": ""ARI"", ""v"": 82.0, ""cur"": true}, {""w"": ""W4"", ""opp"": ""DEN"", ""v"": 70.0, ""cur"": true}]",Over,0.3641518923205093,0.5,0.45138258837938344,1.88,betonlineag,-0.15140073384675923,0.0,-0.13584810767949068,
Drake London,WR,ATL,BAL,player_reception_yds,79.5,76.47001485468907,16,,,1,True,00-0037238,2026-10-12T00:20:00Z,"[{""w"": ""25W17"", ""opp"": ""LA"", ""v"": 4.0, ""cur"": false}, {""w"": ""25W18"", ""opp"": ""NO"", ""v"": 78.0, ""cur"": false}, {""w"": ""W1"", ""opp"": ""PIT"", ""v"": 29.0, ""cur"": true}, {""w"": ""W2"", ""opp"": ""CAR"", ""v"": 51.0, ""cur"": true}, {""w"": ""W3"", ""opp"": ""GB"", ""v"": 194.0, ""cur"": true}, {""w"": ""W4"", ""opp"": ""NO"", ""v"": 96.0, ""cur"": true}]",Over,0.3705968703861234,0.5,0.45378727360318083,1.87,betmgm,-0.15141779836205183,0.0,-0.12940312961387662,
Geno Smith,QB,NYJ,CLE,player_rush_yds,10.5,9.595328198876482,17,,,5,True,00-0030565,2026-10-11T17:00:00Z,"[{""w"": ""25W16"", ""opp"": ""HOU"", ""v"": 0.0, ""cur"": false}, {""w"": ""25W17"", ""opp"": ""NYG"", ""v"": 1.0, ""cur"": false}, {""w"": ""W1"", ""opp"": ""TEN"", ""v"": 7.0, ""cur"": true}, {""w"": ""W2"", ""opp"": ""GB"", ""v"": 17.0, ""cur"": true}, {""w"": ""W3"", ""opp"": ""DET"", ""v"": 12.0, ""cur"": true}, {""w"": ""W4"", ""opp"": ""CHI"", ""v"": 0.0, ""cur"": true}]",Over,0.3490723023237389,0.49734042553191493,0.44398443462376175,1.91,draftkings,-0.15198972986861503,0.0,-0.148268123208176,
Cam Ward,QB,TEN,HOU,player_pass_yds,190.5,175.2098559262845,17,,,3,True,00-0040676,2026-10-11T17:00:00Z,"[{""w"": ""25W17"", ""opp"": ""NO"", ""v"": 251.0, ""cur"": false}, {""w"": ""25W18"", ""opp"": ""JAX"", ""v"": 52.0, ""cur"": false}, {""w"": ""W1"", ""opp"": ""NYJ"", ""v"": 140.0, ""cur"": true}, {""w"": ""W2"", ""opp"": ""PHI"", ""v"": 183.0, ""cur"": true}, {""w"": ""W3"", ""opp"": ""NYG"", ""v"": 181.0, ""cur"": true}, {""w"": ""W4"", ""opp"": ""BAL"", ""v"": 222.0, ""cur"": true}]",Over,0.36298774279639207,0.5,0.45094655915549425,1.88,betonlineag,-0.15222046878767093,0.0,-0.13701225720360793,
Marvin Harrison Jr.,WR,ARI,DET,player_reception_yds,35.5,33.92502030291295,16,,,1,True,00-0039849,2026-10-11T20:25:00Z,"[{""w"": ""25W16"", ""opp"": ""ATL"", ""v"": 14.0, ""cur"": false}, {""w"": ""25W17"", ""opp"": ""CIN"", ""v"": 0.0, ""cur"": false}, {""w"": ""W1"", ""opp"": ""LAC"", ""v"": 33.0, ""cur"": true}, {""w"": ""W2"", ""opp"": ""SEA"", ""v"": 0.0, ""cur"": true}, {""w"": ""W3"", ""opp"": ""SF"", ""v"": 40.0, ""cur"": true}, {""w"": ""W4"", ""opp"": ""NYG"", ""v"": 12.0, ""cur"": true}]",Over,0.3693759242165156,0.5,0.4533329070143888,1.87,betrivers,-0.15226746388309292,0.0,-0.1306240757834844,
Parker Washington,WR,JAX,PHI,player_reception_yds,60.5,56.438904725874885,17,,,1,True,00-0038606,2026-10-11T13:30:00Z,"[{""w"": ""25W17"", ""opp"": ""IND"", ""v"": 115.0, ""cur"": false}, {""w"": ""25W18"", ""opp"": ""TEN"", ""v"": 87.0, ""cur"": false}, {""w"": ""W1"", ""opp"": ""CLE"", ""v"": 83.0, ""cur"": true}, {""w"": ""W2"", ""opp"": ""DEN"", ""v"": 98.0, ""cur"": true}, {""w"": ""W3"", ""opp"": ""NE"", ""v"": 40.0, ""cur"": true}, {""w"": ""W4"", ""opp"": ""CIN"", ""v"": 7.0, ""cur"": true}]",Over,0.3627314317097188,0.5,0.45085048797694854,1.88,fanduel,-0.15240108260333673,0.0,-0.13726856829028122,
Tyjae Spears,RB,TEN,HOU,player_reception_yds,9.5,9.736068803181091,17,,,1,True,00-0039032,2026-10-11T17:00:00Z,"[{""w"": ""25W17"", ""opp"": ""NO"", ""v"": -1.0, ""cur"": false}, {""w"": ""25W18"", ""opp"": ""JAX"", ""v"": 9.0, ""cur"": false}, {""w"": ""W1"", ""opp"": ""NYJ"", ""v"": 12.0, ""cur"": true}, {""w"": ""W2"", ""opp"": ""PHI"", ""v"": 29.0, ""cur"": true}, {""w"": ""W3"", ""opp"": ""NYG"", ""v"": 0.0, ""cur"": true}, {""w"": ""W4"", ""opp"": ""BAL"", ""v"": -1.0, ""cur"": true}]",Over,0.3619589219864112,0.5,0.4505607788964034,1.88,fanduel,-0.15294573567476127,0.0,-0.13804107801358878,
Chase Brown,RB,CIN,MIA,player_rush_yds,67.5,61.5238633473625,17,,,1,True,00-0038597,2026-10-11T17:00:00Z,"[{""w"": ""25W17"", ""opp"": ""ARI"", ""v"": 101.0, ""cur"": false}, {""w"": ""25W18"", ""opp"": ""CLE"", ""v"": 72.0, ""cur"": false}, {""w"": ""W1"", ""opp"": ""TB"", ""v"": 56.0, ""cur"": true}, {""w"": ""W2"", ""opp"": ""HOU"", ""v"": 80.0, ""cur"": true}, {""w"": ""W3"", ""opp"": ""PIT"", ""v"": 61.0, ""cur"": true}, {""w"": ""W4"", ""opp"": ""JAX"", ""v"": 10.0, ""cur"": true}]",Over,0.36075740834378983,0.5,0.4501097175476667,1.88,fanduel,-0.15379373101038663,0.0,-0.13924259165621017,
Drake London,WR,ATL,BAL,player_receptions,5.5,4.978223268482991,16,,,3,True,00-0037238,2026-10-12T00:20:00Z,"[{""w"": ""25W17"", ""opp"": ""LA"", ""v"": 1.0, ""cur"": false}, {""w"": ""25W18"", ""opp"": ""NO"", ""v"": 4.0, ""cur"": false}, {""w"": ""W1"", ""opp"": ""PIT"", ""v"": 2.0, ""cur"": true}, {""w"": ""W2"", ""opp"": ""CAR"", ""v"": 4.0, ""cur"": true}, {""w"": ""W3"", ""opp"": ""GB"", ""v"": 9.0, ""cur"": true}, {""w"": ""W4"", ""opp"": ""NO"", ""v"": 5.0, ""cur"": true}]",Over,0.3781071909246105,0.554089709762533,0.4917580527928242,1.72,draftkings,-0.15417614919634232,0.0,-0.17598251883792254,BIG-GAP:check-news 
Trevor Lawrence,QB,JAX,PHI,player_rush_yds,15.5,14.43182956138831,17,,,2,True,00-0036971,2026-10-11T13:30:00Z,"[{""w"": ""25W17"", ""opp"": ""IND"", ""v"": 26.0, ""cur"": false}, {""w"": ""25W18"", ""opp"": ""TEN"", ""v"": 11.0, ""cur"": false}, {""w"": ""W1"", ""opp"": ""CLE"", ""v"": 3.0, ""cur"": true}, {""w"": ""W2"", ""opp"": ""DEN"", ""v"": 6.0, ""cur"": true}, {""w"": ""W3"", ""opp"": ""NE"", ""v"": 25.0, ""cur"": true}, {""w"": ""W4"", ""opp"": ""CIN"", ""v"": 0.0, ""cur"": true}]",Over,0.3498046169380953,0.49135425338281147,0.44042299493177023,1.92,draftkings,-0.15438784973100123,0.0,-0.1415496364447162,
Michael Penix Jr.,QB,ATL,BAL,player_pass_yds,212.5,198.5287307241522,11,,,1,True,00-0039917,2026-10-12T00:20:00Z,"[{""w"": ""25W7"", ""opp"": ""SF"", ""v"": 241.0, ""cur"": false}, {""w"": ""25W9"", ""opp"": ""NE"", ""v"": 221.0, ""cur"": false}, {""w"": ""25W10"", ""opp"": ""IND"", ""v"": 177.0, ""cur"": false}, {""w"": ""25W11"", ""opp"": ""CAR"", ""v"": 175.0, ""cur"": false}, {""w"": ""W3"", ""opp"": ""GB"", ""v"": 256.0, ""cur"": true}, {""w"": ""W4"", ""opp"": ""NO"", ""v"": 223.0, ""cur"": true}]",Over,0.3786631030784944,0.5199999999999999,0.46971174704473795,1.8,betmgm,-0.15451885531947168,0.0,-0.14133689692150553,
Parker Washington,WR,JAX,PHI,player_reception_yds,61.5,56.438904725874885,17,,,3,True,00-0038606,2026-10-11T13:30:00Z,"[{""w"": ""25W17"", ""opp"": ""IND"", ""v"": 115.0, ""cur"": false}, {""w"": ""25W18"", ""opp"": ""TEN"", ""v"": 87.0, ""cur"": false}, {""w"": ""W1"", ""opp"": ""CLE"", ""v"": 83.0, ""cur"": true}, {""w"": ""W2"", ""opp"": ""DEN"", ""v"": 98.0, ""cur"": true}, {""w"": ""W3"", ""opp"": ""NE"", ""v"": 40.0, ""cur"": true}, {""w"": ""W4"", ""opp"": ""CIN"", ""v"": 7.0, ""cur"": true}]",Over,0.35478679469579,0.5026455026455027,0.44956115784761913,1.88,draftkings,-0.15482502324647612,0.0,-0.14785870794971268,
Kyle Pitts,TE,ATL,BAL,player_reception_yds,24.5,23.20756350473726,17,,,6,True,00-0036970,2026-10-12T00:20:00Z,"[{""w"": ""25W17"", ""opp"": ""LA"", ""v"": 16.0, ""cur"": false}, {""w"": ""25W18"", ""opp"": ""NO"", ""v"": 58.0, ""cur"": false}, {""w"": ""W1"", ""opp"": ""PIT"", ""v"": 0.0, ""cur"": true}, {""w"": ""W2"", ""opp"": ""CAR"", ""v"": 15.0, ""cur"": true}, {""w"": ""W3"", ""opp"": ""GB"", ""v"": 5.0, ""cur"": true}, {""w"": ""W4"", ""opp"": ""NO"", ""v"": 47.0, ""cur"": true}]",Over,0.337632050970201,0.49798927613941024,0.44002009762800137,1.92,draftkings,-0.15516141255423743,0.0,-0.16035722516920925,BIG-GAP:check-news 
Cam Ward,QB,TEN,HOU,player_pass_yds,193.5,175.2098559262845,17,,,2,True,00-0040676,2026-10-11T17:00:00Z,"[{""w"": ""25W17"", ""opp"": ""NO"", ""v"": 251.0, ""cur"": false}, {""w"": ""25W18"", ""opp"": ""JAX"", ""v"": 52.0, ""cur"": false}, {""w"": ""W1"", ""opp"": ""NYJ"", ""v"": 140.0, ""cur"": true}, {""w"": ""W2"", ""opp"": ""PHI"", ""v"": 183.0, ""cur"": true}, {""w"": ""W3"", ""opp"": ""NYG"", ""v"": 181.0, ""cur"": true}, {""w"": ""W4"", ""opp"": ""BAL"", ""v"": 222.0, ""cur"": true}]",Over,0.3471029533082572,0.4986772486772487,0.44409264066005477,1.9,draftkings,-0.15622398274589605,0.0,-0.15157429536899153,BIG-GAP:check-news 
RJ Harvey,RB,DEN,LAC,player_rush_yds,17.5,26.758175737847054,17,,,1,True,00-0040730,2026-10-11T20:05:00Z,"[{""w"": ""25W16"", ""opp"": ""JAX"", ""v"": 50.0, ""cur"": false}, {""w"": ""25W17"", ""opp"": ""KC"", ""v"": 43.0, ""cur"": false}, {""w"": ""25W18"", ""opp"": ""LAC"", ""v"": 28.0, ""cur"": false}, {""w"": ""W1"", ""opp"": ""KC"", ""v"": 18.0, ""cur"": true}, {""w"": ""W3"", ""opp"": ""LA"", ""v"": 6.0, ""cur"": true}, {""w"": ""W4"", ""opp"": ""SF"", ""v"": 25.0, ""cur"": true}]",Under,0.3707578435040382,0.5106951871657754,0.46074924374425164,1.83,betrivers,-0.15682888394801947,0.0,-0.13993734366173727,
Justin Herbert,QB,LAC,DEN,player_rush_yds,24.5,22.85785648618686,17,,,3,True,00-0036355,2026-10-11T20:05:00Z,"[{""w"": ""25W16"", ""opp"": ""DAL"", ""v"": 42.0, ""cur"": false}, {""w"": ""25W17"", ""opp"": ""HOU"", ""v"": 37.0, ""cur"": false}, {""w"": ""W1"", ""opp"": ""ARI"", ""v"": 29.0, ""cur"": true}, {""w"": ""W2"", ""opp"": ""LV"", ""v"": 2.0, ""cur"": true}, {""w"": ""W3"", ""opp"": ""BUF"", ""v"": 17.0, ""cur"": true}, {""w"": ""W4"", ""opp"": ""SEA"", ""v"": 40.0, ""cur"": true}]",Over,0.35644190649387547,0.5,0.44848486164128337,1.88,betonlineag,-0.15684846011438736,0.0,-0.14355809350612453,
Hunter Henry,TE,NE,LV,player_reception_yds,36.5,34.07305288679988,17,,,1,True,00-0033090,2026-10-11T17:00:00Z,"[{""w"": ""25W17"", ""opp"": ""NYJ"", ""v"": 49.0, ""cur"": false}, {""w"": ""25W18"", ""opp"": ""MIA"", ""v"": 56.0, ""cur"": false}, {""w"": ""W1"", ""opp"": ""SEA"", ""v"": 26.0, ""cur"": true}, {""w"": ""W2"", ""opp"": ""PIT"", ""v"": 40.0, ""cur"": true}, {""w"": ""W3"", ""opp"": ""JAX"", ""v"": 5.0, ""cur"": true}, {""w"": ""W4"", ""opp"": ""BUF"", ""v"": 62.0, ""cur"": true}]",Over,0.36276691609293177,0.5,0.45086378984878067,1.87,betmgm,-0.15688471298278017,0.0,-0.13723308390706823,
Davante Adams,WR,LA,BUF,player_receptions,4.5,5.611693115632748,17,,,6,True,00-0031381,2026-10-13T00:15:00Z,"[{""w"": ""25W14"", ""opp"": ""ARI"", ""v"": 4.0, ""cur"": false}, {""w"": ""25W15"", ""opp"": ""DET"", ""v"": 4.0, ""cur"": false}, {""w"": ""W1"", ""opp"": ""SF"", ""v"": 3.0, ""cur"": true}, {""w"": ""W2"", ""opp"": ""NYG"", ""v"": 8.0, ""cur"": true}, {""w"": ""W3"", ""opp"": ""DEN"", ""v"": 7.0, ""cur"": true}, {""w"": ""W4"", ""opp"": ""PHI"", ""v"": 4.0, ""cur"": true}]",Under,0.35312172447982,0.5239257294429709,0.46266551404246026,1.82,draftkings,-0.15794876444272232,0.0,-0.1708040049631509,BIG-GAP:check-news 
Bijan Robinson,RB,ATL,BAL,player_reception_yds,26.5,25.867387837708183,17,,,4,True,00-0038542,2026-10-12T00:20:00Z,"[{""w"": ""25W17"", ""opp"": ""LA"", ""v"": 34.0, ""cur"": false}, {""w"": ""25W18"", ""opp"": ""NO"", ""v"": 10.0, ""cur"": false}, {""w"": ""W1"", ""opp"": ""PIT"", ""v"": 90.0, ""cur"": true}, {""w"": ""W2"", ""opp"": ""CAR"", ""v"": 9.0, ""cur"": true}, {""w"": ""W3"", ""opp"": ""GB"", ""v"": 19.0, ""cur"": true}, {""w"": ""W4"", ""opp"": ""NO"", ""v"": 2.0, ""cur"": true}]",Over,0.3487236425015876,0.5032981530343008,0.4476788156928848,1.88,betonlineag,-0.15836382649737663,0.0,-0.1545745105327132,BIG-GAP:check-news 
Hunter Henry,TE,NE,LV,player_reception_yds,37.5,34.07305288679988,17,,,5,True,00-0033090,2026-10-11T17:00:00Z,"[{""w"": ""25W17"", ""opp"": ""NYJ"", ""v"": 49.0, ""cur"": false}, {""w"": ""25W18"", ""opp"": ""MIA"", ""v"": 56.0, ""cur"": false}, {""w"": ""W1"", ""opp"": ""SEA"", ""v"": 26.0, ""cur"": true}, {""w"": ""W2"", ""opp"": ""PIT"", ""v"": 40.0, ""cur"": true}, {""w"": ""W3"", ""opp"": ""JAX"", ""v"": 5.0, ""cur"": true}, {""w"": ""W4"", ""opp"": ""BUF"", ""v"": 62.0, ""cur"": true}]",Over,0.34974058156978277,0.5026455026455027,0.44764646438092004,1.88,draftkings,-0.15842464696387037,0.0,-0.1529049210757199,BIG-GAP:check-news 
Drake London,WR,ATL,BAL,player_reception_yds,82.5,76.47001485468907,16,,,1,True,00-0037238,2026-10-12T00:20:00Z,"[{""w"": ""25W17"", ""opp"": ""LA"", ""v"": 4.0, ""cur"": false}, {""w"": ""25W18"", ""opp"": ""NO"", ""v"": 78.0, ""cur"": false}, {""w"": ""W1"", ""opp"": ""PIT"", ""v"": 29.0, ""cur"": true}, {""w"": ""W2"", ""opp"": ""CAR"", ""v"": 51.0, ""cur"": true}, {""w"": ""W3"", ""opp"": ""GB"", ""v"": 194.0, ""cur"": true}, {""w"": ""W4"", ""opp"": ""NO"", ""v"": 96.0, ""cur"": true}]",Over,0.354146162835185,0.5,0.44761736205220376,1.88,fanduel,-0.15847935934185703,0.0,-0.14585383716481498,
Jalen Hurts,QB,PHI,JAX,player_rush_yds,25.5,22.936553173919705,17,,,2,True,00-0036389,2026-10-11T13:30:00Z,"[{""w"": ""25W16"", ""opp"": ""WAS"", ""v"": 40.0, ""cur"": false}, {""w"": ""25W17"", ""opp"": ""BUF"", ""v"": 5.0, ""cur"": false}, {""w"": ""W1"", ""opp"": ""WAS"", ""v"": 46.0, ""cur"": true}, {""w"": ""W2"", ""opp"": ""TEN"", ""v"": 16.0, ""cur"": true}, {""w"": ""W3"", ""opp"": ""CHI"", ""v"": 25.0, ""cur"": true}, {""w"": ""W4"", ""opp"": ""LA"", ""v"": 18.0, ""cur"": true}]",Over,0.3490500799493341,0.5099650078309088,0.4520940029068016,1.86,draftkings,-0.159105154593349,0.0,-0.1609149278815747,BIG-GAP:check-news 
Calvin Ridley,WR,TEN,HOU,player_receptions,0.5,1.3016648758522895,10,,,2,True,00-0034837,2026-10-11T17:00:00Z,"[{""w"": ""25W5"", ""opp"": ""ARI"", ""v"": 5.0, ""cur"": false}, {""w"": ""25W6"", ""opp"": ""LV"", ""v"": 1.0, ""cur"": false}, {""w"": ""25W11"", ""opp"": ""HOU"", ""v"": 1.0, ""cur"": false}, {""w"": ""W2"", ""opp"": ""PHI"", ""v"": 2.0, ""cur"": true}, {""w"": ""W3"", ""opp"": ""NYG"", ""v"": 0.0, ""cur"": true}, {""w"": ""W4"", ""opp"": ""BAL"", ""v"": 1.0, ""cur"": true}]",Under,0.27456738405223763,0.3949115905904347,0.3503699964921403,2.4,fanduel,-0.15911200841886336,0.0,-0.12034420653819705,
Javonte Williams,RB,DAL,TB,player_rush_yds,71.5,64.38952938538046,17,,,1,True,00-0036997,2026-10-09T00:15:00Z,"[{""w"": ""25W16"", ""opp"": ""LAC"", ""v"": 34.0, ""cur"": false}, {""w"": ""25W17"", ""opp"": ""WAS"", ""v"": 54.0, ""cur"": false}, {""w"": ""W1"", ""opp"": ""NYG"", ""v"": 41.0, ""cur"": true}, {""w"": ""W2"", ""opp"": ""WAS"", ""v"": 30.0, ""cur"": true}, {""w"": ""W3"", ""opp"": ""BAL"", ""v"": 98.0, ""cur"": true}, {""w"": ""W4"", ""opp"": ""HOU"", ""v"": 62.0, ""cur"": true}]",Over,0.35313542981535184,0.5,0.44723473112188317,1.88,fanduel,-0.15919870549085968,0.0,-0.14686457018464816,
Drake Maye,QB,NE,LV,player_rush_yds,31.5,28.624167806925005,17,Full,,1,True,00-0039851,2026-10-11T17:00:00Z,"[{""w"": ""25W17"", ""opp"": ""NYJ"", ""v"": 22.0, ""cur"": false}, {""w"": ""25W18"", ""opp"": ""MIA"", ""v"": 41.0, ""cur"": false}, {""w"": ""W1"", ""opp"": ""SEA"", ""v"": 47.0, ""cur"": true}, {""w"": ""W2"", ""opp"": ""PIT"", ""v"": 17.0, ""cur"": true}, {""w"": ""W3"", ""opp"": ""JAX"", ""v"": 18.0, ""cur"": true}, {""w"": ""W4"", ""opp"": ""BUF"", ""v"": 54.0, ""cur"": true}]",Over,0.3528997359931249,0.5,0.4471454426419395,1.88,fanduel,-0.15936656783315384,0.0,-0.1471002640068751,
Jacory Croskey-Merritt,RB,WAS,NYG,player_rush_yds,55.5,48.93856153333604,17,Limited,,3,True,00-0040242,2026-10-11T17:00:00Z,"[{""w"": ""25W17"", ""opp"": ""DAL"", ""v"": 105.0, ""cur"": false}, {""w"": ""25W18"", ""opp"": ""PHI"", ""v"": 29.0, ""cur"": false}, {""w"": ""W1"", ""opp"": ""PHI"", ""v"": 63.0, ""cur"": true}, {""w"": ""W2"", ""opp"": ""DAL"", ""v"": 43.0, ""cur"": true}, {""w"": ""W3"", ""opp"": ""SEA"", ""v"": 36.0, ""cur"": true}, {""w"": ""W4"", ""opp"": ""IND"", ""v"": 15.0, ""cur"": true}]",Over,0.33963011078782157,0.5,0.44207868578959747,1.9,draftkings,-0.1600504969997648,0.0,-0.16036988921217843,BIG-GAP:check-news 
Malik Nabers,WR,NYG,WAS,player_reception_yds,56.5,53.68610652265828,8,Did Not Participate In Practice,,1,True,00-0039337,2026-10-11T17:00:00Z,"[{""w"": ""25W3"", ""opp"": ""KC"", ""v"": 13.0, ""cur"": false}, {""w"": ""25W4"", ""opp"": ""LAC"", ""v"": 20.0, ""cur"": false}, {""w"": ""W1"", ""opp"": ""DAL"", ""v"": 69.0, ""cur"": true}, {""w"": ""W2"", ""opp"": ""LA"", ""v"": 1.0, ""cur"": true}, {""w"": ""W3"", ""opp"": ""TEN"", ""v"": 26.0, ""cur"": true}, {""w"": ""W4"", ""opp"": ""ARI"", ""v"": 112.0, ""cur"": true}]",Over,0.36365746969436136,0.5040214477211796,0.4537878603086839,1.85,betrivers,-0.16049245842893473,0.0,-0.14036397802681827,
Sam Darnold,QB,SEA,SF,player_pass_yds,221.5,195.48562068731982,17,,,2,True,00-0034869,2026-10-11T20:25:00Z,"[{""w"": ""25W16"", ""opp"": ""LA"", ""v"": 270.0, ""cur"": false}, {""w"": ""25W17"", ""opp"": ""CAR"", ""v"": 147.0, ""cur"": false}, {""w"": ""25W18"", ""opp"": ""SF"", ""v"": 198.0, ""cur"": false}, {""w"": ""W1"", ""opp"": ""NE"", ""v"": 13.0, ""cur"": true}, {""w"": ""W3"", ""opp"": ""WAS"", ""v"": 379.0, ""cur"": true}, {""w"": ""W4"", ""opp"": ""LAC"", ""v"": 168.0, ""cur"": true}]",Over,0.33968486107590756,0.4986772486772487,0.4412516673414651,1.9,draftkings,-0.16162183205121644,0.0,-0.15899238760134116,BIG-GAP:check-news 
Matthew Golden,WR,GB,CHI,player_receptions,4.5,3.511620649780754,17,,,6,True,00-0040667,2026-10-11T17:00:00Z,"[{""w"": ""25W17"", ""opp"": ""BAL"", ""v"": 1.0, ""cur"": false}, {""w"": ""25W18"", ""opp"": ""MIN"", ""v"": 1.0, ""cur"": false}, {""w"": ""W1"", ""opp"": ""MIN"", ""v"": 6.0, ""cur"": true}, {""w"": ""W2"", ""opp"": ""NYJ"", ""v"": 4.0, ""cur"": true}, {""w"": ""W3"", ""opp"": ""ATL"", ""v"": 5.0, ""cur"": true}, {""w"": ""W4"", ""opp"": ""TB"", ""v"": 3.0, ""cur"": true}]",Over,0.28356249569593034,0.49933687002652516,0.41918386387322176,2.0,betmgm,-0.16163227225355653,0.0,-0.21577437433059482,BIG-GAP:check-news 
Ted Hurst III,WR,TB,DAL,player_reception_yds,20.5,31.393522997186828,4,,,3,True,00-0041048,2026-10-09T00:15:00Z,"[{""w"": ""W1"", ""opp"": ""CIN"", ""v"": 36.0, ""cur"": true}, {""w"": ""W2"", ""opp"": ""CLE"", ""v"": 27.0, ""cur"": true}, {""w"": ""W3"", ""opp"": ""MIN"", ""v"": 40.0, ""cur"": true}, {""w"": ""W4"", ""opp"": ""GB"", ""v"": 25.0, ""cur"": true}]",Under,0.34328668092227566,0.5,0.44348291693729464,1.89,draftkings,-0.1618172869885131,0.0,-0.15671331907772434,BIG-GAP:check-news 
Troy Franklin,WR,DEN,LAC,player_reception_yds,17.5,16.475408989548093,17,,,2,True,00-0039868,2026-10-11T20:05:00Z,"[{""w"": ""25W16"", ""opp"": ""JAX"", ""v"": 66.0, ""cur"": false}, {""w"": ""25W17"", ""opp"": ""KC"", ""v"": 17.0, ""cur"": false}, {""w"": ""25W18"", ""opp"": ""LAC"", ""v"": 0.0, ""cur"": false}, {""w"": ""W1"", ""opp"": ""KC"", ""v"": 0.0, ""cur"": true}, {""w"": ""W2"", ""opp"": ""JAX"", ""v"": 27.0, ""cur"": true}, {""w"": ""W3"", ""opp"": ""LA"", ""v"": 21.0, ""cur"": true}]",Over,0.3423064334766762,0.5,0.4431070919614995,1.89,draftkings,-0.16252759619276602,0.0,-0.15769356652332378,BIG-GAP:check-news 
Josh Cameron,WR,JAX,PHI,player_receptions,1.5,1.0077168150970273,4,,,5,True,00-0041100,2026-10-11T13:30:00Z,"[{""w"": ""W1"", ""opp"": ""CLE"", ""v"": 2.0, ""cur"": true}, {""w"": ""W2"", ""opp"": ""DEN"", ""v"": 0.0, ""cur"": true}, {""w"": ""W3"", ""opp"": ""NE"", ""v"": 1.0, ""cur"": true}, {""w"": ""W4"", ""opp"": ""CIN"", ""v"": 2.0, ""cur"": true}]",Over,0.26707980498330414,0.4087403598971723,0.35588146018739075,2.35,bovada,-0.1636785685596317,0.0,-0.14166055491386814,
Bhayshul Tuten,RB,JAX,PHI,player_receptions,1.5,1.1139465408272307,17,,,5,True,00-0040719,2026-10-11T13:30:00Z,"[{""w"": ""25W15"", ""opp"": ""NYJ"", ""v"": 1.0, ""cur"": false}, {""w"": ""25W18"", ""opp"": ""TEN"", ""v"": 0.0, ""cur"": false}, {""w"": ""W1"", ""opp"": ""CLE"", ""v"": 1.0, ""cur"": true}, {""w"": ""W2"", ""opp"": ""DEN"", ""v"": 2.0, ""cur"": true}, {""w"": ""W3"", ""opp"": ""NE"", ""v"": 2.0, ""cur"": true}, {""w"": ""W4"", ""opp"": ""CIN"", ""v"": 2.0, ""cur"": true}]",Over,0.30607190925104694,0.5,0.4288629256746866,1.95,betrivers,-0.1637172949343612,0.0,-0.19392809074895306,BIG-GAP:check-news 
George Holani,RB,SEA,SF,player_rush_yds,19.5,17.419867197369527,14,,,2,True,00-0039299,2026-10-11T20:25:00Z,"[{""w"": ""25W10"", ""opp"": ""ARI"", ""v"": 31.0, ""cur"": false}, {""w"": ""25W11"", ""opp"": ""LA"", ""v"": 6.0, ""cur"": false}, {""w"": ""W1"", ""opp"": ""NE"", ""v"": 29.0, ""cur"": true}, {""w"": ""W2"", ""opp"": ""ARI"", ""v"": 13.0, ""cur"": true}, {""w"": ""W3"", ""opp"": ""WAS"", ""v"": 10.0, ""cur"": true}, {""w"": ""W4"", ""opp"": ""LAC"", ""v"": 18.0, ""cur"": true}]",Over,0.3466340726707338,0.5,0.44476295258295884,1.88,betonlineag,-0.16384564914403743,0.0,-0.15336592732926618,BIG-GAP:check-news 
Romeo Doubs,WR,NE,LV,player_reception_yds,50.5,46.010860425096254,17,,,1,True,00-0037816,2026-10-11T17:00:00Z,"[{""w"": ""25W16"", ""opp"": ""CHI"", ""v"": 84.0, ""cur"": false}, {""w"": ""25W17"", ""opp"": ""BAL"", ""v"": 62.0, ""cur"": false}, {""w"": ""W1"", ""opp"": ""SEA"", ""v"": 0.0, ""cur"": true}, {""w"": ""W2"", ""opp"": ""PIT"", ""v"": 96.0, ""cur"": true}, {""w"": ""W3"", ""opp"": ""JAX"", ""v"": 49.0, ""cur"": true}, {""w"": ""W4"", ""opp"": ""BUF"", ""v"": 58.0, ""cur"": true}]",Over,0.3526991638510527,0.5,0.4470694407277039,1.87,betmgm,-0.16398014583919374,0.0,-0.1473008361489473,
Keaton Mitchell,RB,LAC,DEN,player_rush_yds,32.5,29.076211969222424,17,,,1,True,00-0038454,2026-10-11T20:05:00Z,"[{""w"": ""25W17"", ""opp"": ""GB"", ""v"": 31.0, ""cur"": false}, {""w"": ""25W18"", ""opp"": ""PIT"", ""v"": 2.0, ""cur"": false}, {""w"": ""W1"", ""opp"": ""ARI"", ""v"": 9.0, ""cur"": true}, {""w"": ""W2"", ""opp"": ""LV"", ""v"": 24.0, ""cur"": true}, {""w"": ""W3"", ""opp"": ""BUF"", ""v"": 52.0, ""cur"": true}, {""w"": ""W4"", ""opp"": ""SEA"", ""v"": 39.0, ""cur"": true}]",Over,0.3454476067546979,0.5,0.44430983747193403,1.88,fanduel,-0.16469750555276402,0.0,-0.15455239324530212,BIG-GAP:check-news 
Chase Brown,RB,CIN,MIA,player_rush_yds,68.5,61.5238633473625,17,,,1,True,00-0038597,2026-10-11T17:00:00Z,"[{""w"": ""25W17"", ""opp"": ""ARI"", ""v"": 101.0, ""cur"": false}, {""w"": ""25W18"", ""opp"": ""CLE"", ""v"": 72.0, ""cur"": false}, {""w"": ""W1"", ""opp"": ""TB"", ""v"": 56.0, ""cur"": true}, {""w"": ""W2"", ""opp"": ""HOU"", ""v"": 80.0, ""cur"": true}, {""w"": ""W3"", ""opp"": ""PIT"", ""v"": 61.0, ""cur"": true}, {""w"": ""W4"", ""opp"": ""JAX"", ""v"": 10.0, ""cur"": true}]",Over,0.3513109933550814,0.4959785522788205,0.44396030360495237,1.88,betrivers,-0.16535462922268956,0.0,-0.14466755892373906,
Keenan Allen,WR,IND,PIT,player_reception_yds,27.5,43.14684897914815,17,Limited,,2,True,00-0030279,2026-10-11T17:00:00Z,"[{""w"": ""25W16"", ""opp"": ""DAL"", ""v"": 44.0, ""cur"": false}, {""w"": ""25W17"", ""opp"": ""HOU"", ""v"": 17.0, ""cur"": false}, {""w"": ""25W18"", ""opp"": ""DEN"", ""v"": 36.0, ""cur"": false}, {""w"": ""W1"", ""opp"": ""BAL"", ""v"": 32.0, ""cur"": true}, {""w"": ""W2"", ""opp"": ""KC"", ""v"": 5.0, ""cur"": true}, {""w"": ""W3"", ""opp"": ""HOU"", ""v"": 63.0, ""cur"": true}]",Under,0.3443202274344508,0.5,0.44387869234122285,1.88,fanduel,-0.16550805839850113,0.0,-0.1556797725655492,BIG-GAP:check-news 
Jaylen Waddle,WR,DEN,LAC,player_reception_yds,53.5,47.59892566359944,17,,,4,True,00-0036613,2026-10-11T20:05:00Z,"[{""w"": ""25W16"", ""opp"": ""CIN"", ""v"": 72.0, ""cur"": false}, {""w"": ""25W17"", ""opp"": ""TB"", ""v"": 0.0, ""cur"": false}, {""w"": ""W1"", ""opp"": ""KC"", ""v"": 2.0, ""cur"": true}, {""w"": ""W2"", ""opp"": ""JAX"", ""v"": 138.0, ""cur"": true}, {""w"": ""W3"", ""opp"": ""LA"", ""v"": 10.0, ""cur"": true}, {""w"": ""W4"", ""opp"": ""SF"", ""v"": 35.0, ""cur"": true}]",Over,0.3313495704676694,0.5,0.4388746174403029,1.9,draftkings,-0.16613822686342455,0.0,-0.16865042953233061,BIG-GAP:check-news 
Javonte Williams,RB,DAL,TB,player_rush_yds,72.5,64.38952938538046,17,,,1,True,00-0036997,2026-10-09T00:15:00Z,"[{""w"": ""25W16"", ""opp"": ""LAC"", ""v"": 34.0, ""cur"": false}, {""w"": ""25W17"", ""opp"": ""WAS"", ""v"": 54.0, ""cur"": false}, {""w"": ""W1"", ""opp"": ""NYG"", ""v"": 41.0, ""cur"": true}, {""w"": ""W2"", ""opp"": ""WAS"", ""v"": 30.0, ""cur"": true}, {""w"": ""W3"", ""opp"": ""BAL"", ""v"": 98.0, ""cur"": true}, {""w"": ""W4"", ""opp"": ""HOU"", ""v"": 62.0, ""cur"": true}]",Over,0.34339745985348435,0.5,0.4435253611633396,1.88,betonlineag,-0.16617232101292156,0.0,-0.15660254014651565,BIG-GAP:check-news 
Romeo Doubs,WR,NE,LV,player_reception_yds,51.5,46.010860425096254,17,,,2,True,00-0037816,2026-10-11T17:00:00Z,"[{""w"": ""25W16"", ""opp"": ""CHI"", ""v"": 84.0, ""cur"": false}, {""w"": ""25W17"", ""opp"": ""BAL"", ""v"": 62.0, ""cur"": false}, {""w"": ""W1"", ""opp"": ""SEA"", ""v"": 0.0, ""cur"": true}, {""w"": ""W2"", ""opp"": ""PIT"", ""v"": 96.0, ""cur"": true}, {""w"": ""W3"", ""opp"": ""JAX"", ""v"": 49.0, ""cur"": true}, {""w"": ""W4"", ""opp"": ""BUF"", ""v"": 58.0, ""cur"": true}]",Over,0.3429486315350257,0.5,0.44335336018005256,1.88,betonlineag,-0.16649568286150124,0.0,-0.1570513684649743,BIG-GAP:check-news 
Trevor Lawrence,QB,JAX,PHI,player_pass_yds,230.5,210.08031802719012,17,,,1,True,00-0036971,2026-10-11T13:30:00Z,"[{""w"": ""25W17"", ""opp"": ""IND"", ""v"": 263.0, ""cur"": false}, {""w"": ""25W18"", ""opp"": ""TEN"", ""v"": 255.0, ""cur"": false}, {""w"": ""W1"", ""opp"": ""CLE"", ""v"": 245.0, ""cur"": true}, {""w"": ""W2"", ""opp"": ""DEN"", ""v"": 189.0, ""cur"": true}, {""w"": ""W3"", ""opp"": ""NE"", ""v"": 182.0, ""cur"": true}, {""w"": ""W4"", ""opp"": ""CIN"", ""v"": 227.0, ""cur"": true}]",Over,0.34875143917446016,0.4959785522788205,0.4429884785234195,1.88,betrivers,-0.16718166037597137,0.0,-0.14722711310436032,
Tyjae Spears,RB,TEN,HOU,player_reception_yds,10.5,9.736068803181091,17,,,1,True,00-0039032,2026-10-11T17:00:00Z,"[{""w"": ""25W17"", ""opp"": ""NO"", ""v"": -1.0, ""cur"": false}, {""w"": ""25W18"", ""opp"": ""JAX"", ""v"": 9.0, ""cur"": false}, {""w"": ""W1"", ""opp"": ""NYJ"", ""v"": 12.0, ""cur"": true}, {""w"": ""W2"", ""opp"": ""PHI"", ""v"": 29.0, ""cur"": true}, {""w"": ""W3"", ""opp"": ""NYG"", ""v"": 0.0, ""cur"": true}, {""w"": ""W4"", ""opp"": ""BAL"", ""v"": -1.0, ""cur"": true}]",Over,0.32939089462890603,0.48941798941798953,0.43134964083447447,1.93,draftkings,-0.1674951931894642,0.0,-0.1600270947890835,BIG-GAP:check-news 
Tyler Allgeier,RB,ARI,DET,player_reception_yds,11.5,10.258579976534744,17,,,2,True,00-0037263,2026-10-11T20:25:00Z,"[{""w"": ""25W17"", ""opp"": ""LA"", ""v"": 0.0, ""cur"": false}, {""w"": ""25W18"", ""opp"": ""NO"", ""v"": 3.0, ""cur"": false}, {""w"": ""W1"", ""opp"": ""LAC"", ""v"": 9.0, ""cur"": true}, {""w"": ""W2"", ""opp"": ""SEA"", ""v"": 9.0, ""cur"": true}, {""w"": ""W3"", ""opp"": ""SF"", ""v"": 10.0, ""cur"": true}, {""w"": ""W4"", ""opp"": ""NYG"", ""v"": 7.0, ""cur"": true}]",Over,0.3336492760734174,0.5046916890080428,0.44277551714180374,1.88,fanduel,-0.16758202777340903,0.0,-0.17104241293462547,BIG-GAP:check-news 
Parker Washington,WR,JAX,PHI,player_reception_yds,62.5,56.438904725874885,17,,,1,True,00-0038606,2026-10-11T13:30:00Z,"[{""w"": ""25W17"", ""opp"": ""IND"", ""v"": 115.0, ""cur"": false}, {""w"": ""25W18"", ""opp"": ""TEN"", ""v"": 87.0, ""cur"": false}, {""w"": ""W1"", ""opp"": ""CLE"", ""v"": 83.0, ""cur"": true}, {""w"": ""W2"", ""opp"": ""DEN"", ""v"": 98.0, ""cur"": true}, {""w"": ""W3"", ""opp"": ""NE"", ""v"": 40.0, ""cur"": true}, {""w"": ""W4"", ""opp"": ""CIN"", ""v"": 7.0, ""cur"": true}]",Over,0.34698904435404043,0.5,0.44489839350925636,1.87,betrivers,-0.1680400041376906,0.0,-0.15301095564595957,BIG-GAP:check-news 
Romeo Doubs,WR,NE,LV,player_reception_yds,52.5,46.010860425096254,17,,,3,True,00-0037816,2026-10-11T17:00:00Z,"[{""w"": ""25W16"", ""opp"": ""CHI"", ""v"": 84.0, ""cur"": false}, {""w"": ""25W17"", ""opp"": ""BAL"", ""v"": 62.0, ""cur"": false}, {""w"": ""W1"", ""opp"": ""SEA"", ""v"": 0.0, ""cur"": true}, {""w"": ""W2"", ""opp"": ""PIT"", ""v"": 96.0, ""cur"": true}, {""w"": ""W3"", ""opp"": ""JAX"", ""v"": 49.0, ""cur"": true}, {""w"": ""W4"", ""opp"": ""BUF"", ""v"": 58.0, ""cur"": true}]",Over,0.33342408194433487,0.5,0.4396805581676708,1.89,draftkings,-0.16900374506310217,0.0,-0.16657591805566513,BIG-GAP:check-news 
Troy Franklin,WR,DEN,LAC,player_receptions,1.5,1.1984919248395618,17,,,5,True,00-0039868,2026-10-11T20:05:00Z,"[{""w"": ""25W16"", ""opp"": ""JAX"", ""v"": 4.0, ""cur"": false}, {""w"": ""25W17"", ""opp"": ""KC"", ""v"": 4.0, ""cur"": false}, {""w"": ""25W18"", ""opp"": ""LAC"", ""v"": 0.0, ""cur"": false}, {""w"": ""W1"", ""opp"": ""KC"", ""v"": 0.0, ""cur"": true}, {""w"": ""W2"", ""opp"": ""JAX"", ""v"": 1.0, ""cur"": true}, {""w"": ""W3"", ""opp"": ""LA"", ""v"": 1.0, ""cur"": true}]",Over,0.3237155277453498,0.4842380514260811,0.4258369996192908,1.95,bovada,-0.169617850742383,0.0,-0.16052252368073133,BIG-GAP:check-news 
George Kittle,TE,SF,SEA,player_reception_yds,56.5,50.27796864274037,15,,,1,True,00-0033288,2026-10-11T20:25:00Z,"[{""w"": ""25W16"", ""opp"": ""IND"", ""v"": 115.0, ""cur"": false}, {""w"": ""25W18"", ""opp"": ""SEA"", ""v"": 29.0, ""cur"": false}, {""w"": ""W1"", ""opp"": ""LA"", ""v"": 12.0, ""cur"": true}, {""w"": ""W2"", ""opp"": ""MIA"", ""v"": 80.0, ""cur"": true}, {""w"": ""W3"", ""opp"": ""ARI"", ""v"": 82.0, ""cur"": true}, {""w"": ""W4"", ""opp"": ""DEN"", ""v"": 70.0, ""cur"": true}]",Over,0.34403173119496494,0.5,0.4437682683941749,1.87,betmgm,-0.17015333810289296,0.0,-0.15596826880503506,BIG-GAP:check-news 
Michael Penix Jr.,QB,ATL,BAL,player_pass_yds,221.5,198.5287307241522,11,,,1,True,00-0039917,2026-10-12T00:20:00Z,"[{""w"": ""25W7"", ""opp"": ""SF"", ""v"": 241.0, ""cur"": false}, {""w"": ""25W9"", ""opp"": ""NE"", ""v"": 221.0, ""cur"": false}, {""w"": ""25W10"", ""opp"": ""IND"", ""v"": 177.0, ""cur"": false}, {""w"": ""25W11"", ""opp"": ""CAR"", ""v"": 175.0, ""cur"": false}, {""w"": ""W3"", ""opp"": ""GB"", ""v"": 256.0, ""cur"": true}, {""w"": ""W4"", ""opp"": ""NO"", ""v"": 223.0, ""cur"": true}]",Over,0.33571618167820694,0.5,0.440568491300493,1.88,fanduel,-0.17173123635507315,0.0,-0.16428381832179306,BIG-GAP:check-news 
Jaylen Waddle,WR,DEN,LAC,player_reception_yds,52.5,47.59892566359944,17,,,1,True,00-0036613,2026-10-11T20:05:00Z,"[{""w"": ""25W16"", ""opp"": ""CIN"", ""v"": 72.0, ""cur"": false}, {""w"": ""25W17"", ""opp"": ""TB"", ""v"": 0.0, ""cur"": false}, {""w"": ""W1"", ""opp"": ""KC"", ""v"": 2.0, ""cur"": true}, {""w"": ""W2"", ""opp"": ""JAX"", ""v"": 138.0, ""cur"": true}, {""w"": ""W3"", ""opp"": ""LA"", ""v"": 10.0, ""cur"": true}, {""w"": ""W4"", ""opp"": ""SF"", ""v"": 35.0, ""cur"": true}]",Over,0.33897762772509665,0.5053191489361702,0.4452409096744504,1.86,betonlineag,-0.1718519080055222,0.0,-0.1663415212110736,BIG-GAP:check-news 
Brock Bowers,TE,LV,NE,player_reception_yds,73.5,62.298270604571606,14,,,4,True,00-0039338,2026-10-11T17:00:00Z,"[{""w"": ""25W13"", ""opp"": ""LAC"", ""v"": 63.0, ""cur"": false}, {""w"": ""25W14"", ""opp"": ""DEN"", ""v"": 46.0, ""cur"": false}, {""w"": ""25W15"", ""opp"": ""PHI"", ""v"": 28.0, ""cur"": false}, {""w"": ""25W16"", ""opp"": ""HOU"", ""v"": 33.0, ""cur"": false}, {""w"": ""W3"", ""opp"": ""NO"", ""v"": 116.0, ""cur"": true}, {""w"": ""W4"", ""opp"": ""KC"", ""v"": 86.0, ""cur"": true}]",Over,0.3162981427521869,0.5,0.43295795346278765,1.91,draftkings,-0.17305030888607564,0.0,-0.18370185724781313,BIG-GAP:check-news 
Keenan Allen,WR,IND,PIT,player_reception_yds,26.5,43.14684897914815,17,Limited,,3,True,00-0030279,2026-10-11T17:00:00Z,"[{""w"": ""25W16"", ""opp"": ""DAL"", ""v"": 44.0, ""cur"": false}, {""w"": ""25W17"", ""opp"": ""HOU"", ""v"": 17.0, ""cur"": false}, {""w"": ""25W18"", ""opp"": ""DEN"", ""v"": 36.0, ""cur"": false}, {""w"": ""W1"", ""opp"": ""BAL"", ""v"": 32.0, ""cur"": true}, {""w"": ""W2"", ""opp"": ""KC"", ""v"": 5.0, ""cur"": true}, {""w"": ""W3"", ""opp"": ""HOU"", ""v"": 63.0, ""cur"": true}]",Under,0.32700870982162666,0.4893617021276595,0.43038643025621304,1.92,betonlineag,-0.173658053908071,0.0,-0.16235299230603284,BIG-GAP:check-news 
Matthew Golden,WR,GB,CHI,player_reception_yds,56.5,48.378959633343534,17,,,4,True,00-0040667,2026-10-11T17:00:00Z,"[{""w"": ""25W17"", ""opp"": ""BAL"", ""v"": 12.0, ""cur"": false}, {""w"": ""25W18"", ""opp"": ""MIN"", ""v"": 8.0, ""cur"": false}, {""w"": ""W1"", ""opp"": ""MIN"", ""v"": 95.0, ""cur"": true}, {""w"": ""W2"", ""opp"": ""NYJ"", ""v"": 58.0, ""cur"": true}, {""w"": ""W3"", ""opp"": ""ATL"", ""v"": 100.0, ""cur"": true}, {""w"": ""W4"", ""opp"": ""TB"", ""v"": 21.0, ""cur"": true}]",Over,0.3210085535258956,0.5,0.4348231568763239,1.9,draftkings,-0.17383600193498466,0.0,-0.17899144647410442,BIG-GAP:check-news 
Bijan Robinson,RB,ATL,BAL,player_reception_yds,27.5,25.867387837708183,17,,,1,True,00-0038542,2026-10-12T00:20:00Z,"[{""w"": ""25W17"", ""opp"": ""LA"", ""v"": 34.0, ""cur"": false}, {""w"": ""25W18"", ""opp"": ""NO"", ""v"": 10.0, ""cur"": false}, {""w"": ""W1"", ""opp"": ""PIT"", ""v"": 90.0, ""cur"": true}, {""w"": ""W2"", ""opp"": ""CAR"", ""v"": 9.0, ""cur"": true}, {""w"": ""W3"", ""opp"": ""GB"", ""v"": 19.0, ""cur"": true}, {""w"": ""W4"", ""opp"": ""NO"", ""v"": 2.0, ""cur"": true}]",Over,0.3363781661391278,0.49061662198391415,0.4348189460058822,1.9,betmgm,-0.1738440025888237,0.0,-0.15423845584478635,BIG-GAP:check-news 
Jameis Winston,QB,NYG,WAS,player_rush_yds,2.5,6.190574276574736,6,,,2,True,00-0031503,2026-10-11T17:00:00Z,"[{""w"": ""25W11"", ""opp"": ""GB"", ""v"": 10.0, ""cur"": false}, {""w"": ""25W12"", ""opp"": ""DET"", ""v"": 13.0, ""cur"": false}, {""w"": ""25W15"", ""opp"": ""WAS"", ""v"": 0.0, ""cur"": false}, {""w"": ""W2"", ""opp"": ""LA"", ""v"": 1.0, ""cur"": true}, {""w"": ""W3"", ""opp"": ""TEN"", ""v"": 14.0, ""cur"": true}, {""w"": ""W4"", ""opp"": ""ARI"", ""v"": 0.0, ""cur"": true}]",Under,0.3150814940827682,0.5179152865884467,0.44394555113055095,1.86,draftkings,-0.17426127489717513,0.0,-0.20283379250567846,BIG-GAP:check-news 
Trey McBride,TE,ARI,DET,player_receptions,7.5,9.412937595402342,17,,,6,True,00-0037744,2026-10-11T20:25:00Z,"[{""w"": ""25W17"", ""opp"": ""CIN"", ""v"": 10.0, ""cur"": false}, {""w"": ""25W18"", ""opp"": ""LA"", ""v"": 7.0, ""cur"": false}, {""w"": ""W1"", ""opp"": ""LAC"", ""v"": 9.0, ""cur"": true}, {""w"": ""W2"", ""opp"": ""SEA"", ""v"": 8.0, ""cur"": true}, {""w"": ""W3"", ""opp"": ""SF"", ""v"": 9.0, ""cur"": true}, {""w"": ""W4"", ""opp"": ""NYG"", ""v"": 7.0, ""cur"": true}]",Under,0.29977479804887364,0.44709307615321625,0.39293192905332075,2.1,betmgm,-0.17484294898802638,0.0,-0.14731827810434261,
Tucker Kraft,TE,GB,CHI,player_reception_yds,47.5,41.99715851166777,12,,,1,True,00-0038996,2026-10-11T17:00:00Z,"[{""w"": ""25W8"", ""opp"": ""PIT"", ""v"": 143.0, ""cur"": false}, {""w"": ""25W9"", ""opp"": ""CAR"", ""v"": 20.0, ""cur"": false}, {""w"": ""W1"", ""opp"": ""MIN"", ""v"": 65.0, ""cur"": true}, {""w"": ""W2"", ""opp"": ""NYJ"", ""v"": 15.0, ""cur"": true}, {""w"": ""W3"", ""opp"": ""ATL"", ""v"": 26.0, ""cur"": true}, {""w"": ""W4"", ""opp"": ""TB"", ""v"": 42.0, ""cur"": true}]",Over,0.33605118661184263,0.5,0.44069804807610263,1.87,betmgm,-0.17589465009768795,0.0,-0.16394881338815737,BIG-GAP:check-news 
Garrett Wilson,WR,NYJ,CLE,player_receptions,5.5,4.976327093280895,11,,,1,True,00-0037740,2026-10-11T17:00:00Z,"[{""w"": ""25W6"", ""opp"": ""DEN"", ""v"": 3.0, ""cur"": false}, {""w"": ""25W10"", ""opp"": ""CLE"", ""v"": 0.0, ""cur"": false}, {""w"": ""W1"", ""opp"": ""TEN"", ""v"": 6.0, ""cur"": true}, {""w"": ""W2"", ""opp"": ""GB"", ""v"": 5.0, ""cur"": true}, {""w"": ""W3"", ""opp"": ""DET"", ""v"": 10.0, ""cur"": true}, {""w"": ""W4"", ""opp"": ""CHI"", ""v"": 3.0, ""cur"": true}]",Over,0.377075287957791,0.557029177718833,0.4933080593878388,1.67,betmgm,-0.17617554082230935,0.0,-0.17995388976104199,BIG-GAP:check-news 
Justin Herbert,QB,LAC,DEN,player_rush_yds,26.5,22.85785648618686,17,,,3,True,00-0036355,2026-10-11T20:05:00Z,"[{""w"": ""25W16"", ""opp"": ""DAL"", ""v"": 42.0, ""cur"": false}, {""w"": ""25W17"", ""opp"": ""HOU"", ""v"": 37.0, ""cur"": false}, {""w"": ""W1"", ""opp"": ""ARI"", ""v"": 29.0, ""cur"": true}, {""w"": ""W2"", ""opp"": ""LV"", ""v"": 2.0, ""cur"": true}, {""w"": ""W3"", ""opp"": ""BUF"", ""v"": 17.0, ""cur"": true}, {""w"": ""W4"", ""opp"": ""SEA"", ""v"": 40.0, ""cur"": true}]",Over,0.3221130350090136,0.4973544973544974,0.43356866535414385,1.9,draftkings,-0.17621953582712674,0.0,-0.17524146234548377,BIG-GAP:check-news 
Kenny Gainwell,RB,TB,DAL,player_receptions,1.5,2.824324856861661,17,,,5,True,00-0036919,2026-10-09T00:15:00Z,"[{""w"": ""25W17"", ""opp"": ""CLE"", ""v"": 3.0, ""cur"": false}, {""w"": ""25W18"", ""opp"": ""BAL"", ""v"": 8.0, ""cur"": false}, {""w"": ""W1"", ""opp"": ""CIN"", ""v"": 1.0, ""cur"": true}, {""w"": ""W2"", ""opp"": ""CLE"", ""v"": 3.0, ""cur"": true}, {""w"": ""W3"", ""opp"": ""MIN"", ""v"": 2.0, ""cur"": true}, {""w"": ""W4"", ""opp"": ""GB"", ""v"": 2.0, ""cur"": true}]",Under,0.26640891963956403,0.4128205128205128,0.35812115161004143,2.3,bovada,-0.1763213512969048,0.0,-0.14641159318094876,
Matthew Golden,WR,GB,CHI,player_reception_yds,55.5,48.378959633343534,17,,,2,True,00-0040667,2026-10-11T17:00:00Z,"[{""w"": ""25W17"", ""opp"": ""BAL"", ""v"": 12.0, ""cur"": false}, {""w"": ""25W18"", ""opp"": ""MIN"", ""v"": 8.0, ""cur"": false}, {""w"": ""W1"", ""opp"": ""MIN"", ""v"": 95.0, ""cur"": true}, {""w"": ""W2"", ""opp"": ""NYJ"", ""v"": 58.0, ""cur"": true}, {""w"": ""W3"", ""opp"": ""ATL"", ""v"": 100.0, ""cur"": true}, {""w"": ""W4"", ""opp"": ""TB"", ""v"": 21.0, ""cur"": true}]",Over,0.32936674007935196,0.5,0.43810221484609446,1.88,betonlineag,-0.17636783608934248,0.0,-0.17063325992064804,BIG-GAP:check-news 
Troy Franklin,WR,DEN,LAC,player_reception_yds,18.5,16.475408989548093,17,,,3,True,00-0039868,2026-10-11T20:05:00Z,"[{""w"": ""25W16"", ""opp"": ""JAX"", ""v"": 66.0, ""cur"": false}, {""w"": ""25W17"", ""opp"": ""KC"", ""v"": 17.0, ""cur"": false}, {""w"": ""25W18"", ""opp"": ""LAC"", ""v"": 0.0, ""cur"": false}, {""w"": ""W1"", ""opp"": ""KC"", ""v"": 0.0, ""cur"": true}, {""w"": ""W2"", ""opp"": ""JAX"", ""v"": 27.0, ""cur"": true}, {""w"": ""W3"", ""opp"": ""LA"", ""v"": 21.0, ""cur"": true}]",Over,0.322696201856781,0.5,0.4354883429515298,1.89,betrivers,-0.17692703182160868,0.0,-0.177303798143219,BIG-GAP:check-news 
Jalen Hurts,QB,PHI,JAX,player_rush_yds,26.5,22.936553173919705,17,,,3,True,00-0036389,2026-10-11T13:30:00Z,"[{""w"": ""25W16"", ""opp"": ""WAS"", ""v"": 40.0, ""cur"": false}, {""w"": ""25W17"", ""opp"": ""BUF"", ""v"": 5.0, ""cur"": false}, {""w"": ""W1"", ""opp"": ""WAS"", ""v"": 46.0, ""cur"": true}, {""w"": ""W2"", ""opp"": ""TEN"", ""v"": 16.0, ""cur"": true}, {""w"": ""W3"", ""opp"": ""CHI"", ""v"": 25.0, ""cur"": true}, {""w"": ""W4"", ""opp"": ""LA"", ""v"": 18.0, ""cur"": true}]",Over,0.32844581528657646,0.5,0.437742771439431,1.88,betonlineag,-0.17704358969386969,0.0,-0.17155418471342354,BIG-GAP:check-news 
Jahmyr Gibbs,RB,DET,ARI,player_rush_yds,90.5,78.20618885443969,17,,,3,True,00-0039139,2026-10-11T20:25:00Z,"[{""w"": ""25W17"", ""opp"": ""MIN"", ""v"": 41.0, ""cur"": false}, {""w"": ""25W18"", ""opp"": ""CHI"", ""v"": 80.0, ""cur"": false}, {""w"": ""W1"", ""opp"": ""NO"", ""v"": 156.0, ""cur"": true}, {""w"": ""W2"", ""opp"": ""BUF"", ""v"": 52.0, ""cur"": true}, {""w"": ""W3"", ""opp"": ""NYJ"", ""v"": 99.0, ""cur"": true}, {""w"": ""W4"", ""opp"": ""CAR"", ""v"": 46.0, ""cur"": true}]",Over,0.3277693446111364,0.5,0.43747845384024686,1.88,betonlineag,-0.17754050678033595,0.0,-0.17223065538886362,BIG-GAP:check-news 
Justice Hill,RB,BAL,ATL,player_rush_yds,11.5,10.498531686166638,14,,,2,True,00-0034975,2026-10-12T00:20:00Z,"[{""w"": ""25W10"", ""opp"": ""MIN"", ""v"": 1.0, ""cur"": false}, {""w"": ""25W12"", ""opp"": ""NYJ"", ""v"": 0.0, ""cur"": false}, {""w"": ""W1"", ""opp"": ""IND"", ""v"": 18.0, ""cur"": true}, {""w"": ""W2"", ""opp"": ""NO"", ""v"": 6.0, ""cur"": true}, {""w"": ""W3"", ""opp"": ""DAL"", ""v"": 33.0, ""cur"": true}, {""w"": ""W4"", ""opp"": ""TEN"", ""v"": 3.0, ""cur"": true}]",Over,0.32015239607932483,0.5039893617021276,0.43703541752449426,1.88,fanduel,-0.17837341505395082,0.0,-0.18383696562280277,BIG-GAP:check-news 
Brock Bowers,TE,LV,NE,player_reception_yds,72.5,62.298270604571606,14,,,2,True,00-0039338,2026-10-11T17:00:00Z,"[{""w"": ""25W13"", ""opp"": ""LAC"", ""v"": 63.0, ""cur"": false}, {""w"": ""25W14"", ""opp"": ""DEN"", ""v"": 46.0, ""cur"": false}, {""w"": ""25W15"", ""opp"": ""PHI"", ""v"": 28.0, ""cur"": false}, {""w"": ""25W16"", ""opp"": ""HOU"", ""v"": 33.0, ""cur"": false}, {""w"": ""W3"", ""opp"": ""NO"", ""v"": 116.0, ""cur"": true}, {""w"": ""W4"", ""opp"": ""KC"", ""v"": 86.0, ""cur"": true}]",Over,0.32433058505184964,0.5006666666666666,0.43655733117322654,1.88,fanduel,-0.1792722173943342,0.0,-0.17633608161481695,BIG-GAP:check-news 
Garrett Wilson,WR,NYJ,CLE,player_reception_yds,69.5,58.97019341019723,11,,,5,True,00-0037740,2026-10-11T17:00:00Z,"[{""w"": ""25W6"", ""opp"": ""DEN"", ""v"": 13.0, ""cur"": false}, {""w"": ""25W10"", ""opp"": ""CLE"", ""v"": 0.0, ""cur"": false}, {""w"": ""W1"", ""opp"": ""TEN"", ""v"": 79.0, ""cur"": true}, {""w"": ""W2"", ""opp"": ""GB"", ""v"": 57.0, ""cur"": true}, {""w"": ""W3"", ""opp"": ""DET"", ""v"": 107.0, ""cur"": true}, {""w"": ""W4"", ""opp"": ""CHI"", ""v"": 27.0, ""cur"": true}]",Over,0.31785438497542245,0.5,0.4335756056093605,1.89,betonlineag,-0.18054210539830873,0.0,-0.18214561502457755,BIG-GAP:check-news 
Josh Allen,QB,BUF,LA,player_rush_yds,36.5,31.187217977287094,17,,,4,True,00-0034857,2026-10-13T00:15:00Z,"[{""w"": ""25W16"", ""opp"": ""CLE"", ""v"": 17.0, ""cur"": false}, {""w"": ""25W17"", ""opp"": ""PHI"", ""v"": 27.0, ""cur"": false}, {""w"": ""W1"", ""opp"": ""HOU"", ""v"": 23.0, ""cur"": true}, {""w"": ""W2"", ""opp"": ""DET"", ""v"": 69.0, ""cur"": true}, {""w"": ""W3"", ""opp"": ""LAC"", ""v"": 22.0, ""cur"": true}, {""w"": ""W4"", ""opp"": ""NE"", ""v"": 4.0, ""cur"": true}]",Over,0.3204612455879465,0.5013297872340425,0.43545686100222364,1.88,draftkings,-0.18134110131581965,0.0,-0.18086854164609606,BIG-GAP:check-news 
Drake London,WR,ATL,BAL,player_receptions,6.5,4.978223268482991,16,,,3,True,00-0037238,2026-10-12T00:20:00Z,"[{""w"": ""25W17"", ""opp"": ""LA"", ""v"": 1.0, ""cur"": false}, {""w"": ""25W18"", ""opp"": ""NO"", ""v"": 4.0, ""cur"": false}, {""w"": ""W1"", ""opp"": ""PIT"", ""v"": 2.0, ""cur"": true}, {""w"": ""W2"", ""opp"": ""CAR"", ""v"": 4.0, ""cur"": true}, {""w"": ""W3"", ""opp"": ""GB"", ""v"": 9.0, ""cur"": true}, {""w"": ""W4"", ""opp"": ""NO"", ""v"": 5.0, ""cur"": true}]",Over,0.26164599533246247,0.4123711340206186,0.3558751707577285,2.3,fanduel,-0.18148710725722433,0.0,-0.15072513868815612,BIG-GAP:check-news 
Jacory Croskey-Merritt,RB,WAS,NYG,player_rush_yds,56.5,48.93856153333604,17,Limited,,1,True,00-0040242,2026-10-11T17:00:00Z,"[{""w"": ""25W17"", ""opp"": ""DAL"", ""v"": 105.0, ""cur"": false}, {""w"": ""25W18"", ""opp"": ""PHI"", ""v"": 29.0, ""cur"": false}, {""w"": ""W1"", ""opp"": ""PHI"", ""v"": 63.0, ""cur"": true}, {""w"": ""W2"", ""opp"": ""DAL"", ""v"": 43.0, ""cur"": true}, {""w"": ""W3"", ""opp"": ""SEA"", ""v"": 36.0, ""cur"": true}, {""w"": ""W4"", ""opp"": ""IND"", ""v"": 15.0, ""cur"": true}]",Over,0.3289734135111212,0.4959785522788205,0.43537670563429004,1.88,betrivers,-0.18149179340753474,0.0,-0.1670051387676993,BIG-GAP:check-news 
Javonte Williams,RB,DAL,TB,player_rush_yds,73.5,64.38952938538046,17,,,1,True,00-0036997,2026-10-09T00:15:00Z,"[{""w"": ""25W16"", ""opp"": ""LAC"", ""v"": 34.0, ""cur"": false}, {""w"": ""25W17"", ""opp"": ""WAS"", ""v"": 54.0, ""cur"": false}, {""w"": ""W1"", ""opp"": ""NYG"", ""v"": 41.0, ""cur"": true}, {""w"": ""W2"", ""opp"": ""WAS"", ""v"": 30.0, ""cur"": true}, {""w"": ""W3"", ""opp"": ""BAL"", ""v"": 98.0, ""cur"": true}, {""w"": ""W4"", ""opp"": ""HOU"", ""v"": 62.0, ""cur"": true}]",Over,0.3338492633611844,0.5040214477211796,0.44242322807874085,1.85,betrivers,-0.18151702805432945,0.0,-0.1701721843599952,BIG-GAP:check-news 
Sam Darnold,QB,SEA,SF,player_pass_yds,227.5,195.48562068731982,17,,,4,True,00-0034869,2026-10-11T20:25:00Z,"[{""w"": ""25W16"", ""opp"": ""LA"", ""v"": 270.0, ""cur"": false}, {""w"": ""25W17"", ""opp"": ""CAR"", ""v"": 147.0, ""cur"": false}, {""w"": ""25W18"", ""opp"": ""SF"", ""v"": 198.0, ""cur"": false}, {""w"": ""W1"", ""opp"": ""NE"", ""v"": 13.0, ""cur"": true}, {""w"": ""W3"", ""opp"": ""WAS"", ""v"": 379.0, ""cur"": true}, {""w"": ""W4"", ""opp"": ""LAC"", ""v"": 168.0, ""cur"": true}]",Over,0.32193817351901455,0.5,0.43518976408406435,1.88,betonlineag,-0.18184324352195913,0.0,-0.17806182648098545,BIG-GAP:check-news 
Jahmyr Gibbs,RB,DET,ARI,player_rush_yds,92.5,78.20618885443969,17,,,2,True,00-0039139,2026-10-11T20:25:00Z,"[{""w"": ""25W17"", ""opp"": ""MIN"", ""v"": 41.0, ""cur"": false}, {""w"": ""25W18"", ""opp"": ""CHI"", ""v"": 80.0, ""cur"": false}, {""w"": ""W1"", ""opp"": ""NO"", ""v"": 156.0, ""cur"": true}, {""w"": ""W2"", ""opp"": ""BUF"", ""v"": 52.0, ""cur"": true}, {""w"": ""W3"", ""opp"": ""NYJ"", ""v"": 99.0, ""cur"": true}, {""w"": ""W4"", ""opp"": ""CAR"", ""v"": 46.0, ""cur"": true}]",Over,0.3158649655720943,0.5,0.4327857782042756,1.89,draftkings,-0.18203487919391909,0.0,-0.18413503442790569,BIG-GAP:check-news 
Michael Penix Jr.,QB,ATL,BAL,player_pass_yds,223.5,198.5287307241522,11,,,1,True,00-0039917,2026-10-12T00:20:00Z,"[{""w"": ""25W7"", ""opp"": ""SF"", ""v"": 241.0, ""cur"": false}, {""w"": ""25W9"", ""opp"": ""NE"", ""v"": 221.0, ""cur"": false}, {""w"": ""25W10"", ""opp"": ""IND"", ""v"": 177.0, ""cur"": false}, {""w"": ""25W11"", ""opp"": ""CAR"", ""v"": 175.0, ""cur"": false}, {""w"": ""W3"", ""opp"": ""GB"", ""v"": 256.0, ""cur"": true}, {""w"": ""W4"", ""opp"": ""NO"", ""v"": 223.0, ""cur"": true}]",Over,0.3265865487753919,0.5,0.43701571219363516,1.87,betrivers,-0.18278061819790226,0.0,-0.1734134512246081,BIG-GAP:check-news 
Josh Downs,WR,IND,PIT,player_receptions,4.5,3.919665374676719,17,,,1,True,00-0038997,2026-10-11T17:00:00Z,"[{""w"": ""25W17"", ""opp"": ""JAX"", ""v"": 2.0, ""cur"": false}, {""w"": ""25W18"", ""opp"": ""HOU"", ""v"": 4.0, ""cur"": false}, {""w"": ""W1"", ""opp"": ""BAL"", ""v"": 2.0, ""cur"": true}, {""w"": ""W2"", ""opp"": ""KC"", ""v"": 7.0, ""cur"": true}, {""w"": ""W3"", ""opp"": ""HOU"", ""v"": 5.0, ""cur"": true}, {""w"": ""W4"", ""opp"": ""WAS"", ""v"": 3.0, ""cur"": true}]",Over,0.3559279675371994,0.5578947368421052,0.4859101618556502,1.68,fanduel,-0.18367092808250762,0.0,-0.2019667693049058,BIG-GAP:check-news 
George Kittle,TE,SF,SEA,player_reception_yds,58.5,50.27796864274037,15,,,1,True,00-0033288,2026-10-11T20:25:00Z,"[{""w"": ""25W16"", ""opp"": ""IND"", ""v"": 115.0, ""cur"": false}, {""w"": ""25W18"", ""opp"": ""SEA"", ""v"": 29.0, ""cur"": false}, {""w"": ""W1"", ""opp"": ""LA"", ""v"": 12.0, ""cur"": true}, {""w"": ""W2"", ""opp"": ""MIA"", ""v"": 80.0, ""cur"": true}, {""w"": ""W3"", ""opp"": ""ARI"", ""v"": 82.0, ""cur"": true}, {""w"": ""W4"", ""opp"": ""DEN"", ""v"": 70.0, ""cur"": true}]",Over,0.3247940524860864,0.4959785522788205,0.4337431466724594,1.88,betrivers,-0.18456288425577638,0.0,-0.1711844997927341,BIG-GAP:check-news 
Tucker Kraft,TE,GB,CHI,player_reception_yds,49.5,41.99715851166777,12,,,3,True,00-0038996,2026-10-11T17:00:00Z,"[{""w"": ""25W8"", ""opp"": ""PIT"", ""v"": 143.0, ""cur"": false}, {""w"": ""25W9"", ""opp"": ""CAR"", ""v"": 20.0, ""cur"": false}, {""w"": ""W1"", ""opp"": ""MIN"", ""v"": 65.0, ""cur"": true}, {""w"": ""W2"", ""opp"": ""NYJ"", ""v"": 15.0, ""cur"": true}, {""w"": ""W3"", ""opp"": ""ATL"", ""v"": 26.0, ""cur"": true}, {""w"": ""W4"", ""opp"": ""TB"", ""v"": 42.0, ""cur"": true}]",Over,0.3167286016354901,0.5,0.43312893882382947,1.88,betonlineag,-0.1857175950112006,0.0,-0.1832713983645099,BIG-GAP:check-news 
Tucker Kraft,TE,GB,CHI,player_reception_yds,50.5,41.99715851166777,12,,,2,True,00-0038996,2026-10-11T17:00:00Z,"[{""w"": ""25W8"", ""opp"": ""PIT"", ""v"": 143.0, ""cur"": false}, {""w"": ""25W9"", ""opp"": ""CAR"", ""v"": 20.0, ""cur"": false}, {""w"": ""W1"", ""opp"": ""MIN"", ""v"": 65.0, ""cur"": true}, {""w"": ""W2"", ""opp"": ""NYJ"", ""v"": 15.0, ""cur"": true}, {""w"": ""W3"", ""opp"": ""ATL"", ""v"": 26.0, ""cur"": true}, {""w"": ""W4"", ""opp"": ""TB"", ""v"": 42.0, ""cur"": true}]",Over,0.3074353373917037,0.49135425338281147,0.4239133353756383,1.92,draftkings,-0.18608639607877442,0.0,-0.18391891599110777,BIG-GAP:check-news 
Justice Hill,RB,BAL,ATL,player_rush_yds,12.5,10.498531686166638,14,,,3,True,00-0034975,2026-10-12T00:20:00Z,"[{""w"": ""25W10"", ""opp"": ""MIN"", ""v"": 1.0, ""cur"": false}, {""w"": ""25W12"", ""opp"": ""NYJ"", ""v"": 0.0, ""cur"": false}, {""w"": ""W1"", ""opp"": ""IND"", ""v"": 18.0, ""cur"": true}, {""w"": ""W2"", ""opp"": ""NO"", ""v"": 6.0, ""cur"": true}, {""w"": ""W3"", ""opp"": ""DAL"", ""v"": 33.0, ""cur"": true}, {""w"": ""W4"", ""opp"": ""TEN"", ""v"": 3.0, ""cur"": true}]",Over,0.29442797428631456,0.48930481283422456,0.4173399515380068,1.95,draftkings,-0.18618709450088683,0.0,-0.19487683854791,BIG-GAP:check-news 
Tyler Allgeier,RB,ARI,DET,player_receptions,2.5,1.6895029045228651,17,,,1,True,00-0037263,2026-10-11T20:25:00Z,"[{""w"": ""25W17"", ""opp"": ""LA"", ""v"": 0.0, ""cur"": false}, {""w"": ""25W18"", ""opp"": ""NO"", ""v"": 1.0, ""cur"": false}, {""w"": ""W1"", ""opp"": ""LAC"", ""v"": 2.0, ""cur"": true}, {""w"": ""W2"", ""opp"": ""SEA"", ""v"": 2.0, ""cur"": true}, {""w"": ""W3"", ""opp"": ""SF"", ""v"": 4.0, ""cur"": true}, {""w"": ""W4"", ""opp"": ""NYG"", ""v"": 2.0, ""cur"": true}]",Over,0.24113187861927515,0.3681592039800995,0.32030974647272814,2.54,fanduel,-0.1864132439592705,0.0,-0.12702732536082434,
David Montgomery,RB,HOU,TEN,player_rush_yds,46.5,39.50651807746873,17,,,1,True,00-0035685,2026-10-11T17:00:00Z,"[{""w"": ""25W17"", ""opp"": ""MIN"", ""v"": 25.0, ""cur"": false}, {""w"": ""25W18"", ""opp"": ""CHI"", ""v"": 42.0, ""cur"": false}, {""w"": ""W1"", ""opp"": ""BUF"", ""v"": 60.0, ""cur"": true}, {""w"": ""W2"", ""opp"": ""CIN"", ""v"": 10.0, ""cur"": true}, {""w"": ""W3"", ""opp"": ""IND"", ""v"": 33.0, ""cur"": true}, {""w"": ""W4"", ""opp"": ""DAL"", ""v"": 24.0, ""cur"": true}]",Over,0.3153552795253756,0.5,0.43258305086581894,1.88,fanduel,-0.18674386437226043,0.0,-0.18464472047462438,BIG-GAP:check-news 
Jaylen Waddle,WR,DEN,LAC,player_reception_yds,51.5,47.59892566359944,17,,,1,True,00-0036613,2026-10-11T20:05:00Z,"[{""w"": ""25W16"", ""opp"": ""CIN"", ""v"": 72.0, ""cur"": false}, {""w"": ""25W17"", ""opp"": ""TB"", ""v"": 0.0, ""cur"": false}, {""w"": ""W1"", ""opp"": ""KC"", ""v"": 2.0, ""cur"": true}, {""w"": ""W2"", ""opp"": ""JAX"", ""v"": 138.0, ""cur"": true}, {""w"": ""W3"", ""opp"": ""LA"", ""v"": 10.0, ""cur"": true}, {""w"": ""W4"", ""opp"": ""SF"", ""v"": 35.0, ""cur"": true}]",Over,0.3467706048652965,0.5347593582887701,0.46726629479071286,1.74,betmgm,-0.1869566470641596,0.0,-0.1879887534234736,BIG-GAP:check-news 
Garrett Wilson,WR,NYJ,CLE,player_reception_yds,68.5,58.97019341019723,11,,,1,True,00-0037740,2026-10-11T17:00:00Z,"[{""w"": ""25W6"", ""opp"": ""DEN"", ""v"": 13.0, ""cur"": false}, {""w"": ""25W10"", ""opp"": ""CLE"", ""v"": 0.0, ""cur"": false}, {""w"": ""W1"", ""opp"": ""TEN"", ""v"": 79.0, ""cur"": true}, {""w"": ""W2"", ""opp"": ""GB"", ""v"": 57.0, ""cur"": true}, {""w"": ""W3"", ""opp"": ""DET"", ""v"": 107.0, ""cur"": true}, {""w"": ""W4"", ""opp"": ""CHI"", ""v"": 27.0, ""cur"": true}]",Over,0.3256540446520087,0.5040214477211796,0.4392240772168685,1.85,betrivers,-0.18743545714879323,0.0,-0.17836740306917093,BIG-GAP:check-news 
Josh Downs,WR,IND,PIT,player_receptions,5.5,3.919665374676719,17,,,4,True,00-0038997,2026-10-11T17:00:00Z,"[{""w"": ""25W17"", ""opp"": ""JAX"", ""v"": 2.0, ""cur"": false}, {""w"": ""25W18"", ""opp"": ""HOU"", ""v"": 4.0, ""cur"": false}, {""w"": ""W1"", ""opp"": ""BAL"", ""v"": 2.0, ""cur"": true}, {""w"": ""W2"", ""opp"": ""KC"", ""v"": 7.0, ""cur"": true}, {""w"": ""W3"", ""opp"": ""HOU"", ""v"": 5.0, ""cur"": true}, {""w"": ""W4"", ""opp"": ""WAS"", ""v"": 3.0, ""cur"": true}]",Over,0.20803018112647687,0.4347322207678883,0.3455712010672568,2.35,betonlineag,-0.18790767749194648,0.0,-0.22670203964141145,BIG-GAP:check-news 
Bhayshul Tuten,RB,JAX,PHI,player_reception_yds,9.5,8.047072161460603,17,,,5,True,00-0040719,2026-10-11T13:30:00Z,"[{""w"": ""25W15"", ""opp"": ""NYJ"", ""v"": 16.0, ""cur"": false}, {""w"": ""25W18"", ""opp"": ""TEN"", ""v"": 0.0, ""cur"": false}, {""w"": ""W1"", ""opp"": ""CLE"", ""v"": 22.0, ""cur"": true}, {""w"": ""W2"", ""opp"": ""DEN"", ""v"": -3.0, ""cur"": true}, {""w"": ""W3"", ""opp"": ""NE"", ""v"": 17.0, ""cur"": true}, {""w"": ""W4"", ""opp"": ""CIN"", ""v"": 18.0, ""cur"": true}]",Over,0.2995477057167537,0.5065963060686015,0.4304152835779761,1.88,fanduel,-0.190819266873405,0.0,-0.2070486003518478,BIG-GAP:check-news 
David Montgomery,RB,HOU,TEN,player_rush_yds,47.5,39.50651807746873,17,,,2,True,00-0035685,2026-10-11T17:00:00Z,"[{""w"": ""25W17"", ""opp"": ""MIN"", ""v"": 25.0, ""cur"": false}, {""w"": ""25W18"", ""opp"": ""CHI"", ""v"": 42.0, ""cur"": false}, {""w"": ""W1"", ""opp"": ""BUF"", ""v"": 60.0, ""cur"": true}, {""w"": ""W2"", ""opp"": ""CIN"", ""v"": 10.0, ""cur"": true}, {""w"": ""W3"", ""opp"": ""IND"", ""v"": 33.0, ""cur"": true}, {""w"": ""W4"", ""opp"": ""DAL"", ""v"": 24.0, ""cur"": true}]",Over,0.3018076284804133,0.5079898420423437,0.4322268624232098,1.87,draftkings,-0.1917357672685977,0.0,-0.20618221356193034,BIG-GAP:check-news 
George Holani,RB,SEA,SF,player_rush_yds,20.5,17.419867197369527,14,,,1,True,00-0039299,2026-10-11T20:25:00Z,"[{""w"": ""25W10"", ""opp"": ""ARI"", ""v"": 31.0, ""cur"": false}, {""w"": ""25W11"", ""opp"": ""LA"", ""v"": 6.0, ""cur"": false}, {""w"": ""W1"", ""opp"": ""NE"", ""v"": 29.0, ""cur"": true}, {""w"": ""W2"", ""opp"": ""ARI"", ""v"": 13.0, ""cur"": true}, {""w"": ""W3"", ""opp"": ""WAS"", ""v"": 10.0, ""cur"": true}, {""w"": ""W4"", ""opp"": ""LAC"", ""v"": 18.0, ""cur"": true}]",Over,0.3183899970417928,0.5106951871657753,0.44063102125048265,1.83,betmgm,-0.1936452311116167,0.0,-0.1923051901239825,BIG-GAP:check-news 
Bijan Robinson,RB,ATL,BAL,player_reception_yds,29.5,25.867387837708183,17,,,1,True,00-0038542,2026-10-12T00:20:00Z,"[{""w"": ""25W17"", ""opp"": ""LA"", ""v"": 34.0, ""cur"": false}, {""w"": ""25W18"", ""opp"": ""NO"", ""v"": 10.0, ""cur"": false}, {""w"": ""W1"", ""opp"": ""PIT"", ""v"": 90.0, ""cur"": true}, {""w"": ""W2"", ""opp"": ""CAR"", ""v"": 9.0, ""cur"": true}, {""w"": ""W3"", ""opp"": ""GB"", ""v"": 19.0, ""cur"": true}, {""w"": ""W4"", ""opp"": ""NO"", ""v"": 2.0, ""cur"": true}]",Over,0.313059403046538,0.49193548387096786,0.42653101707073326,1.89,betrivers,-0.19385637773631414,0.0,-0.17887608082442985,BIG-GAP:check-news 
Geno Smith,QB,NYJ,CLE,player_rush_yds,11.5,9.595328198876482,17,,,1,True,00-0030565,2026-10-11T17:00:00Z,"[{""w"": ""25W16"", ""opp"": ""HOU"", ""v"": 0.0, ""cur"": false}, {""w"": ""25W17"", ""opp"": ""NYG"", ""v"": 1.0, ""cur"": false}, {""w"": ""W1"", ""opp"": ""TEN"", ""v"": 7.0, ""cur"": true}, {""w"": ""W2"", ""opp"": ""GB"", ""v"": 17.0, ""cur"": true}, {""w"": ""W3"", ""opp"": ""DET"", ""v"": 12.0, ""cur"": true}, {""w"": ""W4"", ""opp"": ""CHI"", ""v"": 0.0, ""cur"": true}]",Over,0.3083104034851001,0.5,0.429764861117383,1.87,betrivers,-0.19633970971049375,0.0,-0.19168959651489992,BIG-GAP:check-news 
Josh Allen,QB,BUF,LA,player_rush_yds,37.5,31.187217977287094,17,,,1,True,00-0034857,2026-10-13T00:15:00Z,"[{""w"": ""25W16"", ""opp"": ""CLE"", ""v"": 17.0, ""cur"": false}, {""w"": ""25W17"", ""opp"": ""PHI"", ""v"": 27.0, ""cur"": false}, {""w"": ""W1"", ""opp"": ""HOU"", ""v"": 23.0, ""cur"": true}, {""w"": ""W2"", ""opp"": ""DET"", ""v"": 69.0, ""cur"": true}, {""w"": ""W3"", ""opp"": ""LAC"", ""v"": 22.0, ""cur"": true}, {""w"": ""W4"", ""opp"": ""NE"", ""v"": 4.0, ""cur"": true}]",Over,0.3076178699390604,0.49193548387096786,0.4243558140495815,1.89,betrivers,-0.19796751144629093,0.0,-0.1843176139319075,BIG-GAP:check-news 
Jahmyr Gibbs,RB,DET,ARI,player_rush_yds,94.5,78.20618885443969,17,,,1,True,00-0039139,2026-10-11T20:25:00Z,"[{""w"": ""25W17"", ""opp"": ""MIN"", ""v"": 41.0, ""cur"": false}, {""w"": ""25W18"", ""opp"": ""CHI"", ""v"": 80.0, ""cur"": false}, {""w"": ""W1"", ""opp"": ""NO"", ""v"": 156.0, ""cur"": true}, {""w"": ""W2"", ""opp"": ""BUF"", ""v"": 52.0, ""cur"": true}, {""w"": ""W3"", ""opp"": ""NYJ"", ""v"": 99.0, ""cur"": true}, {""w"": ""W4"", ""opp"": ""CAR"", ""v"": 46.0, ""cur"": true}]",Over,0.30431277649718014,0.5,0.428151878862686,1.87,betmgm,-0.1993559865267771,0.0,-0.19568722350281986,BIG-GAP:check-news 
Josh Downs,WR,IND,PIT,player_reception_yds,58.5,46.80949416329191,17,,,4,True,00-0038997,2026-10-11T17:00:00Z,"[{""w"": ""25W17"", ""opp"": ""JAX"", ""v"": 34.0, ""cur"": false}, {""w"": ""25W18"", ""opp"": ""HOU"", ""v"": 61.0, ""cur"": false}, {""w"": ""W1"", ""opp"": ""BAL"", ""v"": 37.0, ""cur"": true}, {""w"": ""W2"", ""opp"": ""KC"", ""v"": 72.0, ""cur"": true}, {""w"": ""W3"", ""opp"": ""HOU"", ""v"": 77.0, ""cur"": true}, {""w"": ""W4"", ""opp"": ""WAS"", ""v"": 16.0, ""cur"": true}]",Over,0.2843181213146966,0.4986772486772487,0.41908300833902723,1.91,betonlineag,-0.199551454072458,0.0,-0.21435912736255214,BIG-GAP:check-news 
Najee Harris,RB,NYG,WAS,player_rush_yds,33.5,27.76248410151595,6,Did Not Participate In Practice,,1,True,00-0036893,2026-10-11T17:00:00Z,"[{""w"": ""25W1"", ""opp"": ""KC"", ""v"": 5.0, ""cur"": false}, {""w"": ""25W2"", ""opp"": ""LV"", ""v"": 28.0, ""cur"": false}, {""w"": ""25W3"", ""opp"": ""DEN"", ""v"": 28.0, ""cur"": false}, {""w"": ""W2"", ""opp"": ""LA"", ""v"": 6.0, ""cur"": true}, {""w"": ""W3"", ""opp"": ""TEN"", ""v"": 52.0, ""cur"": true}, {""w"": ""W4"", ""opp"": ""ARI"", ""v"": 30.0, ""cur"": true}]",Over,0.3044185380939015,0.49193548387096786,0.4230683204974161,1.89,betrivers,-0.20040087425988357,0.0,-0.18751694577706635,BIG-GAP:check-news 
Dalton Kincaid,TE,BUF,LA,player_reception_yds,49.5,39.67079428429412,16,,,4,True,00-0038933,2026-10-13T00:15:00Z,"[{""w"": ""25W16"", ""opp"": ""CLE"", ""v"": 0.0, ""cur"": false}, {""w"": ""25W18"", ""opp"": ""NYJ"", ""v"": 48.0, ""cur"": false}, {""w"": ""W1"", ""opp"": ""HOU"", ""v"": 130.0, ""cur"": true}, {""w"": ""W2"", ""opp"": ""DET"", ""v"": 95.0, ""cur"": true}, {""w"": ""W3"", ""opp"": ""LAC"", ""v"": 38.0, ""cur"": true}, {""w"": ""W4"", ""opp"": ""NE"", ""v"": 7.0, ""cur"": true}]",Over,0.28651654033995055,0.5,0.42083976071636653,1.9,draftkings,-0.2004044546389036,0.0,-0.21348345966004945,BIG-GAP:check-news 
Jameis Winston,QB,NYG,WAS,player_pass_yds,200.5,166.32463435417554,6,,,2,True,00-0031503,2026-10-11T17:00:00Z,"[{""w"": ""25W11"", ""opp"": ""GB"", ""v"": 201.0, ""cur"": false}, {""w"": ""25W12"", ""opp"": ""DET"", ""v"": 366.0, ""cur"": false}, {""w"": ""25W15"", ""opp"": ""WAS"", ""v"": 0.0, ""cur"": false}, {""w"": ""W2"", ""opp"": ""LA"", ""v"": 111.0, ""cur"": true}, {""w"": ""W3"", ""opp"": ""TEN"", ""v"": 118.0, ""cur"": true}, {""w"": ""W4"", ""opp"": ""ARI"", ""v"": 250.0, ""cur"": true}]",Over,0.2904289333314819,0.5,0.4224666670800278,1.89,draftkings,-0.20153799921874754,0.0,-0.2095710666685181,BIG-GAP:check-news 
Tyler Warren,TE,IND,PIT,player_reception_yds,48.5,39.12963862444661,17,,,2,True,00-0040128,2026-10-11T17:00:00Z,"[{""w"": ""25W17"", ""opp"": ""JAX"", ""v"": 43.0, ""cur"": false}, {""w"": ""25W18"", ""opp"": ""HOU"", ""v"": 26.0, ""cur"": false}, {""w"": ""W1"", ""opp"": ""BAL"", ""v"": 13.0, ""cur"": true}, {""w"": ""W2"", ""opp"": ""KC"", ""v"": 21.0, ""cur"": true}, {""w"": ""W3"", ""opp"": ""HOU"", ""v"": 55.0, ""cur"": true}, {""w"": ""W4"", ""opp"": ""WAS"", ""v"": 41.0, ""cur"": true}]",Over,0.2860064822443945,0.49135425338281147,0.41515814080576763,1.92,draftkings,-0.20289636965292618,0.0,-0.20534777113841696,BIG-GAP:check-news 
Kyler Murray,QB,MIN,NO,player_pass_yds,212.5,178.25835769474133,8,,,2,True,00-0035228,2026-10-11T17:00:00Z,"[{""w"": ""25W3"", ""opp"": ""SF"", ""v"": 159.0, ""cur"": false}, {""w"": ""25W4"", ""opp"": ""SEA"", ""v"": 200.0, ""cur"": false}, {""w"": ""25W5"", ""opp"": ""TEN"", ""v"": 220.0, ""cur"": false}, {""w"": ""W1"", ""opp"": ""GB"", ""v"": 18.0, ""cur"": true}, {""w"": ""W3"", ""opp"": ""TB"", ""v"": 168.0, ""cur"": true}, {""w"": ""W4"", ""opp"": ""MIA"", ""v"": 247.0, ""cur"": true}]",Over,0.2927104486954902,0.5,0.4234101906810083,1.88,betonlineag,-0.2039888415197043,0.0,-0.20728955130450982,BIG-GAP:check-news 
Josh Allen,QB,BUF,LA,player_rush_yds,38.5,31.187217977287094,17,,,1,True,00-0034857,2026-10-13T00:15:00Z,"[{""w"": ""25W16"", ""opp"": ""CLE"", ""v"": 17.0, ""cur"": false}, {""w"": ""25W17"", ""opp"": ""PHI"", ""v"": 27.0, ""cur"": false}, {""w"": ""W1"", ""opp"": ""HOU"", ""v"": 23.0, ""cur"": true}, {""w"": ""W2"", ""opp"": ""DET"", ""v"": 69.0, ""cur"": true}, {""w"": ""W3"", ""opp"": ""LAC"", ""v"": 22.0, ""cur"": true}, {""w"": ""W4"", ""opp"": ""NE"", ""v"": 4.0, ""cur"": true}]",Over,0.2952232938526919,0.5,0.4244450490038372,1.87,betmgm,-0.20628775836282437,0.0,-0.20477670614730809,BIG-GAP:check-news 
Kyler Murray,QB,MIN,NO,player_pass_yds,214.5,178.25835769474133,8,,,3,True,00-0035228,2026-10-11T17:00:00Z,"[{""w"": ""25W3"", ""opp"": ""SF"", ""v"": 159.0, ""cur"": false}, {""w"": ""25W4"", ""opp"": ""SEA"", ""v"": 200.0, ""cur"": false}, {""w"": ""25W5"", ""opp"": ""TEN"", ""v"": 220.0, ""cur"": false}, {""w"": ""W1"", ""opp"": ""GB"", ""v"": 18.0, ""cur"": true}, {""w"": ""W3"", ""opp"": ""TB"", ""v"": 168.0, ""cur"": true}, {""w"": ""W4"", ""opp"": ""MIA"", ""v"": 247.0, ""cur"": true}]",Over,0.2853486727868173,0.5026455026455027,0.42202875854697053,1.88,draftkings,-0.20658593393169544,0.0,-0.21729682985868537,BIG-GAP:check-news 
Jameis Winston,QB,NYG,WAS,player_pass_yds,201.5,166.32463435417554,6,,,2,True,00-0031503,2026-10-11T17:00:00Z,"[{""w"": ""25W11"", ""opp"": ""GB"", ""v"": 201.0, ""cur"": false}, {""w"": ""25W12"", ""opp"": ""DET"", ""v"": 366.0, ""cur"": false}, {""w"": ""25W15"", ""opp"": ""WAS"", ""v"": 0.0, ""cur"": false}, {""w"": ""W2"", ""opp"": ""LA"", ""v"": 111.0, ""cur"": true}, {""w"": ""W3"", ""opp"": ""TEN"", ""v"": 118.0, ""cur"": true}, {""w"": ""W4"", ""opp"": ""ARI"", ""v"": 250.0, ""cur"": true}]",Over,0.2868063698112643,0.5013297872340425,0.42180366896322663,1.88,fanduel,-0.207009102349134,0.0,-0.21452341742277825,BIG-GAP:check-news 
Emanuel Wilson,RB,SEA,SF,player_rush_yds,60.5,48.16716145009252,17,,,2,True,00-0038797,2026-10-11T20:25:00Z,"[{""w"": ""25W17"", ""opp"": ""BAL"", ""v"": 16.0, ""cur"": false}, {""w"": ""25W18"", ""opp"": ""MIN"", ""v"": 44.0, ""cur"": false}, {""w"": ""W1"", ""opp"": ""NE"", ""v"": 3.0, ""cur"": true}, {""w"": ""W2"", ""opp"": ""ARI"", ""v"": 92.0, ""cur"": true}, {""w"": ""W3"", ""opp"": ""WAS"", ""v"": 14.0, ""cur"": true}, {""w"": ""W4"", ""opp"": ""LAC"", ""v"": 81.0, ""cur"": true}]",Over,0.2870492068304382,0.5,0.42106193579936285,1.88,betonlineag,-0.20840356069719795,0.0,-0.21295079316956178,BIG-GAP:check-news 
Omarion Hampton,RB,LAC,DEN,player_rush_yds,38.5,61.29504114395714,13,,,3,True,00-0040666,2026-10-11T20:05:00Z,"[{""w"": ""25W16"", ""opp"": ""DAL"", ""v"": 85.0, ""cur"": false}, {""w"": ""25W17"", ""opp"": ""HOU"", ""v"": 29.0, ""cur"": false}, {""w"": ""W1"", ""opp"": ""ARI"", ""v"": 43.0, ""cur"": true}, {""w"": ""W2"", ""opp"": ""LV"", ""v"": 94.0, ""cur"": true}, {""w"": ""W3"", ""opp"": ""BUF"", ""v"": 56.0, ""cur"": true}, {""w"": ""W4"", ""opp"": ""SEA"", ""v"": 45.0, ""cur"": true}]",Under,0.2752295412735039,0.4934036939313985,0.4119188138885148,1.92,draftkings,-0.20911587733405157,0.0,-0.21817415265789458,BIG-GAP:check-news 
Tyson Bagent,QB,CHI,GB,player_rush_yds,9.5,7.493871552282418,4,,,1,True,00-0038416,2026-10-11T17:00:00Z,"[{""w"": ""25W2"", ""opp"": ""DET"", ""v"": 7.0, ""cur"": false}, {""w"": ""25W9"", ""opp"": ""CIN"", ""v"": 0.0, ""cur"": false}, {""w"": ""W2"", ""opp"": ""MIN"", ""v"": 0.0, ""cur"": true}, {""w"": ""W4"", ""opp"": ""NYJ"", ""v"": 1.0, ""cur"": true}]",Over,0.28366871676117017,0.5,0.41964825905743425,1.88,fanduel,-0.2110612729720237,0.0,-0.21633128323882983,BIG-GAP:check-news 
Dalton Kincaid,TE,BUF,LA,player_reception_yds,50.5,39.67079428429412,16,,,2,True,00-0038933,2026-10-13T00:15:00Z,"[{""w"": ""25W16"", ""opp"": ""CLE"", ""v"": 0.0, ""cur"": false}, {""w"": ""25W18"", ""opp"": ""NYJ"", ""v"": 48.0, ""cur"": false}, {""w"": ""W1"", ""opp"": ""HOU"", ""v"": 130.0, ""cur"": true}, {""w"": ""W2"", ""opp"": ""DET"", ""v"": 95.0, ""cur"": true}, {""w"": ""W3"", ""opp"": ""LAC"", ""v"": 38.0, ""cur"": true}, {""w"": ""W4"", ""opp"": ""NE"", ""v"": 7.0, ""cur"": true}]",Over,0.27949946994682734,0.5,0.41789247614352837,1.88,fanduel,-0.21436214485016675,0.0,-0.22050053005317266,BIG-GAP:check-news 
Tyler Warren,TE,IND,PIT,player_reception_yds,49.5,39.12963862444661,17,,,2,True,00-0040128,2026-10-11T17:00:00Z,"[{""w"": ""25W17"", ""opp"": ""JAX"", ""v"": 43.0, ""cur"": false}, {""w"": ""25W18"", ""opp"": ""HOU"", ""v"": 26.0, ""cur"": false}, {""w"": ""W1"", ""opp"": ""BAL"", ""v"": 13.0, ""cur"": true}, {""w"": ""W2"", ""opp"": ""KC"", ""v"": 21.0, ""cur"": true}, {""w"": ""W3"", ""opp"": ""HOU"", ""v"": 55.0, ""cur"": true}, {""w"": ""W4"", ""opp"": ""WAS"", ""v"": 41.0, ""cur"": true}]",Over,0.2740568055616324,0.49267730496453904,0.41096244770539486,1.91,betonlineag,-0.21506172488269593,0.0,-0.21862049940290662,BIG-GAP:check-news 
Jameis Winston,QB,NYG,WAS,player_pass_yds,202.5,166.32463435417554,6,,,1,True,00-0031503,2026-10-11T17:00:00Z,"[{""w"": ""25W11"", ""opp"": ""GB"", ""v"": 201.0, ""cur"": false}, {""w"": ""25W12"", ""opp"": ""DET"", ""v"": 366.0, ""cur"": false}, {""w"": ""25W15"", ""opp"": ""WAS"", ""v"": 0.0, ""cur"": false}, {""w"": ""W2"", ""opp"": ""LA"", ""v"": 111.0, ""cur"": true}, {""w"": ""W3"", ""opp"": ""TEN"", ""v"": 118.0, ""cur"": true}, {""w"": ""W4"", ""opp"": ""ARI"", ""v"": 250.0, ""cur"": true}]",Over,0.2832170382996924,0.5,0.4194587060564268,1.87,betrivers,-0.21561221967448185,0.0,-0.21678296170030759,BIG-GAP:check-news 
Dalton Kincaid,TE,BUF,LA,player_receptions,4.5,3.074336448836846,16,,,5,True,00-0038933,2026-10-13T00:15:00Z,"[{""w"": ""25W16"", ""opp"": ""CLE"", ""v"": 0.0, ""cur"": false}, {""w"": ""25W18"", ""opp"": ""NYJ"", ""v"": 3.0, ""cur"": false}, {""w"": ""W1"", ""opp"": ""HOU"", ""v"": 5.0, ""cur"": true}, {""w"": ""W2"", ""opp"": ""DET"", ""v"": 7.0, ""cur"": true}, {""w"": ""W3"", ""opp"": ""LAC"", ""v"": 2.0, ""cur"": true}, {""w"": ""W4"", ""opp"": ""NE"", ""v"": 1.0, ""cur"": true}]",Over,0.22500626334435248,0.42708333333333337,0.3489179049684122,2.24,fanduel,-0.2184238928707566,0.0,-0.2020770699889809,BIG-GAP:check-news 
Emanuel Wilson,RB,SEA,SF,player_reception_yds,8.5,8.06324623598222,17,,,1,True,00-0038797,2026-10-11T20:25:00Z,"[{""w"": ""25W17"", ""opp"": ""BAL"", ""v"": 8.0, ""cur"": false}, {""w"": ""25W18"", ""opp"": ""MIN"", ""v"": 4.0, ""cur"": false}, {""w"": ""W1"", ""opp"": ""NE"", ""v"": 0.0, ""cur"": true}, {""w"": ""W2"", ""opp"": ""ARI"", ""v"": 0.0, ""cur"": true}, {""w"": ""W3"", ""opp"": ""WAS"", ""v"": 0.0, ""cur"": true}, {""w"": ""W4"", ""opp"": ""LAC"", ""v"": 39.0, ""cur"": true}]",Over,0.2731346121300033,0.5,0.41518489427192323,1.88,fanduel,-0.21945239876878442,0.0,-0.22686538786999672,BIG-GAP:check-news 
Bhayshul Tuten,RB,JAX,PHI,player_rush_yds,65.5,51.44953377361427,17,,,1,True,00-0040719,2026-10-11T13:30:00Z,"[{""w"": ""25W15"", ""opp"": ""NYJ"", ""v"": 7.0, ""cur"": false}, {""w"": ""25W18"", ""opp"": ""TEN"", ""v"": 23.0, ""cur"": false}, {""w"": ""W1"", ""opp"": ""CLE"", ""v"": 66.0, ""cur"": true}, {""w"": ""W2"", ""opp"": ""DEN"", ""v"": 65.0, ""cur"": true}, {""w"": ""W3"", ""opp"": ""NE"", ""v"": 73.0, ""cur"": true}, {""w"": ""W4"", ""opp"": ""CIN"", ""v"": 73.0, ""cur"": true}]",Over,0.272883469805639,0.5,0.41507736523801925,1.88,fanduel,-0.21965455335252382,0.0,-0.227116530194361,BIG-GAP:check-news 
Bhayshul Tuten,RB,JAX,PHI,player_rush_yds,67.5,51.44953377361427,17,,,3,True,00-0040719,2026-10-11T13:30:00Z,"[{""w"": ""25W15"", ""opp"": ""NYJ"", ""v"": 7.0, ""cur"": false}, {""w"": ""25W18"", ""opp"": ""TEN"", ""v"": 23.0, ""cur"": false}, {""w"": ""W1"", ""opp"": ""CLE"", ""v"": 66.0, ""cur"": true}, {""w"": ""W2"", ""opp"": ""DEN"", ""v"": 65.0, ""cur"": true}, {""w"": ""W3"", ""opp"": ""NE"", ""v"": 73.0, ""cur"": true}, {""w"": ""W4"", ""opp"": ""CIN"", ""v"": 73.0, ""cur"": true}]",Over,0.2562577001446802,0.5,0.4078334961235809,1.91,draftkings,-0.22103802240396053,0.0,-0.2437422998553198,BIG-GAP:check-news 
Emanuel Wilson,RB,SEA,SF,player_rush_yds,62.5,48.16716145009252,17,,,1,True,00-0038797,2026-10-11T20:25:00Z,"[{""w"": ""25W17"", ""opp"": ""BAL"", ""v"": 16.0, ""cur"": false}, {""w"": ""25W18"", ""opp"": ""MIN"", ""v"": 44.0, ""cur"": false}, {""w"": ""W1"", ""opp"": ""NE"", ""v"": 3.0, ""cur"": true}, {""w"": ""W2"", ""opp"": ""ARI"", ""v"": 92.0, ""cur"": true}, {""w"": ""W3"", ""opp"": ""WAS"", ""v"": 14.0, ""cur"": true}, {""w"": ""W4"", ""opp"": ""LAC"", ""v"": 81.0, ""cur"": true}]",Over,0.27193704037502675,0.5,0.4146716583912307,1.87,betmgm,-0.22456399880839856,0.0,-0.22806295962497325,BIG-GAP:check-news 
Kaelon Black,RB,SF,SEA,player_rush_yds,14.5,29.09937853627231,4,,,6,True,00-0041052,2026-10-11T20:25:00Z,"[{""w"": ""W1"", ""opp"": ""LA"", ""v"": 65.0, ""cur"": true}, {""w"": ""W2"", ""opp"": ""MIA"", ""v"": 25.0, ""cur"": true}, {""w"": ""W3"", ""opp"": ""ARI"", ""v"": 17.0, ""cur"": true}, {""w"": ""W4"", ""opp"": ""DEN"", ""v"": 13.0, ""cur"": true}]",Under,0.2556322169601206,0.4940422724976141,0.40382100058164333,1.92,draftkings,-0.2246636788832448,0.0,-0.2384100555374935,BIG-GAP:check-news 
Omarion Hampton,RB,LAC,DEN,player_rush_yds,37.5,61.29504114395714,13,,,3,True,00-0040666,2026-10-11T20:05:00Z,"[{""w"": ""25W16"", ""opp"": ""DAL"", ""v"": 85.0, ""cur"": false}, {""w"": ""25W17"", ""opp"": ""HOU"", ""v"": 29.0, ""cur"": false}, {""w"": ""W1"", ""opp"": ""ARI"", ""v"": 43.0, ""cur"": true}, {""w"": ""W2"", ""opp"": ""LV"", ""v"": 94.0, ""cur"": true}, {""w"": ""W3"", ""opp"": ""BUF"", ""v"": 56.0, ""cur"": true}, {""w"": ""W4"", ""opp"": ""SEA"", ""v"": 45.0, ""cur"": true}]",Under,0.26175378544817324,0.5026595744680851,0.41193046918029663,1.88,fanduel,-0.22557071794104228,0.0,-0.24090578901991183,BIG-GAP:check-news 
George Holani,RB,SEA,SF,player_reception_yds,9.5,8.759742685711823,14,,,1,True,00-0039299,2026-10-11T20:25:00Z,"[{""w"": ""25W10"", ""opp"": ""ARI"", ""v"": 0.0, ""cur"": false}, {""w"": ""25W11"", ""opp"": ""LA"", ""v"": 0.0, ""cur"": false}, {""w"": ""W1"", ""opp"": ""NE"", ""v"": 0.0, ""cur"": true}, {""w"": ""W2"", ""opp"": ""ARI"", ""v"": 2.0, ""cur"": true}, {""w"": ""W3"", ""opp"": ""WAS"", ""v"": 48.0, ""cur"": true}, {""w"": ""W4"", ""opp"": ""LAC"", ""v"": 2.0, ""cur"": true}]",Over,0.26369937005491206,0.5,0.4111072187744535,1.88,fanduel,-0.22711842870402743,0.0,-0.23630062994508794,BIG-GAP:check-news 
Jayden Daniels,QB,WAS,NYG,player_pass_yds,197.5,161.74136391253143,9,Full,,1,True,00-0039910,2026-10-11T17:00:00Z,"[{""w"": ""25W6"", ""opp"": ""CHI"", ""v"": 211.0, ""cur"": false}, {""w"": ""25W7"", ""opp"": ""DAL"", ""v"": 156.0, ""cur"": false}, {""w"": ""25W9"", ""opp"": ""SEA"", ""v"": 153.0, ""cur"": false}, {""w"": ""25W14"", ""opp"": ""MIN"", ""v"": 78.0, ""cur"": false}, {""w"": ""W1"", ""opp"": ""PHI"", ""v"": 164.0, ""cur"": true}, {""w"": ""W2"", ""opp"": ""DAL"", ""v"": 96.0, ""cur"": true}]",Over,0.2598702356662517,0.5026455026455027,0.41109350620305907,1.88,draftkings,-0.227144208338249,0.0,-0.24277526697925095,BIG-GAP:check-news 
Tyler Warren,TE,IND,PIT,player_reception_yds,50.5,39.12963862444661,17,,,1,True,00-0040128,2026-10-11T17:00:00Z,"[{""w"": ""25W17"", ""opp"": ""JAX"", ""v"": 43.0, ""cur"": false}, {""w"": ""25W18"", ""opp"": ""HOU"", ""v"": 26.0, ""cur"": false}, {""w"": ""W1"", ""opp"": ""BAL"", ""v"": 13.0, ""cur"": true}, {""w"": ""W2"", ""opp"": ""KC"", ""v"": 21.0, ""cur"": true}, {""w"": ""W3"", ""opp"": ""HOU"", ""v"": 55.0, ""cur"": true}, {""w"": ""W4"", ""opp"": ""WAS"", ""v"": 41.0, ""cur"": true}]",Over,0.26251107412906616,0.5,0.41058798057628293,1.88,fanduel,-0.2280945965165882,0.0,-0.23748892587093384,BIG-GAP:check-news 
Josh Downs,WR,IND,PIT,player_reception_yds,60.5,46.80949416329191,17,,,1,True,00-0038997,2026-10-11T17:00:00Z,"[{""w"": ""25W17"", ""opp"": ""JAX"", ""v"": 34.0, ""cur"": false}, {""w"": ""25W18"", ""opp"": ""HOU"", ""v"": 61.0, ""cur"": false}, {""w"": ""W1"", ""opp"": ""BAL"", ""v"": 37.0, ""cur"": true}, {""w"": ""W2"", ""opp"": ""KC"", ""v"": 72.0, ""cur"": true}, {""w"": ""W3"", ""opp"": ""HOU"", ""v"": 77.0, ""cur"": true}, {""w"": ""W4"", ""opp"": ""WAS"", ""v"": 16.0, ""cur"": true}]",Over,0.26588654707046006,0.5,0.41205953326812184,1.87,betrivers,-0.22944867278861214,0.0,-0.23411345292953994,BIG-GAP:check-news 
George Holani,RB,SEA,SF,player_receptions,1.5,1.1933868629735167,14,,,1,True,00-0039299,2026-10-11T20:25:00Z,"[{""w"": ""25W10"", ""opp"": ""ARI"", ""v"": 0.0, ""cur"": false}, {""w"": ""25W11"", ""opp"": ""LA"", ""v"": 0.0, ""cur"": false}, {""w"": ""W1"", ""opp"": ""NE"", ""v"": 0.0, ""cur"": true}, {""w"": ""W2"", ""opp"": ""ARI"", ""v"": 1.0, ""cur"": true}, {""w"": ""W3"", ""opp"": ""WAS"", ""v"": 5.0, ""cur"": true}, {""w"": ""W4"", ""opp"": ""LAC"", ""v"": 1.0, ""cur"": true}]",Over,0.29332034457101425,0.578125,0.474283571755011,1.62,fanduel,-0.23166061375688213,0.0,-0.28480465542898575,BIG-GAP:check-news 
Jayden Daniels,QB,WAS,NYG,player_pass_yds,198.5,161.74136391253143,9,Full,,2,True,00-0039910,2026-10-11T17:00:00Z,"[{""w"": ""25W6"", ""opp"": ""CHI"", ""v"": 211.0, ""cur"": false}, {""w"": ""25W7"", ""opp"": ""DAL"", ""v"": 156.0, ""cur"": false}, {""w"": ""25W9"", ""opp"": ""SEA"", ""v"": 153.0, ""cur"": false}, {""w"": ""25W14"", ""opp"": ""MIN"", ""v"": 78.0, ""cur"": false}, {""w"": ""W1"", ""opp"": ""PHI"", ""v"": 164.0, ""cur"": true}, {""w"": ""W2"", ""opp"": ""DAL"", ""v"": 96.0, ""cur"": true}]",Over,0.2555730329640247,0.5,0.4075296138551692,1.88,betonlineag,-0.23384432595228194,0.0,-0.24442696703597527,BIG-GAP:check-news 
Jaylen Wright,RB,MIA,CIN,player_rush_yds,21.5,15.582073908697142,12,,,2,True,00-0039874,2026-10-11T17:00:00Z,"[{""w"": ""25W16"", ""opp"": ""CIN"", ""v"": 35.0, ""cur"": false}, {""w"": ""25W17"", ""opp"": ""TB"", ""v"": 56.0, ""cur"": false}, {""w"": ""25W18"", ""opp"": ""NE"", ""v"": 23.0, ""cur"": false}, {""w"": ""W1"", ""opp"": ""LV"", ""v"": -1.0, ""cur"": true}, {""w"": ""W2"", ""opp"": ""SF"", ""v"": 11.0, ""cur"": true}, {""w"": ""W4"", ""opp"": ""MIN"", ""v"": 7.0, ""cur"": true}]",Over,0.2516046370853297,0.5020107238605898,0.40702021779436276,1.88,fanduel,-0.23480199054659812,0.0,-0.25040608677526005,BIG-GAP:check-news 
Jayden Daniels,QB,WAS,NYG,player_pass_yds,199.5,161.74136391253143,9,Full,,1,True,00-0039910,2026-10-11T17:00:00Z,"[{""w"": ""25W6"", ""opp"": ""CHI"", ""v"": 211.0, ""cur"": false}, {""w"": ""25W7"", ""opp"": ""DAL"", ""v"": 156.0, ""cur"": false}, {""w"": ""25W9"", ""opp"": ""SEA"", ""v"": 153.0, ""cur"": false}, {""w"": ""25W14"", ""opp"": ""MIN"", ""v"": 78.0, ""cur"": false}, {""w"": ""W1"", ""opp"": ""PHI"", ""v"": 164.0, ""cur"": true}, {""w"": ""W2"", ""opp"": ""DAL"", ""v"": 96.0, ""cur"": true}]",Over,0.2513272238591009,0.4959785522788205,0.4031163021383585,1.88,betrivers,-0.24214135197988612,0.0,-0.2446513284197196,BIG-GAP:check-news 
Jaylen Wright,RB,MIA,CIN,player_rush_yds,22.5,15.582073908697142,12,,,1,True,00-0039874,2026-10-11T17:00:00Z,"[{""w"": ""25W16"", ""opp"": ""CIN"", ""v"": 35.0, ""cur"": false}, {""w"": ""25W17"", ""opp"": ""TB"", ""v"": 56.0, ""cur"": false}, {""w"": ""25W18"", ""opp"": ""NE"", ""v"": 23.0, ""cur"": false}, {""w"": ""W1"", ""opp"": ""LV"", ""v"": -1.0, ""cur"": true}, {""w"": ""W2"", ""opp"": ""SF"", ""v"": 11.0, ""cur"": true}, {""w"": ""W4"", ""opp"": ""MIN"", ""v"": 7.0, ""cur"": true}]",Over,0.23582644184178045,0.49340369393139843,0.39444970626291515,1.92,draftkings,-0.24265656397520302,0.0,-0.257577252089618,BIG-GAP:check-news 
Jacoby Brissett,QB,ARI,DET,player_rush_yds,6.5,13.944423644370907,17,,,5,True,00-0033119,2026-10-11T20:25:00Z,"[{""w"": ""25W17"", ""opp"": ""CIN"", ""v"": 0.0, ""cur"": false}, {""w"": ""25W18"", ""opp"": ""LA"", ""v"": 19.0, ""cur"": false}, {""w"": ""W1"", ""opp"": ""LAC"", ""v"": 14.0, ""cur"": true}, {""w"": ""W2"", ""opp"": ""SEA"", ""v"": 7.0, ""cur"": true}, {""w"": ""W3"", ""opp"": ""SF"", ""v"": 4.0, ""cur"": true}, {""w"": ""W4"", ""opp"": ""NYG"", ""v"": 18.0, ""cur"": true}]",Under,0.24356453807755743,0.5,0.40212172376371047,1.88,betonlineag,-0.24401115932422435,0.0,-0.2564354619224426,BIG-GAP:check-news 
Xavier Hutchinson,WR,HOU,TEN,player_receptions,1.5,2.917938985664265,17,,,2,True,00-0038618,2026-10-11T17:00:00Z,"[{""w"": ""25W17"", ""opp"": ""LAC"", ""v"": 2.0, ""cur"": false}, {""w"": ""25W18"", ""opp"": ""IND"", ""v"": 5.0, ""cur"": false}, {""w"": ""W1"", ""opp"": ""BUF"", ""v"": 3.0, ""cur"": true}, {""w"": ""W2"", ""opp"": ""CIN"", ""v"": 3.0, ""cur"": true}, {""w"": ""W3"", ""opp"": ""IND"", ""v"": 3.0, ""cur"": true}, {""w"": ""W4"", ""opp"": ""DAL"", ""v"": 3.0, ""cur"": true}]",Under,0.2117599782930656,0.4281964754405698,0.3434379256666574,2.2,draftkings,-0.2444365635333538,0.0,-0.21643649714750424,BIG-GAP:check-news 
Bhayshul Tuten,RB,JAX,PHI,player_rush_yds,68.5,51.44953377361427,17,,,1,True,00-0040719,2026-10-11T13:30:00Z,"[{""w"": ""25W15"", ""opp"": ""NYJ"", ""v"": 7.0, ""cur"": false}, {""w"": ""25W18"", ""opp"": ""TEN"", ""v"": 23.0, ""cur"": false}, {""w"": ""W1"", ""opp"": ""CLE"", ""v"": 66.0, ""cur"": true}, {""w"": ""W2"", ""opp"": ""DEN"", ""v"": 65.0, ""cur"": true}, {""w"": ""W3"", ""opp"": ""NE"", ""v"": 73.0, ""cur"": true}, {""w"": ""W4"", ""opp"": ""CIN"", ""v"": 73.0, ""cur"": true}]",Over,0.24826377321798965,0.4959785522788205,0.40174036969558513,1.88,betrivers,-0.24472810497230002,0.0,-0.24771477906083084,BIG-GAP:check-news 
Malik Willis,QB,MIA,CIN,player_pass_yds,192.5,148.20548248811272,8,,,1,True,00-0038128,2026-10-11T17:00:00Z,"[{""w"": ""25W16"", ""opp"": ""CHI"", ""v"": 121.0, ""cur"": false}, {""w"": ""25W17"", ""opp"": ""BAL"", ""v"": 288.0, ""cur"": false}, {""w"": ""W1"", ""opp"": ""LV"", ""v"": 220.0, ""cur"": true}, {""w"": ""W2"", ""opp"": ""SF"", ""v"": 197.0, ""cur"": true}, {""w"": ""W3"", ""opp"": ""KC"", ""v"": 210.0, ""cur"": true}, {""w"": ""W4"", ""opp"": ""MIN"", ""v"": 85.0, ""cur"": true}]",Over,0.23609123146161162,0.5,0.3986770335261917,1.88,fanduel,-0.25048717697075956,0.0,-0.2639087685383884,BIG-GAP:check-news 
Emanuel Wilson,RB,SEA,SF,player_receptions,1.5,1.0291246337416071,17,,,1,True,00-0038797,2026-10-11T20:25:00Z,"[{""w"": ""25W17"", ""opp"": ""BAL"", ""v"": 1.0, ""cur"": false}, {""w"": ""25W18"", ""opp"": ""MIN"", ""v"": 1.0, ""cur"": false}, {""w"": ""W1"", ""opp"": ""NE"", ""v"": 0.0, ""cur"": true}, {""w"": ""W2"", ""opp"": ""ARI"", ""v"": 0.0, ""cur"": true}, {""w"": ""W3"", ""opp"": ""WAS"", ""v"": 0.0, ""cur"": true}, {""w"": ""W4"", ""opp"": ""LAC"", ""v"": 3.0, ""cur"": true}]",Over,0.27008586883658603,0.5833333333333334,0.46773029668684113,1.6,fanduel,-0.2516315253010542,0.0,-0.31324746449674734,BIG-GAP:check-news 
Malik Willis,QB,MIA,CIN,player_pass_yds,193.5,148.20548248811272,8,,,2,True,00-0038128,2026-10-11T17:00:00Z,"[{""w"": ""25W16"", ""opp"": ""CHI"", ""v"": 121.0, ""cur"": false}, {""w"": ""25W17"", ""opp"": ""BAL"", ""v"": 288.0, ""cur"": false}, {""w"": ""W1"", ""opp"": ""LV"", ""v"": 220.0, ""cur"": true}, {""w"": ""W2"", ""opp"": ""SF"", ""v"": 197.0, ""cur"": true}, {""w"": ""W3"", ""opp"": ""KC"", ""v"": 210.0, ""cur"": true}, {""w"": ""W4"", ""opp"": ""MIN"", ""v"": 85.0, ""cur"": true}]",Over,0.23256096053786923,0.49798927613941024,0.39577632365206017,1.89,draftkings,-0.2519827482976063,0.0,-0.265428315601541,BIG-GAP:check-news 
Tyler Warren,TE,IND,PIT,player_reception_yds,53.5,39.12963862444661,17,,,1,True,00-0040128,2026-10-11T17:00:00Z,"[{""w"": ""25W17"", ""opp"": ""JAX"", ""v"": 43.0, ""cur"": false}, {""w"": ""25W18"", ""opp"": ""HOU"", ""v"": 26.0, ""cur"": false}, {""w"": ""W1"", ""opp"": ""BAL"", ""v"": 13.0, ""cur"": true}, {""w"": ""W2"", ""opp"": ""KC"", ""v"": 21.0, ""cur"": true}, {""w"": ""W3"", ""opp"": ""HOU"", ""v"": 55.0, ""cur"": true}, {""w"": ""W4"", ""opp"": ""WAS"", ""v"": 41.0, ""cur"": true}]",Over,0.23023185133421895,0.5040214477211796,0.3984338805148834,1.85,betrivers,-0.2628973210474657,0.0,-0.27378959638696065,BIG-GAP:check-news 
Ollie Gordon II,RB,MIA,CIN,player_rush_yds,45.5,28.95872160226588,17,,,3,True,00-0040198,2026-10-11T17:00:00Z,"[{""w"": ""25W16"", ""opp"": ""CIN"", ""v"": -1.0, ""cur"": false}, {""w"": ""25W17"", ""opp"": ""TB"", ""v"": 0.0, ""cur"": false}, {""w"": ""25W18"", ""opp"": ""NE"", ""v"": 9.0, ""cur"": false}, {""w"": ""W2"", ""opp"": ""SF"", ""v"": 7.0, ""cur"": true}, {""w"": ""W3"", ""opp"": ""KC"", ""v"": 41.0, ""cur"": true}, {""w"": ""W4"", ""opp"": ""MIN"", ""v"": 100.0, ""cur"": true}]",Over,0.20982653361908443,0.5,0.3860160191423774,1.89,draftkings,-0.2704297238209068,0.0,-0.29017346638091557,BIG-GAP:check-news 
Tyler Goodson,RB,DAL,TB,player_rush_yds,14.5,9.816498695357778,12,Full,,1,True,00-0037120,2026-10-09T00:15:00Z,"[{""w"": ""25W13"", ""opp"": ""HOU"", ""v"": 0.0, ""cur"": false}, {""w"": ""25W15"", ""opp"": ""SEA"", ""v"": 0.0, ""cur"": false}, {""w"": ""25W16"", ""opp"": ""SF"", ""v"": 9.0, ""cur"": false}, {""w"": ""25W18"", ""opp"": ""HOU"", ""v"": 3.0, ""cur"": false}, {""w"": ""W3"", ""opp"": ""BAL"", ""v"": 22.0, ""cur"": true}, {""w"": ""W4"", ""opp"": ""HOU"", ""v"": 12.0, ""cur"": true}]",Over,0.2159987346266184,0.5,0.38907589022861244,1.87,betmgm,-0.2724280852724947,0.0,-0.2840012653733816,BIG-GAP:check-news 
Xavier Hutchinson,WR,HOU,TEN,player_reception_yds,17.5,38.957025491392145,17,,,1,True,00-0038618,2026-10-11T17:00:00Z,"[{""w"": ""25W17"", ""opp"": ""LAC"", ""v"": 21.0, ""cur"": false}, {""w"": ""25W18"", ""opp"": ""IND"", ""v"": 84.0, ""cur"": false}, {""w"": ""W1"", ""opp"": ""BUF"", ""v"": 32.0, ""cur"": true}, {""w"": ""W2"", ""opp"": ""CIN"", ""v"": 37.0, ""cur"": true}, {""w"": ""W3"", ""opp"": ""IND"", ""v"": 51.0, ""cur"": true}, {""w"": ""W4"", ""opp"": ""DAL"", ""v"": 46.0, ""cur"": true}]",Under,0.19002638814289463,0.5,0.3757930074255733,1.88,fanduel,-0.29350914603992223,0.0,-0.30997361185710537,BIG-GAP:check-news 
Jalon Daniels,QB,TB,DAL,player_rush_yds,44.5,27.156579338165766,2,,,1,True,00-0041251,2026-10-09T00:15:00Z,"[{""w"": ""W3"", ""opp"": ""MIN"", ""v"": 9.0, ""cur"": true}, {""w"": ""W4"", ""opp"": ""GB"", ""v"": 55.0, ""cur"": true}]",Over,0.18965254171678553,0.5,0.37559346501402974,1.88,fanduel,-0.2938842857736241,0.0,-0.3103474582832145,BIG-GAP:check-news small-sample 
Jalon Daniels,QB,TB,DAL,player_rush_yds,46.5,27.156579338165766,2,,,3,True,00-0041251,2026-10-09T00:15:00Z,"[{""w"": ""W3"", ""opp"": ""MIN"", ""v"": 9.0, ""cur"": true}, {""w"": ""W4"", ""opp"": ""GB"", ""v"": 55.0, ""cur"": true}]",Over,0.1750596277214403,0.5,0.3675912017809788,1.91,draftkings,-0.2979008045983305,0.0,-0.3249403722785597,BIG-GAP:check-news small-sample 
Tyler Goodson,RB,DAL,TB,player_rush_yds,15.5,9.816498695357778,12,Full,,1,True,00-0037120,2026-10-09T00:15:00Z,"[{""w"": ""25W13"", ""opp"": ""HOU"", ""v"": 0.0, ""cur"": false}, {""w"": ""25W15"", ""opp"": ""SEA"", ""v"": 0.0, ""cur"": false}, {""w"": ""25W16"", ""opp"": ""SF"", ""v"": 9.0, ""cur"": false}, {""w"": ""25W18"", ""opp"": ""HOU"", ""v"": 3.0, ""cur"": false}, {""w"": ""W3"", ""opp"": ""BAL"", ""v"": 22.0, ""cur"": true}, {""w"": ""W4"", ""opp"": ""HOU"", ""v"": 12.0, ""cur"": true}]",Over,0.18890347423721346,0.5106951871657753,0.3817348656908649,1.83,betrivers,-0.3014251957857172,0.0,-0.3217917129285619,BIG-GAP:check-news 
Jalon Daniels,QB,TB,DAL,player_rush_yds,45.5,27.156579338165766,2,,,1,True,00-0041251,2026-10-09T00:15:00Z,"[{""w"": ""W3"", ""opp"": ""MIN"", ""v"": 9.0, ""cur"": true}, {""w"": ""W4"", ""opp"": ""GB"", ""v"": 55.0, ""cur"": true}]",Over,0.18221358299803814,0.5,0.37156761602809374,1.87,betrivers,-0.3051685580274647,0.0,-0.31778641700196186,BIG-GAP:check-news small-sample 
Xavier Hutchinson,WR,HOU,TEN,player_reception_yds,16.5,38.957025491392145,17,,,1,True,00-0038618,2026-10-11T17:00:00Z,"[{""w"": ""25W17"", ""opp"": ""LAC"", ""v"": 21.0, ""cur"": false}, {""w"": ""25W18"", ""opp"": ""IND"", ""v"": 84.0, ""cur"": false}, {""w"": ""W1"", ""opp"": ""BUF"", ""v"": 32.0, ""cur"": true}, {""w"": ""W2"", ""opp"": ""CIN"", ""v"": 37.0, ""cur"": true}, {""w"": ""W3"", ""opp"": ""IND"", ""v"": 51.0, ""cur"": true}, {""w"": ""W4"", ""opp"": ""DAL"", ""v"": 46.0, ""cur"": true}]",Under,0.1714999364491261,0.4934036939313985,0.3616030288410322,1.92,draftkings,-0.3057221846252183,0.0,-0.3219037574822724,BIG-GAP:check-news 
Tyler Goodson,RB,DAL,TB,player_rush_yds,16.5,9.816498695357778,12,Full,,4,True,00-0037120,2026-10-09T00:15:00Z,"[{""w"": ""25W13"", ""opp"": ""HOU"", ""v"": 0.0, ""cur"": false}, {""w"": ""25W15"", ""opp"": ""SEA"", ""v"": 0.0, ""cur"": false}, {""w"": ""25W16"", ""opp"": ""SF"", ""v"": 9.0, ""cur"": false}, {""w"": ""25W18"", ""opp"": ""HOU"", ""v"": 3.0, ""cur"": false}, {""w"": ""W3"", ""opp"": ""BAL"", ""v"": 22.0, ""cur"": true}, {""w"": ""W4"", ""opp"": ""HOU"", ""v"": 12.0, ""cur"": true}]",Over,0.16497734378224876,0.5019788918205805,0.36298478990989913,1.88,draftkings,-0.3175885949693897,0.0,-0.33700154803833177,BIG-GAP:check-news 
Xavier Hutchinson,WR,HOU,TEN,player_reception_yds,15.5,38.957025491392145,17,,,1,True,00-0038618,2026-10-11T17:00:00Z,"[{""w"": ""25W17"", ""opp"": ""LAC"", ""v"": 21.0, ""cur"": false}, {""w"": ""25W18"", ""opp"": ""IND"", ""v"": 84.0, ""cur"": false}, {""w"": ""W1"", ""opp"": ""BUF"", ""v"": 32.0, ""cur"": true}, {""w"": ""W2"", ""opp"": ""CIN"", ""v"": 37.0, ""cur"": true}, {""w"": ""W3"", ""opp"": ""IND"", ""v"": 51.0, ""cur"": true}, {""w"": ""W4"", ""opp"": ""DAL"", ""v"": 46.0, ""cur"": true}]",Under,0.15342680714857385,0.4906166219839143,0.3492834863397028,1.9,betmgm,-0.3363613759545648,0.0,-0.3371898148353405,BIG-GAP:check-news 
Kaleb Johnson,RB,GB,CHI,player_rush_yds,36.5,17.560458596087262,14,,,1,True,00-0040142,2026-10-11T17:00:00Z,"[{""w"": ""25W14"", ""opp"": ""BAL"", ""v"": 4.0, ""cur"": false}, {""w"": ""25W15"", ""opp"": ""MIA"", ""v"": 4.0, ""cur"": false}, {""w"": ""W1"", ""opp"": ""MIN"", ""v"": 0.0, ""cur"": true}, {""w"": ""W2"", ""opp"": ""NYJ"", ""v"": 32.0, ""cur"": true}, {""w"": ""W3"", ""opp"": ""ATL"", ""v"": 6.0, ""cur"": true}, {""w"": ""W4"", ""opp"": ""TB"", ""v"": 42.0, ""cur"": true}]",Over,0.10607080426414021,0.5,0.32168654228484705,1.88,fanduel,-0.39522930050448757,0.0,-0.39392919573585977,BIG-GAP:check-news 
Matthew Stafford,QB,LA,BUF,player_rush_yds,1.5,8.990239770710481,17,,,1,True,00-0026498,2026-10-13T00:15:00Z,"[{""w"": ""25W17"", ""opp"": ""ATL"", ""v"": 0.0, ""cur"": false}, {""w"": ""25W18"", ""opp"": ""ARI"", ""v"": 3.0, ""cur"": false}, {""w"": ""W1"", ""opp"": ""SF"", ""v"": -1.0, ""cur"": true}, {""w"": ""W2"", ""opp"": ""NYG"", ""v"": -1.0, ""cur"": true}, {""w"": ""W3"", ""opp"": ""DEN"", ""v"": 13.0, ""cur"": true}, {""w"": ""W4"", ""opp"": ""PHI"", ""v"": 10.0, ""cur"": true}]",Under,0.10615011363034048,0.5343915343915344,0.34159827662069747,1.76,fanduel,-0.3987870331475724,0.0,-0.4282414207611939,BIG-GAP:check-news 
Jalon Daniels,QB,TB,DAL,player_pass_yds,181.5,105.21423044856219,2,,,3,True,00-0041251,2026-10-09T00:15:00Z,"[{""w"": ""W3"", ""opp"": ""MIN"", ""v"": 0.0, ""cur"": true}, {""w"": ""W4"", ""opp"": ""GB"", ""v"": 148.0, ""cur"": true}]",Over,0.0780477533175365,0.5,0.29646042397146655,1.9,draftkings,-0.4367251944542136,0.0,-0.4219522466824635,BIG-GAP:check-news small-sample 
Jalon Daniels,QB,TB,DAL,player_pass_yds,179.5,105.21423044856219,2,,,1,True,00-0041251,2026-10-09T00:15:00Z,"[{""w"": ""W3"", ""opp"": ""MIN"", ""v"": 0.0, ""cur"": true}, {""w"": ""W4"", ""opp"": ""GB"", ""v"": 148.0, ""cur"": true}]",Over,0.08222888350201586,0.5,0.30061847068041836,1.87,betmgm,-0.43784345982761763,0.0,-0.41777111649798415,BIG-GAP:check-news small-sample 
Tyson Bagent,QB,CHI,GB,player_pass_yds,218.5,114.0519007934882,4,,,2,True,00-0038416,2026-10-11T17:00:00Z,"[{""w"": ""25W2"", ""opp"": ""DET"", ""v"": 27.0, ""cur"": false}, {""w"": ""25W9"", ""opp"": ""CIN"", ""v"": 20.0, ""cur"": false}, {""w"": ""W2"", ""opp"": ""MIN"", ""v"": 54.0, ""cur"": true}, {""w"": ""W4"", ""opp"": ""NYJ"", ""v"": 268.0, ""cur"": true}]",Over,0.07751699235270788,0.5013227513227514,0.2966376225582811,1.88,draftkings,-0.4423212695904316,0.0,-0.4238057589700435,BIG-GAP:check-news 
Tyson Bagent,QB,CHI,GB,player_pass_yds,216.5,114.0519007934882,4,,,1,True,00-0038416,2026-10-11T17:00:00Z,"[{""w"": ""25W2"", ""opp"": ""DET"", ""v"": 27.0, ""cur"": false}, {""w"": ""25W9"", ""opp"": ""CIN"", ""v"": 20.0, ""cur"": false}, {""w"": ""W2"", ""opp"": ""MIN"", ""v"": 54.0, ""cur"": true}, {""w"": ""W4"", ""opp"": ""NYJ"", ""v"": 268.0, ""cur"": true}]",Over,0.0803671063891545,0.4959785522788205,0.29660123987584047,1.88,betrivers,-0.44238966903342,0.0,-0.415611445889666,BIG-GAP:check-news 
Tyson Bagent,QB,CHI,GB,player_pass_yds,217.5,114.0519007934882,4,,,1,True,00-0038416,2026-10-11T17:00:00Z,"[{""w"": ""25W2"", ""opp"": ""DET"", ""v"": 27.0, ""cur"": false}, {""w"": ""25W9"", ""opp"": ""CIN"", ""v"": 20.0, ""cur"": false}, {""w"": ""W2"", ""opp"": ""MIN"", ""v"": 54.0, ""cur"": true}, {""w"": ""W4"", ""opp"": ""NYJ"", ""v"": 268.0, ""cur"": true}]",Over,0.07893023700757872,0.5,0.29735188406118634,1.87,betmgm,-0.44395197680558146,0.0,-0.42106976299242127,BIG-GAP:check-news 
Tyson Bagent,QB,CHI,GB,player_pass_yds,219.5,114.0519007934882,4,,,2,True,00-0038416,2026-10-11T17:00:00Z,"[{""w"": ""25W2"", ""opp"": ""DET"", ""v"": 27.0, ""cur"": false}, {""w"": ""25W9"", ""opp"": ""CIN"", ""v"": 20.0, ""cur"": false}, {""w"": ""W2"", ""opp"": ""MIN"", ""v"": 54.0, ""cur"": true}, {""w"": ""W4"", ""opp"": ""NYJ"", ""v"": 268.0, ""cur"": true}]",Over,0.07612703877258237,0.5,0.2944933295617349,1.88,betonlineag,-0.4463525404239384,0.0,-0.42387296122741763,BIG-GAP:check-news 
Jalon Daniels,QB,TB,DAL,player_pass_yds,182.5,105.21423044856219,2,,,1,True,00-0041251,2026-10-09T00:15:00Z,"[{""w"": ""W3"", ""opp"": ""MIN"", ""v"": 0.0, ""cur"": true}, {""w"": ""W4"", ""opp"": ""GB"", ""v"": 148.0, ""cur"": true}]",Over,0.07602920302099882,0.5,0.2943921241449967,1.88,fanduel,-0.4465428066074062,0.0,-0.4239707969790012,BIG-GAP:check-news small-sample 
Jalon Daniels,QB,TB,DAL,player_pass_yds,185.5,105.21423044856219,2,,,1,True,00-0041251,2026-10-09T00:15:00Z,"[{""w"": ""W3"", ""opp"": ""MIN"", ""v"": 0.0, ""cur"": true}, {""w"": ""W4"", ""opp"": ""GB"", ""v"": 148.0, ""cur"": true}]",Over,0.07025089780981997,0.5040214477211796,0.290380125158225,1.85,betrivers,-0.4627967684572838,0.0,-0.43377054991135966,BIG-GAP:check-news small-sample 
Kirk Cousins,QB,LV,NE,player_rush_yds,0.5,7.964420274874466,14,,,1,True,00-0029604,2026-10-11T17:00:00Z,"[{""w"": ""25W17"", ""opp"": ""LA"", ""v"": 1.0, ""cur"": false}, {""w"": ""25W18"", ""opp"": ""NO"", ""v"": 0.0, ""cur"": false}, {""w"": ""W1"", ""opp"": ""MIA"", ""v"": -6.0, ""cur"": true}, {""w"": ""W2"", ""opp"": ""LAC"", ""v"": 1.0, ""cur"": true}, {""w"": ""W3"", ""opp"": ""NO"", ""v"": 3.0, ""cur"": true}, {""w"": ""W4"", ""opp"": ""KC"", ""v"": 0.0, ""cur"": true}]",Under,0.06169734961573656,0.5265957446808511,0.2924681674432851,1.78,fanduel,-0.47940666195095255,0.0,-0.46489839506511454,BIG-GAP:check-news 
Isaiah Davis,RB,NYJ,CLE,player_rush_yds,10.5,1.9054115768862636,17,,,5,True,00-0039798,2026-10-11T17:00:00Z,"[{""w"": ""25W15"", ""opp"": ""JAX"", ""v"": 58.0, ""cur"": false}, {""w"": ""25W16"", ""opp"": ""NO"", ""v"": 8.0, ""cur"": false}, {""w"": ""25W17"", ""opp"": ""NE"", ""v"": 11.0, ""cur"": false}, {""w"": ""W2"", ""opp"": ""GB"", ""v"": 0.0, ""cur"": true}, {""w"": ""W3"", ""opp"": ""DET"", ""v"": 0.0, ""cur"": true}, {""w"": ""W4"", ""opp"": ""CHI"", ""v"": 0.0, ""cur"": true}]",Over,0.05253455584113993,0.4959785522788205,0.264488627760343,1.95,draftkings,-0.48424717586733085,0.0,-0.44344399643768057,BIG-GAP:check-news 
Braelon Allen,RB,NYJ,CLE,player_rush_yds,70.5,31.48315619942121,8,,,1,True,00-0039794,2026-10-11T17:00:00Z,"[{""w"": ""25W3"", ""opp"": ""TB"", ""v"": 30.0, ""cur"": false}, {""w"": ""25W4"", ""opp"": ""MIA"", ""v"": 26.0, ""cur"": false}, {""w"": ""W1"", ""opp"": ""TEN"", ""v"": 40.0, ""cur"": true}, {""w"": ""W2"", ""opp"": ""GB"", ""v"": 7.0, ""cur"": true}, {""w"": ""W3"", ""opp"": ""DET"", ""v"": 14.0, ""cur"": true}, {""w"": ""W4"", ""opp"": ""CHI"", ""v"": 59.0, ""cur"": true}]",Over,0.05932893130683181,0.5,0.2754342115149976,1.87,betrivers,-0.4849380244669545,0.0,-0.4406710686931682,BIG-GAP:check-news 
Michael Penix Jr.,QB,ATL,BAL,player_rush_yds,0.5,8.33890290659609,11,,,1,True,00-0039917,2026-10-12T00:20:00Z,"[{""w"": ""25W7"", ""opp"": ""SF"", ""v"": 6.0, ""cur"": false}, {""w"": ""25W9"", ""opp"": ""NE"", ""v"": 19.0, ""cur"": false}, {""w"": ""25W10"", ""opp"": ""IND"", ""v"": -1.0, ""cur"": false}, {""w"": ""25W11"", ""opp"": ""CAR"", ""v"": 9.0, ""cur"": false}, {""w"": ""W3"", ""opp"": ""GB"", ""v"": -2.0, ""cur"": true}, {""w"": ""W4"", ""opp"": ""NO"", ""v"": -2.0, ""cur"": true}]",Under,0.05805996997417799,0.5265957446808511,0.28780910687307476,1.78,fanduel,-0.48769978976592687,0.0,-0.4685357747066731,BIG-GAP:check-news 
Braelon Allen,RB,NYJ,CLE,player_rush_yds,71.5,31.48315619942121,8,,,4,True,00-0039794,2026-10-11T17:00:00Z,"[{""w"": ""25W3"", ""opp"": ""TB"", ""v"": 30.0, ""cur"": false}, {""w"": ""25W4"", ""opp"": ""MIA"", ""v"": 26.0, ""cur"": false}, {""w"": ""W1"", ""opp"": ""TEN"", ""v"": 40.0, ""cur"": true}, {""w"": ""W2"", ""opp"": ""GB"", ""v"": 7.0, ""cur"": true}, {""w"": ""W3"", ""opp"": ""DET"", ""v"": 14.0, ""cur"": true}, {""w"": ""W4"", ""opp"": ""CHI"", ""v"": 59.0, ""cur"": true}]",Over,0.05622696379665821,0.5013297872340425,0.27215550745705647,1.88,draftkings,-0.4883476459807338,0.0,-0.44510282343738433,BIG-GAP:check-news 
Braelon Allen,RB,NYJ,CLE,player_rush_yds,72.5,31.48315619942121,8,,,1,True,00-0039794,2026-10-11T17:00:00Z,"[{""w"": ""25W3"", ""opp"": ""TB"", ""v"": 30.0, ""cur"": false}, {""w"": ""25W4"", ""opp"": ""MIA"", ""v"": 26.0, ""cur"": false}, {""w"": ""W1"", ""opp"": ""TEN"", ""v"": 40.0, ""cur"": true}, {""w"": ""W2"", ""opp"": ""GB"", ""v"": 7.0, ""cur"": true}, {""w"": ""W3"", ""opp"": ""DET"", ""v"": 14.0, ""cur"": true}, {""w"": ""W4"", ""opp"": ""CHI"", ""v"": 59.0, ""cur"": true}]",Over,0.05327950385059639,0.5,0.26754614893192125,1.87,betmgm,-0.49968870149730715,0.0,-0.4467204961494036,BIG-GAP:check-news 
Jared Goff,QB,DET,ARI,player_rush_yds,0.5,6.910507100022489,17,,,3,True,00-0033106,2026-10-11T20:25:00Z,"[{""w"": ""25W17"", ""opp"": ""MIN"", ""v"": 2.0, ""cur"": false}, {""w"": ""25W18"", ""opp"": ""CHI"", ""v"": 0.0, ""cur"": false}, {""w"": ""W1"", ""opp"": ""NO"", ""v"": 2.0, ""cur"": true}, {""w"": ""W2"", ""opp"": ""BUF"", ""v"": 7.0, ""cur"": true}, {""w"": ""W3"", ""opp"": ""NYJ"", ""v"": 6.0, ""cur"": true}, {""w"": ""W4"", ""opp"": ""CAR"", ""v"": 0.0, ""cur"": true}]",Under,0.046896070238629115,0.4894179894179894,0.25319505721372787,1.93,draftkings,-0.5113335395775053,0.0,-0.4425219191793603,BIG-GAP:check-news 
Tyler Huntley,QB,BAL,ATL,player_pass_yds,173.5,82.43543836431809,6,,,2,True,00-0035993,2026-10-12T00:20:00Z,"[{""w"": ""25W6"", ""opp"": ""LA"", ""v"": 68.0, ""cur"": false}, {""w"": ""25W8"", ""opp"": ""CHI"", ""v"": 186.0, ""cur"": false}, {""w"": ""25W15"", ""opp"": ""CIN"", ""v"": 0.0, ""cur"": false}, {""w"": ""25W16"", ""opp"": ""NE"", ""v"": 65.0, ""cur"": false}, {""w"": ""25W17"", ""opp"": ""GB"", ""v"": 107.0, ""cur"": false}, {""w"": ""W4"", ""opp"": ""TEN"", ""v"": 63.0, ""cur"": true}]",Over,0.0322690952275725,0.5013297872340425,0.23382493809621852,1.88,fanduel,-0.5604091163791092,0.0,-0.46906069200647005,BIG-GAP:check-news 
Tyler Huntley,QB,BAL,ATL,player_pass_yds,175.5,82.43543836431809,6,,,2,True,00-0035993,2026-10-12T00:20:00Z,"[{""w"": ""25W6"", ""opp"": ""LA"", ""v"": 68.0, ""cur"": false}, {""w"": ""25W8"", ""opp"": ""CHI"", ""v"": 186.0, ""cur"": false}, {""w"": ""25W15"", ""opp"": ""CIN"", ""v"": 0.0, ""cur"": false}, {""w"": ""25W16"", ""opp"": ""NE"", ""v"": 65.0, ""cur"": false}, {""w"": ""25W17"", ""opp"": ""GB"", ""v"": 107.0, ""cur"": false}, {""w"": ""W4"", ""opp"": ""TEN"", ""v"": 63.0, ""cur"": true}]",Over,0.030189578995186764,0.4986772486772487,0.22832375410858213,1.9,draftkings,-0.566184867193694,0.0,-0.46848766968206196,BIG-GAP:check-news 
Tyler Huntley,QB,BAL,ATL,player_pass_yds,174.5,82.43543836431809,6,,,1,True,00-0035993,2026-10-12T00:20:00Z,"[{""w"": ""25W6"", ""opp"": ""LA"", ""v"": 68.0, ""cur"": false}, {""w"": ""25W8"", ""opp"": ""CHI"", ""v"": 186.0, ""cur"": false}, {""w"": ""25W15"", ""opp"": ""CIN"", ""v"": 0.0, ""cur"": false}, {""w"": ""25W16"", ""opp"": ""NE"", ""v"": 65.0, ""cur"": false}, {""w"": ""25W17"", ""opp"": ""GB"", ""v"": 107.0, ""cur"": false}, {""w"": ""W4"", ""opp"": ""TEN"", ""v"": 63.0, ""cur"": true}]",Over,0.03121315161896723,0.5013333333333333,0.23167894960888472,1.87,betrivers,-0.5667603642313856,0.0,-0.4701201817143661,BIG-GAP:check-news 
Will Shipley,RB,PHI,JAX,player_rush_yds,35.5,9.677946030611821,17,,,1,True,00-0039746,2026-10-11T13:30:00Z,"[{""w"": ""25W17"", ""opp"": ""BUF"", ""v"": 2.0, ""cur"": false}, {""w"": ""25W18"", ""opp"": ""WAS"", ""v"": 2.0, ""cur"": false}, {""w"": ""W1"", ""opp"": ""WAS"", ""v"": 4.0, ""cur"": true}, {""w"": ""W2"", ""opp"": ""TEN"", ""v"": 24.0, ""cur"": true}, {""w"": ""W3"", ""opp"": ""CHI"", ""v"": 0.0, ""cur"": true}, {""w"": ""W4"", ""opp"": ""LA"", ""v"": 23.0, ""cur"": true}]",Over,0.01891974630901214,0.5,0.20069490681868543,1.88,fanduel,-0.6226935751808714,0.0,-0.48108025369098784,BIG-GAP:check-news 
